v101_locus,zl_locus,zl_descriptor,zl_hand,zl_language,distance
f1r.1,f1r.1,@P0,1,A,0.115
f1r.2,f1r.2,+P0,1,A,0.075
f1r.3,f1r.3,+P0,1,A,0.037
f1r.4,f1r.4,+P0,1,A,0.075
f1r.5,f1r.5,+P0,1,A,0.256
f1r.6,f1r.7,*P0,1,A,0.106
f1r.7,f1r.8,+P0,1,A,0.0
f1r.8,f1r.9,+P0,1,A,0.389
f1r.9,f1r.11,*P0,1,A,0.039
f1r.10,f1r.12,+P0,1,A,0.074
f1r.11,f1r.13,+P0,1,A,0.0
f1r.12,f1r.14,+P0,1,A,0.019
f1r.13,f1r.15,+P0,1,A,0.038
f1r.14,f1r.16,+P0,1,A,0.061
f1r.15,f1r.17,+P0,1,A,0.083
f1r.16,f1r.18,+P0,1,A,0.0
f1r.17,f1r.19,+P0,1,A,0.186
f1r.18,f1r.20,+P0,1,A,0.324
f1r.19,f1r.22,*P0,1,A,0.017
f1r.20,f1r.23,+P0,1,A,0.019
f1r.21,f1r.24,+P0,1,A,0.018
f1r.22,f1r.25,+P0,1,A,0.036
f1r.23,f1r.26,+P0,1,A,0.038
f1r.24,f1r.27,+P0,1,A,0.333
f1v.1,f1v.1,@P0,1,A,0.073
f1v.2,f1v.2,+P0,1,A,0.0
f1v.3,f1v.3,+P0,1,A,0.022
f1v.4,f1v.4,+P0,1,A,0.029
f1v.5,f1v.5,+P0,1,A,0.0
f1v.6,f1v.6,+P0,1,A,0.0
f1v.7,f1v.7,+P0,1,A,0.069
f1v.8,f1v.8,+P0,1,A,0.0
f1v.9,f1v.9,+P0,1,A,0.038
f1v.10,f1v.10,+P0,1,A,0.049
f2r.1,f2r.1,@P0,1,A,0.0
f2r.2,f2r.2,+P0,1,A,0.1
f2r.3,f2r.3,+P0,1,A,0.0
f2r.4,f2r.4,+P0,1,A,0.108
f2r.5,f2r.5,+P0,1,A,0.0
f2r.6,f2r.6,+P0,1,A,0.023
f2r.7,f2r.7,+P0,1,A,0.0
f2r.8,f2r.8,+P0,1,A,0.019
f2r.9,f2r.9,+P0,1,A,0.019
f2r.10,f2r.10,+P0,1,A,0.113
f2r.11,f2r.11,+P0,1,A,0.02
f2r.12,f2r.12,+P0,1,A,0.019
f2r.13,f2r.13,+P0,1,A,0.0
f2v.1,f2v.1,@P0,1,A,0.022
f2v.2,f2v.2,+P0,1,A,0.02
f2v.3,f2v.3,+P0,1,A,0.0
f2v.4,f2v.4,+P0,1,A,0.0
f2v.5,f2v.5,+P0,1,A,0.111
f2v.6,f2v.6,+P0,1,A,0.02
f2v.7,f2v.7,+P0,1,A,0.0
f2v.8,f2v.8,+P0,1,A,0.0
f3r.1,f3r.1,@P0,1,A,0.034
f3r.2,f3r.2,+P0,1,A,0.0
f3r.3,f3r.3,+P0,1,A,0.0
f3r.4,f3r.4,+P0,1,A,0.034
f3r.5,f3r.5,+P0,1,A,0.0
f3r.6,f3r.6,+P0,1,A,0.0
f3r.7,f3r.7,+P0,1,A,0.0
f3r.8,f3r.8,+P0,1,A,0.04
f3r.9,f3r.9,+P0,1,A,0.0
f3r.10,f3r.10,+P0,1,A,0.067
f3r.11,f3r.11,+P0,1,A,0.036
f3r.12,f3r.12,+P0,1,A,0.03
f3r.13,f3r.13,+P0,1,A,0.0
f3r.14,f3r.14,+P0,1,A,0.0
f3r.15,f3r.15,+P0,1,A,0.021
f3r.16,f3r.16,+P0,1,A,0.02
f3r.17,f3r.17,+P0,1,A,0.03
f3r.18,f3r.18,+P0,1,A,0.0
f3r.19,f3r.19,+P0,1,A,0.019
f3r.20,f3r.20,+P0,1,A,0.0
f3v.1,f3v.1,@P0,1,A,0.0
f3v.2,f3v.2,+P0,1,A,0.098
f3v.3,f3v.3,+P0,1,A,0.0
f3v.4,f3v.4,+P0,1,A,0.175
f3v.5,f3v.5,+P0,1,A,0.034
f3v.6,f3v.6,+P0,1,A,0.04
f3v.7,f3v.7,+P0,1,A,0.0
f3v.8,f3v.8,+P0,1,A,0.0
f3v.9,f3v.9,+P0,1,A,0.086
f3v.10,f3v.10,+P0,1,A,0.0
f3v.11,f3v.11,+P0,1,A,0.0
f3v.12,f3v.12,+P0,1,A,0.031
f3v.13,f3v.13,+P0,1,A,0.029
f3v.14,f3v.14,+P0,1,A,0.059
f4r.1,f4r.1,@P0,1,A,0.019
f4r.2,f4r.2,+P0,1,A,0.107
f4r.3,f4r.3,+P0,1,A,0.0
f4r.4,f4r.4,+P0,1,A,0.0
f4r.5,f4r.5,+P0,1,A,0.0
f4r.6,f4r.6,+P0,1,A,0.0
f4r.7,f4r.7,+P0,1,A,0.0
f4r.8,f4r.8,+P0,1,A,0.0
f4r.9,f4r.9,+P0,1,A,0.0
f4r.10,f4r.10,+P0,1,A,0.038
f4r.11,f4r.11,+P0,1,A,0.05
f4r.12,f4r.12,+P0,1,A,0.0
f4r.13,f4r.13,+P0,1,A,0.0
f4v.1,f4v.1,@P0,1,A,0.0
f4v.2,f4v.2,+P0,1,A,0.0
f4v.3,f4v.3,+P0,1,A,0.071
f4v.4,f4v.4,+P0,1,A,0.024
f4v.5,f4v.5,+P0,1,A,0.091
f4v.6,f4v.6,+P0,1,A,0.0
f4v.7,f4v.7,+P0,1,A,0.03
f4v.8,f4v.8,+P0,1,A,0.0
f4v.9,f4v.9,+P0,1,A,0.057
f4v.10,f4v.10,+P0,1,A,0.031
f4v.11,f4v.11,+P0,1,A,0.0
f4v.12,f4v.12,+P0,1,A,0.0
f4v.13,f4v.13,+P0,1,A,0.029
f4v.14,f4v.14,+P0,1,A,0.0
f5r.1,f5r.1,@P0,1,A,0.042
f5r.2,f5r.2,+P0,1,A,0.109
f5r.3,f5r.3,+P0,1,A,0.0
f5r.4,f5r.4,+P0,1,A,0.0
f5r.5,f5r.5,+P0,1,A,0.038
f5r.6,f5r.6,+P0,1,A,0.019
f5r.7,f5r.7,+P0,1,A,0.0
f5v.1,f5v.1,@P0,1,A,0.036
f5v.2,f5v.2,+P0,1,A,0.064
f5v.3,f5v.3,+P0,1,A,0.058
f5v.4,f5v.4,+P0,1,A,0.038
f5v.5,f5v.5,+P0,1,A,0.019
f5v.6,f5v.6,+P0,1,A,0.059
f6r.1,f6r.1,@P0,1,A,0.02
f6r.2,f6r.2,+P0,1,A,0.043
f6r.3,f6r.3,+P0,1,A,0.042
f6r.4,f6r.4,+P0,1,A,0.05
f6r.5,f6r.5,+P0,1,A,0.0
f6r.6,f6r.6,+P0,1,A,0.0
f6r.7,f6r.7,+P0,1,A,0.0
f6r.8,f6r.8,+P0,1,A,0.0
f6r.9,f6r.9,+P0,1,A,0.0
f6r.10,f6r.10,+P0,1,A,0.065
f6r.11,f6r.11,+P0,1,A,0.042
f6r.12,f6r.12,+P0,1,A,0.0
f6r.13,f6r.13,+P0,1,A,0.0
f6r.14,f6r.14,+P0,1,A,0.0
f6v.1,f6v.1,@P0,1,A,0.037
f6v.2,f6v.2,+P0,1,A,0.035
f6v.3,f6v.3,+P0,1,A,0.039
f6v.4,f6v.4,+P0,1,A,0.083
f6v.5,f6v.5,+P0,1,A,0.029
f6v.6,f6v.6,+P0,1,A,0.038
f6v.7,f6v.7,+P0,1,A,0.0
f6v.8,f6v.8,+P0,1,A,0.0
f6v.9,f6v.9,+P0,1,A,0.0
f6v.10,f6v.10,+P0,1,A,0.048
f6v.11,f6v.11,+P0,1,A,0.087
f6v.12,f6v.12,+P0,1,A,0.0
f6v.13,f6v.13,+P0,1,A,0.0
f6v.14,f6v.14,+P0,1,A,0.038
f6v.15,f6v.15,+P0,1,A,0.0
f6v.16,f6v.16,+P0,1,A,0.048
f6v.17,f6v.17,+P0,1,A,0.08
f6v.18,f6v.18,+P0,1,A,0.048
f6v.19,f6v.19,+P0,1,A,0.05
f6v.20,f6v.20,+P0,1,A,0.0
f6v.21,f6v.21,+P0,1,A,0.0
f7r.1,f7r.1,@P0,1,A,0.021
f7r.2,f7r.2,+P0,1,A,0.0
f7r.3,f7r.3,+P0,1,A,0.0
f7r.4,f7r.4,+P0,1,A,0.0
f7r.5,f7r.5,+P0,1,A,0.0
f7r.6,f7r.6,+P0,1,A,0.071
f7r.7,f7r.7,+P0,1,A,0.0
f7r.8,f7r.8,+P0,1,A,0.0
f7r.9,f7r.9,+P0,1,A,0.0
f7r.10,f7r.10,+P0,1,A,0.0
f7v.1,f7v.1,@P0,1,A,0.02
f7v.2,f7v.2,+P0,1,A,0.019
f7v.3,f7v.3,+P0,1,A,0.019
f7v.4,f7v.4,+P0,1,A,0.0
f7v.5,f7v.5,+P0,1,A,0.0
f7v.6,f7v.6,+P0,1,A,0.019
f7v.7,f7v.7,+P0,1,A,0.057
f7v.8,f7v.8,+P0,1,A,0.042
f7v.9,f7v.9,+P0,1,A,0.023
f8r.1,f8r.1,@P0,1,A,0.019
f8r.2,f8r.2,+P0,1,A,0.0
f8r.3,f8r.3,+P0,1,A,0.0
f8r.4,f8r.4,+P0,1,A,0.041
f8r.5,f8r.5,+P0,1,A,0.091
f8r.6,f8r.6,+P0,1,A,0.043
f8r.7,f8r.7,+P0,1,A,0.324
f8r.8,f8r.9,*P0,1,A,0.019
f8r.9,f8r.10,+P0,1,A,0.021
f8r.10,f8r.11,+P0,1,A,0.058
f8r.11,f8r.12,+P0,1,A,0.263
f8r.12,f8r.14,*P0,1,A,0.172
f8r.13,f8r.15,+P0,1,A,0.086
f8r.14,f8r.16,+P0,1,A,0.057
f8r.15,f8r.17,+P0,1,A,0.021
f8r.16,f8r.18,+P0,1,A,0.02
f8r.17,f8r.19,+P0,1,A,0.02
f8r.18,f8r.20,+P0,1,A,0.429
f8v.1,f8v.1,@P0,1,A,0.156
f8v.2,f8v.2,+P0,1,A,0.0
f8v.3,f8v.3,+P0,1,A,0.02
f8v.4,f8v.4,+P0,1,A,0.022
f8v.5,f8v.5,+P0,1,A,0.027
f8v.6,f8v.6,+P0,1,A,0.028
f8v.7,f8v.7,+P0,1,A,0.0
f8v.8,f8v.8,+P0,1,A,0.0
f8v.9,f8v.9,+P0,1,A,0.0
f8v.10,f8v.10,+P0,1,A,0.0
f8v.11,f8v.11,+P0,1,A,0.0
f8v.12,f8v.12,+P0,1,A,0.044
f8v.13,f8v.13,+P0,1,A,0.0
f8v.14,f8v.14,+P0,1,A,0.0
f8v.15,f8v.15,+P0,1,A,0.059
f8v.16,f8v.16,+P0,1,A,0.022
f8v.17,f8v.17,+P0,1,A,0.0
f9r.1,f9r.1,@P0,1,A,0.0
f9r.2,f9r.2,+P0,1,A,0.0
f9r.3,f9r.3,+P0,1,A,0.02
f9r.4,f9r.4,+P0,1,A,0.0
f9r.5,f9r.5,+P0,1,A,0.0
f9r.6,f9r.6,+P0,1,A,0.123
f9r.7,f9r.7,+P0,1,A,0.0
f9r.8,f9r.8,+P0,1,A,0.0
f9r.9,f9r.9,+P0,1,A,0.136
f9r.10,f9r.10,+Pc,1,A,0.05
f9v.1,f9v.1,@P0,1,A,0.0
f9v.2,f9v.2,+P0,1,A,0.0
f9v.3,f9v.3,+P0,1,A,0.0
f9v.4,f9v.4,+P0,1,A,0.081
f9v.5,f9v.5,+P0,1,A,0.019
f9v.6,f9v.6,+P0,1,A,0.0
f9v.7,f9v.7,+P0,1,A,0.0
f9v.8,f9v.8,+P0,1,A,0.0
f9v.9,f9v.9,+P0,1,A,0.0
f9v.10,f9v.10,+P0,1,A,0.0
f9v.11,f9v.11,+P0,1,A,0.043
f9v.12,f9v.12,+P0,1,A,0.0
f10r.1,f10r.1,@P0,1,A,0.018
f10r.2,f10r.2,+P0,1,A,0.0
f10r.3,f10r.3,+P0,1,A,0.02
f10r.4,f10r.4,+P0,1,A,0.019
f10r.5,f10r.5,+P0,1,A,0.0
f10r.6,f10r.6,+P0,1,A,0.0
f10r.7,f10r.7,+P0,1,A,0.02
f10r.8,f10r.8,+P0,1,A,0.0
f10r.9,f10r.9,+P0,1,A,0.0
f10r.10,f10r.10,+P0,1,A,0.0
f10r.11,f10r.11,+P0,1,A,0.139
f10r.12,f10r.12,+P0,1,A,0.167
f10v.1,f10v.1,@P0,1,A,0.0
f10v.2,f10v.2,+P0,1,A,0.0
f10v.3,f10v.3,+P0,1,A,0.034
f10v.4,f10v.4,+P0,1,A,0.021
f10v.5,f10v.5,+P0,1,A,0.0
f10v.6,f10v.6,+P0,1,A,0.0
f10v.7,f10v.7,+P0,1,A,0.024
f11r.1,f11r.1,@P0,1,A,0.0
f11r.2,f11r.2,+P0,1,A,0.057
f11r.3,f11r.3,+P0,1,A,0.0
f11r.4,f11r.4,+P0,1,A,0.0
f11r.5,f11r.5,+P0,1,A,0.161
f11r.6,f11r.6,+P0,1,A,0.038
f11r.7,f11r.7,+P0,1,A,0.0
f11v.1,f11v.1,@P0,1,A,0.0
f11v.2,f11v.2,+P0,1,A,0.021
f11v.3,f11v.3,+P0,1,A,0.125
f11v.4,f11v.4,+P0,1,A,0.043
f11v.5,f11v.6,=P0,1,A,0.024
f11v.6,f11v.7,+P0,1,A,0.0
f13r.1,f13r.1,@P0,1,A,0.019
f13r.2,f13r.2,+P0,1,A,0.019
f13r.3,f13r.3,+P0,1,A,0.019
f13r.4,f13r.4,+P0,1,A,0.0
f13r.5,f13r.5,+P0,1,A,0.0
f13r.6,f13r.6,+P0,1,A,0.02
f13r.7,f13r.7,+P0,1,A,0.0
f13r.8,f13r.8,+P0,1,A,0.098
f13r.9,f13r.9,+P0,1,A,0.026
f13r.10,f13r.10,+P0,1,A,0.0
f13v.1,f13v.1,@P0,1,A,0.0
f13v.2,f13v.2,+P0,1,A,0.0
f13v.3,f13v.3,+P0,1,A,0.0
f13v.4,f13v.4,+P0,1,A,0.152
f13v.5,f13v.5,+P0,1,A,0.0
f13v.6,f13v.6,+P0,1,A,0.0
f13v.7,f13v.7,+P0,1,A,0.0
f13v.8,f13v.8,+P0,1,A,0.087
f13v.9,f13v.9,+P0,1,A,0.023
f13v.10,f13v.10,+P0,1,A,0.0
f14r.1,f14r.1,@P0,1,A,0.029
f14r.2,f14r.2,+P0,1,A,0.029
f14r.3,f14r.3,+P0,1,A,0.0
f14r.4,f14r.4,+P0,1,A,0.0
f14r.5,f14r.5,+P0,1,A,0.0
f14r.6,f14r.6,+P0,1,A,0.0
f14r.7,f14r.7,+P0,1,A,0.0
f14r.8,f14r.8,+P0,1,A,0.171
f14r.9,f14r.9,+P0,1,A,0.045
f14r.10,f14r.10,+P0,1,A,0.023
f14r.11,f14r.11,+P0,1,A,0.025
f14r.12,f14r.12,+P0,1,A,0.081
f14r.13,f14r.13,+P0,1,A,0.0
f14v.1,f14v.1,@P0,1,A,0.02
f14v.2,f14v.2,+P0,1,A,0.02
f14v.3,f14v.3,+P0,1,A,0.122
f14v.4,f14v.4,+P0,1,A,0.083
f14v.5,f14v.5,+P0,1,A,0.0
f14v.6,f14v.6,+P0,1,A,0.064
f14v.7,f14v.7,+P0,1,A,0.021
f14v.8,f14v.8,+P0,1,A,0.0
f14v.9,f14v.9,+P0,1,A,0.045
f15r.1,f15r.1,@P0,1,A,0.025
f15r.2,f15r.2,+P0,1,A,0.03
f15r.3,f15r.3,+P0,1,A,0.028
f15r.4,f15r.4,+P0,1,A,0.026
f15r.5,f15r.5,+P0,1,A,0.0
f15r.6,f15r.6,+P0,1,A,0.033
f15r.7,f15r.7,+P0,1,A,0.0
f15r.8,f15r.8,+P0,1,A,0.097
f15r.9,f15r.9,+P0,1,A,0.0
f15r.10,f15r.10,+P0,1,A,0.029
f15r.11,f15r.11,+P0,1,A,0.0
f15r.12,f15r.12,+P0,1,A,0.0
f15r.13,f15r.13,+P0,1,A,0.0
f15r.14,f15r.14,+P0,1,A,0.025
f15r.15,f15r.15,+P0,1,A,0.036
f15v.1,f15v.1,@P0,1,A,0.029
f15v.2,f15v.2,+P0,1,A,0.162
f15v.3,f15v.3,+P0,1,A,0.0
f15v.4,f15v.4,+P0,1,A,0.0
f15v.5,f15v.5,+P0,1,A,0.033
f15v.6,f15v.6,+P0,1,A,0.0
f15v.7,f15v.7,+P0,1,A,0.059
f15v.8,f15v.8,+P0,1,A,0.0
f15v.9,f15v.9,+P0,1,A,0.03
f15v.10,f15v.10,+P0,1,A,0.0
f15v.11,f15v.11,+P0,1,A,0.0
f15v.12,f15v.12,+P0,1,A,0.0
f16r.1,f16r.1,@P0,1,A,0.0
f16r.2,f16r.2,+P0,1,A,0.022
f16r.3,f16r.3,+P0,1,A,0.0
f16r.4,f16r.4,+Pc,1,A,0.0
f16r.5,f16r.5,*P0,1,A,0.025
f16r.6,f16r.6,+P0,1,A,0.026
f16r.7,f16r.7,+P0,1,A,0.025
f16r.8,f16r.8,+P0,1,A,0.0
f16r.9,f16r.9,+P0,1,A,0.0
f16r.10,f16r.10,+P0,1,A,0.075
f16r.11,f16r.11,+P0,1,A,0.0
f16r.12,f16r.12,+P0,1,A,0.0
f16r.13,f16r.13,+P0,1,A,0.056
f16v.1,f16v.1,@P0,1,A,0.024
f16v.2,f16v.2,+P0,1,A,0.0
f16v.3,f16v.3,+P0,1,A,0.0
f16v.4,f16v.4,+P0,1,A,0.0
f16v.5,f16v.5,+P0,1,A,0.0
f16v.6,f16v.6,+P0,1,A,0.062
f16v.7,f16v.7,+P0,1,A,0.029
f16v.8,f16v.8,+P0,1,A,0.022
f16v.9,f16v.9,+P0,1,A,0.0
f16v.10,f16v.10,+P0,1,A,0.0
f16v.11,f16v.11,+P0,1,A,0.0
f16v.12,f16v.12,+P0,1,A,0.0
f16v.13,f16v.13,+P0,1,A,0.0
f17r.1,f17r.1,@P0,1,A,0.018
f17r.2,f17r.2,+P0,1,A,0.0
f17r.3,f17r.3,+P0,1,A,0.029
f17r.4,f17r.4,+P0,1,A,0.132
f17r.5,f17r.5,+P0,1,A,0.0
f17r.6,f17r.6,+P0,1,A,0.036
f17r.7,f17r.7,+P0,1,A,0.049
f17r.8,f17r.8,+P0,1,A,0.037
f17r.9,f17r.9,+P0,1,A,0.0
f17r.10,f17r.10,+P0,1,A,0.074
f17r.11,f17r.11,+P0,1,A,0.0
f17r.12,f17r.12,+P0,1,A,0.0
f17v.1,f17v.1,@P0,1,A,0.059
f17v.2,f17v.2,+P0,1,A,0.027
f17v.3,f17v.3,+P0,1,A,0.025
f17v.4,f17v.4,+P0,1,A,0.0
f17v.5,f17v.5,+P0,1,A,0.0
f17v.6,f17v.6,+P0,1,A,0.037
f17v.7,f17v.7,+P0,1,A,0.0
f17v.8,f17v.8,+P0,1,A,0.0
f17v.9,f17v.9,+P0,1,A,0.0
f17v.10,f17v.10,+P0,1,A,0.033
f17v.11,f17v.11,+P0,1,A,0.0
f17v.12,f17v.12,+P0,1,A,0.033
f17v.13,f17v.13,+P0,1,A,0.03
f17v.14,f17v.14,+P0,1,A,0.029
f17v.15,f17v.15,+P0,1,A,0.083
f17v.16,f17v.16,+P0,1,A,0.029
f17v.17,f17v.17,+P0,1,A,0.0
f17v.18,f17v.18,+P0,1,A,0.0
f17v.19,f17v.19,+P0,1,A,0.0
f17v.20,f17v.20,+P0,1,A,0.0
f17v.21,f17v.21,+P0,1,A,0.0
f17v.22,f17v.22,+P0,1,A,0.0
f17v.23,f17v.23,+P0,1,A,0.083
f18r.1,f18r.1,@P0,1,A,0.056
f18r.2,f18r.2,+P0,1,A,0.06
f18r.3,f18r.3,+P0,1,A,0.273
f18r.4,f18r.4,+P0,1,A,0.0
f18r.5,f18r.5,+P0,1,A,0.0
f18r.6,f18r.6,+P0,1,A,0.0
f18r.7,f18r.7,+P0,1,A,0.0
f18r.8,f18r.8,+P0,1,A,0.03
f18r.9,f18r.9,+P0,1,A,0.0
f18r.10,f18r.10,+P0,1,A,0.037
f18r.11,f18r.11,+P0,1,A,0.031
f18r.12,f18r.12,+P0,1,A,0.0
f18r.13,f18r.13,+P0,1,A,0.0
f18r.14,f18r.14,+Pc,1,A,0.059
f18v.1,f18v.1,@P0,1,A,0.05
f18v.2,f18v.2,+P0,1,A,0.125
f18v.3,f18v.3,+P0,1,A,0.0
f18v.4,f18v.4,+P0,1,A,0.0
f18v.5,f18v.5,+P0,1,A,0.0
f18v.6,f18v.6,+P0,1,A,0.0
f18v.7,f18v.7,+P0,1,A,0.025
f18v.8,f18v.8,+P0,1,A,0.0
f18v.9,f18v.9,+P0,1,A,0.0
f18v.10,f18v.10,+P0,1,A,0.0
f19r.1,f19r.1,@P0,1,A,0.0
f19r.2,f19r.2,+P0,1,A,0.164
f19r.3,f19r.3,+P0,1,A,0.032
f19r.4,f19r.4,+P0,1,A,0.0
f19r.5,f19r.5,+P0,1,A,0.185
f19r.6,f19r.6,+P0,1,A,0.0
f19r.7,f19r.7,+P0,1,A,0.065
f19r.8,f19r.8,+P0,1,A,0.0
f19r.9,f19r.9,+P0,1,A,0.029
f19r.10,f19r.10,+P0,1,A,0.0
f19r.11,f19r.11,+P0,1,A,0.037
f19r.12,f19r.12,+P0,1,A,0.0
f19r.13,f19r.13,+P0,1,A,0.062
f19v.1,f19v.1,@P0,1,A,0.0
f19v.2,f19v.2,+P0,1,A,0.0
f19v.3,f19v.3,+P0,1,A,0.059
f19v.4,f19v.4,+P0,1,A,0.0
f19v.5,f19v.5,+P0,1,A,0.071
f19v.6,f19v.6,+P0,1,A,0.0
f19v.7,f19v.7,+P0,1,A,0.0
f19v.8,f19v.8,+P0,1,A,0.0
f19v.9,f19v.9,+P0,1,A,0.061
f19v.10,f19v.10,+P0,1,A,0.032
f19v.11,f19v.11,+P0,1,A,0.0
f19v.12,f19v.12,+P0,1,A,0.029
f19v.13,f19v.13,+P0,1,A,0.0
f19v.14,f19v.14,+Pr,1,A,0.05
f20r.1,f20r.1,@P0,1,A,0.021
f20r.2,f20r.2,+P0,1,A,0.02
f20r.3,f20r.3,+P0,1,A,0.0
f20r.4,f20r.4,+P0,1,A,0.0
f20r.5,f20r.5,+P0,1,A,0.098
f20r.6,f20r.6,+P0,1,A,0.0
f20r.7,f20r.7,+P0,1,A,0.0
f20r.8,f20r.8,+P0,1,A,0.0
f20r.9,f20r.9,+P0,1,A,0.021
f20r.10,f20r.10,+P0,1,A,0.0
f20r.11,f20r.11,+P0,1,A,0.042
f20r.12,f20r.12,+P0,1,A,0.0
f20r.13,f20r.13,+P0,1,A,0.0
f20v.1,f20v.1,@P0,1,A,0.073
f20v.2,f20v.2,+P0,1,A,0.0
f20v.3,f20v.3,+P0,1,A,0.02
f20v.4,f20v.4,+P0,1,A,0.0
f20v.5,f20v.5,+P0,1,A,0.019
f20v.6,f20v.6,+P0,1,A,0.137
f20v.7,f20v.7,+P0,1,A,0.024
f20v.8,f20v.8,+P0,1,A,0.029
f20v.9,f20v.9,+P0,1,A,0.146
f20v.10,f20v.10,+P0,1,A,0.0
f20v.11,f20v.11,+P0,1,A,0.185
f21r.1,f21r.1,@P0,1,A,0.0
f21r.2,f21r.2,+P0,1,A,0.018
f21r.3,f21r.3,+P0,1,A,0.045
f21r.4,f21r.4,+P0,1,A,0.039
f21r.5,f21r.5,+P0,1,A,0.019
f21r.6,f21r.6,+P0,1,A,0.057
f21r.7,f21r.7,+P0,1,A,0.056
f21r.8,f21r.8,+P0,1,A,0.02
f21r.9,f21r.9,+P0,1,A,0.0
f21r.10,f21r.10,+P0,1,A,0.0
f21r.11,f21r.11,+P0,1,A,0.0
f21r.12,f21r.12,+P0,1,A,0.0
f21v.1,f21v.1,@P0,1,A,0.02
f21v.2,f21v.2,+P0,1,A,0.0
f21v.3,f21v.3,+P0,1,A,0.0
f21v.4,f21v.4,+P0,1,A,0.0
f21v.5,f21v.5,+P0,1,A,0.025
f21v.6,f21v.6,+P0,1,A,0.0
f21v.7,f21v.7,+P0,1,A,0.0
f21v.8,f21v.8,+P0,1,A,0.0
f22r.1,f22r.1,@P0,1,A,0.0
f22r.2,f22r.2,+P0,1,A,0.034
f22r.3,f22r.3,+P0,1,A,0.0
f22r.4,f22r.4,+P0,1,A,0.0
f22r.5,f22r.5,+P0,1,A,0.0
f22r.6,f22r.6,+P0,1,A,0.0
f22r.7,f22r.7,+P0,1,A,0.19
f22r.8,f22r.8,+P0,1,A,0.082
f22r.9,f22r.9,+P0,1,A,0.031
f22r.10,f22r.10,+P0,1,A,0.0
f22r.11,f22r.11,+P0,1,A,0.053
f22r.12,f22r.12,+P0,1,A,0.0
f22r.13,f22r.13,+P0,1,A,0.032
f22v.1,f22v.1,@P0,1,A,0.0
f22v.2,f22v.2,+P0,1,A,0.023
f22v.3,f22v.3,+P0,1,A,0.023
f22v.4,f22v.4,+P0,1,A,0.0
f22v.5,f22v.5,+P0,1,A,0.0
f22v.6,f22v.6,+P0,1,A,0.045
f22v.7,f22v.7,+P0,1,A,0.0
f22v.8,f22v.8,+P0,1,A,0.0
f22v.9,f22v.9,+P0,1,A,0.0
f22v.10,f22v.10,+P0,1,A,0.045
f22v.11,f22v.11,+P0,1,A,0.071
f22v.12,f22v.12,+P0,1,A,0.0
f22v.13,f22v.13,+P0,1,A,0.043
f22v.14,f22v.14,+P0,1,A,0.0
f22v.15,f22v.15,+P0,1,A,0.0
f22v.16,f22v.16,+Pc,1,A,0.0
f23r.1,f23r.1,@P0,1,A,0.044
f23r.2,f23r.2,+P0,1,A,0.063
f23r.3,f23r.3,+P0,1,A,0.129
f23r.4,f23r.4,+P0,1,A,0.031
f23r.5,f23r.5,+P0,1,A,0.02
f23r.6,f23r.6,+P0,1,A,0.016
f23r.7,f23r.7,+P0,1,A,0.017
f23r.8,f23r.8,+P0,1,A,0.0
f23r.9,f23r.9,+P0,1,A,0.057
f23r.10,f23r.10,+P0,1,A,0.0
f23r.11,f23r.11,+P0,1,A,0.083
f23v.1,f23v.1,@P0,1,A,0.034
f23v.2,f23v.2,+P0,1,A,0.02
f23v.3,f23v.3,+P0,1,A,0.073
f23v.4,f23v.4,+P0,1,A,0.0
f23v.5,f23v.5,+P0,1,A,0.0
f23v.6,f23v.6,+P0,1,A,0.0
f23v.7,f23v.7,+P0,1,A,0.023
f23v.8,f23v.8,+P0,1,A,0.047
f23v.9,f23v.9,+P0,1,A,0.025
f23v.10,f23v.10,+P0,1,A,0.028
f23v.11,f23v.11,+P0,1,A,0.0
f23v.12,f23v.12,+P0,1,A,0.048
f24r.1,f24r.1,@P0,1,A,0.026
f24r.2,f24r.2,+P0,1,A,0.091
f24r.3,f24r.3,+P0,1,A,0.034
f24r.4,f24r.4,+P0,1,A,0.0
f24r.5,f24r.5,+P0,1,A,0.031
f24r.6,f24r.6,+P0,1,A,0.0
f24r.7,f24r.7,+P0,1,A,0.143
f24r.8,f24r.8,+P0,1,A,0.0
f24r.9,f24r.9,+P0,1,A,0.065
f24r.10,f24r.10,+P0,1,A,0.031
f24r.11,f24r.11,+P0,1,A,0.032
f24r.12,f24r.12,+P0,1,A,0.038
f24r.13,f24r.13,+P0,1,A,0.04
f24r.14,f24r.14,+P0,1,A,0.0
f24r.15,f24r.15,+P0,1,A,0.0
f24r.16,f24r.16,+P0,1,A,0.0
f24r.17,f24r.17,+P0,1,A,0.04
f24r.18,f24r.18,+P0,1,A,0.0
f24r.19,f24r.19,+P0,1,A,0.0
f24r.20,f24r.20,+Pc,1,A,0.0
f24v.1,f24v.1,@P0,1,A,0.123
f24v.2,f24v.2,+P0,1,A,0.017
f24v.3,f24v.3,+P0,1,A,0.083
f24v.4,f24v.4,+P0,1,A,0.0
f24v.5,f24v.5,+P0,1,A,0.048
f24v.6,f24v.6,+P0,1,A,0.2
f24v.7,f24v.7,+P0,1,A,0.0
f24v.8,f24v.8,+P0,1,A,0.042
f24v.9,f24v.9,+P0,1,A,0.048
f24v.10,f24v.10,+P0,1,A,0.043
f24v.11,f24v.11,+P0,1,A,0.0
f24v.12,f24v.12,+P0,1,A,0.0
f24v.13,f24v.13,+P0,1,A,0.0
f24v.14,f24v.14,+P0,1,A,0.0
f24v.15,f24v.15,+P0,1,A,0.0
f24v.16,f24v.16,+P0,1,A,0.0
f25r.1,f25r.1,@P0,1,A,0.0
f25r.2,f25r.2,+P0,1,A,0.038
f25r.3,f25r.3,+P0,1,A,0.037
f25r.4,f25r.4,+P0,1,A,0.0
f25r.5,f25r.5,+P0,1,A,0.0
f25r.6,f25r.7,=Pt,1,A,0.469
f25v.1,f25v.1,@P0,1,A,0.0
f25v.2,f25v.2,+P0,1,A,0.0
f25v.3,f25v.3,+P0,1,A,0.02
f25v.4,f25v.4,+P0,1,A,0.039
f25v.5,f25v.5,+P0,1,A,0.02
f25v.6,f25v.6,+P0,1,A,0.13
f25v.7,f25v.7,+P0,1,A,0.054
f26r.1,f26r.1,@P0,2,B,0.033
f26r.2,f26r.2,+P0,2,B,0.117
f26r.3,f26r.3,+P0,2,B,0.017
f26r.4,f26r.4,+P0,2,B,0.0
f26r.5,f26r.5,+P0,2,B,0.066
f26r.6,f26r.6,+P0,2,B,0.0
f26r.7,f26r.7,+P0,2,B,0.015
f26r.8,f26r.8,+P0,2,B,0.0
f26r.9,f26r.9,+P0,2,B,0.0
f26r.10,f26r.10,+P0,2,B,0.0
f26v.1,f26v.1,@P0,2,B,0.015
f26v.2,f26v.2,+P0,2,B,0.03
f26v.3,f26v.3,+P0,2,B,0.085
f26v.4,f26v.4,+P0,2,B,0.016
f26v.5,f26v.5,+P0,2,B,0.0
f26v.6,f26v.6,+P0,2,B,0.0
f26v.7,f26v.7,+P0,2,B,0.0
f26v.8,f26v.8,+P0,2,B,0.03
f26v.9,f26v.9,+P0,2,B,0.0
f27r.1,f27r.1,@P0,1,A,0.0
f27r.2,f27r.2,+P0,1,A,0.045
f27r.3,f27r.3,+P0,1,A,0.021
f27r.4,f27r.4,+P0,1,A,0.0
f27r.5,f27r.5,+P0,1,A,0.122
f27r.6,f27r.6,+P0,1,A,0.075
f27r.7,f27r.7,+P0,1,A,0.024
f27r.8,f27r.8,+P0,1,A,0.025
f27r.9,f27r.9,+P0,1,A,0.079
f27r.10,f27r.10,+P0,1,A,0.033
f27r.11,f27r.11,+P0,1,A,0.0
f27r.12,f27r.12,+P0,1,A,0.0
f27r.13,f27r.13,+Pc,1,A,0.0
f27v.1,f27v.1,@P0,1,A,0.055
f27v.2,f27v.2,+P0,1,A,0.0
f27v.3,f27v.3,+P0,1,A,0.059
f27v.4,f27v.4,+P0,1,A,0.043
f27v.5,f27v.5,+P0,1,A,0.091
f27v.6,f27v.6,+P0,1,A,0.114
f27v.7,f27v.7,+P0,1,A,0.026
f27v.8,f27v.8,+P0,1,A,0.0
f28r.1,f28r.1,@P0,1,A,0.039
f28r.2,f28r.2,+P0,1,A,0.0
f28r.3,f28r.3,+P0,1,A,0.0
f28r.4,f28r.4,+P0,1,A,0.0
f28r.5,f28r.5,+P0,1,A,0.021
f28r.6,f28r.6,+P0,1,A,0.021
f28r.7,f28r.7,+P0,1,A,0.0
f28r.8,f28r.8,+P0,1,A,0.0
f28r.9,f28r.9,+P0,1,A,0.0
f28v.1,f28v.1,@P0,1,A,0.02
f28v.2,f28v.2,+P0,1,A,0.019
f28v.3,f28v.3,+P0,1,A,0.0
f28v.4,f28v.4,+P0,1,A,0.0
f28v.5,f28v.5,+P0,1,A,0.019
f28v.6,f28v.6,+Pr,1,A,0.071
f28v.7,f28v.7,*P0,1,A,0.0
f28v.8,f28v.8,+P0,1,A,0.0
f28v.9,f28v.9,+P0,1,A,0.08
f29r.1,f29r.1,@P0,1,A,0.02
f29r.2,f29r.2,+P0,1,A,0.0
f29r.3,f29r.3,+P0,1,A,0.044
f29r.4,f29r.4,+P0,1,A,0.0
f29r.5,f29r.5,+P0,1,A,0.119
f29r.6,f29r.6,+P0,1,A,0.0
f29r.7,f29r.7,+P0,1,A,0.022
f29r.8,f29r.8,+P0,1,A,0.023
f29r.9,f29r.9,+P0,1,A,0.061
f29v.1,f29v.1,@P0,1,A,0.036
f29v.2,f29v.2,+P0,1,A,0.0
f29v.3,f29v.3,+P0,1,A,0.0
f29v.4,f29v.4,+P0,1,A,0.04
f29v.5,f29v.5,+P0,1,A,0.0
f29v.6,f29v.6,+P0,1,A,0.0
f29v.7,f29v.7,+P0,1,A,0.0
f29v.8,f29v.8,+P0,1,A,0.021
f29v.9,f29v.9,+P0,1,A,0.024
f29v.10,f29v.10,+P0,1,A,0.029
f29v.11,f29v.11,+P0,1,A,0.061
f29v.12,f29v.12,+P0,1,A,0.05
f30r.1,f30r.1,@P0,1,A,0.094
f30r.2,f30r.2,+P0,1,A,0.018
f30r.3,f30r.3,+P0,1,A,0.038
f30r.4,f30r.4,+P0,1,A,0.047
f30r.5,f30r.5,+P0,1,A,0.0
f30r.6,f30r.6,+P0,1,A,0.0
f30r.7,f30r.7,+P0,1,A,0.0
f30r.8,f30r.8,+P0,1,A,0.0
f30r.9,f30r.9,+P0,1,A,0.0
f30r.10,f30r.10,+P0,1,A,0.0
f30r.11,f30r.11,+P0,1,A,0.038
f30r.12,f30r.12,+P0,1,A,0.0
f30r.13,f30r.13,+P0,1,A,0.065
f30v.1,f30v.1,@P0,1,A,0.164
f30v.2,f30v.2,+P0,1,A,0.0
f30v.3,f30v.3,+P0,1,A,0.019
f30v.4,f30v.4,+P0,1,A,0.0
f30v.5,f30v.5,+P0,1,A,0.034
f30v.6,f30v.6,+P0,1,A,0.097
f30v.7,f30v.7,+P0,1,A,0.065
f30v.8,f30v.8,+P0,1,A,0.0
f30v.9,f30v.9,+P0,1,A,0.0
f30v.10,f30v.10,+P0,1,A,0.038
f30v.11,f30v.11,+P0,1,A,0.038
f31r.1,f31r.1,@P0,2,B,0.149
f31r.2,f31r.2,+P0,2,B,0.0
f31r.3,f31r.3,+P0,2,B,0.104
f31r.4,f31r.4,+P0,2,B,0.0
f31r.5,f31r.5,+P0,2,B,0.05
f31r.6,f31r.6,+P0,2,B,0.085
f31r.7,f31r.7,+P0,2,B,0.019
f31r.8,f31r.8,+P0,2,B,0.0
f31r.9,f31r.9,+P0,2,B,0.0
f31r.10,f31r.10,+P0,2,B,0.0
f31r.11,f31r.11,+P0,2,B,0.0
f31r.12,f31r.12,+P0,2,B,0.026
f31r.13,f31r.13,+P0,2,B,0.031
f31r.14,f31r.14,+P0,2,B,0.037
f31r.15,f31r.15,+P0,2,B,0.036
f31r.16,f31r.16,+Pc,2,B,0.0
f31v.1,f31v.1,@P0,2,B,0.032
f31v.2,f31v.2,+P0,2,B,0.0
f31v.3,f31v.3,+P0,2,B,0.032
f31v.4,f31v.4,+P0,2,B,0.0
f31v.5,f31v.5,+P0,2,B,0.0
f31v.6,f31v.6,+P0,2,B,0.0
f31v.7,f31v.7,+P0,2,B,0.015
f31v.8,f31v.8,+P0,2,B,0.03
f31v.9,f31v.9,+P0,2,B,0.015
f31v.10,f31v.10,+P0,2,B,0.016
f31v.11,f31v.11,+P0,2,B,0.022
f32r.1,f32r.1,@P0,1,A,0.0
f32r.2,f32r.2,+P0,1,A,0.0
f32r.3,f32r.3,+P0,1,A,0.0
f32r.4,f32r.4,+P0,1,A,0.028
f32r.5,f32r.5,+P0,1,A,0.0
f32r.6,f32r.6,+P0,1,A,0.0
f32r.7,f32r.7,+P0,1,A,0.0
f32r.8,f32r.8,+P0,1,A,0.0
f32r.9,f32r.9,+P0,1,A,0.0
f32r.10,f32r.10,+P0,1,A,0.062
f32r.11,f32r.11,+P0,1,A,0.0
f32r.12,f32r.12,+P0,1,A,0.294
f32r.13,f32r.13,+P0,1,A,0.04
f32r.14,f32r.14,+P0,1,A,0.04
f32r.15,f32r.15,+P0,1,A,0.0
f32r.16,f32r.16,+P0,1,A,0.0
f32r.17,f32r.17,+P0,1,A,0.0
f32r.18,f32r.18,+P0,1,A,0.0
f32r.19,f32r.19,+P0,1,A,0.077
f32v.1,f32v.1,@P0,1,A,0.04
f32v.2,f32v.2,+P0,1,A,0.044
f32v.3,f32v.3,+P0,1,A,0.022
f32v.4,f32v.4,+P0,1,A,0.021
f32v.5,f32v.5,+P0,1,A,0.043
f32v.6,f32v.6,+P0,1,A,0.04
f32v.7,f32v.7,+P0,1,A,0.02
f32v.8,f32v.8,+P0,1,A,0.02
f32v.9,f32v.9,+P0,1,A,0.0
f32v.10,f32v.10,+P0,1,A,0.023
f32v.11,f32v.11,+P0,1,A,0.0
f33r.1,f33r.1,@P0,2,B,0.015
f33r.2,f33r.2,+P0,2,B,0.016
f33r.3,f33r.3,+P0,2,B,0.029
f33r.4,f33r.4,+P0,2,B,0.0
f33r.5,f33r.5,+P0,2,B,0.015
f33r.6,f33r.6,+P0,2,B,0.019
f33r.7,f33r.7,+P0,2,B,0.0
f33v.1,f33v.1,@P0,2,B,0.109
f33v.2,f33v.2,+P0,2,B,0.022
f33v.3,f33v.3,+P0,2,B,0.021
f33v.4,f33v.4,+P0,2,B,0.056
f33v.5,f33v.5,+P0,2,B,0.016
f33v.6,f33v.6,+P0,2,B,0.0
f33v.7,f33v.7,+P0,2,B,0.0
f33v.8,f33v.8,+P0,2,B,0.045
f33v.9,f33v.9,+P0,2,B,0.0
f33v.10,f33v.10,+P0,2,B,0.0
f33v.11,f33v.11,+P0,2,B,0.0
f34r.1,f34r.1,@P0,2,B,0.0
f34r.2,f34r.2,+P0,2,B,0.019
f34r.3,f34r.3,+P0,2,B,0.0
f34r.4,f34r.4,+P0,2,B,0.017
f34r.5,f34r.5,+P0,2,B,0.036
f34r.6,f34r.6,+P0,2,B,0.073
f34r.7,f34r.7,+P0,2,B,0.058
f34r.8,f34r.8,+P0,2,B,0.065
f34r.9,f34r.9,+P0,2,B,0.056
f34r.10,f34r.10,+P0,2,B,0.083
f34r.11,f34r.11,+P0,2,B,0.0
f34r.12,f34r.12,+P0,2,B,0.0
f34r.13,f34r.13,+P0,2,B,0.0
f34r.14,f34r.14,+P0,2,B,0.017
f34r.15,f34r.15,+P0,2,B,0.0
f34v.1,f34v.1,@P0,2,B,0.014
f34v.2,f34v.2,+P0,2,B,0.0
f34v.3,f34v.3,+P0,2,B,0.043
f34v.4,f34v.4,+P0,2,B,0.0
f34v.5,f34v.5,+P0,2,B,0.015
f34v.6,f34v.6,+P0,2,B,0.0
f34v.7,f34v.7,+P0,2,B,0.014
f34v.8,f34v.8,+P0,2,B,0.017
f34v.9,f34v.9,+P0,2,B,0.0
f34v.10,f34v.10,+P0,2,B,0.015
f34v.11,f34v.11,+P0,2,B,0.0
f35r.1,f35r.1,@P0,1,A,0.25
f35r.2,f35r.2,+P0,1,A,0.0
f35r.3,f35r.3,+P0,1,A,0.0
f35r.4,f35r.4,+P0,1,A,0.0
f35r.5,f35r.5,+P0,1,A,0.1
f35r.6,f35r.6,+P0,1,A,0.0
f35r.7,f35r.7,+P0,1,A,0.0
f35r.8,f35r.8,+P0,1,A,0.048
f35r.9,f35r.9,+P0,1,A,0.0
f35r.10,f35r.10,+P0,1,A,0.0
f35r.11,f35r.11,+P0,1,A,0.075
f35r.12,f35r.12,+P0,1,A,0.02
f35r.13,f35r.13,+P0,1,A,0.0
f35r.14,f35r.14,+P0,1,A,0.0
f35r.15,f35r.15,+P0,1,A,0.074
f35v.1,f35v.1,@P0,1,A,0.04
f35v.2,f35v.2,+P0,1,A,0.083
f35v.3,f35v.3,+P0,1,A,0.0
f35v.4,f35v.4,+P0,1,A,0.043
f35v.5,f35v.5,+P0,1,A,0.0
f35v.6,f35v.6,+P0,1,A,0.0
f35v.7,f35v.7,+P0,1,A,0.094
f35v.8,f35v.8,+P0,1,A,0.0
f35v.9,f35v.9,+P0,1,A,0.074
f35v.10,f35v.10,+P0,1,A,0.048
f35v.11,f35v.11,+P0,1,A,0.0
f35v.12,f35v.12,+P0,1,A,0.111
f35v.13,f35v.13,+P0,1,A,0.0
f35v.14,f35v.14,+P0,1,A,0.0
f35v.15,f35v.15,+P0,1,A,0.05
f35v.16,f35v.16,+P0,1,A,0.0
f35v.17,f35v.17,+P0,1,A,0.0
f35v.18,f35v.18,+P0,1,A,0.042
f35v.19,f35v.19,+P0,1,A,0.0
f35v.20,f35v.20,+P0,1,A,0.0
f35v.21,f35v.21,+P0,1,A,0.0
f36r.1,f36r.1,@P0,1,A,0.089
f36r.2,f36r.2,+P0,1,A,0.0
f36r.3,f36r.3,+P0,1,A,0.143
f36r.4,f36r.4,+P0,1,A,0.043
f36r.5,f36r.5,+P0,1,A,0.0
f36r.6,f36r.6,+P0,1,A,0.029
f36r.7,f36r.7,+P0,1,A,0.0
f36r.8,f36r.8,+P0,1,A,0.0
f36r.9,f36r.9,+P0,1,A,0.0
f36v.1,f36v.1,@P0,1,A,0.069
f36v.2,f36v.2,+P0,1,A,0.036
f36v.3,f36v.3,+P0,1,A,0.0
f36v.4,f36v.4,+P0,1,A,0.033
f36v.5,f36v.5,+P1,1,A,0.0
f36v.6,f36v.6,+P1,1,A,0.0
f36v.7,f36v.7,+P1,1,A,0.069
f36v.8,f36v.8,+P1,1,A,0.038
f36v.9,f36v.9,+P1,1,A,0.043
f36v.10,f36v.10,+P1,1,A,0.0
f36v.11,f36v.11,+P1,1,A,0.0
f36v.12,f36v.12,+P1,1,A,0.0
f36v.13,f36v.13,+P1,1,A,0.0
f36v.14,f36v.14,+P1,1,A,0.0
f37r.1,f37r.1,@P0,1,A,0.0
f37r.2,f37r.2,+P0,1,A,0.019
f37r.3,f37r.3,+P0,1,A,0.028
f37r.4,f37r.4,+P0,1,A,0.0
f37r.5,f37r.5,+P0,1,A,0.0
f37r.6,f37r.6,+P0,1,A,0.026
f37r.7,f37r.7,+P0,1,A,0.04
f37r.8,f37r.8,+P0,1,A,0.102
f37r.9,f37r.9,+P0,1,A,0.0
f37r.10,f37r.10,+P0,1,A,0.019
f37r.11,f37r.11,+P0,1,A,0.0
f37v.1,f37v.1,@P0,1,A,0.029
f37v.2,f37v.2,+P0,1,A,0.032
f37v.3,f37v.3,+P0,1,A,0.04
f37v.4,f37v.4,+P0,1,A,0.0
f37v.5,f37v.5,+P0,1,A,0.0
f37v.6,f37v.6,+P0,1,A,0.043
f37v.7,f37v.7,+P0,1,A,0.0
f37v.8,f37v.8,+P0,1,A,0.0
f37v.9,f37v.9,+P0,1,A,0.0
f37v.10,f37v.10,+P0,1,A,0.074
f37v.11,f37v.11,+P0,1,A,0.0
f37v.12,f37v.12,+P0,1,A,0.038
f37v.13,f37v.13,+P0,1,A,0.0
f37v.14,f37v.14,+P0,1,A,0.0
f37v.15,f37v.15,+P0,1,A,0.042
f37v.16,f37v.16,+P0,1,A,0.0
f37v.17,f37v.17,+P0,1,A,0.042
f37v.18,f37v.18,+P0,1,A,0.087
f37v.19,f37v.19,+P0,1,A,0.083
f37v.20,f37v.20,+P0,1,A,0.217
f37v.21,f37v.21,+P0,1,A,0.0
f37v.22,f37v.22,+P0,1,A,0.048
f37v.23,f37v.23,+P0,1,A,0.0
f38r.1,f38r.1,@P0,1,A,0.0
f38r.2,f38r.2,+P0,1,A,0.025
f38r.3,f38r.3,+P0,1,A,0.0
f38r.4,f38r.4,+P0,1,A,0.0
f38r.5,f38r.5,+P0,1,A,0.026
f38r.6,f38r.6,+P0,1,A,0.0
f38v.1,f38v.1,@P0,1,A,0.043
f38v.2,f38v.2,+P0,1,A,0.041
f38v.3,f38v.3,+P0,1,A,0.042
f38v.4,f38v.4,+P0,1,A,0.0
f38v.5,f38v.5,+P0,1,A,0.025
f38v.6,f38v.6,+P0,1,A,0.0
f38v.7,f38v.7,+P0,1,A,0.114
f38v.8,f38v.8,+P0,1,A,0.0
f39r.1,f39r.1,@P0,2,B,0.042
f39r.2,f39r.2,+P0,2,B,0.029
f39r.3,f39r.3,+P0,2,B,0.043
f39r.4,f39r.4,+P0,2,B,0.03
f39r.5,f39r.5,+P0,2,B,0.0
f39r.6,f39r.6,+P0,2,B,0.014
f39r.7,f39r.7,+P0,2,B,0.0
f39r.8,f39r.8,+P0,2,B,0.045
f39r.9,f39r.9,+P0,2,B,0.0
f39r.10,f39r.10,+P0,2,B,0.034
f39r.11,f39r.11,+P0,2,B,0.016
f39r.12,f39r.12,+P0,2,B,0.034
f39r.13,f39r.13,+P0,2,B,0.0
f39r.14,f39r.14,+P0,2,B,0.0
f39r.15,f39r.15,+P0,2,B,0.052
f39r.16,f39r.16,+Pc,2,B,0.0
f39v.1,f39v.1,@P0,2,B,0.0
f39v.2,f39v.2,+P0,2,B,0.016
f39v.3,f39v.3,+P0,2,B,0.046
f39v.4,f39v.4,+P0,2,B,0.029
f39v.5,f39v.5,+P0,2,B,0.03
f39v.6,f39v.6,+P0,2,B,0.039
f39v.7,f39v.7,+P0,2,B,0.0
f39v.8,f39v.8,+P0,2,B,0.0
f39v.9,f39v.9,+P0,2,B,0.0
f39v.10,f39v.10,+P0,2,B,0.019
f39v.11,f39v.11,+P0,2,B,0.0
f39v.12,f39v.12,+P0,2,B,0.0
f39v.13,f39v.13,+P0,2,B,0.0
f39v.14,f39v.14,+P0,2,B,0.0
f40r.1,f40r.1,@P0,2,B,0.017
f40r.2,f40r.2,+P0,2,B,0.035
f40r.3,f40r.3,+P0,2,B,0.018
f40r.4,f40r.4,+P0,2,B,0.02
f40r.5,f40r.5,+P0,2,B,0.02
f40r.6,f40r.6,+P0,2,B,0.118
f40r.7,f40r.7,+P0,2,B,0.0
f40r.8,f40r.8,+P0,2,B,0.074
f40r.9,f40r.9,+P0,2,B,0.0
f40r.10,f40r.10,+P0,2,B,0.13
f40r.11,f40r.11,+P0,2,B,0.0
f40v.1,f40v.1,@P0,2,B,0.0
f40v.2,f40v.2,+P0,2,B,0.048
f40v.3,f40v.3,+P0,2,B,0.0
f40v.4,f40v.4,+P0,2,B,0.048
f40v.5,f40v.5,+P0,2,B,0.0
f40v.6,f40v.6,+P0,2,B,0.04
f40v.7,f40v.7,+P0,2,B,0.0
f40v.8,f40v.8,+P0,2,B,0.04
f40v.9,f40v.9,+P0,2,B,0.083
f40v.10,f40v.10,+P0,2,B,0.0
f40v.11,f40v.11,+P0,2,B,0.033
f40v.12,f40v.12,+P0,2,B,0.0
f40v.13,f40v.13,+P0,2,B,0.0
f40v.14,f40v.14,+P0,2,B,0.039
f40v.15,f40v.15,+P0,2,B,0.042
f40v.16,f40v.16,+P0,2,B,0.022
f40v.17,f40v.17,+P0,2,B,0.042
f40v.18,f40v.18,+P0,2,B,0.042
f40v.19,f40v.19,+Pc,2,B,0.038
f41r.1,f41r.1,@P0,5,B,0.117
f41r.2,f41r.2,+P0,5,B,0.063
f41r.3,f41r.3,+P0,5,B,0.052
f41r.4,f41r.4,+P0,5,B,0.032
f41r.5,f41r.5,+P0,5,B,0.06
f41r.6,f41r.6,+P0,5,B,0.031
f41r.7,f41r.7,+P0,5,B,0.033
f41r.8,f41r.8,+P0,5,B,0.049
f41r.9,f41r.9,+P0,5,B,0.031
f41r.10,f41r.10,+P0,5,B,0.018
f41r.11,f41r.11,+P0,5,B,0.0
f41v.1,f41v.1,@Lp,5,B,0.25
f41v.2,f41v.2,+P0,5,B,0.0
f41v.3,f41v.3,+P0,5,B,0.014
f41v.4,f41v.4,+P0,5,B,0.0
f41v.5,f41v.5,+P0,5,B,0.048
f41v.6,f41v.6,+P0,5,B,0.019
f41v.7,f41v.7,+P0,5,B,0.02
f41v.8,f41v.8,+P0,5,B,0.033
f42r.1,f42r.1,@P0,1,A,0.267
f42r.2,f42r.2,+P0,1,A,0.028
f42r.3,f42r.3,+P0,1,A,0.0
f42r.4,f42r.4,+P0,1,A,0.0
f42r.5,f42r.5,+P0,1,A,0.065
f42r.6,f42r.6,+Pc,1,A,0.091
f42r.7,f42r.7,+P0,1,A,0.0
f42r.8,f42r.8,+P0,1,A,0.026
f42r.9,f42r.9,+P0,1,A,0.103
f42r.10,f42r.10,+P0,1,A,0.021
f42r.11,f42r.11,+P0,1,A,0.0
f42r.12,f42r.12,+P0,1,A,0.087
f42r.13,f42r.13,+P0,1,A,0.0
f42r.14,f42r.14,+P0,1,A,0.0
f42r.15,f42r.15,+Pr,1,A,0.0
f42r.16,f42r.16,+P0,1,A,0.0
f42r.17,f42r.17,+P0,1,A,0.025
f42r.18,f42r.18,+P0,1,A,0.0
f42r.19,f42r.19,+P0,1,A,0.195
f42r.20,f42r.20,+P0,1,A,0.0
f42r.21,f42r.21,+P0,1,A,0.086
f42r.22,f42r.22,+P0,1,A,0.057
f42r.23,f42r.23,+Pr,1,A,0.0
f42v.1,f42v.1,@P0,1,A,0.196
f42v.2,f42v.2,+P0,1,A,0.127
f42v.3,f42v.3,+P0,1,A,0.021
f42v.4,f42v.4,+P0,1,A,0.095
f42v.5,f42v.5,+P0,1,A,0.0
f42v.6,f42v.6,+P0,1,A,0.077
f42v.7,f42v.7,+P0,1,A,0.031
f42v.8,f42v.8,+P0,1,A,0.0
f42v.9,f42v.9,+P0,1,A,0.0
f42v.10,f42v.10,+P0,1,A,0.0
f42v.11,f42v.11,+P0,1,A,0.02
f42v.12,f42v.12,+P0,1,A,0.0
f42v.13,f42v.13,+P0,1,A,0.042
f42v.14,f42v.14,+P0,1,A,0.091
f42v.15,f42v.15,+P0,1,A,0.407
f43r.1,f43r.1,@P0,2,B,0.043
f43r.2,f43r.2,+P0,2,B,0.015
f43r.3,f43r.3,+P0,2,B,0.059
f43r.4,f43r.4,+P0,2,B,0.06
f43r.5,f43r.5,+P0,2,B,0.015
f43r.6,f43r.6,+P0,2,B,0.0
f43r.7,f43r.7,+P0,2,B,0.027
f43r.8,f43r.8,+P0,2,B,0.0
f43r.9,f43r.9,+P0,2,B,0.0
f43r.10,f43r.10,+P0,2,B,0.014
f43r.11,f43r.11,+P0,2,B,0.027
f43r.12,f43r.12,+P0,2,B,0.013
f43r.13,f43r.13,+P0,2,B,0.052
f43r.14,f43r.14,+P0,2,B,0.061
f43v.1,f43v.1,@P0,2,B,0.047
f43v.2,f43v.2,+P0,2,B,0.015
f43v.3,f43v.3,+P0,2,B,0.016
f43v.4,f43v.4,+P0,2,B,0.05
f43v.5,f43v.5,+P0,2,B,0.026
f43v.6,f43v.6,+P0,2,B,0.048
f43v.7,f43v.7,+P0,2,B,0.0
f43v.8,f43v.8,+P0,2,B,0.0
f43v.9,f43v.9,+P0,2,B,0.0
f43v.10,f43v.10,+P0,2,B,0.0
f43v.11,f43v.11,+P0,2,B,0.0
f43v.12,f43v.12,+P0,2,B,0.031
f43v.13,f43v.13,+P0,2,B,0.016
f43v.14,f43v.14,+P0,2,B,0.016
f43v.15,f43v.15,+P0,2,B,0.019
f43v.16,f43v.16,+P0,2,B,0.0
f44r.1,f44r.1,@P0,1,A,0.023
f44r.2,f44r.2,+P0,1,A,0.0
f44r.3,f44r.3,+P0,1,A,0.07
f44r.4,f44r.4,+P0,1,A,0.034
f44r.5,f44r.5,+P0,1,A,0.022
f44r.6,f44r.6,+P0,1,A,0.12
f44r.7,f44r.7,+P0,1,A,0.094
f44r.8,f44r.8,+P0,1,A,0.0
f44r.9,f44r.9,+P0,1,A,0.0
f44r.10,f44r.10,+P0,1,A,0.023
f44r.11,f44r.11,+P0,1,A,0.0
f44v.1,f44v.1,@P0,1,A,0.019
f44v.2,f44v.2,+P0,1,A,0.0
f44v.3,f44v.3,+P0,1,A,0.026
f44v.4,f44v.4,+P0,1,A,0.0
f44v.5,f44v.5,+P0,1,A,0.018
f44v.6,f44v.6,+P0,1,A,0.019
f44v.7,f44v.7,+P0,1,A,0.031
f44v.8,f44v.8,+P0,1,A,0.109
f44v.9,f44v.9,+P0,1,A,0.026
f44v.10,f44v.10,+P0,1,A,0.0
f44v.11,f44v.11,+P0,1,A,0.027
f44v.12,f44v.12,+P0,1,A,0.0
f44v.13,f44v.13,+P0,1,A,0.062
f45r.1,f45r.1,@P0,1,A,0.056
f45r.2,f45r.2,+P0,1,A,0.019
f45r.3,f45r.3,+P0,1,A,0.0
f45r.4,f45r.4,+P0,1,A,0.036
f45r.5,f45r.5,+P0,1,A,0.019
f45r.6,f45r.6,+P0,1,A,0.0
f45r.7,f45r.7,+P0,1,A,0.05
f45r.8,f45r.8,+P0,1,A,0.148
f45r.9,f45r.9,+P0,1,A,0.118
f45r.10,f45r.10,+P0,1,A,0.0
f45r.11,f45r.11,+P0,1,A,0.0
f45v.1,f45v.1,@P0,1,A,0.034
f45v.2,f45v.2,+P0,1,A,0.0
f45v.3,f45v.3,+P0,1,A,0.02
f45v.4,f45v.4,+P0,1,A,0.0
f45v.5,f45v.5,+P0,1,A,0.041
f45v.6,f45v.6,+P0,1,A,0.024
f45v.7,f45v.7,+P0,1,A,0.062
f45v.8,f45v.8,+P0,1,A,0.0
f45v.9,f45v.9,+P0,1,A,0.029
f45v.10,f45v.10,+P0,1,A,0.0
f45v.11,f45v.11,+P0,1,A,0.0
f46r.1,f46r.1,@P0,2,B,0.013
f46r.2,f46r.2,+P0,2,B,0.013
f46r.3,f46r.3,+P0,2,B,0.056
f46r.4,f46r.4,+P0,2,B,0.014
f46r.5,f46r.5,+P0,2,B,0.016
f46r.6,f46r.6,+P0,2,B,0.013
f46r.7,f46r.7,+P0,2,B,0.014
f46r.8,f46r.8,+P0,2,B,0.018
f46r.9,f46r.9,+P0,2,B,0.027
f46r.10,f46r.10,+P0,2,B,0.02
f46r.11,f46r.11,+P0,2,B,0.128
f46r.12,f46r.12,+P0,2,B,0.0
f46r.13,f46r.13,+P0,2,B,0.025
f46r.14,f46r.14,+P0,2,B,0.038
f46r.15,f46r.15,+P0,2,B,0.091
f46v.1,f46v.1,@P0,2,B,0.04
f46v.2,f46v.2,+P0,2,B,0.026
f46v.3,f46v.3,+P0,2,B,0.014
f46v.4,f46v.4,+P0,2,B,0.026
f46v.5,f46v.5,+P0,2,B,0.0
f46v.6,f46v.6,+P0,2,B,0.027
f46v.7,f46v.7,+P0,2,B,0.5
f46v.8,f46v.9,+P1,2,B,0.03
f46v.9,f46v.10,+P1,2,B,0.031
f46v.10,f46v.11,+P1,2,B,0.0
f46v.11,f46v.12,+P1,2,B,0.0
f46v.12,f46v.13,+P1,2,B,0.0
f47r.1,f47r.1,@P0,1,A,0.132
f47r.2,f47r.2,+P0,1,A,0.0
f47r.3,f47r.3,+P0,1,A,0.0
f47r.4,f47r.4,+P0,1,A,0.0
f47r.5,f47r.5,+P0,1,A,0.053
f47r.6,f47r.6,+P0,1,A,0.0
f47r.7,f47r.7,+P0,1,A,0.098
f47r.8,f47r.8,+P0,1,A,0.204
f47r.9,f47r.9,+P0,1,A,0.022
f47r.10,f47r.10,+P0,1,A,0.0
f47r.11,f47r.11,+P0,1,A,0.0
f47v.1,f47v.1,@P0,1,A,0.0
f47v.2,f47v.2,+P0,1,A,0.0
f47v.3,f47v.3,+P0,1,A,0.0
f47v.4,f47v.4,+P0,1,A,0.0
f47v.5,f47v.5,+P0,1,A,0.0
f47v.6,f47v.6,+P0,1,A,0.0
f47v.7,f47v.7,+P0,1,A,0.0
f47v.8,f47v.8,+P0,1,A,0.0
f47v.9,f47v.9,+P0,1,A,0.0
f47v.10,f47v.10,+P0,1,A,0.0
f47v.11,f47v.11,+P0,1,A,0.0
f47v.12,f47v.12,+P0,1,A,0.0
f47v.13,f47v.13,+P0,1,A,0.026
f47v.14,f47v.14,+P0,1,A,0.0
f48r.1,f48r.1,@P0,5,B,0.066
f48r.2,f48r.2,+P0,5,B,0.0
f48r.3,f48r.3,+P0,5,B,0.0
f48r.4,f48r.4,+P0,5,B,0.0
f48r.5,f48r.5,+P0,5,B,0.0
f48r.6,f48r.6,+P0,5,B,0.014
f48r.7,f48r.7,+P0,5,B,0.016
f48r.8,f48r.8,+Pr,5,B,0.026
f48r.9,f48r.9,+Pc,5,B,0.043
f48v.1,f48v.1,@P0,5,B,0.0
f48v.2,f48v.2,+P0,5,B,0.015
f48v.3,f48v.3,+P0,5,B,0.015
f48v.4,f48v.4,+P0,5,B,0.048
f48v.5,f48v.5,+P0,5,B,0.0
f48v.6,f48v.6,+P0,5,B,0.016
f48v.7,f48v.7,+P0,5,B,0.074
f48v.8,f48v.8,+P0,5,B,0.015
f48v.9,f48v.9,+P0,5,B,0.015
f48v.10,f48v.10,+P0,5,B,0.014
f48v.11,f48v.11,+P0,5,B,0.024
f49r.1,f49r.1,@P0,1,A,0.038
f49r.2,f49r.2,+P0,1,A,0.022
f49r.3,f49r.3,+P0,1,A,0.0
f49r.4,f49r.4,+P0,1,A,0.074
f49r.5,f49r.5,+P0,1,A,0.038
f49r.6,f49r.6,+P0,1,A,0.034
f49r.7,f49r.7,+P0,1,A,0.037
f49r.8,f49r.8,+P0,1,A,0.037
f49r.9,f49r.9,+P0,1,A,0.036
f49r.10,f49r.10,+P0,1,A,0.038
f49r.11,f49r.11,+P0,1,A,0.0
f49r.12,f49r.12,+P0,1,A,0.0
f49r.13,f49r.13,+P0,1,A,0.1
f49r.14,f49r.14,+P0,1,A,0.031
f49r.15,f49r.15,+P0,1,A,0.031
f49r.16,f49r.16,+P0,1,A,0.0
f49r.17,f49r.17,+P0,1,A,0.0
f49r.18,f49r.18,+P0,1,A,0.026
f49r.19,f49r.19,+P0,1,A,0.0
f49r.20,f49r.20,+P0,1,A,0.03
f49r.21,f49r.21,+P0,1,A,0.0
f49v.1,f49v.2,=P0,1,A,0.1
f49v.2,f49v.4,=P0,1,A,0.08
f49v.3,f49v.6,=P0,1,A,0.111
f49v.4,f49v.8,=P0,1,A,0.087
f49v.5,f49v.10,=P0,1,A,0.087
f49v.6,f49v.12,=P0,1,A,0.091
f49v.7,f49v.14,=P0,1,A,0.091
f49v.8,f49v.16,=P0,1,A,0.12
f49v.9,f49v.18,=P0,1,A,0.136
f49v.10,f49v.20,=P0,1,A,0.125
f49v.11,f49v.22,=P0,1,A,0.08
f49v.12,f49v.24,=P0,1,A,0.118
f49v.13,f49v.26,=P0,1,A,0.075
f49v.14,f49v.28,=P0,1,A,0.044
f49v.15,f49v.30,=P0,1,A,0.062
f49v.16,f49v.32,=P0,1,A,0.061
f49v.17,f49v.34,=P0,1,A,0.08
f49v.18,f49v.36,=P0,1,A,0.061
f49v.19,f49v.38,=P0,1,A,0.057
f49v.20,f49v.40,=P0,1,A,0.067
f49v.21,f49v.42,=P0,1,A,0.059
f49v.22,f49v.44,=P0,1,A,0.038
f49v.23,f49v.46,=P0,1,A,0.163
f49v.24,f49v.48,=P0,1,A,0.087
f49v.25,f49v.50,=P0,1,A,0.067
f49v.26,f49v.52,=P0,1,A,0.083
f50r.1,f50r.1,@P0,2,B,0.032
f50r.2,f50r.2,+P0,2,B,0.0
f50r.3,f50r.3,+P0,2,B,0.016
f50r.4,f50r.4,+P0,2,B,0.035
f50r.5,f50r.5,+P0,2,B,0.0
f50r.6,f50r.6,+P0,2,B,0.017
f50r.7,f50r.7,+P0,2,B,0.0
f50r.8,f50r.8,+P0,2,B,0.054
f50r.9,f50r.9,+P0,2,B,0.044
f50r.10,f50r.10,+P0,2,B,0.03
f50v.1,f50v.1,@P0,2,B,0.0
f50v.2,f50v.2,+P0,2,B,0.016
f50v.3,f50v.3,+P0,2,B,0.0
f50v.4,f50v.4,+P0,2,B,0.017
f50v.5,f50v.5,+P0,2,B,0.033
f50v.6,f50v.6,+P0,2,B,0.033
f50v.7,f50v.7,+P0,2,B,0.017
f50v.8,f50v.8,+P0,2,B,0.033
f50v.9,f50v.9,+P0,2,B,0.0
f50v.10,f50v.10,+P0,2,B,0.023
f50v.11,f50v.11,+P0,2,B,0.0
f51r.1,f51r.1,@P0,1,A,0.0
f51r.2,f51r.2,+P0,1,A,0.0
f51r.3,f51r.3,+P0,1,A,0.0
f51r.4,f51r.4,+P0,1,A,0.029
f51r.5,f51r.5,+P0,1,A,0.057
f51r.6,f51r.6,+P0,1,A,0.028
f51r.7,f51r.7,+P0,1,A,0.061
f51r.8,f51r.8,+P0,1,A,0.0
f51r.9,f51r.9,+P0,1,A,0.0
f51r.10,f51r.10,+P0,1,A,0.0
f51r.11,f51r.11,+P0,1,A,0.048
f51r.12,f51r.12,+P0,1,A,0.0
f51r.13,f51r.13,+P0,1,A,0.044
f51r.14,f51r.14,+P0,1,A,0.024
f51r.15,f51r.15,+P0,1,A,0.031
f51v.1,f51v.1,@P0,1,A,0.021
f51v.2,f51v.2,+P0,1,A,0.0
f51v.3,f51v.3,+P0,1,A,0.0
f51v.4,f51v.4,+P0,1,A,0.041
f51v.5,f51v.5,+P0,1,A,0.02
f51v.6,f51v.6,+P0,1,A,0.039
f51v.7,f51v.7,+P0,1,A,0.0
f51v.8,f51v.8,+P0,1,A,0.212
f51v.9,f51v.9,+P0,1,A,0.0
f51v.10,f51v.10,+P0,1,A,0.0
f51v.11,f51v.11,+P0,1,A,0.0
f51v.12,f51v.12,+P0,1,A,0.0
f51v.13,f51v.13,+P0,1,A,0.0
f52r.1,f52r.1,@P0,1,A,0.017
f52r.2,f52r.2,+P0,1,A,0.021
f52r.3,f52r.3,+P0,1,A,0.0
f52r.4,f52r.4,+P0,1,A,0.043
f52r.5,f52r.5,+P0,1,A,0.0
f52r.6,f52r.6,+P0,1,A,0.0
f52r.7,f52r.7,+P0,1,A,0.058
f52r.8,f52r.8,+P0,1,A,0.024
f52v.1,f52v.1,@P0,1,A,0.042
f52v.2,f52v.2,+P0,1,A,0.043
f52v.3,f52v.3,+P0,1,A,0.0
f52v.4,f52v.4,+P0,1,A,0.0
f52v.5,f52v.5,+P0,1,A,0.088
f52v.6,f52v.6,+P0,1,A,0.0
f52v.7,f52v.7,+P0,1,A,0.0
f52v.8,f52v.8,+P0,1,A,0.0
f52v.9,f52v.9,+P0,1,A,0.033
f52v.10,f52v.10,+P0,1,A,0.034
f52v.11,f52v.11,+P0,1,A,0.0
f52v.12,f52v.12,+P0,1,A,0.0
f52v.13,f52v.13,+P0,1,A,0.077
f52v.14,f52v.14,+P0,1,A,0.0
f53r.1,f53r.1,@P0,1,A,0.0
f53r.2,f53r.2,+P0,1,A,0.091
f53r.3,f53r.3,+P0,1,A,0.111
f53r.4,f53r.4,+P0,1,A,0.0
f53r.5,f53r.5,+P0,1,A,0.0
f53r.6,f53r.6,+P0,1,A,0.019
f53r.7,f53r.7,+P0,1,A,0.041
f53r.8,f53r.8,+P0,1,A,0.102
f53r.9,f53r.9,+P0,1,A,0.028
f53v.1,f53v.1,@P0,1,A,0.022
f53v.2,f53v.2,+P0,1,A,0.023
f53v.3,f53v.3,+P0,1,A,0.051
f53v.4,f53v.4,+P0,1,A,0.0
f53v.5,f53v.5,+P0,1,A,0.0
f53v.6,f53v.6,+P0,1,A,0.0
f53v.7,f53v.7,+P0,1,A,0.024
f53v.8,f53v.8,+P0,1,A,0.0
f53v.9,f53v.9,+P0,1,A,0.045
f53v.10,f53v.10,+P0,1,A,0.0
f53v.11,f53v.11,+P0,1,A,0.0
f53v.12,f53v.12,+P0,1,A,0.04
f53v.13,f53v.13,+P0,1,A,0.0
f54r.1,f54r.1,@P0,1,A,0.0
f54r.2,f54r.2,+P0,1,A,0.043
f54r.3,f54r.3,+P0,1,A,0.043
f54r.4,f54r.4,+P0,1,A,0.023
f54r.5,f54r.5,+P0,1,A,0.0
f54r.6,f54r.6,+P0,1,A,0.115
f54r.7,f54r.7,+P0,1,A,0.0
f54r.8,f54r.8,+P0,1,A,0.02
f54r.9,f54r.9,+P0,1,A,0.019
f54r.10,f54r.10,+P0,1,A,0.0
f54r.11,f54r.11,+P0,1,A,0.089
f54r.12,f54r.12,+P0,1,A,0.0
f54v.1,f54v.1,@P0,1,A,0.0
f54v.2,f54v.2,+P0,1,A,0.0
f54v.3,f54v.3,+P0,1,A,0.0
f54v.4,f54v.4,+P0,1,A,0.024
f54v.5,f54v.5,+P0,1,A,0.0
f54v.6,f54v.6,+P0,1,A,0.118
f54v.7,f54v.7,+P0,1,A,0.0
f54v.8,f54v.8,+P0,1,A,0.0
f54v.9,f54v.9,+P0,1,A,0.0
f54v.10,f54v.10,+P0,1,A,0.029
f54v.11,f54v.11,+P0,1,A,0.0
f54v.12,f54v.12,+P0,1,A,0.0
f54v.13,f54v.13,+P0,1,A,0.056
f54v.14,f54v.14,+P0,1,A,0.0
f54v.15,f54v.15,+P0,1,A,0.0
f54v.16,f54v.16,+P0,1,A,0.0
f55r.1,f55r.1,@P0,2,B,0.036
f55r.2,f55r.2,+P0,2,B,0.019
f55r.3,f55r.3,+P0,2,B,0.0
f55r.4,f55r.4,+P0,2,B,0.036
f55r.5,f55r.5,+P0,2,B,0.036
f55r.6,f55r.6,+P0,2,B,0.132
f55r.7,f55r.7,+P0,2,B,0.036
f55r.8,f55r.8,+P0,2,B,0.074
f55r.9,f55r.9,+P0,2,B,0.019
f55r.10,f55r.10,+P0,2,B,0.111
f55r.11,f55r.11,+P0,2,B,0.038
f55r.12,f55r.12,+P0,2,B,0.0
f55r.13,f55r.13,+P0,2,B,0.0
f55v.1,f55v.1,@P0,2,B,0.0
f55v.2,f55v.2,+P0,2,B,0.024
f55v.3,f55v.3,+P0,2,B,0.021
f55v.4,f55v.4,+P0,2,B,0.042
f55v.5,f55v.5,+P0,2,B,0.0
f55v.6,f55v.6,+P0,2,B,0.0
f55v.7,f55v.7,+P0,2,B,0.056
f55v.8,f55v.8,+P0,2,B,0.143
f55v.9,f55v.9,+P0,2,B,0.0
f55v.10,f55v.10,+P0,2,B,0.019
f55v.11,f55v.11,+P0,2,B,0.019
f55v.12,f55v.12,+P0,2,B,0.0
f56r.1,f56r.1,@P0,1,A,0.193
f56r.2,f56r.2,+P0,1,A,0.059
f56r.3,f56r.3,+P0,1,A,0.021
f56r.4,f56r.4,+P0,1,A,0.025
f56r.5,f56r.5,+P0,1,A,0.038
f56r.6,f56r.6,+P0,1,A,0.0
f56r.7,f56r.7,+P0,1,A,0.0
f56r.8,f56r.8,+P0,1,A,0.0
f56r.9,f56r.9,+P0,1,A,0.031
f56r.10,f56r.10,+P0,1,A,0.056
f56r.11,f56r.11,+P0,1,A,0.057
f56r.12,f56r.12,+P0,1,A,0.0
f56r.13,f56r.13,+P0,1,A,0.0
f56r.14,f56r.14,+P0,1,A,0.0
f56r.15,f56r.15,+P0,1,A,0.05
f56r.16,f56r.16,+P0,1,A,0.065
f56r.17,f56r.17,+P0,1,A,0.0
f56r.18,f56r.18,+P0,1,A,0.0
f56r.19,f56r.19,+P0,1,A,0.0
f56v.1,f56v.1,@P0,1,A,0.022
f56v.2,f56v.2,+P0,1,A,0.0
f56v.3,f56v.3,+P0,1,A,0.0
f56v.4,f56v.4,+P0,1,A,0.062
f56v.5,f56v.5,+P0,1,A,0.0
f56v.6,f56v.6,+P0,1,A,0.0
f56v.7,f56v.7,+P0,1,A,0.0
f56v.8,f56v.8,+P0,1,A,0.0
f56v.9,f56v.9,+P0,1,A,0.032
f56v.10,f56v.10,+P0,1,A,0.03
f56v.11,f56v.11,+P0,1,A,0.0
f56v.12,f56v.12,+P0,1,A,0.094
f56v.13,f56v.13,+P0,1,A,0.0
f56v.14,f56v.14,+P0,1,A,0.0
f56v.15,f56v.15,+P0,1,A,0.0
f56v.16,f56v.16,+P0,1,A,0.0
f57r.1,f57r.1,@P0,5,B,0.017
f57r.2,f57r.2,+P0,5,B,0.078
f57r.3,f57r.3,+P0,5,B,0.094
f57r.4,f57r.4,+P0,5,B,0.048
f57r.5,f57r.5,+P0,5,B,0.091
f57r.6,f57r.6,+P0,5,B,0.05
f57r.7,f57r.7,+P0,5,B,0.057
f57r.8,f57r.8,+P0,5,B,0.08
f57r.9,f57r.9,+P0,5,B,0.033
f57r.10,f57r.10,+P0,5,B,0.041
f57r.11,f57r.11,+P0,5,B,0.19
f58r.1,f58r.1,@P0,3,A,0.035
f58r.2,f58r.2,+P0,3,A,0.02
f58r.3,f58r.3,+P0,3,A,0.041
f58r.4,f58r.4,+P0,3,A,0.1
f58r.5,f58r.5,+P0,3,A,0.017
f58r.6,f58r.6,+P0,3,A,0.018
f58r.7,f58r.7,+P0,3,A,0.0
f58r.8,f58r.8,+P0,3,A,0.0
f58r.9,f58r.9,+P0,3,A,0.033
f58r.10,f58r.10,+P0,3,A,0.017
f58r.11,f58r.11,+P0,3,A,0.057
f58r.12,f58r.12,+P0,3,A,0.0
f58r.13,f58r.13,+P0,3,A,0.0
f58r.14,f58r.14,+P0,3,A,0.017
f58r.15,f58r.15,+P0,3,A,0.029
f58r.16,f58r.16,+P0,3,A,0.016
f58r.17,f58r.17,+P0,3,A,0.016
f58r.18,f58r.18,+P0,3,A,0.0
f58r.19,f58r.19,+P0,3,A,0.017
f58r.20,f58r.20,+P0,3,A,0.048
f58r.21,f58r.21,+P0,3,A,0.0
f58r.22,f58r.22,+P0,3,A,0.017
f58r.23,f58r.23,+P0,3,A,0.052
f58r.24,f58r.24,+P0,3,A,0.077
f58r.25,f58r.25,+P0,3,A,0.0
f58r.26,f58r.26,+P0,3,A,0.0
f58r.27,f58r.27,+P0,3,A,0.016
f58r.28,f58r.28,+P0,3,A,0.0
f58r.29,f58r.29,+P0,3,A,0.032
f58r.30,f58r.30,+P0,3,A,0.0
f58r.31,f58r.31,+P0,3,A,0.051
f58r.32,f58r.32,+P0,3,A,0.0
f58r.33,f58r.33,+P0,3,A,0.055
f58r.34,f58r.34,+P0,3,A,0.057
f58r.35,f58r.35,+P0,3,A,0.038
f58r.36,f58r.36,+P0,3,A,0.0
f58r.37,f58r.37,+P0,3,A,0.017
f58r.38,f58r.38,+P0,3,A,0.019
f58r.39,f58r.39,+P0,3,A,0.036
f58r.40,f58r.40,+P0,3,A,0.036
f58r.41,f58r.41,+P0,3,A,0.056
f58v.1,f58v.1,@P0,3,A,0.0
f58v.2,f58v.2,+P0,3,A,0.046
f58v.3,f58v.3,+P0,3,A,0.25
f58v.4,f58v.4,+P0,3,A,0.016
f58v.5,f58v.5,+P0,3,A,0.033
f58v.6,f58v.6,+P0,3,A,0.016
f58v.7,f58v.7,+P0,3,A,0.0
f58v.8,f58v.8,+P0,3,A,0.0
f58v.9,f58v.9,+P0,3,A,0.016
f58v.10,f58v.10,+P0,3,A,0.017
f58v.11,f58v.11,+P0,3,A,0.0
f58v.12,f58v.12,+P0,3,A,0.0
f58v.13,f58v.13,+P0,3,A,0.073
f58v.14,f58v.14,+P0,3,A,0.035
f58v.15,f58v.15,+P0,3,A,0.018
f58v.16,f58v.16,+P0,3,A,0.053
f58v.17,f58v.17,+P0,3,A,0.052
f58v.18,f58v.18,+P0,3,A,0.0
f58v.19,f58v.19,+P0,3,A,0.0
f58v.20,f58v.20,+P0,3,A,0.034
f58v.21,f58v.21,+P0,3,A,0.091
f58v.22,f58v.22,+Pc,3,A,0.0
f58v.23,f58v.23,*P0,3,A,0.0
f58v.24,f58v.24,+P0,3,A,0.016
f58v.25,f58v.25,+P0,3,A,0.017
f58v.26,f58v.26,+P0,3,A,0.017
f58v.27,f58v.27,+P0,3,A,0.016
f58v.28,f58v.28,+P0,3,A,0.0
f58v.29,f58v.29,+P0,3,A,0.052
f58v.30,f58v.30,+P0,3,A,0.054
f58v.31,f58v.31,+P0,3,A,0.018
f58v.32,f58v.32,+P0,3,A,0.036
f58v.33,f58v.33,+P0,3,A,0.056
f58v.34,f58v.34,+P0,3,A,0.036
f58v.35,f58v.35,+P0,3,A,0.017
f58v.36,f58v.36,+P0,3,A,0.0
f58v.37,f58v.37,+P0,3,A,0.0
f58v.38,f58v.38,+P0,3,A,0.0
f58v.39,f58v.39,+P0,3,A,0.029
f65r.1,f65r.1,@Lp,3,,0.0
f65v.1,f65v.1,@P0,3,,0.0
f65v.2,f65v.2,+P0,3,,0.022
f65v.3,f65v.3,+P0,3,,0.0
f65v.4,f65v.4,+P0,3,,0.023
f65v.5,f65v.5,+P0,3,,0.0
f65v.6,f65v.6,+P0,3,,0.093
f66r.1,f66r.50,@P0,5,B,0.016
f66r.2,f66r.51,+P0,5,B,0.0
f66r.3,f66r.52,+P0,5,B,0.016
f66r.4,f66r.53,+P0,5,B,0.063
f66r.5,f66r.54,+P0,5,B,0.033
f66r.6,f66r.55,+P0,5,B,0.0
f66r.7,f66r.56,+P0,5,B,0.0
f66r.8,f66r.57,+P0,5,B,0.034
f66r.9,f66r.58,+P0,5,B,0.05
f66r.10,f66r.59,+P0,5,B,0.048
f66r.11,f66r.60,+P0,5,B,0.016
f66r.12,f66r.61,+P0,5,B,0.0
f66r.13,f66r.62,+P0,5,B,0.049
f66r.14,f66r.63,+P0,5,B,0.016
f66r.15,f66r.64,+P0,5,B,0.032
f66r.16,f66r.65,+P0,5,B,0.017
f66r.17,f66r.66,+P0,5,B,0.0
f66r.18,f66r.67,+P0,5,B,0.033
f66r.19,f66r.68,+P0,5,B,0.016
f66r.20,f66r.69,+P0,5,B,0.0
f66r.21,f66r.70,+P0,5,B,0.0
f66r.22,f66r.71,+P0,5,B,0.016
f66r.23,f66r.72,+P0,5,B,0.016
f66r.24,f66r.73,+P0,5,B,0.0
f66r.25,f66r.74,+P0,5,B,0.016
f66r.26,f66r.75,+P0,5,B,0.0
f66r.27,f66r.76,+P0,5,B,0.0
f66r.28,f66r.77,+P0,5,B,0.0
f66r.29,f66r.78,+P0,5,B,0.018
f66r.30,f66r.79,+P0,5,B,0.018
f66r.31,f66r.80,+P0,5,B,0.0
f66r.32,f66r.81,+P0,5,B,0.029
f66v.1,f66v.1,@P0,5,B,0.073
f66v.2,f66v.2,+P0,5,B,0.0
f66v.3,f66v.3,+P0,5,B,0.074
f66v.4,f66v.4,+P0,5,B,0.051
f66v.5,f66v.5,+P0,5,B,0.0
f66v.6,f66v.6,+P0,5,B,0.0
f66v.7,f66v.7,+P0,5,B,0.0
f66v.8,f66v.8,+P0,5,B,0.038
f66v.9,f66v.9,+P0,5,B,0.0
f66v.10,f66v.10,+P0,5,B,0.14
f66v.11,f66v.11,+P0,5,B,0.054
f66v.12,f66v.12,+P0,5,B,0.053
f66v.13,f66v.13,+P0,5,B,0.0
f67r1.1,f67r1.1,@P0,4,,0.0
f67r1.2,f67r1.2,+P0,4,,0.036
f67r1.3,f67r1.3,+P0,4,,0.018
f67r1.4,f67r1.4,+P0,4,,0.04
f67r2.1,f67r2.72,@P0,4,,0.04
f67r2.2,f67r2.73,+P0,4,,0.062
f67r2.3,f67r2.74,+P0,4,,0.053
f68r1.1,f68r1.1,@P0,4,,0.0
f68r1.2,f68r1.2,+P0,4,,0.015
f68r1.3,f68r1.3,+P0,4,,0.061
f68r1.4,f68r1.4,+P0,4,,0.154
f68r2.1,f68r2.1,@P0,4,,0.0
f68r2.2,f68r2.2,+P0,4,,0.018
f68r2.3,f68r2.3,+P0,4,,0.0
f68r2.4,f68r2.4,+P0,4,,0.0
f68r2.5,f68r2.5,+P0,4,,0.0
f68v3.1,f68v3.1,@P0,4,,0.0
f68v3.2,f68v3.2,+P0,4,,0.0
f68v3.3,f68v3.3,+P0,4,,0.046
f68v3.4,f68v3.4,+P0,4,,0.05
f68v2.1,f68v2.1,@P0,4,,0.0
f68v2.2,f68v2.2,+P0,4,,0.018
f68v2.3,f68v2.3,+P0,4,,0.018
f68v2.4,f68v2.4,+P0,4,,0.018
f68v2.5,f68v2.5,+P0,4,,0.078
f69r.1,f69r.1,@P0,4,,0.018
f69r.2,f69r.2,+P0,4,,0.0
f69r.3,f69r.3,+P0,4,,0.107
f69r.4,f69r.4,+P0,4,,0.043
f70r2.1,f70r2.1,@P1,4,,0.041
f70r2.2,f70r2.2,+P1,4,,0.089
f70r2.3,f70r2.3,+P1,4,,0.085
f70r2.4,f70r2.4,+P1,4,,0.022
f70r2.5,f70r2.5,+P1,4,,0.07
f70r2.6,f70r2.6,+P1,4,,0.077
f70r2.7,f70r2.7,+P1,4,,0.051
f70r2.8,f70r2.8,+P1,4,,0.061
f70r2.9,f70r2.9,+P1,4,,0.118
f70r2.10,f70r2.10,+P1,4,,0.091
f70r2.11,f70r2.11,+P1,4,,0.032
f70r2.12,f70r2.12,+P1,4,,0.0
f70r2.13,f70r2.13,+P1,4,,0.0
f70r2.14,f70r2.14,+P1,4,,0.043
f75r.1,f75r.1,@P0,2,B,0.022
f75r.2,f75r.2,+P0,2,B,0.02
f75r.3,f75r.3,+P0,2,B,0.0
f75r.4,f75r.4,+P0,2,B,0.058
f75r.5,f75r.5,+P0,2,B,0.041
f75r.6,f75r.6,+P0,2,B,0.019
f75r.7,f75r.7,+P0,2,B,0.0
f75r.8,f75r.8,+P0,2,B,0.0
f75r.9,f75r.9,+P0,2,B,0.035
f75r.10,f75r.10,+P0,2,B,0.0
f75r.11,f75r.11,+P0,2,B,0.035
f75r.12,f75r.12,+P0,2,B,0.018
f75r.13,f75r.13,+P0,2,B,0.0
f75r.14,f75r.14,+P0,2,B,0.032
f75r.15,f75r.15,+P0,2,B,0.0
f75r.16,f75r.16,+P0,2,B,0.018
f75r.17,f75r.17,+P0,2,B,0.0
f75r.18,f75r.18,+P0,2,B,0.047
f75r.19,f75r.19,+P0,2,B,0.023
f75r.20,f75r.20,+P0,2,B,0.045
f75r.21,f75r.21,+P0,2,B,0.0
f75r.22,f75r.22,+P0,2,B,0.023
f75r.23,f75r.23,+P0,2,B,0.022
f75r.24,f75r.24,+P0,2,B,0.024
f75r.25,f75r.25,+P0,2,B,0.0
f75r.26,f75r.26,+P0,2,B,0.029
f75r.27,f75r.27,+P0,2,B,0.017
f75r.28,f75r.28,+P0,2,B,0.014
f75r.29,f75r.29,+P0,2,B,0.014
f75r.30,f75r.30,+P0,2,B,0.014
f75r.31,f75r.31,+P0,2,B,0.018
f75r.32,f75r.32,+P0,2,B,0.018
f75r.33,f75r.33,+P0,2,B,0.019
f75r.34,f75r.34,+P0,2,B,0.022
f75r.35,f75r.35,+P0,2,B,0.0
f75r.36,f75r.36,+P0,2,B,0.068
f75r.37,f75r.37,+P0,2,B,0.0
f75r.38,f75r.38,+P0,2,B,0.0
f75r.39,f75r.39,+P0,2,B,0.0
f75r.40,f75r.40,+P0,2,B,0.025
f75r.41,f75r.41,+P0,2,B,0.0
f75r.42,f75r.42,+P0,2,B,0.0
f75r.43,f75r.43,+P0,2,B,0.0
f75r.44,f75r.44,+P0,2,B,0.0
f75r.45,f75r.45,+P0,2,B,0.016
f75r.46,f75r.46,+P0,2,B,0.038
f75v.1,f75v.1,@P0,2,B,0.032
f75v.2,f75v.3,*P0,2,B,0.016
f75v.3,f75v.5,*P0,2,B,0.015
f75v.4,f75v.7,*P0,2,B,0.0
f75v.5,f75v.10,*P0,2,B,0.03
f75v.6,f75v.12,*P0,2,B,0.031
f75v.7,f75v.13,+P0,2,B,0.03
f75v.8,f75v.14,+P0,2,B,0.016
f75v.9,f75v.15,+P0,2,B,0.016
f75v.10,f75v.16,+P0,2,B,0.032
f75v.11,f75v.17,+P0,2,B,0.0
f75v.12,f75v.38,@P0,2,B,0.0
f75v.13,f75v.39,+P0,2,B,0.014
f75v.14,f75v.40,+P0,2,B,0.0
f75v.15,f75v.41,+P0,2,B,0.014
f75v.16,f75v.42,+P0,2,B,0.053
f75v.17,f75v.43,+P0,2,B,0.029
f75v.18,f75v.44,+P0,2,B,0.014
f75v.19,f75v.45,+P0,2,B,0.028
f75v.20,f75v.46,+P0,2,B,0.0
f75v.21,f75v.47,+P0,2,B,0.015
f75v.22,f75v.48,+P0,2,B,0.0
f75v.23,f75v.49,+P0,2,B,0.026
f75v.24,f75v.60,@P1,2,B,0.0
f75v.25,f75v.61,+P1,2,B,0.108
f75v.26,f75v.62,+P1,2,B,0.0
f75v.27,f75v.63,+P1,2,B,0.031
f75v.28,f75v.64,+P1,2,B,0.036
f75v.29,f75v.65,+P1,2,B,0.036
f75v.30,f75v.66,+P1,2,B,0.103
f75v.31,f75v.67,+P1,2,B,0.0
f75v.32,f75v.68,+P1,2,B,0.033
f75v.33,f75v.69,+P1,2,B,0.0
f75v.34,f75v.70,+P1,2,B,0.042
f76r.1,f76r.1,@P0,2,B,0.027
f76r.2,f76r.2,+P0,2,B,0.027
f76r.3,f76r.3,+P0,2,B,0.0
f76r.4,f76r.5,=P0,2,B,0.014
f76r.5,f76r.6,+P0,2,B,0.013
f76r.6,f76r.8,=P0,2,B,0.0
f76r.7,f76r.9,+P0,2,B,0.066
f76r.8,f76r.11,=P0,2,B,0.014
f76r.9,f76r.12,+P0,2,B,0.027
f76r.10,f76r.13,+P0,2,B,0.013
f76r.11,f76r.15,=P0,2,B,0.0
f76r.12,f76r.16,+P0,2,B,0.027
f76r.13,f76r.17,+P0,2,B,0.014
f76r.14,f76r.19,=P0,2,B,0.013
f76r.15,f76r.20,+P0,2,B,0.0
f76r.16,f76r.21,+P0,2,B,0.015
f76r.17,f76r.23,=P0,2,B,0.013
f76r.18,f76r.24,+P0,2,B,0.051
f76r.19,f76r.25,+P0,2,B,0.05
f76r.20,f76r.26,+P0,2,B,0.026
f76r.21,f76r.28,=P0,2,B,0.0
f76r.22,f76r.29,+P0,2,B,0.041
f76r.23,f76r.30,+P0,2,B,0.0
f76r.24,f76r.32,=P0,2,B,0.013
f76r.25,f76r.33,+P0,2,B,0.026
f76r.26,f76r.34,+P0,2,B,0.027
f76r.27,f76r.35,+P0,2,B,0.014
f76r.28,f76r.36,+P0,2,B,0.014
f76r.29,f76r.38,=P0,2,B,0.0
f76r.30,f76r.39,+P0,2,B,0.014
f76r.31,f76r.40,+P0,2,B,0.013
f76r.32,f76r.41,+P0,2,B,0.013
f76r.33,f76r.42,+P0,2,B,0.014
f76r.34,f76r.43,+P0,2,B,0.0
f76r.35,f76r.44,+P0,2,B,0.0
f76r.36,f76r.45,+P0,2,B,0.046
f76r.37,f76r.46,+P0,2,B,0.033
f76r.38,f76r.47,+P0,2,B,0.0
f76r.39,f76r.48,+P0,2,B,0.016
f76r.40,f76r.49,+P0,2,B,0.018
f76r.41,f76r.50,+P0,2,B,0.1
f76r.42,f76r.51,+P0,2,B,0.0
f76r.43,f76r.52,+P0,2,B,0.016
f76r.44,f76r.53,+P0,2,B,0.016
f76r.45,f76r.54,+P0,2,B,0.032
f76r.46,f76r.55,+P0,2,B,0.034
f76r.47,f76r.56,+P0,2,B,0.0
f76v.1,f76v.1,@P0,2,B,0.059
f76v.2,f76v.2,+P0,2,B,0.042
f76v.3,f76v.3,+P0,2,B,0.0
f76v.4,f76v.4,+P0,2,B,0.015
f76v.5,f76v.5,+P0,2,B,0.016
f76v.6,f76v.6,+P0,2,B,0.015
f76v.7,f76v.7,+P0,2,B,0.0
f76v.8,f76v.8,+P0,2,B,0.087
f76v.9,f76v.9,+P0,2,B,0.0
f76v.10,f76v.10,+P0,2,B,0.015
f76v.11,f76v.11,+P0,2,B,0.0
f76v.12,f76v.12,+P0,2,B,0.0
f76v.13,f76v.13,+P0,2,B,0.014
f76v.14,f76v.14,+P0,2,B,0.0
f76v.15,f76v.15,+P0,2,B,0.0
f76v.16,f76v.16,+P0,2,B,0.0
f76v.17,f76v.17,+P0,2,B,0.029
f76v.18,f76v.18,+P0,2,B,0.015
f76v.19,f76v.19,+P0,2,B,0.045
f76v.20,f76v.20,+P0,2,B,0.068
f76v.21,f76v.21,+P0,2,B,0.058
f76v.22,f76v.22,+P0,2,B,0.0
f76v.23,f76v.23,+P0,2,B,0.045
f76v.24,f76v.24,+P0,2,B,0.0
f76v.25,f76v.25,+P0,2,B,0.031
f76v.26,f76v.26,+P0,2,B,0.016
f76v.27,f76v.27,+P0,2,B,0.053
f76v.28,f76v.28,+P0,2,B,0.034
f76v.29,f76v.29,+P0,2,B,0.03
f76v.30,f76v.30,+P0,2,B,0.0
f76v.31,f76v.31,+P0,2,B,0.016
f76v.32,f76v.32,+P0,2,B,0.0
f76v.33,f76v.33,+P0,2,B,0.0
f76v.34,f76v.34,+P0,2,B,0.017
f76v.35,f76v.35,+P0,2,B,0.016
f76v.36,f76v.36,+P0,2,B,0.0
f76v.37,f76v.37,+P0,2,B,0.048
f76v.38,f76v.38,+P0,2,B,0.016
f76v.39,f76v.39,+P0,2,B,0.017
f76v.40,f76v.40,+P0,2,B,0.017
f76v.41,f76v.41,+P0,2,B,0.0
f77r.1,f77r.9,@P0,2,B,0.016
f77r.2,f77r.10,+P0,2,B,0.017
f77r.3,f77r.11,+P0,2,B,0.0
f77r.4,f77r.12,+P0,2,B,0.063
f77r.5,f77r.13,+P0,2,B,0.016
f77r.6,f77r.14,+P0,2,B,0.017
f77r.7,f77r.15,+P0,2,B,0.0
f77r.8,f77r.16,+P0,2,B,0.0
f77r.9,f77r.17,+P0,2,B,0.017
f77r.10,f77r.18,+P0,2,B,0.016
f77r.11,f77r.19,+P0,2,B,0.0
f77r.12,f77r.20,+P0,2,B,0.0
f77r.13,f77r.21,+P0,2,B,0.0
f77r.14,f77r.22,+P0,2,B,0.0
f77r.15,f77r.23,+P0,2,B,0.0
f77r.16,f77r.24,+P0,2,B,0.024
f77r.17,f77r.25,+P0,2,B,0.022
f77r.18,f77r.26,+P0,2,B,0.0
f77r.19,f77r.27,+P0,2,B,0.0
f77r.20,f77r.28,+P0,2,B,0.0
f77r.21,f77r.29,+P0,2,B,0.0
f77r.22,f77r.30,+P0,2,B,0.049
f77r.23,f77r.31,+P0,2,B,0.0
f77r.24,f77r.32,+P0,2,B,0.022
f77r.25,f77r.33,+P0,2,B,0.0
f77r.26,f77r.34,+P0,2,B,0.0
f77r.27,f77r.35,+P0,2,B,0.017
f77r.28,f77r.36,+P0,2,B,0.018
f77r.29,f77r.37,+P0,2,B,0.0
f77r.30,f77r.38,+P0,2,B,0.0
f77r.31,f77r.39,+P0,2,B,0.0
f77r.32,f77r.40,+P0,2,B,0.0
f77r.33,f77r.41,+P0,2,B,0.043
f77r.34,f77r.42,+P0,2,B,0.021
f77r.35,f77r.43,+P0,2,B,0.022
f77r.36,f77r.44,+P0,2,B,0.022
f77r.37,f77r.45,+P0,2,B,0.041
f77r.38,f77r.46,+P0,2,B,0.044
f77r.39,f77r.47,+P0,2,B,0.0
f77r.40,f77r.48,+P0,2,B,0.0
f77v.1,f77v.6,@P0,2,B,0.0
f77v.2,f77v.7,+P0,2,B,0.043
f77v.3,f77v.8,+P0,2,B,0.0
f77v.4,f77v.9,+P0,2,B,0.015
f77v.5,f77v.10,+P0,2,B,0.031
f77v.6,f77v.11,+P0,2,B,0.015
f77v.7,f77v.12,+P0,2,B,0.0
f77v.8,f77v.13,+P0,2,B,0.0
f77v.9,f77v.14,+P0,2,B,0.031
f77v.10,f77v.15,+P0,2,B,0.0
f77v.11,f77v.16,+P0,2,B,0.02
f77v.12,f77v.17,+P0,2,B,0.0
f77v.13,f77v.18,+P0,2,B,0.0
f77v.14,f77v.19,+P0,2,B,0.024
f77v.15,f77v.20,+P0,2,B,0.026
f77v.16,f77v.21,+P0,2,B,0.087
f77v.17,f77v.22,+P0,2,B,0.0
f77v.18,f77v.23,+P0,2,B,0.04
f77v.19,f77v.24,+P0,2,B,0.02
f77v.20,f77v.25,+P0,2,B,0.0
f77v.21,f77v.26,+P0,2,B,0.018
f77v.22,f77v.27,+P0,2,B,0.018
f77v.23,f77v.28,+P0,2,B,0.028
f77v.24,f77v.29,+P0,2,B,0.068
f77v.25,f77v.30,+P0,2,B,0.0
f77v.26,f77v.31,+P0,2,B,0.0
f77v.27,f77v.32,+P0,2,B,0.02
f77v.28,f77v.33,+P0,2,B,0.039
f77v.29,f77v.34,+P0,2,B,0.038
f77v.30,f77v.35,+P0,2,B,0.0
f77v.31,f77v.36,+P0,2,B,0.036
f77v.32,f77v.37,+P0,2,B,0.053
f77v.33,f77v.38,+P0,2,B,0.0
f77v.34,f77v.39,+P0,2,B,0.036
f77v.35,f77v.40,+P0,2,B,0.068
f77v.36,f77v.41,+P0,2,B,0.048
f77v.37,f77v.42,+P0,2,B,0.047
f78r.1,f78r.3,@P0,2,B,0.0
f78r.2,f78r.4,+P0,2,B,0.0
f78r.3,f78r.5,+P0,2,B,0.0
f78r.4,f78r.6,+P0,2,B,0.02
f78r.5,f78r.7,+P0,2,B,0.113
f78r.6,f78r.8,+P0,2,B,0.0
f78r.7,f78r.9,+P0,2,B,0.0
f78r.8,f78r.10,+P0,2,B,0.02
f78r.9,f78r.11,+P0,2,B,0.0
f78r.10,f78r.12,+P0,2,B,0.0
f78r.11,f78r.13,+P0,2,B,0.02
f78r.12,f78r.14,+P0,2,B,0.02
f78r.13,f78r.15,+P0,2,B,0.02
f78r.14,f78r.16,+P0,2,B,0.033
f78r.15,f78r.17,+P0,2,B,0.091
f78r.16,f78r.18,+P0,2,B,0.034
f78r.17,f78r.19,+P0,2,B,0.034
f78r.18,f78r.20,+P0,2,B,0.037
f78r.19,f78r.21,+P0,2,B,0.0
f78r.20,f78r.22,+P0,2,B,0.0
f78r.21,f78r.23,+P0,2,B,0.094
f78r.22,f78r.24,+P0,2,B,0.031
f78r.23,f78r.25,+P0,2,B,0.061
f78r.24,f78r.26,+P0,2,B,0.054
f78r.25,f78r.27,+P0,2,B,0.083
f78r.26,f78r.28,+P0,2,B,0.085
f78r.27,f78r.29,+P0,2,B,0.019
f78r.28,f78r.30,+P0,2,B,0.053
f78r.29,f78r.31,+P0,2,B,0.0
f78r.30,f78r.32,+P0,2,B,0.019
f78r.31,f78r.33,+P0,2,B,0.056
f78r.32,f78r.34,+P0,2,B,0.019
f78r.33,f78r.35,+P0,2,B,0.0
f78r.34,f78r.36,+P0,2,B,0.021
f78r.35,f78r.37,+P0,2,B,0.036
f78r.36,f78r.38,+P0,2,B,0.033
f78r.37,f78r.39,+P0,2,B,0.069
f78r.38,f78r.40,+P0,2,B,0.182
f78r.39,f78r.41,+P0,2,B,0.103
f78r.40,f78r.42,+P0,2,B,0.0
f78r.41,f78r.43,+P0,2,B,0.115
f78v.1,f78v.1,@P0,2,B,0.082
f78v.2,f78v.2,+P0,2,B,0.017
f78v.3,f78v.3,+P0,2,B,0.035
f78v.4,f78v.4,+P0,2,B,0.018
f78v.5,f78v.5,+P0,2,B,0.017
f78v.6,f78v.6,+P0,2,B,0.055
f78v.7,f78v.7,+P0,2,B,0.04
f78v.8,f78v.8,+P0,2,B,0.0
f78v.9,f78v.9,+P0,2,B,0.054
f78v.10,f78v.10,+P0,2,B,0.091
f78v.11,f78v.11,+P0,2,B,0.0
f78v.12,f78v.12,+P0,2,B,0.0
f78v.13,f78v.13,+P0,2,B,0.04
f78v.14,f78v.14,+P0,2,B,0.02
f78v.15,f78v.15,+P0,2,B,0.019
f78v.16,f78v.16,+P0,2,B,0.0
f78v.17,f78v.17,+P0,2,B,0.04
f78v.18,f78v.18,+P0,2,B,0.038
f78v.19,f78v.19,+P0,2,B,0.024
f78v.20,f78v.20,+P0,2,B,0.055
f78v.21,f78v.21,+P0,2,B,0.02
f78v.22,f78v.22,+P0,2,B,0.0
f78v.23,f78v.23,+P0,2,B,0.0
f78v.24,f78v.24,+P0,2,B,0.0
f78v.25,f78v.25,+P0,2,B,0.0
f78v.26,f78v.26,+P0,2,B,0.02
f78v.27,f78v.27,+P0,2,B,0.02
f78v.28,f78v.28,+P0,2,B,0.0
f78v.29,f78v.29,+P0,2,B,0.0
f78v.30,f78v.30,+P0,2,B,0.02
f78v.31,f78v.31,+P0,2,B,0.02
f78v.32,f78v.32,+P0,2,B,0.0
f79r.1,f79r.1,@P0,2,B,0.018
f79r.2,f79r.2,+P0,2,B,0.067
f79r.3,f79r.3,+P0,2,B,0.047
f79r.4,f79r.4,+P0,2,B,0.031
f79r.5,f79r.5,+P0,2,B,0.03
f79r.6,f79r.6,+P0,2,B,0.041
f79r.7,f79r.7,+P0,2,B,0.018
f79r.8,f79r.8,+P0,2,B,0.0
f79r.9,f79r.9,+P0,2,B,0.018
f79r.10,f79r.10,+P0,2,B,0.036
f79r.11,f79r.11,+P0,2,B,0.019
f79r.12,f79r.12,+P0,2,B,0.0
f79r.13,f79r.13,+P0,2,B,0.0
f79r.14,f79r.14,+P0,2,B,0.018
f79r.15,f79r.15,+P0,2,B,0.019
f79r.16,f79r.16,+P0,2,B,0.038
f79r.17,f79r.17,+P0,2,B,0.019
f79r.18,f79r.18,+P0,2,B,0.0
f79r.19,f79r.19,+P0,2,B,0.037
f79r.20,f79r.20,+P0,2,B,0.026
f79r.21,f79r.21,+P0,2,B,0.088
f79r.22,f79r.22,+P0,2,B,0.017
f79r.23,f79r.23,+P0,2,B,0.018
f79r.24,f79r.24,+P0,2,B,0.019
f79r.25,f79r.25,+P0,2,B,0.0
f79r.26,f79r.26,+P0,2,B,0.0
f79r.27,f79r.27,+P0,2,B,0.019
f79r.28,f79r.28,+P0,2,B,0.038
f79r.29,f79r.29,+P0,2,B,0.0
f79r.30,f79r.30,+P0,2,B,0.038
f79r.31,f79r.31,+P0,2,B,0.038
f79r.32,f79r.32,+P0,2,B,0.019
f79r.33,f79r.33,+P0,2,B,0.0
f79r.34,f79r.34,+P0,2,B,0.0
f79r.35,f79r.35,+P0,2,B,0.042
f79r.36,f79r.36,+P0,2,B,0.021
f79r.37,f79r.37,+P0,2,B,0.06
f79r.38,f79r.38,+P0,2,B,0.0
f79r.39,f79r.39,+P0,2,B,0.042
f79r.40,f79r.40,+P0,2,B,0.041
f79r.41,f79r.41,+P0,2,B,0.0
f79r.42,f79r.42,+P0,2,B,0.022
f79r.43,f79r.43,+P0,2,B,0.06
f79r.44,f79r.44,+P0,2,B,0.0
f79v.1,f79v.1,@P0,2,B,0.08
f79v.2,f79v.2,+P0,2,B,0.041
f79v.3,f79v.3,+P0,2,B,0.038
f79v.4,f79v.4,+P0,2,B,0.02
f79v.5,f79v.5,+P0,2,B,0.019
f79v.6,f79v.6,+P0,2,B,0.0
f79v.7,f79v.7,+P0,2,B,0.04
f79v.8,f79v.8,+P0,2,B,0.0
f79v.9,f79v.9,+P0,2,B,0.0
f79v.10,f79v.10,+P0,2,B,0.0
f79v.11,f79v.11,+P0,2,B,0.04
f79v.12,f79v.12,+P0,2,B,0.0
f79v.13,f79v.13,+P0,2,B,0.0
f79v.14,f79v.14,+P0,2,B,0.034
f79v.15,f79v.15,+P0,2,B,0.0
f79v.16,f79v.16,+P0,2,B,0.019
f79v.17,f79v.17,+P0,2,B,0.0
f79v.18,f79v.18,+P0,2,B,0.034
f79v.19,f79v.19,+P0,2,B,0.034
f79v.20,f79v.20,+P0,2,B,0.0
f79v.21,f79v.21,+P0,2,B,0.019
f79v.22,f79v.22,+P0,2,B,0.103
f79v.23,f79v.23,+P0,2,B,0.04
f79v.24,f79v.24,+P0,2,B,0.018
f79v.25,f79v.25,+P0,2,B,0.037
f79v.26,f79v.26,+P0,2,B,0.019
f79v.27,f79v.27,+P0,2,B,0.03
f79v.28,f79v.28,+P0,2,B,0.0
f79v.29,f79v.29,+P0,2,B,0.034
f79v.30,f79v.30,+P0,2,B,0.019
f79v.31,f79v.31,+P0,2,B,0.04
f79v.32,f79v.32,+P0,2,B,0.0
f79v.33,f79v.33,+P0,2,B,0.018
f79v.34,f79v.34,+P0,2,B,0.034
f79v.35,f79v.35,+P0,2,B,0.0
f79v.36,f79v.36,+P0,2,B,0.0
f79v.37,f79v.37,+P0,2,B,0.0
f79v.38,f79v.38,+P0,2,B,0.038
f79v.39,f79v.39,+P0,2,B,0.019
f79v.40,f79v.40,+P0,2,B,0.0
f79v.41,f79v.41,+P0,2,B,0.038
f79v.42,f79v.42,+P0,2,B,0.024
f80r.1,f80r.11,@P0,2,B,0.068
f80r.2,f80r.12,+P0,2,B,0.028
f80r.3,f80r.13,+P0,2,B,0.014
f80r.4,f80r.14,+P0,2,B,0.0
f80r.5,f80r.15,+P0,2,B,0.014
f80r.6,f80r.16,+P0,2,B,0.0
f80r.7,f80r.17,+P0,2,B,0.013
f80r.8,f80r.18,+P0,2,B,0.028
f80r.9,f80r.19,+P0,2,B,0.04
f80r.10,f80r.20,+P0,2,B,0.0
f80r.11,f80r.21,+P0,2,B,0.0
f80r.12,f80r.22,+P0,2,B,0.043
f80r.13,f80r.23,+P0,2,B,0.03
f80r.14,f80r.24,+P0,2,B,0.0
f80r.15,f80r.25,+P0,2,B,0.0
f80r.16,f80r.26,+P0,2,B,0.0
f80r.17,f80r.27,+P0,2,B,0.0
f80r.18,f80r.28,+P0,2,B,0.032
f80r.19,f80r.29,+P0,2,B,0.0
f80r.20,f80r.30,+P0,2,B,0.019
f80r.21,f80r.31,+P0,2,B,0.021
f80r.22,f80r.32,+P0,2,B,0.021
f80r.23,f80r.33,+P0,2,B,0.0
f80r.24,f80r.34,+P0,2,B,0.176
f80r.25,f80r.35,+P0,2,B,0.0
f80r.26,f80r.36,+P0,2,B,0.014
f80r.27,f80r.37,+P0,2,B,0.014
f80r.28,f80r.38,+P0,2,B,0.015
f80r.29,f80r.39,+P0,2,B,0.059
f80r.30,f80r.40,+P0,2,B,0.0
f80r.31,f80r.41,+P0,2,B,0.02
f80r.32,f80r.42,+P0,2,B,0.0
f80r.33,f80r.43,+P0,2,B,0.02
f80r.34,f80r.44,+P0,2,B,0.02
f80r.35,f80r.45,+P0,2,B,0.02
f80r.36,f80r.46,+P0,2,B,0.05
f80r.37,f80r.47,+P0,2,B,0.052
f80r.38,f80r.48,+P0,2,B,0.036
f80r.39,f80r.49,+P0,2,B,0.036
f80r.40,f80r.50,+P0,2,B,0.054
f80r.41,f80r.51,+P0,2,B,0.019
f80r.42,f80r.52,+P0,2,B,0.016
f80r.43,f80r.53,+P0,2,B,0.053
f80v.1,f80v.1,@P0,2,B,0.02
f80v.2,f80v.2,+P0,2,B,0.021
f80v.3,f80v.3,+P0,2,B,0.0
f80v.4,f80v.4,+P0,2,B,0.085
f80v.5,f80v.5,+P0,2,B,0.02
f80v.6,f80v.6,+P0,2,B,0.0
f80v.7,f80v.7,+P0,2,B,0.0
f80v.8,f80v.8,+P0,2,B,0.0
f80v.9,f80v.9,+P0,2,B,0.033
f80v.10,f80v.10,+P0,2,B,0.034
f80v.11,f80v.11,+P0,2,B,0.018
f80v.12,f80v.12,+P0,2,B,0.038
f80v.13,f80v.13,+P0,2,B,0.038
f80v.14,f80v.14,+P0,2,B,0.017
f80v.15,f80v.15,+P0,2,B,0.0
f80v.16,f80v.16,+P0,2,B,0.0
f80v.17,f80v.17,+P0,2,B,0.051
f80v.18,f80v.18,+P0,2,B,0.0
f80v.19,f80v.19,+P0,2,B,0.104
f80v.20,f80v.20,+P0,2,B,0.039
f80v.21,f80v.21,+P0,2,B,0.061
f80v.22,f80v.22,+P0,2,B,0.024
f80v.23,f80v.23,+P0,2,B,0.035
f80v.24,f80v.24,+P0,2,B,0.0
f80v.25,f80v.25,+P0,2,B,0.018
f80v.26,f80v.26,+P0,2,B,0.047
f80v.27,f80v.27,+P0,2,B,0.069
f80v.28,f80v.28,+P0,2,B,0.0
f80v.29,f80v.29,+P0,2,B,0.033
f80v.30,f80v.30,+P0,2,B,0.041
f80v.31,f80v.31,+P0,2,B,0.0
f80v.32,f80v.32,+P0,2,B,0.02
f80v.33,f80v.33,+P0,2,B,0.037
f80v.34,f80v.34,+P0,2,B,0.0
f80v.35,f80v.35,+P0,2,B,0.0
f80v.36,f80v.36,+P0,2,B,0.019
f80v.37,f80v.37,+P0,2,B,0.0
f80v.38,f80v.38,+P0,2,B,0.036
f80v.39,f80v.39,+P0,2,B,0.018
f80v.40,f80v.40,+P0,2,B,0.0
f80v.41,f80v.41,+P0,2,B,0.036
f80v.42,f80v.42,+P0,2,B,0.02
f80v.43,f80v.43,+P0,2,B,0.045
f80v.44,f80v.44,+P0,2,B,0.0
f81r.1,f81r.1,@P0,2,B,0.042
f81r.2,f81r.2,+P0,2,B,0.0
f81r.3,f81r.3,+P0,2,B,0.0
f81r.4,f81r.4,+P0,2,B,0.0
f81r.5,f81r.5,+P0,2,B,0.026
f81r.6,f81r.6,+P0,2,B,0.0
f81r.7,f81r.7,+P0,2,B,0.0
f81r.8,f81r.8,+P0,2,B,0.0
f81r.9,f81r.9,+P0,2,B,0.033
f81r.10,f81r.10,+P0,2,B,0.0
f81r.11,f81r.11,+P0,2,B,0.061
f81r.12,f81r.12,+P0,2,B,0.029
f81r.13,f81r.13,+P0,2,B,0.027
f81r.14,f81r.14,+P0,2,B,0.026
f81r.15,f81r.15,+P0,2,B,0.0
f81r.16,f81r.16,+P0,2,B,0.0
f81r.17,f81r.17,+P0,2,B,0.0
f81r.18,f81r.18,+P0,2,B,0.029
f81r.19,f81r.19,+P0,2,B,0.03
f81r.20,f81r.20,+P0,2,B,0.0
f81r.21,f81r.21,+P0,2,B,0.024
f81r.22,f81r.22,+P0,2,B,0.0
f81r.23,f81r.23,+P0,2,B,0.0
f81r.24,f81r.24,+P0,2,B,0.024
f81r.25,f81r.25,+P0,2,B,0.026
f81r.26,f81r.26,+P0,2,B,0.024
f81r.27,f81r.27,+P0,2,B,0.0
f81r.28,f81r.28,+P0,2,B,0.0
f81r.29,f81r.29,+P0,2,B,0.023
f81r.30,f81r.30,+P0,2,B,0.0
f81r.31,f81r.31,+P0,2,B,0.0
f81v.1,f81v.1,@P0,2,B,0.017
f81v.2,f81v.2,+P0,2,B,0.018
f81v.3,f81v.3,+P0,2,B,0.054
f81v.4,f81v.4,+P0,2,B,0.019
f81v.5,f81v.5,+P0,2,B,0.0
f81v.6,f81v.6,+P0,2,B,0.019
f81v.7,f81v.7,+P0,2,B,0.035
f81v.8,f81v.8,+P0,2,B,0.054
f81v.9,f81v.9,+P0,2,B,0.04
f81v.10,f81v.10,+P0,2,B,0.074
f81v.11,f81v.11,+P0,2,B,0.034
f81v.12,f81v.12,+P0,2,B,0.02
f81v.13,f81v.13,+P0,2,B,0.036
f81v.14,f81v.14,+P0,2,B,0.0
f81v.15,f81v.15,+P0,2,B,0.019
f81v.16,f81v.16,+P0,2,B,0.038
f81v.17,f81v.17,+P0,2,B,0.037
f81v.18,f81v.18,+P0,2,B,0.018
f81v.19,f81v.19,+P0,2,B,0.036
f81v.20,f81v.20,+P0,2,B,0.019
f81v.21,f81v.21,+P0,2,B,0.0
f81v.22,f81v.22,+P0,2,B,0.058
f81v.23,f81v.23,+P0,2,B,0.053
f81v.24,f81v.24,+P0,2,B,0.0
f81v.25,f81v.25,+P0,2,B,0.017
f81v.26,f81v.26,+P0,2,B,0.036
f81v.27,f81v.27,+P0,2,B,0.0
f82r.1,f82r.1,@P0,2,B,0.0
f82r.2,f82r.2,+P0,2,B,0.018
f82r.3,f82r.3,+P0,2,B,0.02
f82r.4,f82r.4,+P0,2,B,0.0
f82r.5,f82r.5,+P0,2,B,0.02
f82r.6,f82r.6,+P0,2,B,0.0
f82r.7,f82r.7,+P0,2,B,0.018
f82r.8,f82r.8,+P0,2,B,0.017
f82r.9,f82r.9,+P0,2,B,0.038
f82r.10,f82r.11,@P0,2,B,0.0
f82r.11,f82r.12,+P0,2,B,0.038
f82r.12,f82r.13,+P0,2,B,0.018
f82r.13,f82r.14,+P0,2,B,0.018
f82r.14,f82r.15,+P0,2,B,0.017
f82r.15,f82r.16,+P0,2,B,0.052
f82r.16,f82r.17,+P0,2,B,0.018
f82r.17,f82r.18,+P0,2,B,0.031
f82r.18,f82r.19,+Pr,2,B,0.0
f82r.19,f82r.20,*P0,2,B,0.017
f82r.20,f82r.21,+P0,2,B,0.034
f82r.21,f82r.22,+P0,2,B,0.017
f82r.22,f82r.23,+P0,2,B,0.0
f82r.23,f82r.24,+P0,2,B,0.032
f82r.24,f82r.25,+P0,2,B,0.066
f82r.25,f82r.26,+P0,2,B,0.0
f82r.26,f82r.27,+P0,2,B,0.0
f82r.27,f82r.28,+P0,2,B,0.016
f82r.28,f82r.29,+P0,2,B,0.033
f82r.29,f82r.30,+P0,2,B,0.034
f82r.30,f82r.31,+P0,2,B,0.035
f82r.31,f82r.32,+P0,2,B,0.068
f82r.32,f82r.33,+P0,2,B,0.033
f82v.1,f82v.5,@P0,2,B,0.017
f82v.2,f82v.6,+P0,2,B,0.048
f82v.3,f82v.7,+P0,2,B,0.016
f82v.4,f82v.8,+P0,2,B,0.0
f82v.5,f82v.9,+P0,2,B,0.0
f82v.6,f82v.10,+P0,2,B,0.049
f82v.7,f82v.11,+P0,2,B,0.016
f82v.8,f82v.12,+P0,2,B,0.016
f82v.9,f82v.13,+P0,2,B,0.016
f82v.10,f82v.14,+P0,2,B,0.025
f82v.11,f82v.15,+P0,2,B,0.017
f82v.12,f82v.16,+P0,2,B,0.016
f82v.13,f82v.17,+P0,2,B,0.0
f82v.14,f82v.18,+P0,2,B,0.0
f82v.15,f82v.19,+P0,2,B,0.0
f82v.16,f82v.20,+P0,2,B,0.019
f82v.17,f82v.21,+P0,2,B,0.017
f82v.18,f82v.22,+P0,2,B,0.0
f82v.19,f82v.23,+P0,2,B,0.039
f82v.20,f82v.24,+P0,2,B,0.107
f82v.21,f82v.25,+P0,2,B,0.0
f82v.22,f82v.26,+P0,2,B,0.0
f82v.23,f82v.27,+P0,2,B,0.0
f82v.24,f82v.28,*P0,2,B,0.0
f82v.25,f82v.29,+P0,2,B,0.0
f82v.26,f82v.30,+P0,2,B,0.073
f82v.27,f82v.31,+P0,2,B,0.019
f82v.28,f82v.32,+P0,2,B,0.086
f82v.29,f82v.33,+P0,2,B,0.017
f82v.30,f82v.34,+P0,2,B,0.0
f82v.31,f82v.35,+P0,2,B,0.0
f82v.32,f82v.36,+P0,2,B,0.034
f82v.33,f82v.37,+P0,2,B,0.0
f82v.34,f82v.38,+P0,2,B,0.0
f83r.1,f83r.1,@P0,2,B,0.038
f83r.2,f83r.2,+P0,2,B,0.0
f83r.3,f83r.3,+P0,2,B,0.0
f83r.4,f83r.4,+P0,2,B,0.032
f83r.5,f83r.5,+P0,2,B,0.048
f83r.6,f83r.6,+P0,2,B,0.0
f83r.7,f83r.7,+P0,2,B,0.015
f83r.8,f83r.8,+P0,2,B,0.0
f83r.9,f83r.9,+P0,2,B,0.016
f83r.10,f83r.10,+P0,2,B,0.016
f83r.11,f83r.11,+P0,2,B,0.0
f83r.12,f83r.12,+P0,2,B,0.017
f83r.13,f83r.13,+P0,2,B,0.079
f83r.14,f83r.14,+P0,2,B,0.0
f83r.15,f83r.15,+P0,2,B,0.0
f83r.16,f83r.16,+P0,2,B,0.016
f83r.17,f83r.17,+P0,2,B,0.064
f83r.18,f83r.18,+P0,2,B,0.016
f83r.19,f83r.19,+P0,2,B,0.016
f83r.20,f83r.20,+P0,2,B,0.0
f83r.21,f83r.21,+P0,2,B,0.0
f83r.22,f83r.22,+P0,2,B,0.0
f83r.23,f83r.23,+P0,2,B,0.0
f83r.24,f83r.24,+P0,2,B,0.0
f83r.25,f83r.25,@P1,2,B,0.0
f83r.26,f83r.26,+P1,2,B,0.0
f83r.27,f83r.27,+P1,2,B,0.0
f83r.28,f83r.28,+P1,2,B,0.0
f83r.29,f83r.29,+P1,2,B,0.152
f83r.30,f83r.30,+P1,2,B,0.161
f83r.31,f83r.31,+P1,2,B,0.069
f83r.32,f83r.32,+P1,2,B,0.036
f83r.33,f83r.33,+P1,2,B,0.0
f83r.34,f83r.34,+P1,2,B,0.0
f83r.35,f83r.35,+P1,2,B,0.0
f83r.36,f83r.36,+P1,2,B,0.0
f83r.37,f83r.37,+P1,2,B,0.0
f83r.38,f83r.38,+P1,2,B,0.08
f83r.39,f83r.39,+P1,2,B,0.0
f83r.40,f83r.40,+P1,2,B,0.038
f83r.41,f83r.41,+P1,2,B,0.0
f83r.42,f83r.42,+P1,2,B,0.0
f83r.43,f83r.43,+P1,2,B,0.037
f83r.44,f83r.44,+P1,2,B,0.0
f83v.1,f83v.1,@P0,2,B,0.016
f83v.2,f83v.2,+P0,2,B,0.0
f83v.3,f83v.3,+P0,2,B,0.016
f83v.4,f83v.4,+P0,2,B,0.03
f83v.5,f83v.5,+P0,2,B,0.015
f83v.6,f83v.6,+P0,2,B,0.045
f83v.7,f83v.7,+P0,2,B,0.032
f83v.8,f83v.8,+P0,2,B,0.0
f83v.9,f83v.11,@P0,2,B,0.016
f83v.10,f83v.12,+P0,2,B,0.014
f83v.11,f83v.13,+P0,2,B,0.015
f83v.12,f83v.14,+P0,2,B,0.015
f83v.13,f83v.15,+P0,2,B,0.015
f83v.14,f83v.16,+P0,2,B,0.0
f83v.15,f83v.17,+P0,2,B,0.032
f83v.16,f83v.18,+P0,2,B,0.032
f83v.17,f83v.19,+P0,2,B,0.0
f83v.18,f83v.20,+P0,2,B,0.0
f83v.19,f83v.21,+P0,2,B,0.0
f83v.20,f83v.22,+P0,2,B,0.0
f83v.21,f83v.23,+P0,2,B,0.0
f83v.22,f83v.24,+P0,2,B,0.023
f83v.23,f83v.25,+P0,2,B,0.051
f83v.24,f83v.26,+P0,2,B,0.025
f83v.25,f83v.27,+P0,2,B,0.026
f83v.26,f83v.28,+P0,2,B,0.05
f83v.27,f83v.29,+P0,2,B,0.0
f83v.28,f83v.30,+P0,2,B,0.0
f83v.29,f83v.31,+P0,2,B,0.037
f83v.30,f83v.32,+P0,2,B,0.033
f83v.31,f83v.33,+P0,2,B,0.043
f84r.1,f84r.13,@P0,2,B,0.014
f84r.2,f84r.14,+P0,2,B,0.0
f84r.3,f84r.15,+P0,2,B,0.027
f84r.4,f84r.16,+P0,2,B,0.02
f84r.5,f84r.17,+P0,2,B,0.038
f84r.6,f84r.18,+P0,2,B,0.013
f84r.7,f84r.19,+P0,2,B,0.036
f84r.8,f84r.20,+P0,2,B,0.037
f84r.9,f84r.21,+P0,2,B,0.0
f84r.10,f84r.22,+P0,2,B,0.013
f84r.11,f84r.23,+P0,2,B,0.013
f84r.12,f84r.24,+P0,2,B,0.027
f84r.13,f84r.25,+P0,2,B,0.0
f84r.14,f84r.26,+P0,2,B,0.021
f84r.15,f84r.27,+P0,2,B,0.093
f84r.16,f84r.28,+P0,2,B,0.042
f84r.17,f84r.29,+P0,2,B,0.014
f84r.18,f84r.30,+P0,2,B,0.029
f84r.19,f84r.31,+P0,2,B,0.014
f84r.20,f84r.32,+P0,2,B,0.0
f84r.21,f84r.33,+P0,2,B,0.014
f84r.22,f84r.34,+P0,2,B,0.125
f84r.23,f84r.35,+P0,2,B,0.0
f84r.24,f84r.36,+P0,2,B,0.014
f84r.25,f84r.37,@P1,2,B,0.023
f84r.26,f84r.38,+P1,2,B,0.0
f84r.27,f84r.39,+P1,2,B,0.0
f84r.28,f84r.40,+P1,2,B,0.0
f84r.29,f84r.41,+P1,2,B,0.073
f84r.30,f84r.42,+P1,2,B,0.05
f84r.31,f84r.43,+P1,2,B,0.026
f84r.32,f84r.44,+P1,2,B,0.0
f84r.33,f84r.45,+P1,2,B,0.049
f84r.34,f84r.46,+P1,2,B,0.03
f84v.1,f84v.3,@P0,2,B,0.075
f84v.2,f84v.4,+P0,2,B,0.093
f84v.3,f84v.5,+P0,2,B,0.0
f84v.4,f84v.6,+P0,2,B,0.0
f84v.5,f84v.7,+P0,2,B,0.0
f84v.6,f84v.8,+P0,2,B,0.0
f84v.7,f84v.9,+P0,2,B,0.048
f84v.8,f84v.10,+P0,2,B,0.0
f84v.9,f84v.11,+P0,2,B,0.02
f84v.10,f84v.12,+P0,2,B,0.018
f84v.11,f84v.13,+P0,2,B,0.016
f84v.12,f84v.14,+P0,2,B,0.015
f84v.13,f84v.15,+P0,2,B,0.015
f84v.14,f84v.16,+P0,2,B,0.016
f84v.15,f84v.17,+P0,2,B,0.016
f84v.16,f84v.18,+P0,2,B,0.015
f84v.17,f84v.19,+P0,2,B,0.015
f84v.18,f84v.20,+P0,2,B,0.031
f84v.19,f84v.21,+P0,2,B,0.077
f84v.20,f84v.22,+P0,2,B,0.0
f84v.21,f84v.23,+P0,2,B,0.024
f84v.22,f84v.24,+P0,2,B,0.05
f84v.23,f84v.25,+P0,2,B,0.081
f84v.24,f84v.26,+P0,2,B,0.061
f84v.25,f84v.27,+P0,2,B,0.0
f84v.26,f84v.28,+P0,2,B,0.0
f84v.27,f84v.29,+P0,2,B,0.0
f84v.28,f84v.30,+P0,2,B,0.029
f84v.29,f84v.31,+P0,2,B,0.0
f84v.30,f84v.32,+P0,2,B,0.0
f84v.31,f84v.33,+P0,2,B,0.0
f84v.32,f84v.34,+P0,2,B,0.02
f84v.33,f84v.35,+P0,2,B,0.036
f84v.34,f84v.36,+P0,2,B,0.0
f84v.35,f84v.37,+P0,2,B,0.018
f84v.36,f84v.38,+P0,2,B,0.0
f84v.37,f84v.39,+P0,2,B,0.0
f84v.38,f84v.40,+P0,2,B,0.036
f84v.39,f84v.41,+P0,2,B,0.037
f85r1.1,f85r1.1,@P0,2,B,0.0
f85r1.2,f85r1.2,+P0,2,B,0.028
f85r1.3,f85r1.3,+P0,2,B,0.028
f85r1.4,f85r1.4,+P0,2,B,0.068
f85r1.5,f85r1.5,+P0,2,B,0.0
f85r1.6,f85r1.6,+P0,2,B,0.026
f85r1.7,f85r1.7,+P0,2,B,0.014
f85r1.8,f85r1.8,+P0,2,B,0.0
f85r1.9,f85r1.9,+P0,2,B,0.086
f85r1.10,f85r1.10,+P0,2,B,0.065
f85r1.11,f85r1.11,+P0,2,B,0.0
f85r1.12,f85r1.12,+P0,2,B,0.016
f85r1.13,f85r1.13,+P0,2,B,0.015
f85r1.14,f85r1.14,+P0,2,B,0.0
f85r1.15,f85r1.15,+P0,2,B,0.058
f85r1.16,f85r1.16,+P0,2,B,0.04
f85r1.17,f85r1.17,+P0,2,B,0.03
f85r1.18,f85r1.18,+P0,2,B,0.028
f85r1.19,f85r1.19,+Pr,2,B,0.071
f85r1.20,f85r1.20,*P0,2,B,0.014
f85r1.21,f85r1.21,+P0,2,B,0.029
f85r1.22,f85r1.22,+P0,2,B,0.028
f85r1.23,f85r1.23,+P0,2,B,0.029
f85r1.24,f85r1.24,+P0,2,B,0.03
f85r1.25,f85r1.25,+P0,2,B,0.048
f85r1.26,f85r1.26,+P0,2,B,0.014
f85r1.27,f85r1.27,+P0,2,B,0.018
f85r1.28,f85r1.28,+P0,2,B,0.0
f85r1.29,f85r1.29,+P0,2,B,0.015
f85r1.30,f85r1.30,+P0,2,B,0.076
f85r1.31,f85r1.31,+P0,2,B,0.015
f85r1.32,f85r1.32,+P0,2,B,0.06
f85r1.33,f85r1.33,+P0,2,B,0.032
f85r1.34,f85r1.34,+P0,2,B,0.0
f85r1.35,f85r1.35,+Pc,2,B,0.0
f86v4.1,f86v4.5,@P0,2,B,0.038
f86v4.2,f86v4.6,+P0,2,B,0.043
f86v4.3,f86v4.7,+P0,2,B,0.1
f86v4.4,f86v4.8,+P0,2,B,0.045
f86v4.5,f86v4.9,+Pc,2,B,0.125
f86v6.1,f86v6.1,@P0,2,B,0.115
f86v6.2,f86v6.2,+P0,2,B,0.027
f86v6.3,f86v6.3,+P0,2,B,0.014
f86v6.4,f86v6.4,+P0,2,B,0.014
f86v6.5,f86v6.5,+P0,2,B,0.0
f86v6.6,f86v6.6,+P0,2,B,0.0
f86v6.7,f86v6.7,+P0,2,B,0.029
f86v6.8,f86v6.8,+P0,2,B,0.015
f86v6.9,f86v6.9,+P0,2,B,0.0
f86v6.10,f86v6.10,+P0,2,B,0.091
f86v6.11,f86v6.11,+P0,2,B,0.0
f86v6.12,f86v6.12,+P0,2,B,0.0
f86v6.13,f86v6.13,+P0,2,B,0.125
f86v6.14,f86v6.14,+P0,2,B,0.016
f86v6.15,f86v6.15,+P0,2,B,0.029
f86v6.16,f86v6.16,+P0,2,B,0.0
f86v6.17,f86v6.17,+P0,2,B,0.072
f86v6.18,f86v6.18,+P0,2,B,0.0
f86v6.19,f86v6.19,+P0,2,B,0.021
f86v6.20,f86v6.20,+P0,2,B,0.0
f86v6.21,f86v6.21,+P0,2,B,0.029
f86v6.22,f86v6.22,+P0,2,B,0.045
f86v6.23,f86v6.23,+P0,2,B,0.015
f86v6.24,f86v6.24,+P0,2,B,0.0
f86v6.25,f86v6.25,+P0,2,B,0.03
f86v6.26,f86v6.26,+P0,2,B,0.028
f86v6.27,f86v6.27,+P0,2,B,0.0
f86v6.28,f86v6.28,+P0,2,B,0.014
f86v6.29,f86v6.29,+P0,2,B,0.017
f86v6.30,f86v6.30,+P0,2,B,0.014
f86v6.31,f86v6.31,+P0,2,B,0.0
f86v6.32,f86v6.32,+P0,2,B,0.0
f86v6.33,f86v6.33,+P0,2,B,0.104
f86v6.34,f86v6.34,+P0,2,B,0.016
f86v6.35,f86v6.35,+P0,2,B,0.0
f86v6.36,f86v6.36,+P0,2,B,0.016
f86v6.37,f86v6.37,+P0,2,B,0.017
f86v6.38,f86v6.38,+P0,2,B,0.016
f86v6.39,f86v6.39,+P0,2,B,0.0
f86v6.40,f86v6.40,+P0,2,B,0.0
f86v6.41,f86v6.41,+P0,2,B,0.0
f86v6.42,f86v6.42,+P0,2,B,0.0
f86v6.43,f86v6.43,+P0,2,B,0.0
f86v6.44,f86v6.44,+P0,2,B,0.034
f86v6.45,f86v6.45,+P0,2,B,0.02
f86v5.1,f86v5.1,@P0,2,B,0.044
f86v5.2,f86v5.2,+P0,2,B,0.015
f86v5.3,f86v5.3,+P0,2,B,0.016
f86v5.4,f86v5.4,+P0,2,B,0.016
f86v5.5,f86v5.5,+P0,2,B,0.0
f86v5.6,f86v5.6,+P0,2,B,0.043
f86v5.7,f86v5.7,+P0,2,B,0.0
f86v5.8,f86v5.8,+P0,2,B,0.016
f86v5.9,f86v5.9,+P0,2,B,0.034
f86v5.10,f86v5.10,+P0,2,B,0.0
f86v5.11,f86v5.11,+P0,2,B,0.018
f86v5.12,f86v5.12,+P0,2,B,0.016
f86v5.13,f86v5.13,+P0,2,B,0.0
f86v5.14,f86v5.14,+P0,2,B,0.0
f86v5.15,f86v5.15,+P0,2,B,0.0
f86v5.16,f86v5.16,+P0,2,B,0.019
f86v5.17,f86v5.17,+P0,2,B,0.0
f86v5.18,f86v5.18,+P0,2,B,0.032
f86v5.19,f86v5.19,+P0,2,B,0.068
f86v5.20,f86v5.20,+P0,2,B,0.036
f86v5.21,f86v5.21,+P0,2,B,0.0
f86v5.22,f86v5.22,+P0,2,B,0.017
f86v5.23,f86v5.23,+P0,2,B,0.018
f86v5.24,f86v5.24,+P0,2,B,0.0
f86v5.25,f86v5.25,+P0,2,B,0.0
f86v5.26,f86v5.26,+P0,2,B,0.0
f86v5.27,f86v5.27,+P0,2,B,0.0
f86v5.28,f86v5.28,+P0,2,B,0.067
f86v5.29,f86v5.29,+P0,2,B,0.019
f86v5.30,f86v5.30,+P0,2,B,0.017
f86v5.31,f86v5.31,+P0,2,B,0.0
f86v5.32,f86v5.32,+P0,2,B,0.0
f86v5.33,f86v5.33,+P0,2,B,0.018
f86v5.34,f86v5.34,+P0,2,B,0.0
f86v5.35,f86v5.35,+P0,2,B,0.018
f86v5.36,f86v5.36,+P0,2,B,0.0
f86v5.37,f86v5.37,+P0,2,B,0.057
f86v5.38,f86v5.38,+P0,2,B,0.02
f86v5.39,f86v5.39,+Pr,2,B,0.0
f87r.1,f87r.1,@P0,1,A,0.06
f87r.2,f87r.2,+P0,1,A,0.021
f87r.3,f87r.3,+P0,1,A,0.082
f87r.4,f87r.4,+P0,1,A,0.02
f87r.5,f87r.5,+P0,1,A,0.0
f87r.6,f87r.6,+P0,1,A,0.021
f87r.7,f87r.7,+P0,1,A,0.075
f87r.8,f87r.8,+P0,1,A,0.029
f87r.9,f87r.9,+P0,1,A,0.03
f87r.10,f87r.10,+P0,1,A,0.0
f87r.11,f87r.11,+P0,1,A,0.028
f87r.12,f87r.12,+P0,1,A,0.027
f87r.13,f87r.13,+P0,1,A,0.0
f87r.14,f87r.14,+P0,1,A,0.0
f87r.15,f87r.15,+P0,1,A,0.044
f87r.16,f87r.16,+P0,1,A,0.05
f87v.1,f87v.1,@P0,1,A,0.081
f87v.2,f87v.2,+P0,1,A,0.0
f87v.3,f87v.3,+P0,1,A,0.03
f87v.4,f87v.4,+P0,1,A,0.0
f87v.5,f87v.5,+P0,1,A,0.114
f87v.6,f87v.6,+P0,1,A,0.062
f87v.7,f87v.7,+P0,1,A,0.029
f87v.8,f87v.8,+P0,1,A,0.026
f87v.9,f87v.9,+P0,1,A,0.0
f87v.10,f87v.10,+P0,1,A,0.026
f87v.11,f87v.11,+P0,1,A,0.0
f87v.12,f87v.12,+P0,1,A,0.087
f87v.13,f87v.13,+P0,1,A,0.026
f87v.14,f87v.14,+P0,1,A,0.088
f87v.15,f87v.15,+P0,1,A,0.062
f87v.16,f87v.16,+P0,1,A,0.0
f88r.1,f88r.7,@P0,1,A,0.0
f88r.2,f88r.8,+P0,1,A,0.017
f88r.3,f88r.9,+P0,1,A,0.0
f88r.4,f88r.10,+P0,1,A,0.036
f88r.5,f88r.11,+P0,1,A,0.0
f88r.6,f88r.18,@P0,1,A,0.061
f88r.7,f88r.19,+P0,1,A,0.0
f88r.8,f88r.20,+P0,1,A,0.0
f88r.9,f88r.21,+P0,1,A,0.058
f88r.10,f88r.22,+P0,1,A,0.0
f88r.11,f88r.26,@P0,1,A,0.0
f88r.12,f88r.27,+P0,1,A,0.0
f88r.13,f88r.28,+P0,1,A,0.0
f88r.14,f88r.29,+P0,1,A,0.021
f88r.15,f88r.30,+P0,1,A,0.0
f88r.16,f88r.31,+P0,1,A,0.0
f88v.1,f88v.6,@P0,1,A,0.036
f88v.2,f88v.7,+P0,1,A,0.0
f88v.3,f88v.8,+P0,1,A,0.017
f88v.4,f88v.9,+P0,1,A,0.055
f88v.5,f88v.10,+P0,1,A,0.0
f88v.6,f88v.15,@P0,1,A,0.018
f88v.7,f88v.16,+P0,1,A,0.0
f88v.8,f88v.17,+P0,1,A,0.0
f88v.9,f88v.18,+P0,1,A,0.0
f88v.10,f88v.19,+P0,1,A,0.037
f88v.11,f88v.20,+P0,1,A,0.025
f88v.12,f88v.21,+P0,1,A,0.019
f88v.13,f88v.22,+P0,1,A,0.019
f88v.14,f88v.23,+P0,1,A,0.019
f88v.15,f88v.24,+P0,1,A,0.038
f88v.16,f88v.25,+P0,1,A,0.0
f88v.17,f88v.26,+P0,1,A,0.0
f89r1.1,f89r1.6,@P0,1,A,0.0
f89r1.2,f89r1.7,+P0,1,A,0.0
f89r1.3,f89r1.8,+P0,1,A,0.0
f89r1.4,f89r1.9,+P0,1,A,0.019
f89r1.5,f89r1.10,+P0,1,A,0.019
f89r1.6,f89r1.15,@P0,1,A,0.019
f89r1.7,f89r1.16,+P0,1,A,0.034
f89r1.8,f89r1.17,+P0,1,A,0.074
f89r1.9,f89r1.18,+P0,1,A,0.0
f89r1.10,f89r1.19,+P0,1,A,0.019
f89r1.11,f89r1.20,+P0,1,A,0.125
f89r1.12,f89r1.21,+P0,1,A,0.0
f89r1.13,f89r1.22,+P0,1,A,0.018
f89r1.14,f89r1.23,+P0,1,A,0.0
f89r2.1,f89r2.6,@P0,1,A,0.059
f89r2.2,f89r2.7,+P0,1,A,0.038
f89r2.3,f89r2.8,+P0,1,A,0.05
f89r2.4,f89r2.12,@P0,1,A,0.04
f89r2.5,f89r2.13,+P0,1,A,0.021
f89r2.6,f89r2.14,+P0,1,A,0.02
f89r2.7,f89r2.15,+P0,1,A,0.083
f89r2.8,f89r2.22,@P0,1,A,0.022
f89r2.9,f89r2.23,+P0,1,A,0.075
f89r2.10,f89r2.24,+P0,1,A,0.044
f89r2.11,f89r2.25,+P0,1,A,0.083
f89r2.12,f89r2.26,+P0,1,A,0.064
f89r2.13,f89r2.27,+P0,1,A,0.032
f89r2.14,f89r2.28,+P0,1,A,0.078
f89v2.1,f89v2.7,@P0,1,A,0.044
f89v2.2,f89v2.8,+P0,1,A,0.048
f89v2.3,f89v2.9,+P0,1,A,0.012
f89v2.4,f89v2.10,+P0,1,A,0.019
f89v2.5,f89v2.15,@P0,1,A,0.068
f89v2.6,f89v2.16,+P0,1,A,0.031
f89v2.7,f89v2.17,+P0,1,A,0.042
f89v2.8,f89v2.18,+P0,1,A,0.074
f89v2.9,f89v2.19,+P0,1,A,0.08
f89v2.10,f89v2.20,+P0,1,A,0.011
f89v2.11,f89v2.21,+P0,1,A,0.011
f89v2.12,f89v2.22,+P0,1,A,0.029
f89v1.1,f89v1.5,@P0,1,A,0.016
f89v1.2,f89v1.6,+P0,1,A,0.0
f89v1.3,f89v1.7,+P0,1,A,0.088
f89v1.4,f89v1.8,+P0,1,A,0.052
f89v1.5,f89v1.9,+P0,1,A,0.05
f89v1.6,f89v1.10,+P0,1,A,0.0
f89v1.7,f89v1.11,+P0,1,A,0.018
f89v1.8,f89v1.12,+P0,1,A,0.0
f89v1.9,f89v1.13,+P0,1,A,0.016
f89v1.10,f89v1.14,+P0,1,A,0.017
f89v1.11,f89v1.15,+P0,1,A,0.0
f89v1.12,f89v1.16,+P0,1,A,0.036
f89v1.13,f89v1.17,+P0,1,A,0.017
f89v1.14,f89v1.18,+P0,1,A,0.018
f89v1.15,f89v1.19,+P0,1,A,0.052
f89v1.16,f89v1.20,+P0,1,A,0.0
f90r1.1,f90r1.1,@P0,1,A,0.029
f90r1.2,f90r1.2,+P0,1,A,0.0
f90r1.3,f90r1.3,+P0,1,A,0.026
f90r1.4,f90r1.4,+P0,1,A,0.052
f90r1.5,f90r1.5,+P0,1,A,0.0
f90r1.6,f90r1.6,+P0,1,A,0.033
f90r1.7,f90r1.7,+P0,1,A,0.017
f90r1.8,f90r1.8,+P0,1,A,0.0
f90r1.9,f90r1.9,+Pr,1,A,0.038
f90r2.1,f90r2.1,@P0,1,A,0.023
f90r2.2,f90r2.2,+P0,1,A,0.036
f90r2.3,f90r2.3,+P0,1,A,0.0
f90r2.4,f90r2.4,+P0,1,A,0.091
f90r2.5,f90r2.5,+P0,1,A,0.064
f90r2.6,f90r2.6,+P0,1,A,0.04
f90v2.1,f90v2.1,@P0,1,A,0.25
f90v2.2,f90v2.2,+P0,1,A,0.136
f90v2.3,f90v2.3,+P0,1,A,0.035
f90v2.4,f90v2.4,+P0,1,A,0.0
f90v2.5,f90v2.5,+P0,1,A,0.0
f90v2.6,f90v2.6,+P0,1,A,0.0
f90v2.7,f90v2.7,+P0,1,A,0.089
f90v2.8,f90v2.8,+P0,1,A,0.094
f90v1.1,f90v1.1,@P0,1,A,0.031
f90v1.2,f90v1.2,+P0,1,A,0.063
f90v1.3,f90v1.3,+P0,1,A,0.033
f90v1.4,f90v1.4,+P0,1,A,0.034
f90v1.5,f90v1.5,+P0,1,A,0.018
f90v1.6,f90v1.6,+P0,1,A,0.071
f90v1.7,f90v1.7,+P0,1,A,0.15
f90v1.8,f90v1.8,+P0,1,A,0.018
f90v1.9,f90v1.9,+P0,1,A,0.036
f90v1.10,f90v1.10,+P0,1,A,0.055
f90v1.11,f90v1.11,+P0,1,A,0.054
f93r.1,f93r.1,@P0,1,A,0.046
f93r.2,f93r.2,+P0,1,A,0.0
f93r.3,f93r.3,+P0,1,A,0.0
f93r.4,f93r.4,+P0,1,A,0.062
f93r.5,f93r.5,+P0,1,A,0.0
f93r.6,f93r.6,+P0,1,A,0.034
f93r.7,f93r.7,+P0,1,A,0.0
f93r.8,f93r.8,+P0,1,A,0.036
f93r.9,f93r.9,+P0,1,A,0.111
f93r.10,f93r.10,+P0,1,A,0.0
f93r.11,f93r.11,+P0,1,A,0.033
f93r.12,f93r.12,+P0,1,A,0.0
f93r.13,f93r.13,+P0,1,A,0.043
f93r.14,f93r.14,+P0,1,A,0.043
f93r.15,f93r.15,+P0,1,A,0.0
f93r.16,f93r.16,+P0,1,A,0.0
f93r.17,f93r.17,+P0,1,A,0.087
f93r.18,f93r.18,+P0,1,A,0.0
f93r.19,f93r.19,+P0,1,A,0.053
f93r.20,f93r.20,+P0,1,A,0.05
f93r.21,f93r.21,+P0,1,A,0.0
f93r.22,f93r.22,+P0,1,A,0.087
f93r.23,f93r.23,+P0,1,A,0.045
f93r.24,f93r.24,+P0,1,A,0.091
f93r.25,f93r.25,+P0,1,A,0.05
f93r.26,f93r.26,+P0,1,A,0.05
f93r.27,f93r.27,+P0,1,A,0.0
f93r.28,f93r.28,+P0,1,A,0.0
f93r.29,f93r.29,+P0,1,A,0.087
f93r.30,f93r.30,+P0,1,A,0.0
f93r.31,f93r.31,+P0,1,A,0.048
f93r.32,f93r.32,+P0,1,A,0.0
f93v.1,f93v.1,@P0,1,A,0.0
f93v.2,f93v.2,+P0,1,A,0.035
f93v.3,f93v.3,+P0,1,A,0.017
f93v.4,f93v.4,+P0,1,A,0.054
f93v.5,f93v.5,+P0,1,A,0.053
f93v.6,f93v.6,+P0,1,A,0.036
f93v.7,f93v.7,+P0,1,A,0.0
f93v.8,f93v.8,+P0,1,A,0.047
f93v.9,f93v.9,+P0,1,A,0.016
f93v.10,f93v.10,+P0,1,A,0.0
f94r.1,f94r.1,@P0,3,B,0.047
f94r.2,f94r.2,+P0,3,B,0.0
f94r.3,f94r.3,+P0,3,B,0.017
f94r.4,f94r.4,+P0,3,B,0.016
f94r.5,f94r.5,+P0,3,B,0.0
f94r.6,f94r.6,+P0,3,B,0.035
f94r.7,f94r.7,+P0,3,B,0.038
f94r.8,f94r.8,+P0,3,B,0.022
f94r.9,f94r.9,+Pc,3,B,0.0
f94v.1,f94v.1,@P0,3,B,0.0
f94v.2,f94v.2,+P0,3,B,0.02
f94v.3,f94v.3,+P0,3,B,0.082
f94v.4,f94v.4,+P0,3,B,0.0
f94v.5,f94v.5,+P0,3,B,0.0
f94v.6,f94v.6,+P0,3,B,0.054
f94v.7,f94v.7,+P0,3,B,0.056
f94v.8,f94v.8,+P0,3,B,0.018
f94v.9,f94v.9,+P0,3,B,0.0
f94v.10,f94v.10,+P0,3,B,0.052
f94v.11,f94v.11,+P0,3,B,0.018
f94v.12,f94v.12,+P0,3,B,0.0
f95r1.1,f95r1.1,@P0,3,B,0.0
f95r1.2,f95r1.2,+P0,3,B,0.0
f95r1.3,f95r1.3,+P0,3,B,0.018
f95r1.4,f95r1.4,+P0,3,B,0.0
f95r1.5,f95r1.5,+P0,3,B,0.067
f95r1.6,f95r1.6,+P0,3,B,0.016
f95r1.7,f95r1.7,+P0,3,B,0.0
f95r1.8,f95r1.8,+P0,3,B,0.049
f95r1.9,f95r1.9,+P0,3,B,0.0
f95r1.10,f95r1.10,+P0,3,B,0.034
f95r1.11,f95r1.11,+P0,3,B,0.0
f95r2.1,f95r2.1,@P0,3,B,0.052
f95r2.2,f95r2.2,+P0,3,B,0.0
f95r2.3,f95r2.3,+P0,3,B,0.034
f95r2.4,f95r2.4,+P0,3,B,0.0
f95r2.5,f95r2.5,+P0,3,B,0.0
f95r2.6,f95r2.6,+P0,3,B,0.019
f95r2.7,f95r2.7,+P0,3,B,0.058
f95r2.8,f95r2.8,+P0,3,B,0.055
f95r2.9,f95r2.9,+P0,3,B,0.0
f95v2.1,f95v2.1,@P0,3,B,0.0
f95v2.2,f95v2.2,+P0,3,B,0.048
f95v2.3,f95v2.3,+P0,3,B,0.05
f95v2.4,f95v2.4,+P0,3,B,0.036
f95v2.5,f95v2.5,+P0,3,B,0.0
f95v2.6,f95v2.6,+P0,3,B,0.0
f95v2.7,f95v2.7,+P0,3,B,0.03
f95v1.1,f95v1.1,@P0,3,B,0.192
f95v1.2,f95v1.2,+P0,3,B,0.0
f95v1.3,f95v1.3,+P0,3,B,0.016
f95v1.4,f95v1.4,+P0,3,B,0.016
f95v1.5,f95v1.5,+P0,3,B,0.0
f95v1.6,f95v1.6,+P0,3,B,0.0
f95v1.7,f95v1.7,+P0,3,B,0.048
f95v1.8,f95v1.8,+P0,3,B,0.036
f95v1.9,f95v1.9,+P0,3,B,0.016
f95v1.10,f95v1.10,+P0,3,B,0.08
f95v1.11,f95v1.11,+P0,3,B,0.062
f95v1.12,f95v1.12,+P0,3,B,0.0
f95v1.13,f95v1.13,+P0,3,B,0.0
f96r.1,f96r.1,@P0,1,A,0.0
f96r.2,f96r.2,+P0,1,A,0.0
f96r.3,f96r.3,+P0,1,A,0.044
f96r.4,f96r.4,+P0,1,A,0.0
f96r.5,f96r.5,+P0,1,A,0.0
f96r.6,f96r.6,+P0,1,A,0.024
f96r.7,f96r.7,+P0,1,A,0.0
f96r.8,f96r.8,+P0,1,A,0.0
f96r.9,f96r.9,+P0,1,A,0.0
f96r.10,f96r.10,+P0,1,A,0.095
f96r.11,f96r.11,+P0,1,A,0.0
f96r.12,f96r.12,+P0,1,A,0.023
f96r.13,f96r.13,+P0,1,A,0.111
f96v.1,f96v.1,@P0,1,A,0.078
f96v.2,f96v.2,+P0,1,A,0.0
f96v.3,f96v.3,+P0,1,A,0.022
f96v.4,f96v.4,+P0,1,A,0.032
f96v.5,f96v.5,+P0,1,A,0.0
f96v.6,f96v.6,+P0,1,A,0.042
f96v.7,f96v.7,+P0,1,A,0.263
f96v.8,f96v.8,+P0,1,A,0.095
f96v.9,f96v.9,+P0,1,A,0.091
f96v.10,f96v.10,+P0,1,A,0.0
f96v.11,f96v.11,+P0,1,A,0.045
f96v.12,f96v.12,+P0,1,A,0.0
f96v.13,f96v.13,+P0,1,A,0.0
f99r.1,f99r.15,@P0,1,A,0.0
f99r.2,f99r.16,+P0,1,A,0.016
f99r.3,f99r.17,+P0,1,A,0.051
f99r.4,f99r.18,+P0,1,A,0.017
f99r.5,f99r.28,@P0,1,A,0.018
f99r.6,f99r.29,+P0,1,A,0.0
f99r.7,f99r.30,+P0,1,A,0.018
f99r.8,f99r.31,+P0,1,A,0.0
f99r.9,f99r.41,@P0,1,A,0.03
f99r.10,f99r.42,+P0,1,A,0.017
f99r.11,f99r.43,+P0,1,A,0.016
f99r.12,f99r.44,+P0,1,A,0.053
f99r.13,f99r.47,@P0,1,A,0.067
f99r.14,f99r.48,+P0,1,A,0.058
f99r.15,f99r.49,+P0,1,A,0.035
f99r.16,f99r.50,+P0,1,A,0.0
f99r.17,f99r.51,+P0,1,A,0.146
f99r.18,f99r.52,+P0,1,A,0.05
f99v.1,f99v.10,@P0,1,A,0.036
f99v.2,f99v.11,+P0,1,A,0.036
f99v.3,f99v.12,+P0,1,A,0.035
f99v.4,f99v.13,+P0,1,A,0.0
f99v.5,f99v.21,@P0,1,A,0.0
f99v.6,f99v.22,+P0,1,A,0.016
f99v.7,f99v.23,+P0,1,A,0.0
f99v.8,f99v.24,+P0,1,A,0.047
f99v.9,f99v.32,@P0,1,A,0.017
f99v.10,f99v.33,+P0,1,A,0.048
f99v.11,f99v.34,+P0,1,A,0.032
f99v.12,f99v.35,+P0,1,A,0.053
f99v.13,f99v.37,@P0,1,A,0.239
f99v.14,f99v.38,+P0,1,A,0.0
f99v.15,f99v.39,+P0,1,A,0.026
f99v.16,f99v.40,+P0,1,A,0.05
f99v.17,f99v.41,+P0,1,A,0.0
f99v.18,f99v.42,+P0,1,A,0.02
f99v.19,f99v.43,+P0,1,A,0.167
f100r.1,f100r.12,@P0,1,A,0.219
f100r.2,f100r.13,+P0,1,A,0.091
f100r.3,f100r.14,+P0,1,A,0.048
f100r.4,f100r.15,+P0,1,A,0.045
f100r.5,f100r.22,@P0,1,A,0.047
f100r.6,f100r.23,+P0,1,A,0.044
f100r.7,f100r.24,+P0,1,A,0.045
f100r.8,f100r.25,+P0,1,A,0.0
f100r.9,f100r.26,+P0,1,A,0.047
f100r.10,f100r.27,+P0,1,A,0.0
f100v.1,f100v.14,@P0,1,A,0.145
f100v.2,f100v.15,+P0,1,A,0.033
f100v.3,f100v.16,+P0,1,A,0.0
f100v.4,f100v.17,+P0,1,A,0.069
f100v.5,f100v.18,+P0,1,A,0.036
f100v.6,f100v.19,+P0,1,A,0.034
f100v.7,f100v.20,+P0,1,A,0.033
f100v.8,f100v.21,+P0,1,A,0.0
f100v.9,f100v.22,+P0,1,A,0.0
f101r.1,f101r.1,@P0,1,A,0.043
f101r.2,f101r.2,+P0,1,A,0.066
f101r.3,f101r.3,+P0,1,A,0.105
f101r.4,f101r.4,+P0,1,A,0.052
f101r.5,f101r.5,+P0,1,A,0.043
f101r.6,f101r.6,+P0,1,A,0.029
f101r.7,f101r.7,+P0,1,A,0.099
f101r.8,f101r.8,+P0,1,A,0.008
f101r.9,f101r.9,+P0,1,A,0.052
f101r.10,f101r.10,+P0,1,A,0.045
f101v.1,f101v.19,@P0,1,A,0.051
f101v.2,f101v.20,+P0,1,A,0.039
f101v.3,f101v.21,+P0,1,A,0.131
f101v.4,f101v.22,+P0,1,A,0.115
f101v.5,f101v.23,+P0,1,A,0.083
f101v.6,f101v.24,+P0,1,A,0.064
f101v.7,f101v.25,+P0,1,A,0.075
f101v.8,f101v.26,+P0,1,A,0.046
f101v.9,f101v.27,+P0,1,A,0.102
f101v.10,f101v.28,+Pc,1,A,0.069
f102r1.1,f102r1.3,@P0,1,A,0.0
f102r1.2,f102r1.4,+P0,1,A,0.033
f102r1.3,f102r1.5,+P0,1,A,0.017
f102r1.4,f102r1.6,+P0,1,A,0.037
f102r1.5,f102r1.8,@P0,1,A,0.0
f102r1.6,f102r1.9,+P0,1,A,0.018
f102r1.7,f102r1.10,+P0,1,A,0.018
f102r1.8,f102r1.11,+P0,1,A,0.0
f102r1.9,f102r1.13,@P0,1,A,0.036
f102r1.10,f102r1.14,+P0,1,A,0.018
f102r1.11,f102r1.15,+P0,1,A,0.039
f102r1.12,f102r1.16,+P0,1,A,0.054
f102r1.13,f102r1.17,+P0,1,A,0.0
f102r2.1,f102r2.2,@P0,1,A,0.077
f102r2.2,f102r2.3,+P0,1,A,0.05
f102r2.3,f102r2.4,+P0,1,A,0.023
f102r2.4,f102r2.5,+P0,1,A,0.026
f102r2.5,f102r2.6,+P0,1,A,0.02
f102r2.6,f102r2.8,@P0,1,A,0.055
f102r2.7,f102r2.9,+P0,1,A,0.053
f102r2.8,f102r2.10,+P0,1,A,0.036
f102r2.9,f102r2.11,+P0,1,A,0.065
f102r2.10,f102r2.12,+P0,1,A,0.096
f102r2.11,f102r2.16,@P0,1,A,0.209
f102r2.12,f102r2.17,+P0,1,A,0.032
f102r2.13,f102r2.18,+P0,1,A,0.018
f102r2.14,f102r2.19,+P0,1,A,0.081
f102r2.15,f102r2.20,+P0,1,A,0.043
f102v2.1,f102v2.17,@P0,1,A,0.074
f102v2.2,f102v2.18,+P0,1,A,0.086
f102v2.3,f102v2.19,+P0,1,A,0.16
f102v2.4,f102v2.20,+P0,1,A,0.014
f102v2.5,f102v2.21,+P0,1,A,0.068
f102v2.6,f102v2.22,+P0,1,A,0.014
f102v2.7,f102v2.23,+P0,1,A,0.094
f102v2.8,f102v2.30,@P0,1,A,0.067
f102v2.9,f102v2.31,+P0,1,A,0.017
f102v2.10,f102v2.32,+P0,1,A,0.056
f102v2.11,f102v2.33,+P0,1,A,0.053
f102v2.12,f102v2.34,+P0,1,A,0.091
f102v2.13,f102v2.35,+P0,1,A,0.017
f102v2.14,f102v2.36,+P0,1,A,0.02
f102v2.15,f102v2.37,+P0,1,A,0.019
f102v2.16,f102v2.38,+P0,1,A,0.036
f102v2.17,f102v2.39,+P0,1,A,0.069
f102v1.1,f102v1.7,@P0,1,A,0.018
f102v1.2,f102v1.8,+P0,1,A,0.019
f102v1.3,f102v1.9,+P0,1,A,0.017
f102v1.4,f102v1.10,+P0,1,A,0.018
f102v1.5,f102v1.11,+P0,1,A,0.034
f102v1.6,f102v1.12,+P0,1,A,0.1
f102v1.7,f102v1.13,+P0,1,A,0.035
f102v1.8,f102v1.14,+P0,1,A,0.033
f102v1.9,f102v1.19,@P0,1,A,0.075
f102v1.10,f102v1.20,+P0,1,A,0.0
f102v1.11,f102v1.21,+P0,1,A,0.073
f102v1.12,f102v1.22,+P0,1,A,0.0
f102v1.13,f102v1.23,+P0,1,A,0.018
f102v1.14,f102v1.24,+P0,1,A,0.08
f103r.1,f103r.1,@P0,3,B,0.038
f103r.2,f103r.2,+P0,3,B,0.06
f103r.3,f103r.3,+P0,3,B,0.115
f103r.4,f103r.4,+P0,3,B,0.018
f103r.5,f103r.5,+P0,3,B,0.063
f103r.6,f103r.6,+P0,3,B,0.1
f103r.7,f103r.7,+P0,3,B,0.115
f103r.8,f103r.8,+P0,3,B,0.123
f103r.9,f103r.9,+P0,3,B,0.051
f103r.10,f103r.10,+P0,3,B,0.051
f103r.11,f103r.11,+P0,3,B,0.08
f103r.12,f103r.12,+P0,3,B,0.0
f103r.13,f103r.13,+P0,3,B,0.014
f103r.14,f103r.14,+P0,3,B,0.041
f103r.15,f103r.15,+P0,3,B,0.062
f103r.16,f103r.16,+P0,3,B,0.0
f103r.17,f103r.17,+P0,3,B,0.038
f103r.18,f103r.18,+P0,3,B,0.028
f103r.19,f103r.19,+P0,3,B,0.029
f103r.20,f103r.20,+P0,3,B,0.022
f103r.21,f103r.21,+P0,3,B,0.0
f103r.22,f103r.22,+P0,3,B,0.014
f103r.23,f103r.23,+P0,3,B,0.0
f103r.24,f103r.24,+P0,3,B,0.0
f103r.25,f103r.25,+P0,3,B,0.014
f103r.26,f103r.26,+P0,3,B,0.125
f103r.27,f103r.27,+P0,3,B,0.027
f103r.28,f103r.28,+P0,3,B,0.028
f103r.29,f103r.29,+P0,3,B,0.0
f103r.30,f103r.30,+P0,3,B,0.0
f103r.31,f103r.31,+P0,3,B,0.015
f103r.32,f103r.32,+P0,3,B,0.02
f103r.33,f103r.33,+P0,3,B,0.0
f103r.34,f103r.34,+P0,3,B,0.08
f103r.35,f103r.35,+P0,3,B,0.046
f103r.36,f103r.36,+P0,3,B,0.02
f103r.37,f103r.37,+P0,3,B,0.106
f103r.38,f103r.38,+P0,3,B,0.015
f103r.39,f103r.39,+P0,3,B,0.0
f103r.40,f103r.40,+P0,3,B,0.046
f103r.41,f103r.41,+P0,3,B,0.014
f103r.42,f103r.42,+P0,3,B,0.0
f103r.43,f103r.43,+P0,3,B,0.0
f103r.44,f103r.44,+P0,3,B,0.0
f103r.45,f103r.45,+P0,3,B,0.0
f103r.46,f103r.46,+P0,3,B,0.015
f103r.47,f103r.47,+P0,3,B,0.0
f103r.48,f103r.48,+P0,3,B,0.091
f103r.49,f103r.49,+P0,3,B,0.015
f103r.50,f103r.50,+P0,3,B,0.0
f103r.51,f103r.51,+P0,3,B,0.0
f103r.52,f103r.52,+P0,3,B,0.0
f103r.53,f103r.53,+P0,3,B,0.0
f103r.54,f103r.54,+P0,3,B,0.029
f103v.1,f103v.1,@P0,3,B,0.0
f103v.2,f103v.2,+P0,3,B,0.0
f103v.3,f103v.3,+P0,3,B,0.015
f103v.4,f103v.4,+P0,3,B,0.0
f103v.5,f103v.5,+P0,3,B,0.014
f103v.6,f103v.6,+P0,3,B,0.0
f103v.7,f103v.7,+P0,3,B,0.0
f103v.8,f103v.8,+P0,3,B,0.0
f103v.9,f103v.9,+P0,3,B,0.071
f103v.10,f103v.10,+P0,3,B,0.014
f103v.11,f103v.11,+P0,3,B,0.0
f103v.12,f103v.12,+P0,3,B,0.042
f103v.13,f103v.13,+P0,3,B,0.016
f103v.14,f103v.14,+P0,3,B,0.0
f103v.15,f103v.15,+P0,3,B,0.029
f103v.16,f103v.16,+P0,3,B,0.043
f103v.17,f103v.17,+P0,3,B,0.03
f103v.18,f103v.18,+P0,3,B,0.029
f103v.19,f103v.19,+P0,3,B,0.043
f103v.20,f103v.20,+P0,3,B,0.045
f103v.21,f103v.21,+P0,3,B,0.033
f103v.22,f103v.22,+P0,3,B,0.067
f103v.23,f103v.23,+P0,3,B,0.033
f103v.24,f103v.24,+P0,3,B,0.017
f103v.25,f103v.25,+P0,3,B,0.0
f103v.26,f103v.26,+P0,3,B,0.0
f103v.27,f103v.27,+P0,3,B,0.078
f103v.28,f103v.28,+P0,3,B,0.03
f103v.29,f103v.29,+P0,3,B,0.082
f103v.30,f103v.30,+P0,3,B,0.0
f103v.31,f103v.31,+P0,3,B,0.045
f103v.32,f103v.32,+P0,3,B,0.0
f103v.33,f103v.33,+P0,3,B,0.0
f103v.34,f103v.34,+P0,3,B,0.031
f103v.35,f103v.35,+P0,3,B,0.0
f103v.36,f103v.36,+P0,3,B,0.0
f103v.37,f103v.37,+P0,3,B,0.05
f103v.38,f103v.38,+P0,3,B,0.0
f103v.39,f103v.39,+P0,3,B,0.031
f103v.40,f103v.40,+P0,3,B,0.018
f103v.41,f103v.41,+P0,3,B,0.062
f103v.42,f103v.42,+P0,3,B,0.028
f103v.43,f103v.43,+P0,3,B,0.0
f103v.44,f103v.44,+P0,3,B,0.034
f103v.45,f103v.45,+P0,3,B,0.0
f103v.46,f103v.46,+P0,3,B,0.019
f104r.1,f104r.1,@P0,3,B,0.026
f104r.2,f104r.2,+P0,3,B,0.025
f104r.3,f104r.3,+P0,3,B,0.066
f104r.4,f104r.4,+P0,3,B,0.085
f104r.5,f104r.5,+P0,3,B,0.029
f104r.6,f104r.6,+P0,3,B,0.014
f104r.7,f104r.7,+P0,3,B,0.0
f104r.8,f104r.8,+P0,3,B,0.014
f104r.9,f104r.9,+P0,3,B,0.0
f104r.10,f104r.10,+P0,3,B,0.044
f104r.11,f104r.11,+P0,3,B,0.019
f104r.12,f104r.12,+P0,3,B,0.015
f104r.13,f104r.13,+P0,3,B,0.045
f104r.14,f104r.14,+P0,3,B,0.058
f104r.15,f104r.15,+P0,3,B,0.051
f104r.16,f104r.16,+P0,3,B,0.056
f104r.17,f104r.17,+P0,3,B,0.0
f104r.18,f104r.18,+P0,3,B,0.021
f104r.19,f104r.19,+P0,3,B,0.027
f104r.20,f104r.20,+P0,3,B,0.067
f104r.21,f104r.21,+P0,3,B,0.071
f104r.22,f104r.22,+P0,3,B,0.014
f104r.23,f104r.23,+P0,3,B,0.05
f104r.24,f104r.24,+P0,3,B,0.029
f104r.25,f104r.25,+P0,3,B,0.094
f104r.26,f104r.26,+P0,3,B,0.0
f104r.27,f104r.27,+P0,3,B,0.027
f104r.28,f104r.28,+P0,3,B,0.014
f104r.29,f104r.29,+P0,3,B,0.036
f104r.30,f104r.30,+P0,3,B,0.052
f104r.31,f104r.31,+P0,3,B,0.051
f104r.32,f104r.32,+P0,3,B,0.038
f104r.33,f104r.33,+P0,3,B,0.056
f104r.34,f104r.34,+P0,3,B,0.013
f104r.35,f104r.35,+P0,3,B,0.055
f104r.36,f104r.36,+P0,3,B,0.0
f104r.37,f104r.37,+P0,3,B,0.015
f104r.38,f104r.38,+P0,3,B,0.026
f104r.39,f104r.39,+P0,3,B,0.014
f104r.40,f104r.40,+P0,3,B,0.029
f104r.41,f104r.41,+P0,3,B,0.016
f104r.42,f104r.42,+P0,3,B,0.0
f104r.43,f104r.43,+P0,3,B,0.014
f104r.44,f104r.44,+P0,3,B,0.069
f104r.45,f104r.45,+P0,3,B,0.033
f104v.1,f104v.1,@P0,3,B,0.025
f104v.2,f104v.2,+P0,3,B,0.053
f104v.3,f104v.3,+P0,3,B,0.014
f104v.4,f104v.4,+P0,3,B,0.014
f104v.5,f104v.5,+P0,3,B,0.0
f104v.6,f104v.6,+P0,3,B,0.051
f104v.7,f104v.7,+P0,3,B,0.042
f104v.8,f104v.8,+P0,3,B,0.026
f104v.9,f104v.9,+P0,3,B,0.026
f104v.10,f104v.10,+P0,3,B,0.0
f104v.11,f104v.11,+P0,3,B,0.032
f104v.12,f104v.12,+P0,3,B,0.0
f104v.13,f104v.13,+P0,3,B,0.025
f104v.14,f104v.14,+P0,3,B,0.043
f104v.15,f104v.15,+P0,3,B,0.013
f104v.16,f104v.16,+P0,3,B,0.025
f104v.17,f104v.17,+P0,3,B,0.026
f104v.18,f104v.18,+P0,3,B,0.036
f104v.19,f104v.19,+P0,3,B,0.012
f104v.20,f104v.20,+P0,3,B,0.0
f104v.21,f104v.21,+P0,3,B,0.0
f104v.22,f104v.22,+P0,3,B,0.013
f104v.23,f104v.23,+P0,3,B,0.09
f104v.24,f104v.24,+P0,3,B,0.027
f104v.25,f104v.25,+P0,3,B,0.041
f104v.26,f104v.26,+P0,3,B,0.029
f104v.27,f104v.27,+P0,3,B,0.014
f104v.28,f104v.28,+P0,3,B,0.031
f104v.29,f104v.29,+P0,3,B,0.05
f104v.30,f104v.30,+P0,3,B,0.038
f104v.31,f104v.31,+P0,3,B,0.068
f104v.32,f104v.32,+P0,3,B,0.046
f104v.33,f104v.33,+P0,3,B,0.037
f104v.34,f104v.34,+P0,3,B,0.038
f104v.35,f104v.35,+P0,3,B,0.053
f104v.36,f104v.36,+P0,3,B,0.089
f104v.37,f104v.37,+P0,3,B,0.037
f104v.38,f104v.38,+P0,3,B,0.014
f104v.39,f104v.39,+P0,3,B,0.148
f104v.40,f104v.40,+P0,3,B,0.0
f104v.41,f104v.41,+P0,3,B,0.043
f104v.42,f104v.42,+P0,3,B,0.0
f104v.43,f104v.43,+P0,3,B,0.057
f104v.44,f104v.44,+P0,3,B,0.0
f105r.1,f105r.1,@P0,3,B,0.105
f105r.2,f105r.2,+P0,3,B,0.027
f105r.3,f105r.3,+P0,3,B,0.027
f105r.4,f105r.4,+P0,3,B,0.027
f105r.5,f105r.5,+P0,3,B,0.0
f105r.6,f105r.6,+P0,3,B,0.015
f105r.7,f105r.7,+P0,3,B,0.029
f105r.8,f105r.8,+P0,3,B,0.015
f105r.9,f105r.9,+P0,3,B,0.103
f105r.10,f105r.10,+Pr,3,B,0.045
f105r.11,f105r.11,*P0,3,B,0.013
f105r.12,f105r.12,+P0,3,B,0.014
f105r.13,f105r.13,+P0,3,B,0.0
f105r.14,f105r.14,+P0,3,B,0.0
f105r.15,f105r.15,+P0,3,B,0.028
f105r.16,f105r.16,+P0,3,B,0.091
f105r.17,f105r.17,+P0,3,B,0.079
f105r.18,f105r.18,+P0,3,B,0.014
f105r.19,f105r.19,+P0,3,B,0.04
f105r.20,f105r.20,+P0,3,B,0.014
f105r.21,f105r.21,+P0,3,B,0.014
f105r.22,f105r.22,+P0,3,B,0.028
f105r.23,f105r.23,+P0,3,B,0.094
f105r.24,f105r.24,+P0,3,B,0.0
f105r.25,f105r.25,+P0,3,B,0.043
f105r.26,f105r.26,+P0,3,B,0.038
f105r.27,f105r.27,+P0,3,B,0.0
f105r.28,f105r.28,+P0,3,B,0.039
f105r.29,f105r.29,+P0,3,B,0.027
f105r.30,f105r.30,+P0,3,B,0.104
f105r.31,f105r.31,+P0,3,B,0.042
f105r.32,f105r.32,+P0,3,B,0.075
f105r.33,f105r.33,+P0,3,B,0.07
f105r.34,f105r.34,+P0,3,B,0.0
f105r.35,f105r.35,+P0,3,B,0.041
f105r.36,f105r.36,+P0,3,B,0.0
f105r.37,f105r.37,+Pc,3,B,0.036
f105v.1,f105v.1,@P0,3,B,0.056
f105v.2,f105v.2,+P0,3,B,0.039
f105v.3,f105v.3,+P0,3,B,0.027
f105v.4,f105v.4,+P0,3,B,0.037
f105v.5,f105v.5,+P0,3,B,0.0
f105v.6,f105v.6,+P0,3,B,0.042
f105v.7,f105v.7,+P0,3,B,0.021
f105v.8,f105v.8,+P0,3,B,0.013
f105v.9,f105v.9,+P0,3,B,0.027
f105v.10,f105v.10,+P0,3,B,0.041
f105v.11,f105v.11,+P0,3,B,0.041
f105v.12,f105v.12,+P0,3,B,0.032
f105v.13,f105v.13,+P0,3,B,0.042
f105v.14,f105v.14,+P0,3,B,0.0
f105v.15,f105v.15,+P0,3,B,0.043
f105v.16,f105v.16,+P0,3,B,0.0
f105v.17,f105v.17,+P0,3,B,0.02
f105v.18,f105v.18,+P0,3,B,0.0
f105v.19,f105v.19,+P0,3,B,0.045
f105v.20,f105v.20,+P0,3,B,0.014
f105v.21,f105v.21,+P0,3,B,0.042
f105v.22,f105v.22,+P0,3,B,0.0
f105v.23,f105v.23,+P0,3,B,0.015
f105v.24,f105v.24,+P0,3,B,0.071
f105v.25,f105v.25,+P0,3,B,0.041
f105v.26,f105v.26,+P0,3,B,0.0
f105v.27,f105v.27,+P0,3,B,0.042
f105v.28,f105v.28,+P0,3,B,0.067
f105v.29,f105v.29,+P0,3,B,0.028
f105v.30,f105v.30,+P0,3,B,0.03
f105v.31,f105v.31,+P0,3,B,0.019
f105v.32,f105v.32,+P0,3,B,0.108
f105v.33,f105v.33,+P0,3,B,0.016
f105v.34,f105v.34,+P0,3,B,0.015
f105v.35,f105v.35,+P0,3,B,0.014
f105v.36,f105v.36,+P0,3,B,0.015
f105v.37,f105v.37,+P0,3,B,0.0
f105v.38,f105v.38,+P0,3,B,0.042
f106r.1,f106r.1,@P0,3,B,0.014
f106r.2,f106r.2,+P0,3,B,0.014
f106r.3,f106r.3,+P0,3,B,0.027
f106r.4,f106r.4,+P0,3,B,0.053
f106r.5,f106r.5,+P0,3,B,0.056
f106r.6,f106r.6,+P0,3,B,0.039
f106r.7,f106r.7,+P0,3,B,0.043
f106r.8,f106r.8,+P0,3,B,0.055
f106r.9,f106r.9,+P0,3,B,0.0
f106r.10,f106r.10,+P0,3,B,0.0
f106r.11,f106r.11,+P0,3,B,0.042
f106r.12,f106r.12,+P0,3,B,0.083
f106r.13,f106r.13,+P0,3,B,0.014
f106r.14,f106r.14,+P0,3,B,0.071
f106r.15,f106r.15,+P0,3,B,0.082
f106r.16,f106r.16,+P0,3,B,0.068
f106r.17,f106r.17,+P0,3,B,0.083
f106r.18,f106r.18,+P0,3,B,0.013
f106r.19,f106r.19,+P0,3,B,0.052
f106r.20,f106r.20,+P0,3,B,0.014
f106r.21,f106r.21,+P0,3,B,0.043
f106r.22,f106r.22,+P0,3,B,0.027
f106r.23,f106r.23,+P0,3,B,0.0
f106r.24,f106r.24,+P0,3,B,0.029
f106r.25,f106r.25,+P0,3,B,0.042
f106r.26,f106r.26,+P0,3,B,0.0
f106r.27,f106r.27,+P0,3,B,0.03
f106r.28,f106r.28,+P0,3,B,0.028
f106r.29,f106r.29,+P0,3,B,0.074
f106r.30,f106r.30,+P0,3,B,0.016
f106r.31,f106r.31,+P0,3,B,0.0
f106r.32,f106r.32,+P0,3,B,0.015
f106r.33,f106r.33,+P0,3,B,0.0
f106r.34,f106r.34,+P0,3,B,0.042
f106r.35,f106r.35,+P0,3,B,0.0
f106r.36,f106r.36,+P0,3,B,0.03
f106r.37,f106r.37,+P0,3,B,0.045
f106r.38,f106r.38,+P0,3,B,0.0
f106r.39,f106r.39,+P0,3,B,0.043
f106r.40,f106r.40,+P0,3,B,0.0
f106r.41,f106r.41,+P0,3,B,0.07
f106r.42,f106r.42,+P0,3,B,0.03
f106r.43,f106r.43,+P0,3,B,0.072
f106r.44,f106r.44,+P0,3,B,0.0
f106r.45,f106r.45,+P0,3,B,0.047
f106r.46,f106r.46,+P0,3,B,0.015
f106r.47,f106r.47,+P0,3,B,0.051
f106v.1,f106v.1,@P0,3,B,0.068
f106v.2,f106v.2,+P0,3,B,0.054
f106v.3,f106v.3,+P0,3,B,0.066
f106v.4,f106v.4,+P0,3,B,0.02
f106v.5,f106v.5,+P0,3,B,0.0
f106v.6,f106v.6,+P0,3,B,0.043
f106v.7,f106v.7,+P0,3,B,0.014
f106v.8,f106v.8,+P0,3,B,0.069
f106v.9,f106v.9,+P0,3,B,0.0
f106v.10,f106v.10,+P0,3,B,0.0
f106v.11,f106v.11,+P0,3,B,0.014
f106v.12,f106v.12,+P0,3,B,0.056
f106v.13,f106v.13,+P0,3,B,0.015
f106v.14,f106v.14,+P0,3,B,0.023
f106v.15,f106v.15,+P0,3,B,0.03
f106v.16,f106v.16,+P0,3,B,0.014
f106v.17,f106v.17,+P0,3,B,0.056
f106v.18,f106v.18,+P0,3,B,0.015
f106v.19,f106v.19,+P0,3,B,0.02
f106v.20,f106v.20,+P0,3,B,0.062
f106v.21,f106v.21,+P0,3,B,0.069
f106v.22,f106v.22,+P0,3,B,0.03
f106v.23,f106v.23,+P0,3,B,0.0
f106v.24,f106v.24,+P0,3,B,0.074
f106v.25,f106v.25,+P0,3,B,0.031
f106v.26,f106v.26,+P0,3,B,0.03
f106v.27,f106v.27,+P0,3,B,0.049
f106v.28,f106v.28,+P0,3,B,0.043
f106v.29,f106v.29,+P0,3,B,0.042
f106v.30,f106v.30,+P0,3,B,0.057
f106v.31,f106v.31,+P0,3,B,0.065
f106v.32,f106v.32,+P0,3,B,0.029
f106v.33,f106v.33,+P0,3,B,0.024
f106v.34,f106v.34,+P0,3,B,0.014
f106v.35,f106v.35,+P0,3,B,0.027
f106v.36,f106v.36,+P0,3,B,0.0
f106v.37,f106v.37,+P0,3,B,0.027
f106v.38,f106v.38,+P0,3,B,0.015
f106v.39,f106v.39,+P0,3,B,0.043
f106v.40,f106v.40,+P0,3,B,0.027
f106v.41,f106v.41,+P0,3,B,0.05
f106v.42,f106v.42,+P0,3,B,0.0
f106v.43,f106v.43,+P0,3,B,0.014
f106v.44,f106v.44,+P0,3,B,0.03
f106v.45,f106v.45,+P0,3,B,0.058
f106v.46,f106v.46,+P0,3,B,0.015
f106v.47,f106v.47,+P0,3,B,0.067
f107r.1,f107r.1,@P0,3,B,0.029
f107r.2,f107r.2,+P0,3,B,0.013
f107r.3,f107r.3,+P0,3,B,0.036
f107r.4,f107r.4,+P0,3,B,0.026
f107r.5,f107r.5,+P0,3,B,0.014
f107r.6,f107r.6,+P0,3,B,0.042
f107r.7,f107r.7,+P0,3,B,0.0
f107r.8,f107r.8,+P0,3,B,0.057
f107r.9,f107r.9,+P0,3,B,0.058
f107r.10,f107r.10,+P0,3,B,0.014
f107r.11,f107r.11,+P0,3,B,0.042
f107r.12,f107r.12,+P0,3,B,0.107
f107r.13,f107r.13,+P0,3,B,0.028
f107r.14,f107r.14,+P0,3,B,0.043
f107r.15,f107r.15,+P0,3,B,0.077
f107r.16,f107r.16,+P0,3,B,0.03
f107r.17,f107r.17,+P0,3,B,0.043
f107r.18,f107r.18,+P0,3,B,0.057
f107r.19,f107r.19,+P0,3,B,0.029
f107r.20,f107r.20,+P0,3,B,0.071
f107r.21,f107r.21,+P0,3,B,0.0
f107r.22,f107r.22,+P0,3,B,0.029
f107r.23,f107r.23,+P0,3,B,0.043
f107r.24,f107r.24,+P0,3,B,0.041
f107r.25,f107r.25,+P0,3,B,0.061
f107r.26,f107r.26,+P0,3,B,0.019
f107r.27,f107r.27,+P0,3,B,0.014
f107r.28,f107r.28,+P0,3,B,0.031
f107r.29,f107r.29,+P0,3,B,0.05
f107r.30,f107r.30,+P0,3,B,0.086
f107r.31,f107r.31,+P0,3,B,0.029
f107r.32,f107r.32,+P0,3,B,0.017
f107r.33,f107r.33,+P0,3,B,0.031
f107r.34,f107r.34,+P0,3,B,0.048
f107r.35,f107r.35,+P0,3,B,0.03
f107r.36,f107r.36,+P0,3,B,0.015
f107r.37,f107r.37,+P0,3,B,0.094
f107r.38,f107r.38,+P0,3,B,0.015
f107r.39,f107r.39,+P0,3,B,0.0
f107r.40,f107r.40,+P0,3,B,0.033
f107r.41,f107r.41,+P0,3,B,0.03
f107r.42,f107r.42,+P0,3,B,0.03
f107r.43,f107r.43,+P0,3,B,0.044
f107r.44,f107r.44,+P0,3,B,0.086
f107r.45,f107r.45,+P0,3,B,0.043
f107r.46,f107r.46,+P0,3,B,0.0
f107r.47,f107r.47,+P0,3,B,0.069
f107r.48,f107r.48,+P0,3,B,0.045
f107r.49,f107r.49,+P0,3,B,0.1
f107r.50,f107r.50,+P0,3,B,0.0
f107r.51,f107r.51,+P0,3,B,0.019
f107v.1,f107v.1,@P0,3,B,0.056
f107v.2,f107v.2,+P0,3,B,0.0
f107v.3,f107v.3,+P0,3,B,0.014
f107v.4,f107v.4,+P0,3,B,0.0
f107v.5,f107v.5,+P0,3,B,0.027
f107v.6,f107v.6,+P0,3,B,0.014
f107v.7,f107v.7,+P0,3,B,0.036
f107v.8,f107v.8,+P0,3,B,0.0
f107v.9,f107v.9,+P0,3,B,0.015
f107v.10,f107v.10,+P0,3,B,0.042
f107v.11,f107v.11,+P0,3,B,0.0
f107v.12,f107v.12,+P0,3,B,0.0
f107v.13,f107v.13,+P0,3,B,0.015
f107v.14,f107v.14,+P0,3,B,0.0
f107v.15,f107v.15,+P0,3,B,0.033
f107v.16,f107v.16,+P0,3,B,0.03
f107v.17,f107v.17,+P0,3,B,0.015
f107v.18,f107v.18,+P0,3,B,0.016
f107v.19,f107v.19,+P0,3,B,0.026
f107v.20,f107v.20,+P0,3,B,0.0
f107v.21,f107v.21,+P0,3,B,0.016
f107v.22,f107v.22,+P0,3,B,0.0
f107v.23,f107v.23,+P0,3,B,0.048
f107v.24,f107v.24,+P0,3,B,0.0
f107v.25,f107v.25,+P0,3,B,0.016
f107v.26,f107v.26,+P0,3,B,0.015
f107v.27,f107v.27,+P0,3,B,0.03
f107v.28,f107v.28,+P0,3,B,0.033
f107v.29,f107v.29,+P0,3,B,0.061
f107v.30,f107v.30,+P0,3,B,0.015
f107v.31,f107v.31,+P0,3,B,0.042
f107v.32,f107v.32,+P0,3,B,0.034
f107v.33,f107v.33,+P0,3,B,0.016
f107v.34,f107v.34,+P0,3,B,0.108
f107v.35,f107v.35,+P0,3,B,0.0
f107v.36,f107v.36,+P0,3,B,0.034
f107v.37,f107v.37,+P0,3,B,0.015
f107v.38,f107v.38,+P0,3,B,0.017
f107v.39,f107v.39,+P0,3,B,0.032
f107v.40,f107v.40,+P0,3,B,0.0
f107v.41,f107v.41,+P0,3,B,0.0
f107v.42,f107v.42,+P0,3,B,0.0
f107v.43,f107v.43,+P0,3,B,0.014
f107v.44,f107v.44,+P0,3,B,0.061
f107v.45,f107v.45,+P0,3,B,0.015
f107v.46,f107v.46,+P0,3,B,0.031
f107v.47,f107v.47,+P0,3,B,0.016
f107v.48,f107v.48,+P0,3,B,0.0
f107v.49,f107v.49,+P0,3,B,0.089
f108r.1,f108r.1,@P0,3,B,0.027
f108r.2,f108r.2,+P0,3,B,0.013
f108r.3,f108r.3,+P0,3,B,0.042
f108r.4,f108r.4,+P0,3,B,0.049
f108r.5,f108r.5,+P0,3,B,0.026
f108r.6,f108r.6,+P0,3,B,0.0
f108r.7,f108r.7,+P0,3,B,0.0
f108r.8,f108r.8,+P0,3,B,0.0
f108r.9,f108r.9,+P0,3,B,0.042
f108r.10,f108r.10,+P0,3,B,0.042
f108r.11,f108r.11,+P0,3,B,0.029
f108r.12,f108r.12,+P0,3,B,0.015
f108r.13,f108r.13,+P0,3,B,0.038
f108r.14,f108r.14,+P0,3,B,0.014
f108r.15,f108r.15,+P0,3,B,0.015
f108r.16,f108r.16,+P0,3,B,0.054
f108r.17,f108r.17,+P0,3,B,0.015
f108r.18,f108r.18,+P0,3,B,0.0
f108r.19,f108r.19,+P0,3,B,0.045
f108r.20,f108r.20,+P0,3,B,0.024
f108r.21,f108r.21,+P0,3,B,0.0
f108r.22,f108r.22,+P0,3,B,0.0
f108r.23,f108r.23,+P0,3,B,0.077
f108r.24,f108r.24,+P0,3,B,0.029
f108r.25,f108r.25,+P0,3,B,0.014
f108r.26,f108r.26,+P0,3,B,0.0
f108r.27,f108r.27,+P0,3,B,0.029
f108r.28,f108r.28,+P0,3,B,0.059
f108r.29,f108r.29,+P0,3,B,0.0
f108r.30,f108r.30,+P0,3,B,0.0
f108r.31,f108r.31,+P0,3,B,0.03
f108r.32,f108r.32,+P0,3,B,0.0
f108r.33,f108r.33,+P0,3,B,0.017
f108r.34,f108r.34,+P0,3,B,0.0
f108r.35,f108r.35,+P0,3,B,0.014
f108r.36,f108r.36,+P0,3,B,0.0
f108r.37,f108r.37,+P0,3,B,0.0
f108r.38,f108r.38,+P0,3,B,0.0
f108r.39,f108r.39,+P0,3,B,0.074
f108r.40,f108r.40,+P0,3,B,0.014
f108r.41,f108r.41,+P0,3,B,0.029
f108r.42,f108r.42,+P0,3,B,0.028
f108r.43,f108r.43,+P0,3,B,0.103
f108r.44,f108r.44,+P0,3,B,0.0
f108r.45,f108r.45,+P0,3,B,0.029
f108r.46,f108r.46,+P0,3,B,0.015
f108r.47,f108r.47,+P0,3,B,0.045
f108r.48,f108r.48,+P0,3,B,0.0
f108r.49,f108r.49,+P0,3,B,0.0
f108r.50,f108r.50,+P0,3,B,0.033
f108v.1,f108v.1,@P0,3,B,0.0
f108v.2,f108v.2,+P0,3,B,0.027
f108v.3,f108v.3,+P0,3,B,0.028
f108v.4,f108v.4,+P0,3,B,0.04
f108v.5,f108v.5,+P0,3,B,0.029
f108v.6,f108v.6,+P0,3,B,0.028
f108v.7,f108v.7,+P0,3,B,0.0
f108v.8,f108v.8,+P0,3,B,0.014
f108v.9,f108v.9,+P0,3,B,0.029
f108v.10,f108v.10,+P0,3,B,0.042
f108v.11,f108v.11,+P0,3,B,0.074
f108v.12,f108v.12,+P0,3,B,0.0
f108v.13,f108v.13,+P0,3,B,0.027
f108v.14,f108v.14,+P0,3,B,0.021
f108v.15,f108v.15,+P0,3,B,0.0
f108v.16,f108v.16,+P0,3,B,0.014
f108v.17,f108v.17,+P0,3,B,0.0
f108v.18,f108v.18,+P0,3,B,0.029
f108v.19,f108v.19,+P0,3,B,0.042
f108v.20,f108v.20,+P0,3,B,0.0
f108v.21,f108v.21,+P0,3,B,0.013
f108v.22,f108v.22,+P0,3,B,0.04
f108v.23,f108v.23,+P0,3,B,0.054
f108v.24,f108v.24,+P0,3,B,0.029
f108v.25,f108v.25,+P0,3,B,0.0
f108v.26,f108v.26,+P0,3,B,0.014
f108v.27,f108v.27,+P0,3,B,0.014
f108v.28,f108v.28,+P0,3,B,0.041
f108v.29,f108v.29,+P0,3,B,0.026
f108v.30,f108v.30,+P0,3,B,0.0
f108v.31,f108v.31,+P0,3,B,0.041
f108v.32,f108v.32,+P0,3,B,0.042
f108v.33,f108v.33,+P0,3,B,0.0
f108v.34,f108v.34,+P0,3,B,0.014
f108v.35,f108v.35,+P0,3,B,0.014
f108v.36,f108v.36,+P0,3,B,0.042
f108v.37,f108v.37,+P0,3,B,0.0
f108v.38,f108v.38,+P0,3,B,0.0
f108v.39,f108v.39,+P0,3,B,0.014
f108v.40,f108v.40,+P0,3,B,0.0
f108v.41,f108v.41,+P0,3,B,0.014
f108v.42,f108v.42,+P0,3,B,0.0
f108v.43,f108v.43,+P0,3,B,0.028
f108v.44,f108v.44,+P0,3,B,0.078
f108v.45,f108v.45,+P0,3,B,0.014
f108v.46,f108v.46,+P0,3,B,0.014
f108v.47,f108v.47,+P0,3,B,0.0
f108v.48,f108v.48,+P0,3,B,0.014
f108v.49,f108v.49,+P0,3,B,0.0
f108v.50,f108v.50,+P0,3,B,0.0
f108v.51,f108v.51,+P0,3,B,0.074
f108v.52,f108v.52,+P0,3,B,0.0
f108v.53,f108v.53,+Pr,3,B,0.037
f111r.1,f111r.1,@P0,3,B,0.0
f111r.2,f111r.2,+P0,3,B,0.091
f111r.3,f111r.3,+P0,3,B,0.013
f111r.4,f111r.4,+P0,3,B,0.039
f111r.5,f111r.5,+P0,3,B,0.023
f111r.6,f111r.6,+P0,3,B,0.013
f111r.7,f111r.7,+P0,3,B,0.0
f111r.8,f111r.8,+P0,3,B,0.013
f111r.9,f111r.9,+P0,3,B,0.026
f111r.10,f111r.10,+P0,3,B,0.035
f111r.11,f111r.11,+P0,3,B,0.039
f111r.12,f111r.12,+P0,3,B,0.013
f111r.13,f111r.13,+P0,3,B,0.05
f111r.14,f111r.14,+P0,3,B,0.013
f111r.15,f111r.15,+P0,3,B,0.027
f111r.16,f111r.16,+P0,3,B,0.039
f111r.17,f111r.17,+P0,3,B,0.013
f111r.18,f111r.18,+P0,3,B,0.037
f111r.19,f111r.19,+P0,3,B,0.025
f111r.20,f111r.20,+P0,3,B,0.058
f111r.21,f111r.21,+P0,3,B,0.068
f111r.22,f111r.22,+P0,3,B,0.0
f111r.23,f111r.23,+P0,3,B,0.0
f111r.24,f111r.24,+P0,3,B,0.099
f111r.25,f111r.25,+P0,3,B,0.038
f111r.26,f111r.26,+P0,3,B,0.036
f111r.27,f111r.27,+P0,3,B,0.049
f111r.28,f111r.28,+P0,3,B,0.051
f111r.29,f111r.29,+P0,3,B,0.013
f111r.30,f111r.30,+P0,3,B,0.014
f111r.31,f111r.31,+P0,3,B,0.069
f111r.32,f111r.32,+P0,3,B,0.014
f111r.33,f111r.33,+P0,3,B,0.056
f111r.34,f111r.34,+P0,3,B,0.057
f111r.35,f111r.35,+P0,3,B,0.087
f111r.36,f111r.36,+P0,3,B,0.027
f111r.37,f111r.37,+P0,3,B,0.026
f111r.38,f111r.38,+P0,3,B,0.041
f111r.39,f111r.39,+P0,3,B,0.014
f111r.40,f111r.40,+P0,3,B,0.067
f111r.41,f111r.41,+P0,3,B,0.014
f111r.42,f111r.42,+P0,3,B,0.068
f111r.43,f111r.43,+P0,3,B,0.0
f111r.44,f111r.44,+P0,3,B,0.028
f111r.45,f111r.45,+P0,3,B,0.04
f111r.46,f111r.46,+P0,3,B,0.014
f111r.47,f111r.47,+P0,3,B,0.019
f111r.48,f111r.48,+P0,3,B,0.028
f111r.49,f111r.49,+P0,3,B,0.014
f111r.50,f111r.50,+P0,3,B,0.0
f111r.51,f111r.51,+P0,3,B,0.029
f111r.52,f111r.52,+P0,3,B,0.028
f111r.53,f111r.53,+P0,3,B,0.074
f111r.54,f111r.54,+P0,3,B,0.0
f111v.1,f111v.1,@P0,3,B,0.027
f111v.2,f111v.2,+P0,3,B,0.013
f111v.3,f111v.3,+P0,3,B,0.014
f111v.4,f111v.4,+P0,3,B,0.013
f111v.5,f111v.5,+P0,3,B,0.0
f111v.6,f111v.6,+P0,3,B,0.053
f111v.7,f111v.7,+P0,3,B,0.0
f111v.8,f111v.8,+P0,3,B,0.028
f111v.9,f111v.9,+P0,3,B,0.028
f111v.10,f111v.10,+P0,3,B,0.014
f111v.11,f111v.11,+P0,3,B,0.081
f111v.12,f111v.12,+P0,3,B,0.014
f111v.13,f111v.13,+P0,3,B,0.014
f111v.14,f111v.14,+P0,3,B,0.095
f111v.15,f111v.15,+P0,3,B,0.067
f111v.16,f111v.16,+P0,3,B,0.041
f111v.17,f111v.17,+P0,3,B,0.0
f111v.18,f111v.18,+P0,3,B,0.082
f111v.19,f111v.19,+P0,3,B,0.029
f111v.20,f111v.20,+P0,3,B,0.0
f111v.21,f111v.21,+P0,3,B,0.0
f111v.22,f111v.22,+P0,3,B,0.027
f111v.23,f111v.23,+P0,3,B,0.013
f111v.24,f111v.24,+P0,3,B,0.0
f111v.25,f111v.25,+P0,3,B,0.167
f111v.26,f111v.26,+P0,3,B,0.0
f111v.27,f111v.27,+P0,3,B,0.027
f111v.28,f111v.28,+P0,3,B,0.2
f111v.29,f111v.29,+P0,3,B,0.014
f111v.30,f111v.30,+P0,3,B,0.0
f111v.31,f111v.31,+P0,3,B,0.029
f111v.32,f111v.32,+P0,3,B,0.0
f111v.33,f111v.33,+P0,3,B,0.068
f111v.34,f111v.34,+P0,3,B,0.03
f111v.35,f111v.35,+P0,3,B,0.014
f111v.36,f111v.36,+P0,3,B,0.022
f111v.37,f111v.37,+P0,3,B,0.057
f111v.38,f111v.38,+P0,3,B,0.015
f111v.39,f111v.39,+P0,3,B,0.0
f111v.40,f111v.40,+P0,3,B,0.015
f111v.41,f111v.41,+P0,3,B,0.0
f111v.42,f111v.42,+P0,3,B,0.068
f111v.43,f111v.43,+P0,3,B,0.028
f111v.44,f111v.44,+P0,3,B,0.062
f111v.45,f111v.45,+P0,3,B,0.0
f111v.46,f111v.46,+P0,3,B,0.015
f111v.47,f111v.47,+P0,3,B,0.047
f111v.48,f111v.48,+P0,3,B,0.029
f111v.49,f111v.49,+P0,3,B,0.092
f111v.50,f111v.50,+P0,3,B,0.015
f111v.51,f111v.51,+P0,3,B,0.0
f112r.1,f112r.1,@P0,3,B,0.164
f112r.2,f112r.2,+P0,3,B,0.085
f112r.3,f112r.3,+P0,3,B,0.022
f112r.4,f112r.4,+P0,3,B,0.0
f112r.5,f112r.5,+P0,3,B,0.042
f112r.6,f112r.6,+P0,3,B,0.043
f112r.7,f112r.7,+P0,3,B,0.077
f112r.8,f112r.8,+P0,3,B,0.13
f112r.9,f112r.9,+P0,3,B,0.02
f112r.10,f112r.10,+P0,3,B,0.0
f112r.11,f112r.11,+P0,3,B,0.038
f112r.12,f112r.12,+P0,3,B,0.0
f112r.13,f112r.13,+P0,3,B,0.0
f112r.14,f112r.14,+P0,3,B,0.054
f112r.15,f112r.15,+P0,3,B,0.058
f112r.16,f112r.16,+P0,3,B,0.054
f112r.17,f112r.17,+P0,3,B,0.017
f112r.18,f112r.18,+P0,3,B,0.0
f112r.19,f112r.19,+P0,3,B,0.036
f112r.20,f112r.20,+P0,3,B,0.052
f112r.21,f112r.21,+P0,3,B,0.018
f112r.22,f112r.22,+P0,3,B,0.095
f112r.23,f112r.23,+P0,3,B,0.03
f112r.24,f112r.24,+P0,3,B,0.016
f112r.25,f112r.25,+P0,3,B,0.015
f112r.26,f112r.26,+P0,3,B,0.0
f112r.27,f112r.27,+P0,3,B,0.017
f112r.28,f112r.28,+P0,3,B,0.016
f112r.29,f112r.29,+P0,3,B,0.016
f112r.30,f112r.30,+P0,3,B,0.0
f112r.31,f112r.31,+P0,3,B,0.0
f112r.32,f112r.32,+P0,3,B,0.032
f112r.33,f112r.33,+P0,3,B,0.041
f112r.34,f112r.34,+P0,3,B,0.016
f112r.35,f112r.35,+P0,3,B,0.0
f112r.36,f112r.36,+P0,3,B,0.0
f112r.37,f112r.37,+P0,3,B,0.016
f112r.38,f112r.38,+P0,3,B,0.036
f112r.39,f112r.39,+P0,3,B,0.051
f112r.40,f112r.40,+P0,3,B,0.036
f112r.41,f112r.41,+P0,3,B,0.083
f112r.42,f112r.42,+P0,3,B,0.033
f112r.43,f112r.43,+P0,3,B,0.048
f112r.44,f112r.44,+P0,3,B,0.016
f112r.45,f112r.45,+P0,3,B,0.079
f112v.1,f112v.1,@P0,3,B,0.071
f112v.2,f112v.2,+P0,3,B,0.038
f112v.3,f112v.3,+P0,3,B,0.0
f112v.4,f112v.4,+P0,3,B,0.0
f112v.5,f112v.5,+P0,3,B,0.018
f112v.6,f112v.6,+P0,3,B,0.062
f112v.7,f112v.7,+P0,3,B,0.0
f112v.8,f112v.8,+P0,3,B,0.0
f112v.9,f112v.9,+P0,3,B,0.037
f112v.10,f112v.10,+P0,3,B,0.043
f112v.11,f112v.11,+P0,3,B,0.0
f112v.12,f112v.12,+P0,3,B,0.017
f112v.13,f112v.13,+P0,3,B,0.0
f112v.14,f112v.14,+P0,3,B,0.128
f112v.15,f112v.15,+P0,3,B,0.049
f112v.16,f112v.16,+P0,3,B,0.0
f112v.17,f112v.17,+P0,3,B,0.017
f112v.18,f112v.18,+P0,3,B,0.0
f112v.19,f112v.19,+P0,3,B,0.022
f112v.20,f112v.20,+P0,3,B,0.017
f112v.21,f112v.21,+P0,3,B,0.031
f112v.22,f112v.22,+P0,3,B,0.056
f112v.23,f112v.23,+P0,3,B,0.016
f112v.24,f112v.24,+P0,3,B,0.063
f112v.25,f112v.25,+P0,3,B,0.0
f112v.26,f112v.26,+P0,3,B,0.019
f112v.27,f112v.27,+P0,3,B,0.0
f112v.28,f112v.28,+P0,3,B,0.014
f112v.29,f112v.29,+P0,3,B,0.0
f112v.30,f112v.30,+P0,3,B,0.015
f112v.31,f112v.31,+P0,3,B,0.037
f112v.32,f112v.32,+P0,3,B,0.042
f112v.33,f112v.33,+P0,3,B,0.015
f112v.34,f112v.34,+P0,3,B,0.0
f112v.35,f112v.35,+P0,3,B,0.098
f112v.36,f112v.36,+P0,3,B,0.015
f112v.37,f112v.37,+P0,3,B,0.015
f112v.38,f112v.38,+P0,3,B,0.032
f112v.39,f112v.39,+P0,3,B,0.0
f112v.40,f112v.40,+P0,3,B,0.042
f112v.41,f112v.41,+P0,3,B,0.071
f112v.42,f112v.42,+P0,3,B,0.0
f112v.43,f112v.43,+P0,3,B,0.044
f112v.44,f112v.44,+P0,3,B,0.051
f112v.45,f112v.45,+P0,3,B,0.076
f112v.46,f112v.46,+P0,3,B,0.0
f112v.47,f112v.47,+P0,3,B,0.068
f113r.1,f113r.1,@P0,3,B,0.073
f113r.2,f113r.2,+P0,3,B,0.037
f113r.3,f113r.3,+P0,3,B,0.0
f113r.4,f113r.4,+P0,3,B,0.038
f113r.5,f113r.5,+P0,3,B,0.012
f113r.6,f113r.6,+P0,3,B,0.024
f113r.7,f113r.7,+P0,3,B,0.0
f113r.8,f113r.8,+P0,3,B,0.026
f113r.9,f113r.9,+P0,3,B,0.057
f113r.10,f113r.10,+P0,3,B,0.024
f113r.11,f113r.11,+P0,3,B,0.012
f113r.12,f113r.12,+P0,3,B,0.034
f113r.13,f113r.13,+P0,3,B,0.013
f113r.14,f113r.14,+P0,3,B,0.038
f113r.15,f113r.15,+P0,3,B,0.043
f113r.16,f113r.16,+P0,3,B,0.0
f113r.17,f113r.17,+P0,3,B,0.0
f113r.18,f113r.18,+P0,3,B,0.025
f113r.19,f113r.19,+P0,3,B,0.031
f113r.20,f113r.20,+P0,3,B,0.064
f113r.21,f113r.21,+P0,3,B,0.03
f113r.22,f113r.22,+P0,3,B,0.013
f113r.23,f113r.23,+P0,3,B,0.013
f113r.24,f113r.24,+P0,3,B,0.051
f113r.25,f113r.25,+P0,3,B,0.026
f113r.26,f113r.26,+P0,3,B,0.016
f113r.27,f113r.27,+P0,3,B,0.026
f113r.28,f113r.28,+P0,3,B,0.039
f113r.29,f113r.29,+P0,3,B,0.071
f113r.30,f113r.30,+P0,3,B,0.014
f113r.31,f113r.31,+P0,3,B,0.014
f113r.32,f113r.32,+P0,3,B,0.0
f113r.33,f113r.33,+P0,3,B,0.0
f113r.34,f113r.34,+P0,3,B,0.013
f113r.35,f113r.35,+P0,3,B,0.052
f113r.36,f113r.36,+P0,3,B,0.0
f113r.37,f113r.37,+P0,3,B,0.0
f113r.38,f113r.38,+P0,3,B,0.023
f113r.39,f113r.39,+P0,3,B,0.051
f113r.40,f113r.40,+P0,3,B,0.026
f113r.41,f113r.41,+P0,3,B,0.016
f113r.42,f113r.42,+P0,3,B,0.014
f113r.43,f113r.43,+P0,3,B,0.0
f113r.44,f113r.44,+P0,3,B,0.0
f113r.45,f113r.45,+P0,3,B,0.0
f113r.46,f113r.46,+P0,3,B,0.055
f113r.47,f113r.47,+P0,3,B,0.028
f113r.48,f113r.48,+P0,3,B,0.028
f113r.49,f113r.49,+P0,3,B,0.0
f113r.50,f113r.50,+P0,3,B,0.029
f113r.51,f113r.51,+P0,3,B,0.0
f113v.1,f113v.1,@P0,3,B,0.025
f113v.2,f113v.2,+P0,3,B,0.0
f113v.3,f113v.3,+P0,3,B,0.0
f113v.4,f113v.4,+P0,3,B,0.024
f113v.5,f113v.5,+P0,3,B,0.034
f113v.6,f113v.6,+P0,3,B,0.026
f113v.7,f113v.7,+P0,3,B,0.0
f113v.8,f113v.8,+P0,3,B,0.0
f113v.9,f113v.9,+P0,3,B,0.0
f113v.10,f113v.10,+P0,3,B,0.037
f113v.11,f113v.11,+P0,3,B,0.028
f113v.12,f113v.12,+P0,3,B,0.0
f113v.13,f113v.13,+P0,3,B,0.0
f113v.14,f113v.14,+P0,3,B,0.014
f113v.15,f113v.15,+P0,3,B,0.138
f113v.16,f113v.16,+P0,3,B,0.057
f113v.17,f113v.17,+P0,3,B,0.036
f113v.18,f113v.18,+P0,3,B,0.0
f113v.19,f113v.19,+P0,3,B,0.0
f113v.20,f113v.20,+P0,3,B,0.023
f113v.21,f113v.21,+P0,3,B,0.043
f113v.22,f113v.22,+P0,3,B,0.029
f113v.23,f113v.23,+P0,3,B,0.043
f113v.24,f113v.24,+P0,3,B,0.0
f113v.25,f113v.25,+P0,3,B,0.0
f113v.26,f113v.26,+P0,3,B,0.0
f113v.27,f113v.27,+P0,3,B,0.043
f113v.28,f113v.28,+P0,3,B,0.11
f113v.29,f113v.29,+P0,3,B,0.029
f113v.30,f113v.30,+P0,3,B,0.058
f113v.31,f113v.31,+P0,3,B,0.028
f113v.32,f113v.32,+P0,3,B,0.023
f113v.33,f113v.33,+P0,3,B,0.0
f113v.34,f113v.34,+P0,3,B,0.0
f113v.35,f113v.35,+P0,3,B,0.0
f113v.36,f113v.36,+P0,3,B,0.0
f113v.37,f113v.37,+P0,3,B,0.045
f113v.38,f113v.38,+P0,3,B,0.0
f113v.39,f113v.39,+P0,3,B,0.0
f113v.40,f113v.40,+P0,3,B,0.015
f113v.41,f113v.41,+P0,3,B,0.032
f113v.42,f113v.42,+P0,3,B,0.03
f113v.43,f113v.43,+P0,3,B,0.072
f113v.44,f113v.44,+P0,3,B,0.027
f113v.45,f113v.45,+P0,3,B,0.03
f113v.46,f113v.46,+P0,3,B,0.0
f113v.47,f113v.47,+P0,3,B,0.0
f113v.48,f113v.48,+P0,3,B,0.014
f113v.49,f113v.49,+P0,3,B,0.0
f114r.1,f114r.1,@P0,3,B,0.104
f114r.2,f114r.2,+P0,3,B,0.028
f114r.3,f114r.3,+P0,3,B,0.0
f114r.4,f114r.4,+P0,3,B,0.026
f114r.5,f114r.5,+P0,3,B,0.014
f114r.6,f114r.6,+P0,3,B,0.0
f114r.7,f114r.7,+P0,3,B,0.018
f114r.8,f114r.8,+P0,3,B,0.038
f114r.9,f114r.9,+P0,3,B,0.051
f114r.10,f114r.10,+P0,3,B,0.047
f114r.11,f114r.11,+P0,3,B,0.013
f114r.12,f114r.12,+P0,3,B,0.041
f114r.13,f114r.13,+P0,3,B,0.0
f114r.14,f114r.14,+P0,3,B,0.0
f114r.15,f114r.15,+P0,3,B,0.013
f114r.16,f114r.16,+P0,3,B,0.013
f114r.17,f114r.17,+P0,3,B,0.013
f114r.18,f114r.18,+P0,3,B,0.02
f114r.19,f114r.19,+P0,3,B,0.024
f114r.20,f114r.20,+P0,3,B,0.0
f114r.21,f114r.21,+P0,3,B,0.0
f114r.22,f114r.22,+P0,3,B,0.013
f114r.23,f114r.23,+P0,3,B,0.021
f114r.24,f114r.24,+P0,3,B,0.012
f114r.25,f114r.25,+P0,3,B,0.013
f114r.26,f114r.26,+P0,3,B,0.0
f114r.27,f114r.27,+P0,3,B,0.021
f114r.28,f114r.28,+P0,3,B,0.013
f114r.29,f114r.29,+P0,3,B,0.012
f114r.30,f114r.30,+P0,3,B,0.036
f114r.31,f114r.31,+P0,3,B,0.042
f114r.32,f114r.32,+P0,3,B,0.0
f114r.33,f114r.33,+P0,3,B,0.026
f114r.34,f114r.34,+Pr,3,B,0.091
f114r.35,f114r.35,*P0,3,B,0.044
f114r.36,f114r.36,+P0,3,B,0.043
f114r.37,f114r.37,+P0,3,B,0.014
f114r.38,f114r.38,+P0,3,B,0.061
f114r.39,f114r.39,+P0,3,B,0.056
f114r.40,f114r.40,+P0,3,B,0.014
f114r.41,f114r.41,+P0,3,B,0.068
f114r.42,f114r.42,+P0,3,B,0.0
f114r.43,f114r.43,+P0,3,B,0.028
f114r.44,f114r.44,+P0,3,B,0.056
f114r.45,f114r.45,+P0,3,B,0.022
f114v.1,f114v.1,@P0,3,B,0.0
f114v.2,f114v.2,+P0,3,B,0.0
f114v.3,f114v.3,+P0,3,B,0.014
f114v.4,f114v.4,+P0,3,B,0.014
f114v.5,f114v.5,+P0,3,B,0.0
f114v.6,f114v.6,+P0,3,B,0.0
f114v.7,f114v.7,+P0,3,B,0.029
f114v.8,f114v.8,+P0,3,B,0.054
f114v.9,f114v.9,+P0,3,B,0.0
f114v.10,f114v.10,+P0,3,B,0.035
f114v.11,f114v.11,+P0,3,B,0.0
f114v.12,f114v.12,+P0,3,B,0.075
f114v.13,f114v.13,+P0,3,B,0.0
f114v.14,f114v.14,+P0,3,B,0.0
f114v.15,f114v.15,+P0,3,B,0.014
f114v.16,f114v.16,+P0,3,B,0.0
f114v.17,f114v.17,+P0,3,B,0.071
f114v.18,f114v.18,+P0,3,B,0.097
f114v.19,f114v.19,+P0,3,B,0.04
f114v.20,f114v.20,+P0,3,B,0.0
f114v.21,f114v.21,+P0,3,B,0.015
f114v.22,f114v.22,+P0,3,B,0.0
f114v.23,f114v.23,+P0,3,B,0.0
f114v.24,f114v.24,+P0,3,B,0.016
f114v.25,f114v.25,+P0,3,B,0.027
f114v.26,f114v.26,+P0,3,B,0.044
f114v.27,f114v.27,+P0,3,B,0.0
f114v.28,f114v.28,+P0,3,B,0.0
f114v.29,f114v.29,+P0,3,B,0.029
f114v.30,f114v.30,+P0,3,B,0.045
f114v.31,f114v.31,+P0,3,B,0.017
f114v.32,f114v.32,+P0,3,B,0.093
f114v.33,f114v.33,+P0,3,B,0.03
f114v.34,f114v.34,+P0,3,B,0.016
f114v.35,f114v.35,+P0,3,B,0.0
f114v.36,f114v.36,+P0,3,B,0.033
f114v.37,f114v.37,+P0,3,B,0.0
f114v.38,f114v.38,+P0,3,B,0.036
f114v.39,f114v.39,+P0,3,B,0.017
f114v.40,f114v.40,+P0,3,B,0.0
f114v.41,f114v.41,+P0,3,B,0.038
f115r.1,f115r.1,@P0,2,B,0.051
f115r.2,f115r.2,+P0,2,B,0.014
f115r.3,f115r.3,+P0,2,B,0.036
f115r.4,f115r.4,+P0,2,B,0.013
f115r.5,f115r.5,+P0,2,B,0.0
f115r.6,f115r.6,+P0,2,B,0.051
f115r.7,f115r.7,+P0,2,B,0.0
f115r.8,f115r.8,+P0,2,B,0.026
f115r.9,f115r.9,+P0,2,B,0.0
f115r.10,f115r.10,+P0,2,B,0.014
f115r.11,f115r.11,+P0,2,B,0.026
f115r.12,f115r.12,+P0,2,B,0.02
f115r.13,f115r.13,+P0,3,B,0.027
f115r.14,f115r.14,+P0,3,B,0.028
f115r.15,f115r.15,+P0,3,B,0.0
f115r.16,f115r.16,+P0,3,B,0.013
f115r.17,f115r.17,+P0,3,B,0.013
f115r.18,f115r.18,+P0,3,B,0.025
f115r.19,f115r.19,+P0,3,B,0.024
f115r.20,f115r.20,+P0,3,B,0.0
f115r.21,f115r.21,+P0,3,B,0.037
f115r.22,f115r.22,+P0,3,B,0.101
f115r.23,f115r.23,+P0,3,B,0.013
f115r.24,f115r.24,+P0,3,B,0.042
f115r.25,f115r.25,+P0,3,B,0.021
f115r.26,f115r.26,+P0,3,B,0.014
f115r.27,f115r.27,+P0,3,B,0.041
f115r.28,f115r.28,+P0,3,B,0.0
f115r.29,f115r.29,+P0,3,B,0.0
f115r.30,f115r.30,+P0,3,B,0.015
f115r.31,f115r.31,+P0,3,B,0.014
f115r.32,f115r.32,+P0,3,B,0.028
f115r.33,f115r.33,+P0,3,B,0.068
f115r.34,f115r.34,+P0,3,B,0.031
f115r.35,f115r.35,+P0,3,B,0.014
f115r.36,f115r.36,+P0,3,B,0.064
f115r.37,f115r.37,+P0,3,B,0.063
f115r.38,f115r.38,+P0,3,B,0.0
f115r.39,f115r.39,+P0,3,B,0.065
f115r.40,f115r.40,+P0,3,B,0.0
f115r.41,f115r.41,+P0,3,B,0.031
f115r.42,f115r.42,+P0,3,B,0.03
f115r.43,f115r.43,+P0,3,B,0.015
f115r.44,f115r.44,+P0,3,B,0.03
f115r.45,f115r.45,+P0,3,B,0.036
f115v.1,f115v.1,@P0,3,B,0.014
f115v.2,f115v.2,+P0,3,B,0.028
f115v.3,f115v.3,+P0,3,B,0.014
f115v.4,f115v.4,+P0,3,B,0.015
f115v.5,f115v.5,+P0,3,B,0.062
f115v.6,f115v.6,+P0,3,B,0.0
f115v.7,f115v.7,+P0,3,B,0.0
f115v.8,f115v.8,+P0,3,B,0.029
f115v.9,f115v.9,+P0,3,B,0.0
f115v.10,f115v.10,+P0,3,B,0.0
f115v.11,f115v.11,+P0,3,B,0.029
f115v.12,f115v.12,+P0,3,B,0.0
f115v.13,f115v.13,+P0,3,B,0.014
f115v.14,f115v.14,+P0,3,B,0.029
f115v.15,f115v.15,+P0,3,B,0.0
f115v.16,f115v.16,+P0,3,B,0.03
f115v.17,f115v.17,+P0,3,B,0.071
f115v.18,f115v.18,+P0,3,B,0.0
f115v.19,f115v.19,+P0,3,B,0.029
f115v.20,f115v.20,+P0,3,B,0.0
f115v.21,f115v.21,+P0,3,B,0.0
f115v.22,f115v.22,+P0,3,B,0.015
f115v.23,f115v.23,+P0,3,B,0.0
f115v.24,f115v.24,+P0,3,B,0.014
f115v.25,f115v.25,+P0,3,B,0.015
f115v.26,f115v.26,+P0,3,B,0.0
f115v.27,f115v.27,+P0,3,B,0.032
f115v.28,f115v.28,+P0,3,B,0.026
f115v.29,f115v.29,+P0,3,B,0.014
f115v.30,f115v.30,+P0,3,B,0.0
f115v.31,f115v.31,+P0,3,B,0.014
f115v.32,f115v.32,+P0,3,B,0.0
f115v.33,f115v.33,+P0,3,B,0.0
f115v.34,f115v.34,+P0,3,B,0.077
f115v.35,f115v.35,+P0,3,B,0.03
f115v.36,f115v.36,+P0,3,B,0.083
f115v.37,f115v.37,+P0,3,B,0.065
f115v.38,f115v.38,+P0,3,B,0.046
f115v.39,f115v.39,+P0,3,B,0.0
f115v.40,f115v.40,+P0,3,B,0.085
f115v.41,f115v.41,+P0,3,B,0.016
f115v.42,f115v.42,+P0,3,B,0.0
f115v.43,f115v.43,+P0,3,B,0.017
f115v.44,f115v.44,+P0,3,B,0.036
f115v.45,f115v.45,+P0,3,B,0.075
f116r.1,f116r.1,@P0,3,B,0.046
f116r.2,f116r.2,+P0,3,B,0.087
f116r.3,f116r.3,+P0,3,B,0.0
f116r.4,f116r.4,+P0,3,B,0.044
f116r.5,f116r.5,+P0,3,B,0.029
f116r.6,f116r.6,+P0,3,B,0.039
f116r.7,f116r.7,+P0,3,B,0.016
f116r.8,f116r.8,+P0,3,B,0.0
f116r.9,f116r.9,+P0,3,B,0.051
f116r.10,f116r.10,+P0,3,B,0.029
f116r.11,f116r.11,+P0,3,B,0.015
f116r.12,f116r.12,+P0,3,B,0.083
f116r.13,f116r.13,+P0,3,B,0.015
f116r.14,f116r.14,+P0,3,B,0.061
f116r.15,f116r.15,+P0,3,B,0.0
f116r.16,f116r.16,+P0,3,B,0.015
f116r.17,f116r.17,+P0,3,B,0.023
f116r.18,f116r.18,+P0,3,B,0.042
f116r.19,f116r.19,+P0,3,B,0.042
f116r.20,f116r.20,+P0,3,B,0.07
f116r.21,f116r.21,+P0,3,B,0.014
f116r.22,f116r.22,+P0,3,B,0.014
f116r.23,f116r.23,+P0,3,B,0.014
f116r.24,f116r.24,+P0,3,B,0.031
f116r.25,f116r.25,+P0,3,B,0.029
f116r.26,f116r.26,+P0,3,B,0.015
f116r.27,f116r.27,+P0,3,B,0.042
f116r.28,f116r.28,+P0,3,B,0.014
f116r.29,f116r.29,+P0,3,B,0.014
f116r.30,f116r.30,+P0,3,B,0.061
f116r.31,f116r.31,+P0,3,B,0.0
f116r.32,f116r.32,+P0,3,B,0.015
f116r.33,f116r.33,+P0,3,B,0.066
f116r.34,f116r.34,+P0,3,B,0.032
f116r.35,f116r.35,+P0,3,B,0.031
f116r.36,f116r.36,+P0,3,B,0.031
f116r.37,f116r.37,+P0,3,B,0.071
f116r.38,f116r.38,+P0,3,B,0.029
f116r.39,f116r.39,+P0,3,B,0.0
f116r.40,f116r.40,+P0,3,B,0.047
f116r.41,f116r.41,+P0,3,B,0.034
f116r.42,f116r.42,+P0,3,B,0.016
f116r.43,f116r.43,+P0,3,B,0.117
f116r.44,f116r.44,+P0,3,B,0.069
f116r.45,f116r.45,+P0,3,B,0.074
f116r.46,f116r.46,+P0,3,B,0.102
f116r.47,f116r.47,+P0,3,B,0.05
f116r.48,f116r.48,+P0,3,B,0.051
f116r.49,f116r.49,+P0,3,B,0.083
f116r.50,f116r.50,+P0,3,B,0.0
