a,b,freq_a,freq_b,context_cosine,same_remainder_after_2,same_prefix_2,glyph_len_diff,common_suffix_units,same_hidden_plaintext
shedy,qokchey,785,84,0.9736391857495522,0,0,2,1,0
shedy,ol,785,664,0.9934050928804677,0,0,2,0,0
shedy,sheol,785,170,0.9700952631737366,0,1,0,0,0
shedy,okchdy,785,43,0.9432276178503148,0,0,1,2,0
shedy,reedy,785,35,0.9362870121396484,0,0,1,3,0
shedy,chckhy,785,138,0.9853411399134581,0,0,1,1,0
shedy,chedy,785,696,0.9940214161695848,1,0,0,3,0
shedy,ar,785,311,0.9910017235798334,0,0,2,0,0
shedy,okar,785,125,0.9718318060242177,0,0,0,0,0
shedy,qokedy,785,293,0.9949147605613723,0,0,2,3,1
shedy,okaiin,785,210,0.9783462482982583,0,0,2,0,0
shedy,raiin,785,156,0.9884411220299137,0,0,1,0,1
shedy,qokchdy,785,83,0.9607745785370325,0,0,2,2,0
shedy,opar,785,26,0.940152953463254,0,0,0,0,0
shedy,qokeey,785,480,0.9861893789887038,0,0,2,1,0
shedy,okain,785,205,0.9786698450931179,0,0,1,0,0
shedy,chey,785,291,0.9836723527035164,0,0,1,1,0
shedy,keed,785,21,0.893876923761346,0,0,0,0,0
shedy,sheody,785,61,0.956209767402608,0,1,1,2,0
shedy,sain,785,142,0.9794967472416916,0,0,0,0,0
shedy,cheeey,785,21,0.9204492452555821,0,0,1,1,0
shedy,otaiin,785,212,0.9750889942107598,0,0,2,0,0
shedy,sheedy,785,210,0.9811972857061337,0,1,1,3,0
shedy,okal,785,91,0.9672861244558767,0,0,0,0,0
shedy,qokeedy,785,443,0.9810657748136271,0,0,3,3,0
shedy,saiin,785,91,0.9594949257817506,0,0,1,0,0
shedy,qokar,785,328,0.979995897987303,0,0,1,0,0
shedy,dar,785,587,0.9912631636731536,0,0,1,0,0
shedy,dain,785,176,0.9716494933157483,0,0,0,0,0
shedy,qotar,785,60,0.9430817425985341,0,0,1,0,0
shedy,pedy,785,20,0.7732722964922545,1,0,0,3,0
shedy,teey,785,21,0.8896751085672449,0,0,0,1,0
shedy,opchy,785,32,0.9548645819624936,0,0,0,1,0
shedy,otedy,785,302,0.9941279148049704,0,0,1,3,1
shedy,otain,785,197,0.966106187782346,0,0,1,0,0
shedy,koiin,785,25,0.8365424350204573,0,0,1,0,0
shedy,chor,785,68,0.9574651529865429,0,0,1,0,0
shedy,cheey,785,175,0.9638627016455216,0,0,0,1,0
shedy,rar,785,22,0.9416987429826079,0,0,1,0,0
shedy,y,785,143,0.9842598204253712,0,0,3,1,0
shedy,qol,785,225,0.984394710496368,0,0,1,0,0
shedy,am,785,90,0.9800315474701627,0,0,2,0,0
shedy,shckhy,785,108,0.9749631296893605,0,0,1,1,0
shedy,al,785,141,0.9843377727010344,0,0,2,0,0
shedy,dy,785,157,0.9712428929131138,0,0,2,2,0
shedy,par,785,22,0.8943401812965973,0,0,1,0,0
shedy,shey,785,297,0.9910121170783496,0,1,1,1,1
shedy,okeedy,785,177,0.9714408400987964,0,0,2,3,0
shedy,qokain,785,435,0.9853842028725336,0,0,2,0,0
shedy,opchedaiin,785,22,0.9367028994957373,0,0,5,0,0
shedy,qoteedy,785,99,0.9600245199742623,0,0,3,3,0
shedy,qoky,785,149,0.9639836563150483,0,0,0,1,0
shedy,oky,785,75,0.9633480922896657,0,0,1,1,0
shedy,kody,785,21,0.9391027776025932,1,0,0,2,0
shedy,sheey,785,211,0.9762221657836895,0,1,0,1,0
shedy,dam,785,81,0.9559445549398883,0,0,1,0,0
shedy,oteedy,785,189,0.9807360452760054,0,0,2,3,0
shedy,olkeedy,785,96,0.9635206763100174,0,0,3,3,0
shedy,dleey,785,51,0.938853614359902,0,0,1,1,0
shedy,shor,785,45,0.9578079366201505,0,0,1,0,0
shedy,qokaiin,785,504,0.97946162633655,0,0,3,0,0
shedy,olkal,785,50,0.9693633394207851,0,0,1,0,0
shedy,chs,785,34,0.9482334161589716,0,0,2,0,0
shedy,okeey,785,173,0.9592254371597733,0,0,1,1,0
shedy,kd,785,24,0.96007454465026,0,0,2,0,0
shedy,lchey,785,57,0.9427943867699988,0,0,0,1,0
shedy,chol,785,136,0.9885337668444256,0,0,1,0,0
shedy,qotedy,785,142,0.9890356613887945,0,0,2,3,1
shedy,oteey,785,169,0.9813045561368386,0,0,1,1,0
shedy,cheol,785,107,0.9770375827570542,0,0,0,0,0
shedy,okol,785,39,0.9411790656039442,0,0,0,0,0
shedy,lkar,785,20,0.8809918790611021,0,0,0,0,0
shedy,otchdy,785,44,0.942342405826456,0,0,1,2,0
shedy,qotain,785,94,0.9847032845933413,0,0,2,0,0
shedy,lchedy,785,177,0.9884948413570837,0,0,1,3,0
shedy,daiin,785,462,0.9806131537526132,0,0,1,0,0
shedy,aiin,785,327,0.9840599308693773,0,0,0,0,0
shedy,dal,785,174,0.9699857890037127,0,0,1,0,0
shedy,or,785,253,0.988091349256695,0,0,2,0,0
shedy,otar,785,139,0.9666622876330063,0,0,0,0,0
shedy,araiin,785,21,0.9374409132036685,0,0,2,0,0
shedy,shar,785,33,0.9255356168235329,0,0,1,0,0
shedy,aredy,785,27,0.9453045541710847,0,0,1,3,0
shedy,tor,785,25,0.9022125633786603,0,0,1,0,0
shedy,kal,785,50,0.9702057845816141,0,0,1,0,0
shedy,olky,785,34,0.9595853559607741,0,0,0,1,0
shedy,shol,785,172,0.9740456091791097,0,0,1,0,0
shedy,otody,785,26,0.9260401930793625,0,0,1,2,0
shedy,ofeey,785,23,0.8613474528504622,0,0,1,1,0
shedy,qokey,785,76,0.9468298523956361,0,0,1,1,0
shedy,pcheey,785,22,0.8762258277753425,0,0,1,1,0
shedy,chdaiin,785,33,0.9554038256312894,0,0,2,0,0
shedy,otal,785,97,0.9644640887675,0,0,0,0,0
shedy,air,785,59,0.9637434223342706,0,0,1,0,0
shedy,qokeo,785,20,0.941705628647112,0,0,1,0,0
shedy,ytedy,785,23,0.8923253930768328,0,0,1,3,0
shedy,ain,785,145,0.9857819794423891,0,0,1,0,0
shedy,qotal,785,46,0.9598373238990212,0,0,1,0,0
shedy,dair,785,89,0.9719665359333943,0,0,0,0,0
shedy,qokor,785,45,0.9483265677080279,0,0,1,0,0
shedy,chdy,785,244,0.9906723546059105,0,0,1,2,0
shedy,olkaiin,785,112,0.9641781750645761,0,0,3,0,0
shedy,okchy,785,33,0.9540823515094887,0,0,0,1,0
shedy,olchedy,785,22,0.9325315469669527,0,0,2,3,0
shedy,okedy,785,121,0.9751587285520722,0,0,1,3,0
shedy,otchy,785,36,0.9493830007481308,0,0,0,1,0
shedy,lkaiin,785,102,0.9828790575898363,0,0,2,0,0
shedy,qokchedy,785,58,0.9064464846855766,0,0,3,3,0
shedy,cthdy,785,33,0.9738888428646629,0,0,1,2,0
shedy,otchey,785,27,0.8566703305585083,0,0,1,1,0
shedy,oddy,785,26,0.9097890072740171,1,0,0,2,0
shedy,chy,785,43,0.9595628929318777,0,0,2,1,0
shedy,char,785,32,0.9244215405793538,0,0,1,0,0
shedy,cheedy,785,73,0.9536812035098126,0,0,1,3,0
shedy,qoteey,785,92,0.9658062920170419,0,0,2,1,0
shedy,tedy,785,38,0.9543685940812198,1,0,0,3,0
shedy,lkdy,785,26,0.9167415931459629,1,0,0,2,0
shedy,lkedy,785,20,0.9500279396699258,0,0,1,3,0
shedy,opchdy,785,23,0.9577471852273757,0,0,1,2,0
shedy,okor,785,25,0.9008002291424904,0,0,0,0,0
shedy,lkain,785,63,0.9687542484536371,0,0,1,0,0
shedy,olkeey,785,94,0.9684278682494168,0,0,2,1,0
shedy,qokal,785,215,0.9750990367739207,0,0,1,0,0
shedy,chckhey,785,45,0.949026640003447,0,0,0,1,0
shedy,otol,785,40,0.9035000762173078,0,0,0,0,0
shedy,qoty,785,21,0.9623867841897453,0,0,0,1,0
shedy,kar,785,55,0.9646068671332401,0,0,1,0,0
shedy,oty,785,68,0.9536373032294595,0,0,1,1,0
shedy,tdy,785,32,0.948445435802597,0,0,1,2,0
shedy,ychy,785,21,0.9517625698105981,0,0,1,1,0
shedy,otey,785,31,0.9172205094520678,0,0,0,1,0
shedy,qotaiin,785,92,0.9766379503660426,0,0,3,0,0
shedy,olkain,785,83,0.9725915851279883,0,0,2,0,0
shedy,okey,785,27,0.9412134018988212,0,0,0,1,0
shedy,kaiin,785,22,0.9515397074353638,0,0,1,0,0
shedy,ky,785,30,0.9517690570546329,0,0,2,1,0
shedy,qokchy,785,75,0.9664557953120999,0,0,1,1,0
shedy,daryeey,785,20,0.7675264298201393,0,0,3,1,0
shedy,olkedy,785,35,0.9169987120582581,0,0,2,3,0
shedy,qokol,785,106,0.9168961241019803,0,0,1,0,0
shedy,shody,785,44,0.8213955098637195,1,0,0,2,0
shedy,olkar,785,63,0.9782356115166433,0,0,1,0,0
shedy,qotchy,785,20,0.7523655393150549,0,0,1,1,0
shedy,taiin,785,49,0.9551769655082969,0,0,1,0,0
shedy,sham,785,21,0.9158128182607701,0,0,1,0,0
shedy,sar,785,43,0.9677392488703325,0,0,1,0,0
shedy,lchaiin,785,24,0.9545827163709492,0,0,2,0,0
shedy,qoy,785,22,0.9137236588579521,0,0,1,1,0
shedy,shes,785,22,0.8016702682469669,0,1,1,0,0
shedy,okchey,785,32,0.948587951141781,0,0,1,1,0
shedy,oleedy,785,26,0.9455723630899209,0,0,2,3,0
shedy,ody,785,28,0.9310321500476926,0,0,1,2,0
shedy,ykar,785,21,0.8607015403436923,0,0,0,0,0
shedy,dleo,785,22,0.8220217324978294,0,0,0,0,0
shedy,dleeol,785,22,0.9271961436233479,0,0,2,0,0
shedy,qokeor,785,20,0.899724964923784,0,0,2,0,0
shedy,olkchdy,785,21,0.8885154011840968,0,0,2,2,0
shedy,chal,785,29,0.8562006386415625,0,0,1,0,0
shedy,tchaiin,785,21,0.9442933783136417,0,0,2,0,0
shedy,qokeody,785,21,0.9120416709734512,0,0,3,2,0
shedy,ldy,785,21,0.8965125158290711,0,0,1,2,0
shedy,laiin,785,37,0.9463038232299467,0,0,1,0,0
shedy,schdy,785,21,0.9501046603158889,1,0,0,2,0
shedy,sheckhy,785,39,0.972249249041732,0,1,0,1,0
shedy,cheeor,785,26,0.9067956514360128,0,0,1,0,0
shedy,otedal,785,22,0.8972254297406183,0,0,2,0,0
shedy,lsy,785,22,0.9515990935288029,0,0,1,1,0
shedy,qoko,785,24,0.7795105979404445,0,0,0,0,0
shedy,ytody,785,21,0.9515354188392829,0,0,1,2,0
shedy,chody,785,23,0.9629165624262285,1,0,0,2,0
shedy,kchy,785,24,0.9387355440593657,0,0,1,1,0
shedy,ykal,785,24,0.9171634698266979,0,0,0,0,0
shedy,lsedy,785,28,0.9292239031984068,0,0,1,3,0
shedy,to,785,24,0.9115644687778629,0,0,2,0,0
shedy,pchdy,785,30,0.9530547399314262,1,0,0,2,0
shedy,qoeedy,785,23,0.9548815845333639,0,0,2,3,0
shedy,otor,785,20,0.9280934563579541,0,0,0,0,0
qokchey,ol,84,664,0.9718130882389467,0,0,4,0,0
qokchey,sheol,84,170,0.9610447642705154,0,0,2,0,0
qokchey,okchdy,84,43,0.9400267303653349,0,0,1,1,0
qokchey,reedy,84,35,0.9170729880159503,0,0,1,1,0
qokchey,chckhy,84,138,0.971137160639993,0,0,3,1,0
qokchey,chedy,84,696,0.9730956601059767,0,0,2,1,0
qokchey,ar,84,311,0.9741966106423676,0,0,4,0,0
qokchey,okar,84,125,0.9603481294661522,0,0,2,0,0
qokchey,qokedy,84,293,0.9704277904632689,0,1,0,1,0
qokchey,okaiin,84,210,0.9726894379276212,0,0,0,0,0
qokchey,raiin,84,156,0.957416487531941,0,0,1,0,0
qokchey,qokchdy,84,83,0.9531603474891087,0,1,0,1,0
qokchey,opar,84,26,0.9248185932389007,0,0,2,0,0
qokchey,qokeey,84,480,0.9776149484890604,0,1,0,2,0
qokchey,okain,84,205,0.9571418683134406,0,0,1,0,0
qokchey,chey,84,291,0.975769109931136,0,0,3,3,0
qokchey,keed,84,21,0.8695334725387475,0,0,2,0,0
qokchey,sheody,84,61,0.9596250370306947,0,0,1,1,0
qokchey,sain,84,142,0.9632874110979651,0,0,2,0,0
qokchey,cheeey,84,21,0.9178763328101059,0,0,1,2,0
qokchey,otaiin,84,212,0.9655651795604285,0,0,0,0,0
qokchey,sheedy,84,210,0.9647369988603688,0,0,1,1,0
qokchey,okal,84,91,0.9599884235472312,0,0,2,0,0
qokchey,qokeedy,84,443,0.9678995778779133,0,1,1,1,0
qokchey,saiin,84,91,0.950418001873875,0,0,1,0,0
qokchey,qokar,84,328,0.9653688566568346,0,1,1,0,0
qokchey,dar,84,587,0.9699135512252097,0,0,3,0,0
qokchey,dain,84,176,0.9653001984893151,0,0,2,0,0
qokchey,qotar,84,60,0.9430857817867754,0,1,1,0,0
qokchey,pedy,84,20,0.7526157351749978,0,0,2,1,0
qokchey,teey,84,21,0.8906516385631882,0,0,2,2,0
qokchey,opchy,84,32,0.9471632162898849,0,0,2,1,0
qokchey,otedy,84,302,0.9670473650873802,0,0,1,1,0
qokchey,otain,84,197,0.9408221548637484,0,0,1,0,0
qokchey,koiin,84,25,0.8218766515816357,0,0,1,0,0
qokchey,chor,84,68,0.9548036794032958,0,0,3,0,0
qokchey,cheey,84,175,0.9639114338901918,0,0,2,2,0
qokchey,rar,84,22,0.930547015564252,0,0,3,0,0
qokchey,y,84,143,0.964518427027953,0,0,5,1,0
qokchey,qol,84,225,0.9717885563287575,0,1,3,0,0
qokchey,am,84,90,0.9550096838463721,0,0,4,0,0
qokchey,shckhy,84,108,0.9685733502211021,0,0,3,1,0
qokchey,al,84,141,0.9643146761579988,0,0,4,0,0
qokchey,dy,84,157,0.9500142110563956,0,0,4,1,0
qokchey,par,84,22,0.8723809877887407,0,0,3,0,0
qokchey,shey,84,297,0.961100352408962,0,0,3,2,0
qokchey,okeedy,84,177,0.9611504821029648,0,0,0,1,0
qokchey,qokain,84,435,0.9615050183570859,0,1,0,0,0
qokchey,opchedaiin,84,22,0.9368434065263583,0,0,3,0,0
qokchey,qoteedy,84,99,0.9579596873906353,0,1,1,1,0
qokchey,qoky,84,149,0.9701262314735754,0,1,2,1,0
qokchey,oky,84,75,0.9503366602175932,0,0,3,1,0
qokchey,kody,84,21,0.9226256841744762,0,0,2,1,0
qokchey,sheey,84,211,0.9752403744861105,0,0,2,2,0
qokchey,dam,84,81,0.9529977771526787,0,0,3,0,0
qokchey,oteedy,84,189,0.9696952110684175,0,0,0,1,0
qokchey,olkeedy,84,96,0.949106369890319,0,0,1,1,0
qokchey,dleey,84,51,0.9302013676785614,0,0,1,2,0
qokchey,shor,84,45,0.9592191418825345,0,0,3,0,0
qokchey,qokaiin,84,504,0.9745452963344938,0,1,1,0,0
qokchey,olkal,84,50,0.9666134154429555,0,0,1,0,0
qokchey,chs,84,34,0.9378872225829317,0,0,4,0,0
qokchey,okeey,84,173,0.9574533740607624,0,0,1,2,0
qokchey,kd,84,24,0.9397713820393454,0,0,4,0,0
qokchey,lchey,84,57,0.929690477053191,0,0,2,3,0
qokchey,chol,84,136,0.9711044103048782,0,0,3,0,0
qokchey,qotedy,84,142,0.9677897649896586,0,1,0,1,0
qokchey,oteey,84,169,0.9704548069719345,0,0,1,2,0
qokchey,cheol,84,107,0.9664542279979436,0,0,2,0,0
qokchey,okol,84,39,0.9317903330982453,0,0,2,0,0
qokchey,lkar,84,20,0.8525784912517,0,0,2,0,0
qokchey,otchdy,84,44,0.9392258384003819,0,0,1,1,0
qokchey,qotain,84,94,0.9637696884947773,0,1,0,0,0
qokchey,lchedy,84,177,0.9709919052432604,0,0,1,1,0
qokchey,daiin,84,462,0.971086957106223,0,0,1,0,0
qokchey,aiin,84,327,0.9595413183816043,0,0,2,0,0
qokchey,dal,84,174,0.9567898885447502,0,0,3,0,0
qokchey,or,84,253,0.9670242363598469,0,0,4,0,0
qokchey,otar,84,139,0.9544567457008275,0,0,2,0,0
qokchey,araiin,84,21,0.9277911708506095,0,0,0,0,0
qokchey,shar,84,33,0.9314559888179319,0,0,3,0,0
qokchey,aredy,84,27,0.9381354255697629,0,0,1,1,0
qokchey,tor,84,25,0.9087354348847376,0,0,3,0,0
qokchey,kal,84,50,0.9589387914039812,0,0,3,0,0
qokchey,olky,84,34,0.9507360442768023,0,0,2,1,0
qokchey,shol,84,172,0.9699566378734938,0,0,3,0,0
qokchey,otody,84,26,0.9119831381272532,0,0,1,1,0
qokchey,ofeey,84,23,0.8390772527308131,0,0,1,2,0
qokchey,qokey,84,76,0.9539597005716776,0,1,1,2,0
qokchey,pcheey,84,22,0.8522436144225656,0,0,1,2,0
qokchey,chdaiin,84,33,0.9437007965436945,0,0,0,0,0
qokchey,otal,84,97,0.9592107959337042,0,0,2,0,0
qokchey,air,84,59,0.9464733026627399,0,0,3,0,0
qokchey,qokeo,84,20,0.9185913228536295,0,1,1,0,0
qokchey,ytedy,84,23,0.8738261081121426,0,0,1,1,0
qokchey,ain,84,145,0.9633603117464002,0,0,3,0,0
qokchey,qotal,84,46,0.9429937860525119,0,1,1,0,0
qokchey,dair,84,89,0.9662776884877233,0,0,2,0,0
qokchey,qokor,84,45,0.9454196524984994,0,1,1,0,0
qokchey,chdy,84,244,0.9718296856654887,0,0,3,1,0
qokchey,olkaiin,84,112,0.9566850760283033,0,0,1,0,0
qokchey,okchy,84,33,0.9539661266888634,0,0,2,1,0
qokchey,olchedy,84,22,0.9257092767044879,0,0,0,1,0
qokchey,okedy,84,121,0.9748117186173728,0,0,1,1,0
qokchey,otchy,84,36,0.9507343519719066,0,0,2,1,0
qokchey,lkaiin,84,102,0.9787716312050171,0,0,0,0,0
qokchey,qokchedy,84,58,0.9145089382277897,0,1,1,1,0
qokchey,cthdy,84,33,0.9565329794019541,0,0,3,1,0
qokchey,otchey,84,27,0.8613405641824498,0,0,1,3,1
qokchey,oddy,84,26,0.8918220699582992,0,0,2,1,0
qokchey,chy,84,43,0.9537909573951596,0,0,4,1,0
qokchey,char,84,32,0.8995079392711939,0,0,3,0,0
qokchey,cheedy,84,73,0.9502158367675118,0,0,1,1,0
qokchey,qoteey,84,92,0.9563467928812347,0,1,0,2,0
qokchey,tedy,84,38,0.9269968899629014,0,0,2,1,0
qokchey,lkdy,84,26,0.8877087815927885,0,0,2,1,0
qokchey,lkedy,84,20,0.943259301413549,0,0,1,1,0
qokchey,opchdy,84,23,0.9481614557631962,0,0,1,1,0
qokchey,okor,84,25,0.8969777296528963,0,0,2,0,0
qokchey,lkain,84,63,0.9665531621118082,0,0,1,0,0
qokchey,olkeey,84,94,0.9533826221050625,0,0,0,2,0
qokchey,qokal,84,215,0.964495583086825,0,1,1,0,0
qokchey,chckhey,84,45,0.9450542862500159,0,0,2,2,0
qokchey,otol,84,40,0.8971102606451636,0,0,2,0,0
qokchey,qoty,84,21,0.949407418195363,0,1,2,1,0
qokchey,kar,84,55,0.9563416940967523,0,0,3,0,0
qokchey,oty,84,68,0.9461399218734472,0,0,3,1,0
qokchey,tdy,84,32,0.9399745747307708,0,0,3,1,0
qokchey,ychy,84,21,0.9318494502786561,0,0,3,1,0
qokchey,otey,84,31,0.9237578691701607,0,0,2,2,0
qokchey,qotaiin,84,92,0.971350032721281,0,1,1,0,0
qokchey,olkain,84,83,0.9568835033124768,0,0,0,0,0
qokchey,okey,84,27,0.9432585447416042,0,0,2,2,0
qokchey,kaiin,84,22,0.9225711688790046,0,0,1,0,0
qokchey,ky,84,30,0.9255039413463393,0,0,4,1,0
qokchey,qokchy,84,75,0.9647806991631741,0,1,1,1,0
qokchey,daryeey,84,20,0.7888656954705713,0,0,1,2,0
qokchey,olkedy,84,35,0.907410473226058,0,0,0,1,0
qokchey,qokol,84,106,0.9097843712780557,0,1,1,0,0
qokchey,shody,84,44,0.8208492363185513,0,0,2,1,0
qokchey,olkar,84,63,0.9662505594101858,0,0,1,0,0
qokchey,qotchy,84,20,0.7664333764957222,0,1,1,1,0
qokchey,taiin,84,49,0.9352936734328465,0,0,1,0,0
qokchey,sham,84,21,0.9104308962068028,0,0,3,0,0
qokchey,sar,84,43,0.9579709043985792,0,0,3,0,0
qokchey,lchaiin,84,24,0.9534297035838469,0,0,0,0,0
qokchey,qoy,84,22,0.9141003041001773,0,1,3,1,0
qokchey,shes,84,22,0.8125295405534249,0,0,3,0,0
qokchey,okchey,84,32,0.9573007009186267,0,0,1,5,1
qokchey,oleedy,84,26,0.9409302661014168,0,0,0,1,0
qokchey,ody,84,28,0.9292613572635092,0,0,3,1,0
qokchey,ykar,84,21,0.8305197541108871,0,0,2,0,0
qokchey,dleo,84,22,0.8383860133998652,0,0,2,0,0
qokchey,dleeol,84,22,0.9201446090258337,0,0,0,0,0
qokchey,qokeor,84,20,0.8790232991997416,0,1,0,0,0
qokchey,olkchdy,84,21,0.8801596701493841,0,0,0,1,0
qokchey,chal,84,29,0.8340319240632194,0,0,3,0,0
qokchey,tchaiin,84,21,0.9130576401858366,0,0,0,0,0
qokchey,qokeody,84,21,0.9026889640194016,0,1,1,1,0
qokchey,ldy,84,21,0.8741103911111378,0,0,3,1,0
qokchey,laiin,84,37,0.9373562779002689,0,0,1,0,0
qokchey,schdy,84,21,0.9316690082896981,0,0,2,1,0
qokchey,sheckhy,84,39,0.9670033035151855,0,0,2,1,0
qokchey,cheeor,84,26,0.8724259134640583,0,0,1,0,0
qokchey,otedal,84,22,0.8803887475837522,0,0,0,0,0
qokchey,lsy,84,22,0.9443354854482229,0,0,3,1,0
qokchey,qoko,84,24,0.7861626886465231,0,1,2,0,0
qokchey,ytody,84,21,0.9371926237320888,0,0,1,1,0
qokchey,chody,84,23,0.944215390410337,0,0,2,1,0
qokchey,kchy,84,24,0.9233899413369677,0,0,3,1,0
qokchey,ykal,84,24,0.900093273024301,0,0,2,0,0
qokchey,lsedy,84,28,0.9174005889145361,0,0,1,1,0
qokchey,to,84,24,0.8836908437909472,0,0,4,0,0
qokchey,pchdy,84,30,0.9270301556382636,0,0,2,1,0
qokchey,qoeedy,84,23,0.9472211738493462,0,1,0,1,0
qokchey,otor,84,20,0.9184425834739138,0,0,2,0,0
ol,sheol,664,170,0.9724030720619865,0,0,2,2,0
ol,okchdy,664,43,0.9421545310833884,0,0,3,0,0
ol,reedy,664,35,0.9454471513713637,0,0,3,0,0
ol,chckhy,664,138,0.9799271883304809,0,0,1,0,0
ol,chedy,664,696,0.9919496538220198,0,0,2,0,0
ol,ar,664,311,0.9896710038985231,0,0,0,0,0
ol,okar,664,125,0.9752863644526718,0,0,2,0,0
ol,qokedy,664,293,0.989467259591793,0,0,4,0,0
ol,okaiin,664,210,0.9791354573388793,0,0,4,0,0
ol,raiin,664,156,0.9890480880116879,0,0,3,0,0
ol,qokchdy,664,83,0.9588357930541992,0,0,4,0,0
ol,opar,664,26,0.9391251959052862,0,0,2,0,0
ol,qokeey,664,480,0.983166725168442,0,0,4,0,0
ol,okain,664,205,0.9837326962047527,0,0,3,0,0
ol,chey,664,291,0.9846501337437766,0,0,1,0,0
ol,keed,664,21,0.9015977965664271,0,0,2,0,0
ol,sheody,664,61,0.9561719758489893,0,0,3,0,0
ol,sain,664,142,0.9794725568618998,0,0,2,0,0
ol,cheeey,664,21,0.913969839492185,0,0,3,0,0
ol,otaiin,664,212,0.9804010369310686,0,0,4,0,0
ol,sheedy,664,210,0.9805925769166478,0,0,3,0,0
ol,okal,664,91,0.9649548648339745,0,0,2,1,0
ol,qokeedy,664,443,0.9829511199989002,0,0,5,0,0
ol,saiin,664,91,0.9542722428951022,0,0,3,0,0
ol,qokar,664,328,0.9805704114937853,0,0,3,0,0
ol,dar,664,587,0.9920043037599917,0,0,1,0,0
ol,dain,664,176,0.9743151854402946,0,0,2,0,0
ol,qotar,664,60,0.9350099136021556,0,0,3,0,0
ol,pedy,664,20,0.7747237774747782,0,0,2,0,0
ol,teey,664,21,0.8785811467881294,0,0,2,0,0
ol,opchy,664,32,0.9535314221612863,0,0,2,0,0
ol,otedy,664,302,0.9908352434328571,0,0,3,0,0
ol,otain,664,197,0.9751255155468855,0,0,3,0,0
ol,koiin,664,25,0.8370278678321073,0,0,3,0,0
ol,chor,664,68,0.962372109860708,0,0,1,0,0
ol,cheey,664,175,0.9677586064114331,0,0,2,0,0
ol,rar,664,22,0.9360080312928906,0,0,1,0,0
ol,y,664,143,0.9863635467506046,0,0,1,0,0
ol,qol,664,225,0.9811107378868181,0,0,1,2,1
ol,am,664,90,0.9772529567246915,0,0,0,0,0
ol,shckhy,664,108,0.9746958777647996,0,0,1,0,0
ol,al,664,141,0.9841355897898161,0,0,0,1,0
ol,dy,664,157,0.9772662931693693,0,0,0,0,0
ol,par,664,22,0.8951844251675378,0,0,1,0,0
ol,shey,664,297,0.9897218158722144,0,0,1,0,0
ol,okeedy,664,177,0.975637837399558,0,0,4,0,0
ol,qokain,664,435,0.9891136883971221,0,0,4,0,0
ol,opchedaiin,664,22,0.9313374083600655,0,0,7,0,0
ol,qoteedy,664,99,0.952088837203435,0,0,5,0,0
ol,qoky,664,149,0.9668289041799178,0,0,2,0,0
ol,oky,664,75,0.970348457759981,0,0,1,0,0
ol,kody,664,21,0.9417273247223285,0,0,2,0,0
ol,sheey,664,211,0.9741335909390477,0,0,2,0,0
ol,dam,664,81,0.9545581673194237,0,0,1,0,0
ol,oteedy,664,189,0.9800730485358393,0,0,4,0,0
ol,olkeedy,664,96,0.9699925161264692,0,0,5,0,0
ol,dleey,664,51,0.9449976905005255,0,0,3,0,0
ol,shor,664,45,0.9581223470734977,0,0,1,0,0
ol,qokaiin,664,504,0.9813723223564196,0,0,5,0,0
ol,olkal,664,50,0.9722405520360855,0,0,3,1,0
ol,chs,664,34,0.9540430131496277,0,0,0,0,0
ol,okeey,664,173,0.9531459054459116,0,0,3,0,0
ol,kd,664,24,0.9611450481387921,0,0,0,0,0
ol,lchey,664,57,0.9522914060573079,0,0,2,0,0
ol,chol,664,136,0.9894691273143082,0,0,1,2,1
ol,qotedy,664,142,0.985666775661407,0,0,4,0,0
ol,oteey,664,169,0.9796913955217612,0,0,3,0,0
ol,cheol,664,107,0.9785213894477113,0,0,2,2,1
ol,okol,664,39,0.9382260380025248,0,0,2,2,0
ol,lkar,664,20,0.8973916541333905,0,0,2,0,0
ol,otchdy,664,44,0.9418283553118311,0,0,3,0,0
ol,qotain,664,94,0.9853495330056612,0,0,4,0,0
ol,lchedy,664,177,0.9843432972406223,0,0,3,0,0
ol,daiin,664,462,0.9799464477039921,0,0,3,0,0
ol,aiin,664,327,0.9885716845626954,0,0,2,0,0
ol,dal,664,174,0.9739348088426719,0,0,1,1,0
ol,or,664,253,0.9928264886543697,0,0,0,0,1
ol,otar,664,139,0.9691157548472785,0,0,2,0,0
ol,araiin,664,21,0.9364703015003784,0,0,4,0,0
ol,shar,664,33,0.9191705915245773,0,0,1,0,0
ol,aredy,664,27,0.9360761039916052,0,0,3,0,0
ol,tor,664,25,0.8910082295935209,0,0,1,0,0
ol,kal,664,50,0.9672700446090426,0,0,1,1,0
ol,olky,664,34,0.9579560914477916,0,0,2,0,0
ol,shol,664,172,0.9741245972868373,0,0,1,2,0
ol,otody,664,26,0.926923577368855,0,0,3,0,0
ol,ofeey,664,23,0.8685212466943038,0,0,3,0,0
ol,qokey,664,76,0.9494611379898247,0,0,3,0,0
ol,pcheey,664,22,0.8907572122110898,0,0,3,0,0
ol,chdaiin,664,33,0.9555703851558202,0,0,4,0,0
ol,otal,664,97,0.9571047939218459,0,0,2,1,0
ol,air,664,59,0.9592764626841144,0,0,1,0,0
ol,qokeo,664,20,0.9477100836759869,0,0,3,0,0
ol,ytedy,664,23,0.8796976762204091,0,0,3,0,0
ol,ain,664,145,0.9870877783283208,0,0,1,0,0
ol,qotal,664,46,0.9625222978698383,0,0,3,1,0
ol,dair,664,89,0.9742419738755521,0,0,2,0,0
ol,qokor,664,45,0.9431329727632006,0,0,3,0,0
ol,chdy,664,244,0.9928810767965079,0,0,1,0,1
ol,olkaiin,664,112,0.9668044686224195,0,0,5,0,0
ol,okchy,664,33,0.9596061908120184,0,0,2,0,0
ol,olchedy,664,22,0.9228561082859644,0,0,4,0,0
ol,okedy,664,121,0.9724301356838809,0,0,3,0,0
ol,otchy,664,36,0.9606397781471487,0,0,2,0,0
ol,lkaiin,664,102,0.9807691600591125,0,0,4,0,0
ol,qokchedy,664,58,0.8974706873686551,0,0,5,0,0
ol,cthdy,664,33,0.9708508689432569,0,0,1,0,0
ol,otchey,664,27,0.8610063910526107,0,0,3,0,0
ol,oddy,664,26,0.9076064004612129,0,0,2,0,0
ol,chy,664,43,0.9538993414787518,0,0,0,0,0
ol,char,664,32,0.9239425954366263,0,0,1,0,0
ol,cheedy,664,73,0.956017817860865,0,0,3,0,0
ol,qoteey,664,92,0.967528987973112,0,0,4,0,0
ol,tedy,664,38,0.9607189051100186,0,0,2,0,0
ol,lkdy,664,26,0.9205520713083516,0,0,2,0,0
ol,lkedy,664,20,0.9454985388453725,0,0,3,0,0
ol,opchdy,664,23,0.9548952623472905,0,0,3,0,0
ol,okor,664,25,0.8897598454868483,0,0,2,0,0
ol,lkain,664,63,0.971842833748608,0,0,3,0,0
ol,olkeey,664,94,0.9742539965797311,0,0,4,0,0
ol,qokal,664,215,0.9727195729957219,0,0,3,1,0
ol,chckhey,664,45,0.9571622590285,0,0,2,0,0
ol,otol,664,40,0.9023150045826557,0,0,2,2,0
ol,qoty,664,21,0.9636265497978492,0,0,2,0,0
ol,kar,664,55,0.9637368496645972,0,0,1,0,0
ol,oty,664,68,0.9627719669338054,0,0,1,0,0
ol,tdy,664,32,0.9406685152812483,0,0,1,0,0
ol,ychy,664,21,0.9513645253470914,0,0,1,0,0
ol,otey,664,31,0.926266828088331,0,0,2,0,0
ol,qotaiin,664,92,0.9753107696219636,0,0,5,0,0
ol,olkain,664,83,0.9725195138997073,0,0,4,0,0
ol,okey,664,27,0.9475086307882854,0,0,2,0,0
ol,kaiin,664,22,0.9535172778941116,0,0,3,0,0
ol,ky,664,30,0.9595525562275659,0,0,0,0,0
ol,qokchy,664,75,0.9655967290941756,0,0,3,0,0
ol,daryeey,664,20,0.7856290474105663,0,0,5,0,0
ol,olkedy,664,35,0.9288086905618034,0,0,4,0,0
ol,qokol,664,106,0.9147279954116123,0,0,3,2,0
ol,shody,664,44,0.8178644311197403,0,0,2,0,0
ol,olkar,664,63,0.9752443586886886,0,0,3,0,0
ol,qotchy,664,20,0.7783207113795438,0,0,3,0,0
ol,taiin,664,49,0.9598299961917753,0,0,3,0,0
ol,sham,664,21,0.9125497766547073,0,0,1,0,0
ol,sar,664,43,0.9667595544062545,0,0,1,0,0
ol,lchaiin,664,24,0.9440434247618095,0,0,4,0,0
ol,qoy,664,22,0.9066671280285092,0,0,1,0,0
ol,shes,664,22,0.7872817478067913,0,0,1,0,0
ol,okchey,664,32,0.9436240201308431,0,0,3,0,0
ol,oleedy,664,26,0.9475292223326421,0,0,4,0,0
ol,ody,664,28,0.9200704734320061,0,0,1,0,0
ol,ykar,664,21,0.8647010366135223,0,0,2,0,0
ol,dleo,664,22,0.8280231556728148,0,0,2,0,0
ol,dleeol,664,22,0.9357559732437783,0,0,4,2,0
ol,qokeor,664,20,0.8947937131759353,0,0,4,0,0
ol,olkchdy,664,21,0.8939305503516167,0,0,4,0,0
ol,chal,664,29,0.874514739100002,0,0,1,1,0
ol,tchaiin,664,21,0.9480024965373495,0,0,4,0,0
ol,qokeody,664,21,0.9037844982574367,0,0,5,0,0
ol,ldy,664,21,0.8908354736469255,0,0,1,0,0
ol,laiin,664,37,0.942470201634547,0,0,3,0,0
ol,schdy,664,21,0.9527934213864655,0,0,2,0,0
ol,sheckhy,664,39,0.9702993941803353,0,0,2,0,0
ol,cheeor,664,26,0.9156401468799825,0,0,3,0,0
ol,otedal,664,22,0.8937002173437322,0,0,4,1,0
ol,lsy,664,22,0.9437292991687095,0,0,1,0,0
ol,qoko,664,24,0.7610342113952357,0,0,2,0,0
ol,ytody,664,21,0.9515056982993613,0,0,3,0,0
ol,chody,664,23,0.9613221104147898,0,0,2,0,0
ol,kchy,664,24,0.9415200603999355,0,0,1,0,0
ol,ykal,664,24,0.9152472859668338,0,0,2,1,0
ol,lsedy,664,28,0.9280309830061737,0,0,3,0,0
ol,to,664,24,0.9175648279905241,0,0,0,0,0
ol,pchdy,664,30,0.9526661691774,0,0,2,0,0
ol,qoeedy,664,23,0.9466945892014654,0,0,4,0,0
ol,otor,664,20,0.9302628245357171,0,0,2,0,0
sheol,okchdy,170,43,0.9289608505029026,0,0,1,0,0
sheol,reedy,170,35,0.9338102860816901,0,0,1,0,0
sheol,chckhy,170,138,0.960836186551685,0,0,1,0,0
sheol,chedy,170,696,0.9676044000185635,0,0,0,0,0
sheol,ar,170,311,0.9663800106834551,0,0,2,0,0
sheol,okar,170,125,0.978676818527439,0,0,0,0,0
sheol,qokedy,170,293,0.9648452493337928,0,0,2,0,0
sheol,okaiin,170,210,0.9774210874581719,0,0,2,0,0
sheol,raiin,170,156,0.963825081300117,0,0,1,0,0
sheol,qokchdy,170,83,0.9582382062982394,0,0,2,0,0
sheol,opar,170,26,0.9234781724458618,0,0,0,0,0
sheol,qokeey,170,480,0.9785268253480314,0,0,2,0,0
sheol,okain,170,205,0.9584152538347727,0,0,1,0,0
sheol,chey,170,291,0.9795647770209889,0,0,1,0,0
sheol,keed,170,21,0.8821714682068784,0,0,0,0,0
sheol,sheody,170,61,0.9584248851118687,0,1,1,0,0
sheol,sain,170,142,0.9805922521371516,0,0,0,0,0
sheol,cheeey,170,21,0.9101515904074178,0,0,1,0,0
sheol,otaiin,170,212,0.9771144736890686,0,0,2,0,0
sheol,sheedy,170,210,0.9606297280744912,0,1,1,0,0
sheol,okal,170,91,0.9674150541570727,0,0,0,1,0
sheol,qokeedy,170,443,0.9900094622278277,0,0,3,0,1
sheol,saiin,170,91,0.9696727242333889,0,0,1,0,0
sheol,qokar,170,328,0.9791814590922033,0,0,1,0,0
sheol,dar,170,587,0.9698770179622542,0,0,1,0,0
sheol,dain,170,176,0.9760369238617813,0,0,0,0,0
sheol,qotar,170,60,0.949512336817469,0,0,1,0,0
sheol,pedy,170,20,0.7606421210358152,0,0,0,0,0
sheol,teey,170,21,0.8751346670033369,0,0,0,0,0
sheol,opchy,170,32,0.9570768167054465,0,0,0,0,0
sheol,otedy,170,302,0.9675846399349145,0,0,1,0,0
sheol,otain,170,197,0.9534145295668407,0,0,1,0,0
sheol,koiin,170,25,0.8240444692876978,0,0,1,0,0
sheol,chor,170,68,0.9687630928575025,0,0,1,0,0
sheol,cheey,170,175,0.9786803288746775,0,0,0,0,0
sheol,rar,170,22,0.9210079104587489,0,0,1,0,0
sheol,y,170,143,0.9595631170163996,0,0,3,0,0
sheol,qol,170,225,0.9596134418660066,0,0,1,2,0
sheol,am,170,90,0.9493085217449221,0,0,2,0,0
sheol,shckhy,170,108,0.9776090800476417,0,0,1,0,0
sheol,al,170,141,0.9566724096487883,0,0,2,1,0
sheol,dy,170,157,0.9726025518247255,0,0,2,0,0
sheol,par,170,22,0.8699844259347136,0,0,1,0,0
sheol,shey,170,297,0.9633269726090873,0,1,1,0,0
sheol,okeedy,170,177,0.9885300647242605,0,0,2,0,1
sheol,qokain,170,435,0.9682871989652155,0,0,2,0,0
sheol,opchedaiin,170,22,0.9428518210446393,0,0,5,0,0
sheol,qoteedy,170,99,0.9677269158358792,0,0,3,0,1
sheol,qoky,170,149,0.9619389408085172,0,0,0,0,0
sheol,oky,170,75,0.9623784387896012,0,0,1,0,0
sheol,kody,170,21,0.9268600711693151,0,0,0,0,0
sheol,sheey,170,211,0.9693731924252511,0,1,0,0,0
sheol,dam,170,81,0.9509470074974071,0,0,1,0,0
sheol,oteedy,170,189,0.9886111420754501,0,0,2,0,1
sheol,olkeedy,170,96,0.9795064510722763,0,0,3,0,1
sheol,dleey,170,51,0.9446807723899273,0,0,1,0,0
sheol,shor,170,45,0.9596887279848009,0,0,1,0,0
sheol,qokaiin,170,504,0.982960281312314,0,0,3,0,0
sheol,olkal,170,50,0.9666613678714541,0,0,1,1,0
sheol,chs,170,34,0.947314065515713,0,0,2,0,0
sheol,okeey,170,173,0.9464692709276565,0,0,1,0,0
sheol,kd,170,24,0.9453512415395383,0,0,2,0,0
sheol,lchey,170,57,0.9520405501204028,0,0,0,0,0
sheol,chol,170,136,0.9734730443595209,0,0,1,2,0
sheol,qotedy,170,142,0.9655025219106148,0,0,2,0,0
sheol,oteey,170,169,0.9734094926058906,0,0,1,0,0
sheol,cheol,170,107,0.9560906340871687,1,0,0,3,0
sheol,okol,170,39,0.930549801105484,1,0,0,2,0
sheol,lkar,170,20,0.8994413369314267,0,0,0,0,0
sheol,otchdy,170,44,0.9380206296205235,0,0,1,0,0
sheol,qotain,170,94,0.9592535936491311,0,0,2,0,0
sheol,lchedy,170,177,0.9593372024221252,0,0,1,0,0
sheol,daiin,170,462,0.9784006697825749,0,0,1,0,0
sheol,aiin,170,327,0.9619766556774494,0,0,0,0,0
sheol,dal,170,174,0.9756817364518996,0,0,1,1,0
sheol,or,170,253,0.9676511332508926,0,0,2,0,0
sheol,otar,170,139,0.973622352413695,0,0,0,0,0
sheol,araiin,170,21,0.9170366362089352,0,0,2,0,0
sheol,shar,170,33,0.9237443115792162,0,0,1,0,0
sheol,aredy,170,27,0.9250313598998484,0,0,1,0,0
sheol,tor,170,25,0.8949277900834577,0,0,1,0,0
sheol,kal,170,50,0.9484425768720167,0,0,1,1,0
sheol,olky,170,34,0.9485063110805023,0,0,0,0,0
sheol,shol,170,172,0.972848792878283,0,0,1,2,0
sheol,otody,170,26,0.9030128545587837,0,0,1,0,0
sheol,ofeey,170,23,0.885260529557893,0,0,1,0,0
sheol,qokey,170,76,0.9586284137668191,0,0,1,0,0
sheol,pcheey,170,22,0.8710340028039246,0,0,1,0,0
sheol,chdaiin,170,33,0.948105229175344,0,0,2,0,0
sheol,otal,170,97,0.9679170990180748,0,0,0,1,0
sheol,air,170,59,0.9311840940951311,0,0,1,0,0
sheol,qokeo,170,20,0.9272762321851361,0,0,1,0,0
sheol,ytedy,170,23,0.8553805284700567,0,0,1,0,0
sheol,ain,170,145,0.9596656508754321,0,0,1,0,0
sheol,qotal,170,46,0.9602825491997848,0,0,1,1,0
sheol,dair,170,89,0.9694442407842585,0,0,0,0,0
sheol,qokor,170,45,0.9525649009275383,0,0,1,0,0
sheol,chdy,170,244,0.966139376746967,0,0,1,0,0
sheol,olkaiin,170,112,0.9589917171561884,0,0,3,0,0
sheol,okchy,170,33,0.9520880966025952,0,0,0,0,0
sheol,olchedy,170,22,0.9084697265113948,0,0,2,0,0
sheol,okedy,170,121,0.969823276423794,0,0,1,0,0
sheol,otchy,170,36,0.9581450364795553,0,0,0,0,0
sheol,lkaiin,170,102,0.9779550708547852,0,0,2,0,0
sheol,qokchedy,170,58,0.9014631790851323,0,0,3,0,0
sheol,cthdy,170,33,0.962547396863267,0,0,1,0,0
sheol,otchey,170,27,0.8726856112605367,0,0,1,0,0
sheol,oddy,170,26,0.9079307584221779,0,0,0,0,0
sheol,chy,170,43,0.9486734683220871,0,0,2,0,0
sheol,char,170,32,0.8933520793507828,0,0,1,0,0
sheol,cheedy,170,73,0.9636167524049448,0,0,1,0,0
sheol,qoteey,170,92,0.9620278613767502,0,0,2,0,0
sheol,tedy,170,38,0.9459521824095737,0,0,0,0,0
sheol,lkdy,170,26,0.9008021635912625,0,0,0,0,0
sheol,lkedy,170,20,0.9257123102150955,0,0,1,0,0
sheol,opchdy,170,23,0.9487489372332955,0,0,1,0,0
sheol,okor,170,25,0.913011424709523,0,0,0,0,0
sheol,lkain,170,63,0.97596415292714,0,0,1,0,0
sheol,olkeey,170,94,0.9688006901375376,0,0,2,0,0
sheol,qokal,170,215,0.979315856362129,0,0,1,1,0
sheol,chckhey,170,45,0.9636471976628886,0,0,0,0,0
sheol,otol,170,40,0.8832355644637694,1,0,0,2,0
sheol,qoty,170,21,0.9604232985264352,0,0,0,0,0
sheol,kar,170,55,0.9498505480215285,0,0,1,0,0
sheol,oty,170,68,0.9568453197205689,0,0,1,0,0
sheol,tdy,170,32,0.9384652252142024,0,0,1,0,0
sheol,ychy,170,21,0.9401470040145118,0,0,1,0,0
sheol,otey,170,31,0.9412775478764416,0,0,0,0,0
sheol,qotaiin,170,92,0.9633037855187078,0,0,3,0,0
sheol,olkain,170,83,0.9520295514682671,0,0,2,0,0
sheol,okey,170,27,0.9623712031590504,0,0,0,0,0
sheol,kaiin,170,22,0.9249737530820635,0,0,1,0,0
sheol,ky,170,30,0.9439328237859735,0,0,2,0,0
sheol,qokchy,170,75,0.9614858986565541,0,0,1,0,0
sheol,daryeey,170,20,0.8135001304547398,0,0,3,0,0
sheol,olkedy,170,35,0.9402316128700247,0,0,2,0,0
sheol,qokol,170,106,0.9110309333803857,0,0,1,2,0
sheol,shody,170,44,0.8108408068696418,0,0,0,0,0
sheol,olkar,170,63,0.9748469913987717,0,0,1,0,0
sheol,qotchy,170,20,0.7984004432464306,0,0,1,0,0
sheol,taiin,170,49,0.9586464563691458,0,0,1,0,0
sheol,sham,170,21,0.8942157374895495,0,0,1,0,0
sheol,sar,170,43,0.9617264855713665,0,0,1,0,0
sheol,lchaiin,170,24,0.9331409792660064,0,0,2,0,0
sheol,qoy,170,22,0.8888133382217834,0,0,1,0,0
sheol,shes,170,22,0.7894804379578229,0,1,1,0,0
sheol,okchey,170,32,0.9332930488021639,0,0,1,0,0
sheol,oleedy,170,26,0.9441916896657169,0,0,2,0,0
sheol,ody,170,28,0.9217502396703127,0,0,1,0,0
sheol,ykar,170,21,0.8392061091266927,0,0,0,0,0
sheol,dleo,170,22,0.8485996810372477,0,0,0,0,0
sheol,dleeol,170,22,0.944865193044618,0,0,2,3,0
sheol,qokeor,170,20,0.8845914147100179,0,0,2,0,0
sheol,olkchdy,170,21,0.9008949552845879,0,0,2,0,0
sheol,chal,170,29,0.8690361037946147,0,0,1,1,0
sheol,tchaiin,170,21,0.9261716744338733,0,0,2,0,0
sheol,qokeody,170,21,0.8943929816870606,0,0,3,0,0
sheol,ldy,170,21,0.8745489495320183,0,0,1,0,0
sheol,laiin,170,37,0.9326168681521845,0,0,1,0,0
sheol,schdy,170,21,0.939300258474915,0,0,0,0,0
sheol,sheckhy,170,39,0.9642618476507716,0,1,0,0,0
sheol,cheeor,170,26,0.9043516970357367,0,0,1,0,0
sheol,otedal,170,22,0.8738078111184164,0,0,2,1,0
sheol,lsy,170,22,0.9398200550901228,0,0,1,0,0
sheol,qoko,170,24,0.7582413919858911,0,0,0,0,0
sheol,ytody,170,21,0.9374806767200861,0,0,1,0,0
sheol,chody,170,23,0.941883485598466,0,0,0,0,0
sheol,kchy,170,24,0.9475318828191893,0,0,1,0,0
sheol,ykal,170,24,0.8942166987549935,0,0,0,1,0
sheol,lsedy,170,28,0.9019560947400393,0,0,1,0,0
sheol,to,170,24,0.909790528955549,0,0,2,0,0
sheol,pchdy,170,30,0.9368024322621917,0,0,0,0,0
sheol,qoeedy,170,23,0.9355089595157662,0,0,2,0,0
sheol,otor,170,20,0.9335198591136016,0,0,0,0,0
okchdy,reedy,43,35,0.8890201569268608,0,0,0,2,0
okchdy,chckhy,43,138,0.9447243914877154,0,0,2,1,0
okchdy,chedy,43,696,0.9454684999979921,0,0,1,2,0
okchdy,ar,43,311,0.9424658893778427,0,0,3,0,0
okchdy,okar,43,125,0.9335424776797243,0,1,1,0,0
okchdy,qokedy,43,293,0.9410758596391231,0,0,1,2,0
okchdy,okaiin,43,210,0.9510195062750184,0,1,1,0,0
okchdy,raiin,43,156,0.9205670037082054,0,0,0,0,0
okchdy,qokchdy,43,83,0.9622542734632347,0,0,1,5,1
okchdy,opar,43,26,0.9115349532798136,0,0,1,0,0
okchdy,qokeey,43,480,0.9533245866545823,0,0,1,1,0
okchdy,okain,43,205,0.9190284515292291,0,1,0,0,0
okchdy,chey,43,291,0.9547882787407311,0,0,2,1,0
okchdy,keed,43,21,0.8378382905062418,0,0,1,0,0
okchdy,sheody,43,61,0.9197350261957762,0,0,0,2,0
okchdy,sain,43,142,0.9388203332134989,0,0,1,0,0
okchdy,cheeey,43,21,0.8860560958451917,0,0,0,1,0
okchdy,otaiin,43,212,0.933974502053219,0,0,1,0,0
okchdy,sheedy,43,210,0.9324163890608155,0,0,0,2,0
okchdy,okal,43,91,0.9377589380630522,0,1,1,0,0
okchdy,qokeedy,43,443,0.9346328646920208,0,0,2,2,0
okchdy,saiin,43,91,0.9292494229390006,0,0,0,0,0
okchdy,qokar,43,328,0.943269749798143,0,0,0,0,0
okchdy,dar,43,587,0.937141602626594,0,0,2,0,0
okchdy,dain,43,176,0.946047797838485,0,0,1,0,0
okchdy,qotar,43,60,0.9320098051010963,0,0,0,0,0
okchdy,pedy,43,20,0.7179487994885358,0,0,1,2,0
okchdy,teey,43,21,0.8789492637280296,0,0,1,1,0
okchdy,opchy,43,32,0.925740286152659,0,0,1,1,0
okchdy,otedy,43,302,0.9368112212254431,0,0,0,2,0
okchdy,otain,43,197,0.9005161107026856,0,0,0,0,0
okchdy,koiin,43,25,0.7984398214949844,0,0,0,0,0
okchdy,chor,43,68,0.927894736785804,0,0,2,0,0
okchdy,cheey,43,175,0.935535969357234,0,0,1,1,0
okchdy,rar,43,22,0.8972896520541761,0,0,2,0,0
okchdy,y,43,143,0.9453906491557567,0,0,4,1,0
okchdy,qol,43,225,0.9497791792525219,0,0,2,0,0
okchdy,am,43,90,0.935218971162668,0,0,3,0,0
okchdy,shckhy,43,108,0.9488049759084436,0,0,2,1,0
okchdy,al,43,141,0.940527999989091,0,0,3,0,0
okchdy,dy,43,157,0.9234863537113135,0,0,3,2,0
okchdy,par,43,22,0.8487275770905368,0,0,2,0,0
okchdy,shey,43,297,0.9273500051807859,0,0,2,1,0
okchdy,okeedy,43,177,0.9252008789653706,0,1,1,2,0
okchdy,qokain,43,435,0.9268872651307634,0,0,1,0,0
okchdy,opchedaiin,43,22,0.9196362879270958,0,0,4,0,0
okchdy,qoteedy,43,99,0.9423658825627552,0,0,2,2,0
okchdy,qoky,43,149,0.9437162669265715,0,0,1,1,0
okchdy,oky,43,75,0.9267757136175743,0,1,2,1,0
okchdy,kody,43,21,0.8754838448634117,0,0,1,2,0
okchdy,sheey,43,211,0.9505026207920028,0,0,1,1,0
okchdy,dam,43,81,0.9443994188293413,0,0,2,0,0
okchdy,oteedy,43,189,0.939961004810946,0,0,1,2,0
okchdy,olkeedy,43,96,0.9117124357539569,0,0,2,2,0
okchdy,dleey,43,51,0.8994852550250957,0,0,0,1,0
okchdy,shor,43,45,0.9390033869048376,0,0,2,0,0
okchdy,qokaiin,43,504,0.9442488189295304,0,0,2,0,0
okchdy,olkal,43,50,0.9286313456692099,0,0,0,0,0
okchdy,chs,43,34,0.8946217169672955,0,0,3,0,0
okchdy,okeey,43,173,0.9538648809822038,0,1,0,1,0
okchdy,kd,43,24,0.9068792127632302,0,0,3,0,0
okchdy,lchey,43,57,0.9064699842876719,0,0,1,1,0
okchdy,chol,43,136,0.9466542192011123,0,0,2,0,0
okchdy,qotedy,43,142,0.9367542737664041,0,0,1,2,0
okchdy,oteey,43,169,0.9571535499867992,0,0,0,1,0
okchdy,cheol,43,107,0.9382903236707272,0,0,1,0,0
okchdy,okol,43,39,0.9299889645089592,0,1,1,0,0
okchdy,lkar,43,20,0.8154106389085992,0,0,1,0,0
okchdy,otchdy,43,44,0.9550995473289153,1,0,0,3,1
okchdy,qotain,43,94,0.9318882076408895,0,0,1,0,0
okchdy,lchedy,43,177,0.9463765707978329,0,0,0,2,0
okchdy,daiin,43,462,0.9554805037007925,0,0,0,0,0
okchdy,aiin,43,327,0.9263292508830574,0,0,1,0,0
okchdy,dal,43,174,0.9386160803655876,0,0,2,0,0
okchdy,or,43,253,0.934630080751372,0,0,3,0,0
okchdy,otar,43,139,0.9222970278168319,0,0,1,0,0
okchdy,araiin,43,21,0.9072254318096461,0,0,1,0,0
okchdy,shar,43,33,0.9115481641523877,0,0,2,0,0
okchdy,aredy,43,27,0.9290274616100763,0,0,0,2,0
okchdy,tor,43,25,0.8919550706980938,0,0,2,0,0
okchdy,kal,43,50,0.9303229291034647,0,0,2,0,0
okchdy,olky,43,34,0.9357476759112094,0,0,1,1,0
okchdy,shol,43,172,0.9524683347331914,0,0,2,0,0
okchdy,otody,43,26,0.886175114958525,0,0,0,2,0
okchdy,ofeey,43,23,0.7861238160783627,0,0,0,1,0
okchdy,qokey,43,76,0.9291425452725404,0,0,0,1,0
okchdy,pcheey,43,22,0.808842121259009,0,0,0,1,0
okchdy,chdaiin,43,33,0.9089249346352851,0,0,1,0,0
okchdy,otal,43,97,0.9389382440894681,0,0,1,0,0
okchdy,air,43,59,0.9233391467690806,0,0,2,0,0
okchdy,qokeo,43,20,0.8855180953862869,0,0,0,0,0
okchdy,ytedy,43,23,0.8779439479466794,0,0,0,2,0
okchdy,ain,43,145,0.9447850231273023,0,0,2,0,0
okchdy,qotal,43,46,0.9038487619728491,0,0,0,0,0
okchdy,dair,43,89,0.9469581863953823,0,0,1,0,0
okchdy,qokor,43,45,0.9264964164694449,0,0,0,0,0
okchdy,chdy,43,244,0.9421175469005397,0,0,2,3,0
okchdy,olkaiin,43,112,0.9303444944311033,0,0,2,0,0
okchdy,okchy,43,33,0.9238868180559945,0,1,1,1,0
okchdy,olchedy,43,22,0.908812200010991,0,0,1,2,0
okchdy,okedy,43,121,0.9517512609581992,0,1,0,2,0
okchdy,otchy,43,36,0.9173665596639763,0,0,1,1,0
okchdy,lkaiin,43,102,0.9494658158724637,0,0,1,0,0
okchdy,qokchedy,43,58,0.8951662692532382,0,0,2,2,0
okchdy,cthdy,43,33,0.9298445127772452,0,0,2,2,0
okchdy,otchey,43,27,0.8507242574734474,0,0,0,1,0
okchdy,oddy,43,26,0.8548465776947415,0,0,1,2,0
okchdy,chy,43,43,0.9259656200903462,0,0,3,1,0
okchdy,char,43,32,0.8992315453666636,0,0,2,0,0
okchdy,cheedy,43,73,0.9269036995114885,0,0,0,2,0
okchdy,qoteey,43,92,0.9450223355729909,0,0,1,1,0
okchdy,tedy,43,38,0.8829150500664958,0,0,1,2,0
okchdy,lkdy,43,26,0.8306635896079742,0,0,1,2,0
okchdy,lkedy,43,20,0.9089127184570753,0,0,0,2,0
okchdy,opchdy,43,23,0.9219899566091273,1,0,0,3,0
okchdy,okor,43,25,0.8743745466868361,0,1,1,0,0
okchdy,lkain,43,63,0.9336984841098179,0,0,0,0,0
okchdy,olkeey,43,94,0.9275825033951669,0,0,1,1,0
okchdy,qokal,43,215,0.9388535498685504,0,0,0,0,0
okchdy,chckhey,43,45,0.9059896992114861,0,0,1,1,0
okchdy,otol,43,40,0.9122777834465318,0,0,1,0,0
okchdy,qoty,43,21,0.9095040555925058,0,0,1,1,0
okchdy,kar,43,55,0.9296772092018032,0,0,2,0,0
okchdy,oty,43,68,0.915375478492946,0,0,2,1,0
okchdy,tdy,43,32,0.9250293872962146,0,0,2,2,0
okchdy,ychy,43,21,0.8990411940019225,0,0,2,1,0
okchdy,otey,43,31,0.9013583631916315,0,0,1,1,0
okchdy,qotaiin,43,92,0.944319942816594,0,0,2,0,0
okchdy,olkain,43,83,0.925555271839784,0,0,1,0,0
okchdy,okey,43,27,0.906487589070696,0,1,1,1,0
okchdy,kaiin,43,22,0.893214852164664,0,0,0,0,0
okchdy,ky,43,30,0.8896716812864687,0,0,3,1,0
okchdy,qokchy,43,75,0.94257356089983,0,0,0,1,0
okchdy,daryeey,43,20,0.7502718016867471,0,0,2,1,0
okchdy,olkedy,43,35,0.8847369489093192,0,0,1,2,0
okchdy,qokol,43,106,0.9271415282618407,0,0,0,0,0
okchdy,shody,43,44,0.8587830735679238,0,0,1,2,0
okchdy,olkar,43,63,0.936190065877018,0,0,0,0,0
okchdy,qotchy,43,20,0.7202700471420207,0,0,0,1,0
okchdy,taiin,43,49,0.9010865084574172,0,0,0,0,0
okchdy,sham,43,21,0.8888446829639614,0,0,2,0,0
okchdy,sar,43,43,0.9393238600121858,0,0,2,0,0
okchdy,lchaiin,43,24,0.935693280419657,0,0,1,0,0
okchdy,qoy,43,22,0.8938781905712697,0,0,2,1,0
okchdy,shes,43,22,0.7967135336805776,0,0,2,0,0
okchdy,okchey,43,32,0.9298252575372702,0,1,0,1,0
okchdy,oleedy,43,26,0.8952105166712904,0,0,1,2,0
okchdy,ody,43,28,0.9103143612964243,0,0,2,2,0
okchdy,ykar,43,21,0.7862724076714256,0,0,1,0,0
okchdy,dleo,43,22,0.8171588455503386,0,0,1,0,0
okchdy,dleeol,43,22,0.895850128901117,0,0,1,0,0
okchdy,qokeor,43,20,0.8547423244620569,0,0,1,0,0
okchdy,olkchdy,43,21,0.8858134304361261,0,0,1,4,1
okchdy,chal,43,29,0.787965767955431,0,0,2,0,0
okchdy,tchaiin,43,21,0.8768365454315195,0,0,1,0,0
okchdy,qokeody,43,21,0.8863989140099138,0,0,2,2,0
okchdy,ldy,43,21,0.8684104987069761,0,0,2,2,0
okchdy,laiin,43,37,0.9240863498230608,0,0,0,0,0
okchdy,schdy,43,21,0.9146279867907654,0,0,1,3,0
okchdy,sheckhy,43,39,0.943790717883841,0,0,1,1,1
okchdy,cheeor,43,26,0.8268305472671417,0,0,0,0,0
okchdy,otedal,43,22,0.873968081155015,0,0,1,0,0
okchdy,lsy,43,22,0.9228221072620418,0,0,2,1,0
okchdy,qoko,43,24,0.7566087246873836,0,0,1,0,0
okchdy,ytody,43,21,0.9179021980718929,0,0,0,2,0
okchdy,chody,43,23,0.9091041214294798,0,0,1,2,0
okchdy,kchy,43,24,0.8890201569268606,0,0,2,1,0
okchdy,ykal,43,24,0.8664422514058513,0,0,1,0,0
okchdy,lsedy,43,28,0.9075828636603311,0,0,0,2,0
okchdy,to,43,24,0.844608619380946,0,0,3,0,0
okchdy,pchdy,43,30,0.9013893993871676,0,0,1,3,0
okchdy,qoeedy,43,23,0.9177264296122132,0,0,1,2,0
okchdy,otor,43,20,0.888715424665748,0,0,1,0,0
reedy,chckhy,35,138,0.9180984635407718,0,0,2,1,0
reedy,chedy,35,696,0.9305301060611463,0,0,1,3,0
reedy,ar,35,311,0.928819591259722,0,0,3,0,0
reedy,okar,35,125,0.9321227358093969,0,0,1,0,0
reedy,qokedy,35,293,0.9303145348607917,0,0,1,3,0
reedy,okaiin,35,210,0.9316469194544498,0,0,1,0,0
reedy,raiin,35,156,0.9391673146733862,0,0,0,0,0
reedy,qokchdy,35,83,0.9110443930351168,0,0,1,2,0
reedy,opar,35,26,0.9040926899481813,0,0,1,0,0
reedy,qokeey,35,480,0.9276930855983957,0,0,1,1,0
reedy,okain,35,205,0.9362947085170217,0,0,0,0,0
reedy,chey,35,291,0.9397605352337969,0,0,2,1,0
reedy,keed,35,21,0.8475818908686021,0,0,1,0,0
reedy,sheody,35,61,0.9075678886726687,0,0,0,2,0
reedy,sain,35,142,0.9352634247262731,0,0,1,0,0
reedy,cheeey,35,21,0.8703882797784892,0,0,0,1,0
reedy,otaiin,35,212,0.941686867389047,0,0,1,0,0
reedy,sheedy,35,210,0.9358979079534104,1,0,0,4,0
reedy,okal,35,91,0.9186767074486454,0,0,1,0,0
reedy,qokeedy,35,443,0.9410938927272557,0,0,2,4,0
reedy,saiin,35,91,0.9129226892032825,0,0,0,0,0
reedy,qokar,35,328,0.9326901426607004,0,0,0,0,0
reedy,dar,35,587,0.9363555407788724,0,0,2,0,0
reedy,dain,35,176,0.9297191375769149,0,0,1,0,0
reedy,qotar,35,60,0.8784538308513512,0,0,0,0,0
reedy,pedy,35,20,0.74583841719747,0,0,1,3,0
reedy,teey,35,21,0.8125546500319455,0,0,1,1,0
reedy,opchy,35,32,0.9052932475078697,0,0,1,1,0
reedy,otedy,35,302,0.9353412677933672,1,0,0,3,0
reedy,otain,35,197,0.9380476876941416,0,0,0,0,0
reedy,koiin,35,25,0.8321356624767083,0,0,0,0,0
reedy,chor,35,68,0.928237989079395,0,0,2,0,0
reedy,cheey,35,175,0.9325588513002656,0,0,1,1,0
reedy,rar,35,22,0.8761606914069814,0,0,2,0,0
reedy,y,35,143,0.9281947287856436,0,0,4,1,0
reedy,qol,35,225,0.9296172727250301,0,0,2,0,0
reedy,am,35,90,0.9104508610556588,0,0,3,0,0
reedy,shckhy,35,108,0.9371236364933874,0,0,2,1,0
reedy,al,35,141,0.9239286530052826,0,0,3,0,0
reedy,dy,35,157,0.9350119677130314,0,0,3,2,0
reedy,par,35,22,0.8657053056756349,0,0,2,0,0
reedy,shey,35,297,0.9310582748565037,0,0,2,1,0
reedy,okeedy,35,177,0.9369742439675908,0,0,1,4,0
reedy,qokain,35,435,0.9432481582149431,0,0,1,0,0
reedy,opchedaiin,35,22,0.8854890790353708,0,0,4,0,0
reedy,qoteedy,35,99,0.899505783425824,0,0,2,4,0
reedy,qoky,35,149,0.9196397440574757,0,0,1,1,0
reedy,oky,35,75,0.9279856047670905,0,0,2,1,0
reedy,kody,35,21,0.9034278157007444,0,0,1,2,0
reedy,sheey,35,211,0.9198556887726991,0,0,1,1,0
reedy,dam,35,81,0.8973339462784716,0,0,2,0,0
reedy,oteedy,35,189,0.9334215585554997,0,0,1,4,0
reedy,olkeedy,35,96,0.9351817937626037,0,0,2,4,0
reedy,dleey,35,51,0.909777709291165,0,0,0,1,0
reedy,shor,35,45,0.9171198002075216,0,0,2,0,0
reedy,qokaiin,35,504,0.9379647854394757,0,0,2,0,0
reedy,olkal,35,50,0.9301536542253863,0,0,0,0,0
reedy,chs,35,34,0.9270944570168699,0,0,3,0,0
reedy,okeey,35,173,0.8903530291646937,0,0,0,1,0
reedy,kd,35,24,0.9192388155425117,0,0,3,0,0
reedy,lchey,35,57,0.9251436942760621,0,0,1,1,0
reedy,chol,35,136,0.9389890089088767,0,0,2,0,0
reedy,qotedy,35,142,0.9270471647242886,0,0,1,3,0
reedy,oteey,35,169,0.9265758696069443,0,0,0,1,0
reedy,cheol,35,107,0.9216682470319569,0,0,1,0,0
reedy,okol,35,39,0.8908948193519394,0,0,1,0,0
reedy,lkar,35,20,0.9029347903976219,0,0,1,0,0
reedy,otchdy,35,44,0.8948294813802224,0,0,0,2,0
reedy,qotain,35,94,0.928901008711813,0,0,1,0,0
reedy,lchedy,35,177,0.9179233613591573,1,0,0,3,0
reedy,daiin,35,462,0.933098399327221,0,0,0,0,0
reedy,aiin,35,327,0.9346998026634759,0,0,1,0,0
reedy,dal,35,174,0.9335507348102104,0,0,2,0,0
reedy,or,35,253,0.9426668358318006,0,0,3,0,0
reedy,otar,35,139,0.9331282038088008,0,0,1,0,0
reedy,araiin,35,21,0.8879336672626258,0,0,1,0,0
reedy,shar,35,33,0.8645346421168717,0,0,2,0,0
reedy,aredy,35,27,0.8678239656459777,1,0,0,3,0
reedy,tor,35,25,0.8271987866062893,0,0,2,0,0
reedy,kal,35,50,0.909874777614979,0,0,2,0,0
reedy,olky,35,34,0.918109197878762,0,0,1,1,0
reedy,shol,35,172,0.921575068916923,0,0,2,0,0
reedy,otody,35,26,0.8718703047373665,0,0,0,2,0
reedy,ofeey,35,23,0.8528028654224418,0,0,0,1,0
reedy,qokey,35,76,0.9152112537850194,0,0,0,1,0
reedy,pcheey,35,22,0.8557543235739228,0,0,0,1,0
reedy,chdaiin,35,33,0.9026354375592783,0,0,1,0,0
reedy,otal,35,97,0.9089905709594167,0,0,1,0,0
reedy,air,35,59,0.8956651616483416,0,0,2,0,0
reedy,qokeo,35,20,0.9016480511880142,0,0,0,0,0
reedy,ytedy,35,23,0.8053476924039562,1,0,0,3,0
reedy,ain,35,145,0.9274123401184685,0,0,2,0,0
reedy,qotal,35,46,0.926278942037698,0,0,0,0,0
reedy,dair,35,89,0.9264905994614375,0,0,1,0,0
reedy,qokor,35,45,0.8935064935064935,0,0,0,0,0
reedy,chdy,35,244,0.9385261805108237,0,0,2,2,0
reedy,olkaiin,35,112,0.9256912609277362,0,0,2,0,0
reedy,okchy,35,33,0.9132637004229742,0,0,1,1,0
reedy,olchedy,35,22,0.8594350043172363,0,0,1,3,0
reedy,okedy,35,121,0.9198812359695124,1,0,0,3,0
reedy,otchy,35,36,0.9354523091677484,0,0,1,1,0
reedy,lkaiin,35,102,0.933555418838469,0,0,1,0,0
reedy,qokchedy,35,58,0.8436590806829926,0,0,2,3,0
reedy,cthdy,35,33,0.9199632893903198,0,0,2,2,0
reedy,otchey,35,27,0.8439373293244814,0,0,0,1,0
reedy,oddy,35,26,0.84749915096273,0,0,1,2,0
reedy,chy,35,43,0.9039298872336256,0,0,3,1,0
reedy,char,35,32,0.8579850077310294,0,0,2,0,0
reedy,cheedy,35,73,0.9197206216416287,1,0,0,4,0
reedy,qoteey,35,92,0.9151777428850149,0,0,1,1,0
reedy,tedy,35,38,0.9154345922548217,0,0,1,3,0
reedy,lkdy,35,26,0.8885623353603835,0,0,1,2,0
reedy,lkedy,35,20,0.8888924963851761,1,0,0,3,0
reedy,opchdy,35,23,0.8999646136001593,0,0,0,2,0
reedy,okor,35,25,0.8341563788014362,0,0,1,0,0
reedy,lkain,35,63,0.9234943725116066,0,0,0,0,0
reedy,olkeey,35,94,0.9299293636557767,0,0,1,1,0
reedy,qokal,35,215,0.9290683902376258,0,0,0,0,0
reedy,chckhey,35,45,0.9239777408497898,0,0,1,1,0
reedy,otol,35,40,0.8565475835853574,0,0,1,0,0
reedy,qoty,35,21,0.9135475178097415,0,0,1,1,0
reedy,kar,35,55,0.9150467422010711,0,0,2,0,0
reedy,oty,35,68,0.9304182537855923,0,0,2,1,0
reedy,tdy,35,32,0.8763816264874311,0,0,2,2,0
reedy,ychy,35,21,0.9124377898999236,0,0,2,1,0
reedy,otey,35,31,0.8951769433159199,0,0,1,1,0
reedy,qotaiin,35,92,0.9250737389011655,0,0,2,0,0
reedy,olkain,35,83,0.9242499780173872,0,0,1,0,0
reedy,okey,35,27,0.9165177492492959,0,0,1,1,0
reedy,kaiin,35,22,0.9023180190413084,0,0,0,0,0
reedy,ky,35,30,0.9306001765663835,0,0,3,1,0
reedy,qokchy,35,75,0.9176304470687272,0,0,0,1,0
reedy,daryeey,35,20,0.7868995982344531,0,0,2,1,0
reedy,olkedy,35,35,0.9162175208183618,0,0,1,3,0
reedy,qokol,35,106,0.8687277600852946,0,0,0,0,0
reedy,shody,35,44,0.7754368310753813,0,0,1,2,0
reedy,olkar,35,63,0.9292963452634585,0,0,0,0,0
reedy,qotchy,35,20,0.7877855422677295,0,0,0,1,0
reedy,taiin,35,49,0.9157845108084176,0,0,0,0,0
reedy,sham,35,21,0.8774552330178521,0,0,2,0,0
reedy,sar,35,43,0.9200090291346825,0,0,2,0,0
reedy,lchaiin,35,24,0.8801041605022291,0,0,1,0,0
reedy,qoy,35,22,0.8757575757575757,0,0,2,1,0
reedy,shes,35,22,0.7395143493925066,0,0,2,0,0
reedy,okchey,35,32,0.8897600027274386,0,0,0,1,0
reedy,oleedy,35,26,0.9139638232062963,0,0,1,4,0
reedy,ody,35,28,0.8635273721762989,0,0,2,2,0
reedy,ykar,35,21,0.8213163860904067,0,0,1,0,0
reedy,dleo,35,22,0.8296350300201596,0,0,1,0,0
reedy,dleeol,35,22,0.8999295250772187,0,0,1,0,0
reedy,qokeor,35,20,0.8516309576877706,0,0,1,0,0
reedy,olkchdy,35,21,0.8670162465128158,0,0,1,2,0
reedy,chal,35,29,0.8726559039768872,0,0,2,0,0
reedy,tchaiin,35,21,0.9043557029933835,0,0,1,0,0
reedy,qokeody,35,21,0.8469436730332859,0,0,2,2,0
reedy,ldy,35,21,0.8328259144238909,0,0,2,2,0
reedy,laiin,35,37,0.8885716684321151,0,0,0,0,0
reedy,schdy,35,21,0.8980895437616502,0,0,1,2,0
reedy,sheckhy,35,39,0.9172919681467928,0,0,1,1,0
reedy,cheeor,35,26,0.891182394690369,0,0,0,0,0
reedy,otedal,35,22,0.8437297936516753,0,0,1,0,0
reedy,lsy,35,22,0.8907941664307657,0,0,2,1,0
reedy,qoko,35,24,0.6820661339461739,0,0,1,0,0
reedy,ytody,35,21,0.8967511803314436,0,0,0,2,0
reedy,chody,35,23,0.9138113058741452,0,0,1,2,0
reedy,kchy,35,24,0.9113636363636364,0,0,2,1,0
reedy,ykal,35,24,0.8681889576098641,0,0,1,0,0
reedy,lsedy,35,28,0.8647883654624667,1,0,0,3,0
reedy,to,35,24,0.8707919892400194,0,0,3,0,0
reedy,pchdy,35,30,0.9034081809810085,0,0,1,2,0
reedy,qoeedy,35,23,0.8874149454523865,0,0,1,4,0
reedy,otor,35,20,0.8840120320036785,0,0,1,0,0
chckhy,chedy,138,696,0.9867426047788266,0,0,1,1,1
chckhy,ar,138,311,0.985043128657323,0,0,1,0,1
chckhy,okar,138,125,0.9606220739914619,0,0,1,0,0
chckhy,qokedy,138,293,0.9818180936516568,0,0,3,1,0
chckhy,okaiin,138,210,0.9737145244503463,0,0,3,0,0
chckhy,raiin,138,156,0.9687712839888337,0,0,2,0,0
chckhy,qokchdy,138,83,0.9550109115115222,0,0,3,1,0
chckhy,opar,138,26,0.9355900978803624,0,0,1,0,0
chckhy,qokeey,138,480,0.9828959457739355,0,0,3,1,0
chckhy,okain,138,205,0.9661610368634943,0,0,2,0,0
chckhy,chey,138,291,0.973594059243859,1,0,0,1,0
chckhy,keed,138,21,0.8790906480918794,0,0,1,0,0
chckhy,sheody,138,61,0.9571713617419805,0,0,2,1,0
chckhy,sain,138,142,0.9692863890448041,0,0,1,0,0
chckhy,cheeey,138,21,0.9232036199058883,0,0,2,1,0
chckhy,otaiin,138,212,0.9581564683474368,0,0,3,0,0
chckhy,sheedy,138,210,0.9743297281789356,0,0,2,1,0
chckhy,okal,138,91,0.9567681875099184,0,0,1,0,0
chckhy,qokeedy,138,443,0.966672480521136,0,0,4,1,0
chckhy,saiin,138,91,0.9548415354074534,0,0,2,0,0
chckhy,qokar,138,328,0.9700160539856252,0,0,2,0,0
chckhy,dar,138,587,0.9806602936748833,0,0,0,0,1
chckhy,dain,138,176,0.9637415271682364,0,0,1,0,0
chckhy,qotar,138,60,0.9508727440842645,0,0,2,0,0
chckhy,pedy,138,20,0.7540385255693778,0,0,1,1,0
chckhy,teey,138,21,0.9010251954194683,0,0,1,1,0
chckhy,opchy,138,32,0.9551139594262953,0,0,1,1,0
chckhy,otedy,138,302,0.9786520057627737,0,0,2,1,0
chckhy,otain,138,197,0.9502739601940448,0,0,2,0,0
chckhy,koiin,138,25,0.8179553699438284,0,0,2,0,0
chckhy,chor,138,68,0.9470799047007304,0,0,0,0,0
chckhy,cheey,138,175,0.9549499822183746,0,0,1,1,0
chckhy,rar,138,22,0.93667486720874,0,0,0,0,0
chckhy,y,138,143,0.9775033257187314,0,0,2,1,0
chckhy,qol,138,225,0.9808218396675665,0,0,0,0,0
chckhy,am,138,90,0.969972620164979,0,0,1,0,0
chckhy,shckhy,138,108,0.9695678337269916,1,0,0,2,0
chckhy,al,138,141,0.976988616484194,0,0,1,0,0
chckhy,dy,138,157,0.9516755852639649,0,0,1,1,0
chckhy,par,138,22,0.8837565849070621,0,0,0,0,0
chckhy,shey,138,297,0.9740259636558154,1,0,0,1,0
chckhy,okeedy,138,177,0.9584643443484995,0,0,3,1,0
chckhy,qokain,138,435,0.9718949473420497,0,0,3,0,0
chckhy,opchedaiin,138,22,0.9438010445939612,0,0,6,0,0
chckhy,qoteedy,138,99,0.9654577565248526,0,0,4,1,0
chckhy,qoky,138,149,0.9685131728027297,0,0,1,1,0
chckhy,oky,138,75,0.9556292029182254,1,0,0,1,0
chckhy,kody,138,21,0.9164259024289826,0,0,1,1,0
chckhy,sheey,138,211,0.9722725526290037,0,0,1,1,0
chckhy,dam,138,81,0.9495117249423352,0,0,0,0,0
chckhy,oteedy,138,189,0.9724139812043969,0,0,3,1,0
chckhy,olkeedy,138,96,0.9461493623316167,0,0,4,1,0
chckhy,dleey,138,51,0.9173119806176133,0,0,2,1,0
chckhy,shor,138,45,0.955633976900897,0,0,0,0,0
chckhy,qokaiin,138,504,0.9715920642780864,0,0,4,0,0
chckhy,olkal,138,50,0.958300317807141,0,0,2,0,0
chckhy,chs,138,34,0.9392559015357159,0,0,1,0,0
chckhy,okeey,138,173,0.9645720280688199,0,0,2,1,0
chckhy,kd,138,24,0.9392680641242764,0,0,1,0,0
chckhy,lchey,138,57,0.9190240083488285,0,0,1,1,0
chckhy,chol,138,136,0.9806302585332023,0,0,0,0,0
chckhy,qotedy,138,142,0.9801702464636741,0,0,3,1,0
chckhy,oteey,138,169,0.9762981786773863,0,0,2,1,0
chckhy,cheol,138,107,0.9746889564286318,0,0,1,0,0
chckhy,okol,138,39,0.9311825124046551,0,0,1,0,0
chckhy,lkar,138,20,0.8421159150066154,0,0,1,0,0
chckhy,otchdy,138,44,0.9381242958371702,0,0,2,1,0
chckhy,qotain,138,94,0.9779512377990197,0,0,3,0,0
chckhy,lchedy,138,177,0.9871077286805195,0,0,2,1,1
chckhy,daiin,138,462,0.9727437845480057,0,0,2,0,0
chckhy,aiin,138,327,0.9674044834220624,0,0,1,0,0
chckhy,dal,138,174,0.959942570531146,0,0,0,0,0
chckhy,or,138,253,0.973794097847841,0,0,1,0,0
chckhy,otar,138,139,0.9565847726367944,0,0,1,0,0
chckhy,araiin,138,21,0.9335780606761416,0,0,3,0,0
chckhy,shar,138,33,0.9321498789624127,0,0,0,0,0
chckhy,aredy,138,27,0.9547712805128143,0,0,2,1,0
chckhy,tor,138,25,0.9176658665182151,0,0,0,0,0
chckhy,kal,138,50,0.9621970793560496,0,0,0,0,0
chckhy,olky,138,34,0.9552621351773333,0,0,1,1,0
chckhy,shol,138,172,0.9688285803361104,0,0,0,0,0
chckhy,otody,138,26,0.9214032008376811,0,0,2,1,0
chckhy,ofeey,138,23,0.8298353190407565,0,0,2,1,0
chckhy,qokey,138,76,0.9461848396470168,0,0,2,1,0
chckhy,pcheey,138,22,0.8589605339446835,0,0,2,1,0
chckhy,chdaiin,138,33,0.9440214717309088,0,0,3,0,0
chckhy,otal,138,97,0.9632612019204815,0,0,1,0,0
chckhy,air,138,59,0.9604609085210861,0,0,0,0,0
chckhy,qokeo,138,20,0.9323637830278179,0,0,2,0,0
chckhy,ytedy,138,23,0.9016932670880223,0,0,2,1,0
chckhy,ain,138,145,0.976056721624711,0,0,0,0,0
chckhy,qotal,138,46,0.9393370762752273,0,0,2,0,0
chckhy,dair,138,89,0.9643112894104353,0,0,1,0,0
chckhy,qokor,138,45,0.948912832792798,0,0,2,0,0
chckhy,chdy,138,244,0.9803915678718474,1,0,0,1,0
chckhy,olkaiin,138,112,0.9487466223821541,0,0,4,0,0
chckhy,okchy,138,33,0.9451294889759154,0,0,1,1,0
chckhy,olchedy,138,22,0.9330183821389877,0,0,3,1,0
chckhy,okedy,138,121,0.9715636881415857,0,0,2,1,0
chckhy,otchy,138,36,0.9438780097132828,0,0,1,1,0
chckhy,lkaiin,138,102,0.9766175778106995,0,0,3,0,0
chckhy,qokchedy,138,58,0.9120098746858775,0,0,4,1,0
chckhy,cthdy,138,33,0.95917261143733,1,0,0,1,0
chckhy,otchey,138,27,0.8632652980769822,0,0,2,1,0
chckhy,oddy,138,26,0.8973846105654653,0,0,1,1,0
chckhy,chy,138,43,0.9530751538557738,0,0,1,1,0
chckhy,char,138,32,0.9249910108520839,0,0,0,0,0
chckhy,cheedy,138,73,0.9414002156717336,0,0,2,1,0
chckhy,qoteey,138,92,0.9558049323048307,0,0,3,1,0
chckhy,tedy,138,38,0.933723480121109,0,0,1,1,0
chckhy,lkdy,138,26,0.8872503910012759,0,0,1,1,0
chckhy,lkedy,138,20,0.9481010870650962,0,0,2,1,0
chckhy,opchdy,138,23,0.9483571064417453,0,0,2,1,0
chckhy,okor,138,25,0.9070295753240667,0,0,1,0,0
chckhy,lkain,138,63,0.9629538392783437,0,0,2,0,0
chckhy,olkeey,138,94,0.9511822674800416,0,0,3,1,0
chckhy,qokal,138,215,0.9670200315944244,0,0,2,0,0
chckhy,chckhey,138,45,0.9350735172628062,0,1,1,1,0
chckhy,otol,138,40,0.8978225235694968,0,0,1,0,0
chckhy,qoty,138,21,0.9502216100977242,0,0,1,1,0
chckhy,kar,138,55,0.9606718414505481,0,0,0,0,0
chckhy,oty,138,68,0.9387832644660388,1,0,0,1,0
chckhy,tdy,138,32,0.9563467608764217,1,0,0,1,0
chckhy,ychy,138,21,0.9331214969032428,1,0,0,1,0
chckhy,otey,138,31,0.9205014987214986,0,0,1,1,0
chckhy,qotaiin,138,92,0.9681767829613166,0,0,4,0,0
chckhy,olkain,138,83,0.965826877112408,0,0,3,0,0
chckhy,okey,138,27,0.9357469624804992,0,0,1,1,0
chckhy,kaiin,138,22,0.9403179957525213,0,0,2,0,0
chckhy,ky,138,30,0.9229470844681906,0,0,1,1,0
chckhy,qokchy,138,75,0.9601875243426041,0,0,2,1,0
chckhy,daryeey,138,20,0.7692759838699672,0,0,4,1,0
chckhy,olkedy,138,35,0.9009498415546519,0,0,3,1,0
chckhy,qokol,138,106,0.9136440800608807,0,0,2,0,0
chckhy,shody,138,44,0.8225700499635403,0,0,1,1,0
chckhy,olkar,138,63,0.9738169626276482,0,0,2,0,0
chckhy,qotchy,138,20,0.7384002127595859,0,0,2,1,0
chckhy,taiin,138,49,0.9432940153897168,0,0,2,0,0
chckhy,sham,138,21,0.9007602277797317,0,0,0,0,0
chckhy,sar,138,43,0.9622829106578558,0,0,0,0,0
chckhy,lchaiin,138,24,0.961673461450159,0,0,3,0,0
chckhy,qoy,138,22,0.9139855286617938,1,0,0,1,0
chckhy,shes,138,22,0.8151171249120978,0,0,0,0,0
chckhy,okchey,138,32,0.9495358296057027,0,0,2,1,0
chckhy,oleedy,138,26,0.9309149646409555,0,0,3,1,0
chckhy,ody,138,28,0.9446537755011358,1,0,0,1,0
chckhy,ykar,138,21,0.8413922293923044,0,0,1,0,0
chckhy,dleo,138,22,0.8341018526602505,0,0,1,0,0
chckhy,dleeol,138,22,0.9227902468218039,0,0,3,0,0
chckhy,qokeor,138,20,0.893091065901615,0,0,3,0,0
chckhy,olkchdy,138,21,0.8734705710567371,0,0,3,1,0
chckhy,chal,138,29,0.828325728816573,0,0,0,0,0
chckhy,tchaiin,138,21,0.9241970929575013,0,0,3,0,0
chckhy,qokeody,138,21,0.915768116012347,0,0,4,1,0
chckhy,ldy,138,21,0.9038334803703678,1,0,0,1,0
chckhy,laiin,138,37,0.9432838800012254,0,0,2,0,0
chckhy,schdy,138,21,0.9365444763910276,0,0,1,1,0
chckhy,sheckhy,138,39,0.9635246567489179,0,0,1,2,0
chckhy,cheeor,138,26,0.8743236038792973,0,0,2,0,0
chckhy,otedal,138,22,0.8983026601134471,0,0,3,0,0
chckhy,lsy,138,22,0.9486186463844932,1,0,0,1,0
chckhy,qoko,138,24,0.7986740287290164,0,0,1,0,0
chckhy,ytody,138,21,0.9364071359768458,0,0,2,1,0
chckhy,chody,138,23,0.9472959569955597,0,0,1,1,0
chckhy,kchy,138,24,0.9242678658592389,1,0,0,1,0
chckhy,ykal,138,24,0.9075466699673742,0,0,1,0,0
chckhy,lsedy,138,28,0.9288266165728319,0,0,2,1,0
chckhy,to,138,24,0.8905748940333728,0,0,1,0,0
chckhy,pchdy,138,30,0.9336784197847963,0,0,1,1,0
chckhy,qoeedy,138,23,0.9465103008183475,0,0,3,1,0
chckhy,otor,138,20,0.918496428362575,0,0,1,0,0
chedy,ar,696,311,0.9930612063980797,0,0,2,0,1
chedy,okar,696,125,0.9710328160984886,0,0,0,0,0
chedy,qokedy,696,293,0.9911522934477367,0,0,2,3,0
chedy,okaiin,696,210,0.9785803983818139,0,0,2,0,0
chedy,raiin,696,156,0.9838557544149403,0,0,1,0,0
chedy,qokchdy,696,83,0.9621013923354829,0,0,2,2,0
chedy,opar,696,26,0.9386787438360981,0,0,0,0,0
chedy,qokeey,696,480,0.9868429275290611,0,0,2,1,0
chedy,okain,696,205,0.9780953487241546,0,0,1,0,0
chedy,chey,696,291,0.9823253850933975,0,1,1,1,0
chedy,keed,696,21,0.8942862275110484,0,0,0,0,0
chedy,sheody,696,61,0.9593016102562513,0,0,1,2,0
chedy,sain,696,142,0.9775916605895266,0,0,0,0,0
chedy,cheeey,696,21,0.9274021995987692,0,1,1,1,0
chedy,otaiin,696,212,0.9704192687469193,0,0,2,0,0
chedy,sheedy,696,210,0.9790718940511265,0,0,1,3,0
chedy,okal,696,91,0.9658449094598688,0,0,0,0,0
chedy,qokeedy,696,443,0.9786102414732416,0,0,3,3,0
chedy,saiin,696,91,0.9600697353733157,0,0,1,0,0
chedy,qokar,696,328,0.980481435619569,0,0,1,0,0
chedy,dar,696,587,0.9927072930660155,0,0,1,0,1
chedy,dain,696,176,0.9708287456376443,0,0,0,0,0
chedy,qotar,696,60,0.9442525543421418,0,0,1,0,0
chedy,pedy,696,20,0.768520271064926,1,0,0,3,0
chedy,teey,696,21,0.8941165149997496,0,0,0,1,0
chedy,opchy,696,32,0.957283453898743,0,0,0,1,0
chedy,otedy,696,302,0.9901744180471173,0,0,1,3,0
chedy,otain,696,197,0.9641833270787571,0,0,1,0,0
chedy,koiin,696,25,0.8357628582801224,0,0,1,0,0
chedy,chor,696,68,0.9529501781690572,0,0,1,0,0
chedy,cheey,696,175,0.9621391222600327,0,1,0,1,0
chedy,rar,696,22,0.9405528694062355,0,0,1,0,0
chedy,y,696,143,0.9859207232549057,0,0,3,1,0
chedy,qol,696,225,0.9838544762327484,0,0,1,0,0
chedy,am,696,90,0.9767699468398654,0,0,2,0,0
chedy,shckhy,696,108,0.9745306517529366,0,0,1,1,0
chedy,al,696,141,0.9848460734045085,0,0,2,0,0
chedy,dy,696,157,0.967564325932368,0,0,2,2,0
chedy,par,696,22,0.8888165356658623,0,0,1,0,0
chedy,shey,696,297,0.986316875759948,0,0,1,1,0
chedy,okeedy,696,177,0.9680211624524178,0,0,2,3,0
chedy,qokain,696,435,0.9829951386608364,0,0,2,0,0
chedy,opchedaiin,696,22,0.9441584025214894,0,0,5,0,0
chedy,qoteedy,696,99,0.9609291874533463,0,0,3,3,0
chedy,qoky,696,149,0.9680580213498525,0,0,0,1,0
chedy,oky,696,75,0.9677659031572521,0,0,1,1,0
chedy,kody,696,21,0.9328952209902223,1,0,0,2,0
chedy,sheey,696,211,0.97635653201501,0,0,0,1,0
chedy,dam,696,81,0.9551706567709569,0,0,1,0,0
chedy,oteedy,696,189,0.9781079945770094,0,0,2,3,0
chedy,olkeedy,696,96,0.9591607670602061,0,0,3,3,0
chedy,dleey,696,51,0.9357840344564776,0,0,1,1,0
chedy,shor,696,45,0.9576031847576474,0,0,1,0,0
chedy,qokaiin,696,504,0.9786161100204017,0,0,3,0,0
chedy,olkal,696,50,0.9664340184871346,0,0,1,0,0
chedy,chs,696,34,0.9457054527941002,0,0,2,0,0
chedy,okeey,696,173,0.9626487273197187,0,0,1,1,0
chedy,kd,696,24,0.9545231172278692,0,0,2,0,0
chedy,lchey,696,57,0.9381377865880087,0,0,0,1,0
chedy,chol,696,136,0.9857051786136094,0,0,1,0,0
chedy,qotedy,696,142,0.9864975841664159,0,0,2,3,0
chedy,oteey,696,169,0.9812018602391507,0,0,1,1,0
chedy,cheol,696,107,0.9785678094892709,0,1,0,0,0
chedy,okol,696,39,0.9379652615662404,0,0,0,0,0
chedy,lkar,696,20,0.87347715171978,0,0,0,0,0
chedy,otchdy,696,44,0.9448950290816377,0,0,1,2,0
chedy,qotain,696,94,0.982844494930948,0,0,2,0,0
chedy,lchedy,696,177,0.9909521240019561,0,0,1,4,1
chedy,daiin,696,462,0.9806747012019023,0,0,1,0,0
chedy,aiin,696,327,0.9838320414058832,0,0,0,0,0
chedy,dal,696,174,0.9694580512072197,0,0,1,0,0
chedy,or,696,253,0.9862267275219283,0,0,2,0,0
chedy,otar,696,139,0.9680459303115224,0,0,0,0,0
chedy,araiin,696,21,0.9419252682096994,0,0,2,0,0
chedy,shar,696,33,0.9299490867881957,0,0,1,0,0
chedy,aredy,696,27,0.9500074780824057,0,0,1,3,0
chedy,tor,696,25,0.9069117753752339,0,0,1,0,0
chedy,kal,696,50,0.9703252531855083,0,0,1,0,0
chedy,olky,696,34,0.9636232577809005,0,0,0,1,0
chedy,shol,696,172,0.9745689778995346,0,0,1,0,0
chedy,otody,696,26,0.9260095184750491,0,0,1,2,0
chedy,ofeey,696,23,0.8544952091005372,0,0,1,1,0
chedy,qokey,696,76,0.9493112580442538,0,0,1,1,0
chedy,pcheey,696,22,0.8780245668824473,0,0,1,1,0
chedy,chdaiin,696,33,0.9523305345942046,0,0,2,0,0
chedy,otal,696,97,0.961311791898978,0,0,0,0,0
chedy,air,696,59,0.9653960252921943,0,0,1,0,0
chedy,qokeo,696,20,0.9475506203837667,0,0,1,0,0
chedy,ytedy,696,23,0.8934470915698142,0,0,1,3,0
chedy,ain,696,145,0.986096125369285,0,0,1,0,0
chedy,qotal,696,46,0.9561381934351061,0,0,1,0,0
chedy,dair,696,89,0.9695323946646924,0,0,0,0,0
chedy,qokor,696,45,0.9461886930263759,0,0,1,0,0
chedy,chdy,696,244,0.9896420547841168,0,0,1,2,0
chedy,olkaiin,696,112,0.9592434403140809,0,0,3,0,0
chedy,okchy,696,33,0.9498535163446269,0,0,0,1,0
chedy,olchedy,696,22,0.9326684667350624,0,0,2,4,0
chedy,okedy,696,121,0.9744086048624588,0,0,1,3,0
chedy,otchy,696,36,0.9485208587843732,0,0,0,1,0
chedy,lkaiin,696,102,0.9811720082156467,0,0,2,0,0
chedy,qokchedy,696,58,0.9035698247071474,0,0,3,4,0
chedy,cthdy,696,33,0.9699426212832187,0,0,1,2,0
chedy,otchey,696,27,0.8578437660220285,0,0,1,1,0
chedy,oddy,696,26,0.903793398833551,1,0,0,2,0
chedy,chy,696,43,0.9594732499838456,0,0,2,1,0
chedy,char,696,32,0.9329517951323132,0,0,1,0,0
chedy,cheedy,696,73,0.950352372099959,0,1,1,3,0
chedy,qoteey,696,92,0.9624773534392933,0,0,2,1,0
chedy,tedy,696,38,0.9534773299716146,1,0,0,3,0
chedy,lkdy,696,26,0.9100119483612418,1,0,0,2,0
chedy,lkedy,696,20,0.9538558783097566,0,0,1,3,0
chedy,opchdy,696,23,0.9551698377821911,0,0,1,2,0
chedy,okor,696,25,0.8996970261354688,0,0,0,0,0
chedy,lkain,696,63,0.9677197900398256,0,0,1,0,0
chedy,olkeey,696,94,0.965783388861603,0,0,2,1,0
chedy,qokal,696,215,0.9743472880855562,0,0,1,0,0
chedy,chckhey,696,45,0.9498894903624021,0,0,0,1,0
chedy,otol,696,40,0.9034689408867559,0,0,0,0,0
chedy,qoty,696,21,0.9621117754768888,0,0,0,1,0
chedy,kar,696,55,0.9637736402351846,0,0,1,0,0
chedy,oty,696,68,0.9527558153896454,0,0,1,1,0
chedy,tdy,696,32,0.9503220488780152,0,0,1,2,0
chedy,ychy,696,21,0.9478920348588113,0,0,1,1,0
chedy,otey,696,31,0.9216922454779308,0,0,0,1,0
chedy,qotaiin,696,92,0.9727389427607317,0,0,3,0,0
chedy,olkain,696,83,0.9705759390933739,0,0,2,0,0
chedy,okey,696,27,0.9391844907466569,0,0,0,1,0
chedy,kaiin,696,22,0.9479252430110026,0,0,1,0,0
chedy,ky,696,30,0.9471916130990026,0,0,2,1,0
chedy,qokchy,696,75,0.9672008430939222,0,0,1,1,0
chedy,daryeey,696,20,0.7692166399596913,0,0,3,1,0
chedy,olkedy,696,35,0.9183168443475337,0,0,2,3,0
chedy,qokol,696,106,0.917294367568351,0,0,1,0,0
chedy,shody,696,44,0.8233359751341952,1,0,0,2,0
chedy,olkar,696,63,0.9775497726355838,0,0,1,0,0
chedy,qotchy,696,20,0.7577137989405051,0,0,1,1,0
chedy,taiin,696,49,0.953089160521748,0,0,1,0,0
chedy,sham,696,21,0.9085507230695523,0,0,1,0,0
chedy,sar,696,43,0.9645703766891832,0,0,1,0,0
chedy,lchaiin,696,24,0.9579015237896746,0,0,2,0,0
chedy,qoy,696,22,0.9187150738343064,0,0,1,1,0
chedy,shes,696,22,0.8077758108972586,0,0,1,0,0
chedy,okchey,696,32,0.9470832668248966,0,0,1,1,0
chedy,oleedy,696,26,0.9423854595199556,0,0,2,3,0
chedy,ody,696,28,0.9353395749741518,0,0,1,2,0
chedy,ykar,696,21,0.8580187612094,0,0,0,0,0
chedy,dleo,696,22,0.8219122107494077,0,0,0,0,0
chedy,dleeol,696,22,0.9228180156579371,0,0,2,0,0
chedy,qokeor,696,20,0.9024927060743433,0,0,2,0,0
chedy,olkchdy,696,21,0.8866033183548815,0,0,2,2,0
chedy,chal,696,29,0.8538759746306097,0,0,1,0,0
chedy,tchaiin,696,21,0.9408090401297496,0,0,2,0,0
chedy,qokeody,696,21,0.9102044411886562,0,0,3,2,0
chedy,ldy,696,21,0.9025692325500678,0,0,1,2,0
chedy,laiin,696,37,0.9469852559886381,0,0,1,0,0
chedy,schdy,696,21,0.9509475912753704,1,0,0,2,0
chedy,sheckhy,696,39,0.9724512199902849,0,0,0,1,0
chedy,cheeor,696,26,0.900909969549227,0,1,1,0,0
chedy,otedal,696,22,0.8973942740717289,0,0,2,0,0
chedy,lsy,696,22,0.9487639233934899,0,0,1,1,0
chedy,qoko,696,24,0.7795021557643865,0,0,0,0,0
chedy,ytody,696,21,0.9481690342845446,0,0,1,2,0
chedy,chody,696,23,0.959459757822889,1,0,0,2,0
chedy,kchy,696,24,0.9383800391575112,0,0,1,1,0
chedy,ykal,696,24,0.9128408980265286,0,0,0,0,0
chedy,lsedy,696,28,0.9321832242040762,0,0,1,3,0
chedy,to,696,24,0.9104571220604823,0,0,2,0,0
chedy,pchdy,696,30,0.9479018726387496,1,0,0,2,0
chedy,qoeedy,696,23,0.9509337791631893,0,0,2,3,0
chedy,otor,696,20,0.9237677409097077,0,0,0,0,0
ar,okar,311,125,0.9679771519951205,0,0,2,2,0
ar,qokedy,311,293,0.9878992876008156,0,0,4,0,0
ar,okaiin,311,210,0.9760664597108968,0,0,4,0,0
ar,raiin,311,156,0.9800051700884655,0,0,3,0,0
ar,qokchdy,311,83,0.9584945610503937,0,0,4,0,0
ar,opar,311,26,0.9365133820791991,0,0,2,2,0
ar,qokeey,311,480,0.9842658959326478,0,0,4,0,0
ar,okain,311,205,0.9743765337134168,0,0,3,0,0
ar,chey,311,291,0.9794786633161309,0,0,1,0,0
ar,keed,311,21,0.8896357979313867,0,0,2,0,0
ar,sheody,311,61,0.9604349032077748,0,0,3,0,0
ar,sain,311,142,0.9747786608355543,0,0,2,0,0
ar,cheeey,311,21,0.9283582325203077,0,0,3,0,0
ar,otaiin,311,212,0.9682544442578913,0,0,4,0,0
ar,sheedy,311,210,0.9764122047318609,0,0,3,0,0
ar,okal,311,91,0.9636208700941322,0,0,2,0,0
ar,qokeedy,311,443,0.9756579753803187,0,0,5,0,0
ar,saiin,311,91,0.9579286007308577,0,0,3,0,0
ar,qokar,311,328,0.9754318075440573,0,0,3,2,0
ar,dar,311,587,0.988024376683581,0,0,1,2,1
ar,dain,311,176,0.970201770521899,0,0,2,0,0
ar,qotar,311,60,0.9431361065344979,0,0,3,2,0
ar,pedy,311,20,0.7604817883483882,0,0,2,0,0
ar,teey,311,21,0.8993109051921021,0,0,2,0,0
ar,opchy,311,32,0.9520468078897361,0,0,2,0,0
ar,otedy,311,302,0.9860668511135041,0,0,3,0,0
ar,otain,311,197,0.9601251604360381,0,0,3,0,0
ar,koiin,311,25,0.8380017553478435,0,0,3,0,0
ar,chor,311,68,0.9513874953970933,0,0,1,1,0
ar,cheey,311,175,0.9600575976073973,0,0,2,0,0
ar,rar,311,22,0.9387947997697483,0,0,1,2,0
ar,y,311,143,0.9806767768323219,0,0,1,0,0
ar,qol,311,225,0.9837526503736472,0,0,1,0,0
ar,am,311,90,0.973626503676682,0,0,0,0,0
ar,shckhy,311,108,0.9722458444335562,0,0,1,0,0
ar,al,311,141,0.9818679881981044,0,0,0,0,0
ar,dy,311,157,0.9626649864767888,0,0,0,0,0
ar,par,311,22,0.8841945493473915,0,0,1,2,0
ar,shey,311,297,0.9837275653528907,0,0,1,0,0
ar,okeedy,311,177,0.9675756595510498,0,0,4,0,0
ar,qokain,311,435,0.9804034443082368,0,0,4,0,0
ar,opchedaiin,311,22,0.941514574748171,0,0,7,0,0
ar,qoteedy,311,99,0.960000077179112,0,0,5,0,0
ar,qoky,311,149,0.9667969179676831,0,0,2,0,0
ar,oky,311,75,0.9621836179310078,0,0,1,0,0
ar,kody,311,21,0.9312875083221244,0,0,2,0,0
ar,sheey,311,211,0.9755317302853969,0,0,2,0,0
ar,dam,311,81,0.9532326984260097,0,0,1,0,0
ar,oteedy,311,189,0.9758438315452097,0,0,4,0,0
ar,olkeedy,311,96,0.9582945772082817,0,0,5,0,0
ar,dleey,311,51,0.935374636640113,0,0,3,0,0
ar,shor,311,45,0.957691622355111,0,0,1,1,0
ar,qokaiin,311,504,0.9765131701610694,0,0,5,0,0
ar,olkal,311,50,0.9653868672866258,0,0,3,0,0
ar,chs,311,34,0.9480025538548225,0,0,0,0,0
ar,okeey,311,173,0.9623065053925184,0,0,3,0,0
ar,kd,311,24,0.9508401074395195,0,0,0,0,0
ar,lchey,311,57,0.9351525835429922,0,0,2,0,0
ar,chol,311,136,0.9840088600599629,0,0,1,0,0
ar,qotedy,311,142,0.9850671339945838,0,0,4,0,0
ar,oteey,311,169,0.9783054201465077,0,0,3,0,0
ar,cheol,311,107,0.9784224124593163,0,0,2,0,0
ar,okol,311,39,0.9335884074642028,0,0,2,0,0
ar,lkar,311,20,0.8648588924339586,0,0,2,2,0
ar,otchdy,311,44,0.9407484763827227,0,0,3,0,0
ar,qotain,311,94,0.98118882836927,0,0,4,0,0
ar,lchedy,311,177,0.9885794603294951,0,0,3,0,1
ar,daiin,311,462,0.9789401149244035,0,0,3,0,0
ar,aiin,311,327,0.9763198548956522,0,0,2,0,0
ar,dal,311,174,0.9681216820889272,0,0,1,0,0
ar,or,311,253,0.9840778503788534,0,0,0,1,0
ar,otar,311,139,0.9633971336935758,0,0,2,2,0
ar,araiin,311,21,0.9347691824679419,0,0,4,0,0
ar,shar,311,33,0.9285881254114513,0,0,1,2,0
ar,aredy,311,27,0.9461977871042896,0,0,3,0,0
ar,tor,311,25,0.9090695903493378,0,0,1,1,0
ar,kal,311,50,0.9677624027897731,0,0,1,0,0
ar,olky,311,34,0.9598246647740377,0,0,2,0,0
ar,shol,311,172,0.9713488322962271,0,0,1,0,0
ar,otody,311,26,0.9229398989302219,0,0,3,0,0
ar,ofeey,311,23,0.8504333286850104,0,0,3,0,0
ar,qokey,311,76,0.9503934642252634,0,0,3,0,0
ar,pcheey,311,22,0.8749649432481569,0,0,3,0,0
ar,chdaiin,311,33,0.9532788391414648,0,0,4,0,0
ar,otal,311,97,0.9610702382892471,0,0,2,0,0
ar,air,311,59,0.9610880651455048,0,0,1,1,0
ar,qokeo,311,20,0.941427986957753,0,0,3,0,0
ar,ytedy,311,23,0.8926780436005445,0,0,3,0,0
ar,ain,311,145,0.9807267928794683,0,0,1,0,0
ar,qotal,311,46,0.9495267923531863,0,0,3,0,0
ar,dair,311,89,0.9687844610790112,0,0,2,1,0
ar,qokor,311,45,0.9436022083774532,0,0,3,1,0
ar,chdy,311,244,0.9879509737591358,0,0,1,0,0
ar,olkaiin,311,112,0.9576562507782997,0,0,5,0,0
ar,okchy,311,33,0.9521414705266846,0,0,2,0,0
ar,olchedy,311,22,0.9316050100389696,0,0,4,0,0
ar,okedy,311,121,0.973521948461955,0,0,3,0,0
ar,otchy,311,36,0.9490067695680877,0,0,2,0,0
ar,lkaiin,311,102,0.9795376045933201,0,0,4,0,0
ar,qokchedy,311,58,0.9094349413005122,0,0,5,0,0
ar,cthdy,311,33,0.9665122008947746,0,0,1,0,0
ar,otchey,311,27,0.8564491975220963,0,0,3,0,0
ar,oddy,311,26,0.9081326489460797,0,0,2,0,0
ar,chy,311,43,0.95818253314567,0,0,0,0,0
ar,char,311,32,0.9355091450738977,0,0,1,2,0
ar,cheedy,311,73,0.949341095707509,0,0,3,0,0
ar,qoteey,311,92,0.9610893078909869,0,0,4,0,0
ar,tedy,311,38,0.9476599693931906,0,0,2,0,0
ar,lkdy,311,26,0.9011421577826813,0,0,2,0,0
ar,lkedy,311,20,0.9519892148665546,0,0,3,0,0
ar,opchdy,311,23,0.9520800615044882,0,0,3,0,0
ar,okor,311,25,0.9000522120390714,0,0,2,1,0
ar,lkain,311,63,0.967759487734478,0,0,3,0,0
ar,olkeey,311,94,0.961075585376823,0,0,4,0,0
ar,qokal,311,215,0.9703769679615991,0,0,3,0,0
ar,chckhey,311,45,0.9461318076855928,0,0,2,0,0
ar,otol,311,40,0.902091239121564,0,0,2,0,0
ar,qoty,311,21,0.9555723865251528,0,0,2,0,0
ar,kar,311,55,0.963005917840119,0,0,1,2,0
ar,oty,311,68,0.9482958845008495,0,0,1,0,0
ar,tdy,311,32,0.9485368173360067,0,0,1,0,0
ar,ychy,311,21,0.9434546491295298,0,0,1,0,0
ar,otey,311,31,0.9247050114066735,0,0,2,0,0
ar,qotaiin,311,92,0.969835477524752,0,0,5,0,0
ar,olkain,311,83,0.9696900987474829,0,0,4,0,0
ar,okey,311,27,0.93884904779229,0,0,2,0,0
ar,kaiin,311,22,0.9503398767262027,0,0,3,0,0
ar,ky,311,30,0.9389340282888101,0,0,0,0,0
ar,qokchy,311,75,0.9630275930973616,0,0,3,0,0
ar,daryeey,311,20,0.7812392854743265,0,0,5,0,0
ar,olkedy,311,35,0.9150422396452725,0,0,4,0,0
ar,qokol,311,106,0.9130417253980112,0,0,3,0,0
ar,shody,311,44,0.8212160237962517,0,0,2,0,0
ar,olkar,311,63,0.9760426238179283,0,0,3,2,0
ar,qotchy,311,20,0.7556167232230387,0,0,3,0,0
ar,taiin,311,49,0.9517906786023972,0,0,3,0,0
ar,sham,311,21,0.9070391559766797,0,0,1,0,0
ar,sar,311,43,0.9625312761319555,0,0,1,2,0
ar,lchaiin,311,24,0.9595618576961936,0,0,4,0,0
ar,qoy,311,22,0.9218156001799235,0,0,1,0,0
ar,shes,311,22,0.8152544189070583,0,0,1,0,0
ar,okchey,311,32,0.9480302477051803,0,0,3,0,0
ar,oleedy,311,26,0.9411558679067493,0,0,4,0,0
ar,ody,311,28,0.9311363359607953,0,0,1,0,0
ar,ykar,311,21,0.8585645836454822,0,0,2,2,0
ar,dleo,311,22,0.831980511283918,0,0,2,0,0
ar,dleeol,311,22,0.9266316319999797,0,0,4,0,0
ar,qokeor,311,20,0.9004219854897135,0,0,4,1,0
ar,olkchdy,311,21,0.8804590121484481,0,0,4,0,0
ar,chal,311,29,0.8522110242978025,0,0,1,0,0
ar,tchaiin,311,21,0.9360445531509896,0,0,4,0,0
ar,qokeody,311,21,0.9122549514242422,0,0,5,0,0
ar,ldy,311,21,0.8945795679714595,0,0,1,0,0
ar,laiin,311,37,0.9448324476750445,0,0,3,0,0
ar,schdy,311,21,0.9460603391221761,0,0,2,0,0
ar,sheckhy,311,39,0.9685466690905502,0,0,2,0,0
ar,cheeor,311,26,0.8984802899214838,0,0,3,1,0
ar,otedal,311,22,0.8989397619291177,0,0,4,0,0
ar,lsy,311,22,0.9431643691620711,0,0,1,0,0
ar,qoko,311,24,0.7812863140149096,0,0,2,0,0
ar,ytody,311,21,0.9450790545171496,0,0,3,0,0
ar,chody,311,23,0.9565642316694305,0,0,2,0,0
ar,kchy,311,24,0.9353717119472753,0,0,1,0,0
ar,ykal,311,24,0.9152358437037139,0,0,2,0,0
ar,lsedy,311,28,0.9283862560357973,0,0,3,0,0
ar,to,311,24,0.9036589255724192,0,0,0,0,0
ar,pchdy,311,30,0.9389138409237555,0,0,2,0,0
ar,qoeedy,311,23,0.9518992982661811,0,0,4,0,0
ar,otor,311,20,0.9214273520401166,0,0,2,1,0
okar,qokedy,125,293,0.9673528724491612,0,0,2,0,0
okar,okaiin,125,210,0.9797725091359665,0,1,2,0,0
okar,raiin,125,156,0.9678822385138066,0,0,1,0,0
okar,qokchdy,125,83,0.960559661326711,0,0,2,0,0
okar,opar,125,26,0.9308098386546116,1,0,0,2,0
okar,qokeey,125,480,0.9780668452843774,0,0,2,0,0
okar,okain,125,205,0.9651234741356174,0,1,1,0,0
okar,chey,125,291,0.9814451187877445,0,0,1,0,0
okar,keed,125,21,0.8864828547985865,0,0,0,0,0
okar,sheody,125,61,0.9504403431628217,0,0,1,0,0
okar,sain,125,142,0.9837778720186955,0,0,0,0,1
okar,cheeey,125,21,0.913475177474914,0,0,1,0,0
okar,otaiin,125,212,0.982719360795374,0,0,2,0,0
okar,sheedy,125,210,0.9627012202756378,0,0,1,0,0
okar,okal,125,91,0.9709247784319517,0,1,0,0,0
okar,qokeedy,125,443,0.9844978411478974,0,0,3,0,0
okar,saiin,125,91,0.9644490977352445,0,0,1,0,0
okar,qokar,125,328,0.9876425880123932,0,0,1,4,1
okar,dar,125,587,0.974607424587431,0,0,1,2,0
okar,dain,125,176,0.977299979432825,0,0,0,0,0
okar,qotar,125,60,0.9444468748942354,0,0,1,2,1
okar,pedy,125,20,0.7679581439964307,0,0,0,0,0
okar,teey,125,21,0.8643704251558227,0,0,0,0,0
okar,opchy,125,32,0.9549679634099689,0,0,0,0,0
okar,otedy,125,302,0.971905633955481,0,0,1,0,0
okar,otain,125,197,0.9604626659522688,0,0,1,0,0
okar,koiin,125,25,0.8300402770940941,0,0,1,0,0
okar,chor,125,68,0.9701643164246168,0,0,1,1,0
okar,cheey,125,175,0.9771831297428908,0,0,0,0,0
okar,rar,125,22,0.9201782524923735,0,0,1,2,0
okar,y,125,143,0.9662097358033884,0,0,3,0,0
okar,qol,125,225,0.9573972519948765,0,0,1,0,0
okar,am,125,90,0.9550610959399487,0,0,2,0,0
okar,shckhy,125,108,0.9779610110641379,0,0,1,0,0
okar,al,125,141,0.9592454299457438,0,0,2,0,0
okar,dy,125,157,0.976134224524258,0,0,2,0,0
okar,par,125,22,0.8810608904513506,0,0,1,2,0
okar,shey,125,297,0.9676617424175374,0,0,1,0,0
okar,okeedy,125,177,0.9776903591884033,0,1,2,0,0
okar,qokain,125,435,0.9750273838971821,0,0,2,0,0
okar,opchedaiin,125,22,0.9377855621628971,0,0,5,0,0
okar,qoteedy,125,99,0.9580162561759858,0,0,3,0,0
okar,qoky,125,149,0.9560872966639701,0,0,0,0,0
okar,oky,125,75,0.9595765711668255,0,1,1,0,0
okar,kody,125,21,0.9376168371639522,0,0,0,0,0
okar,sheey,125,211,0.9704577971106637,0,0,0,0,0
okar,dam,125,81,0.957361249231068,0,0,1,0,0
okar,oteedy,125,189,0.9818373814074722,0,0,2,0,0
okar,olkeedy,125,96,0.973465323419243,0,0,3,0,0
okar,dleey,125,51,0.9515938791696097,0,0,1,0,0
okar,shor,125,45,0.9518357325080321,0,0,1,1,0
okar,qokaiin,125,504,0.9838261522695617,0,0,3,0,0
okar,olkal,125,50,0.96341950823458,0,0,1,0,0
okar,chs,125,34,0.9440478622540099,0,0,2,0,0
okar,okeey,125,173,0.9468846454829657,0,1,1,0,0
okar,kd,125,24,0.9504987172257581,0,0,2,0,0
okar,lchey,125,57,0.9587898468342181,0,0,0,0,0
okar,chol,125,136,0.973742337095051,0,0,1,0,0
okar,qotedy,125,142,0.9696243534086336,0,0,2,0,0
okar,oteey,125,169,0.9760493304451372,0,0,1,0,0
okar,cheol,125,107,0.953006883255169,0,0,0,0,0
okar,okol,125,39,0.9282984780795083,0,1,0,0,0
okar,lkar,125,20,0.9077593607323017,1,0,0,3,0
okar,otchdy,125,44,0.9419779054888834,0,0,1,0,0
okar,qotain,125,94,0.9607496156902121,0,0,2,0,0
okar,lchedy,125,177,0.9612858801032124,0,0,1,0,0
okar,daiin,125,462,0.9800428980655586,0,0,1,0,0
okar,aiin,125,327,0.9703039471331171,0,0,0,0,0
okar,dal,125,174,0.976351307567671,0,0,1,0,0
okar,or,125,253,0.9736306346585538,0,0,2,1,0
okar,otar,125,139,0.9819989685315583,1,0,0,2,1
okar,araiin,125,21,0.9317344215268988,0,0,2,0,0
okar,shar,125,33,0.9156210799025774,0,0,1,2,0
okar,aredy,125,27,0.9229743542217093,0,0,1,0,0
okar,tor,125,25,0.8746275924087943,0,0,1,1,0
okar,kal,125,50,0.9481853021596772,0,0,1,0,0
okar,olky,125,34,0.9500805793955757,0,0,0,0,0
okar,shol,125,172,0.9732679162861563,0,0,1,0,0
okar,otody,125,26,0.9022616758386909,0,0,1,0,0
okar,ofeey,125,23,0.8920053079369848,0,0,1,0,0
okar,qokey,125,76,0.9554613707237377,0,0,1,0,0
okar,pcheey,125,22,0.8927565429691597,0,0,1,0,0
okar,chdaiin,125,33,0.9470791237804802,0,0,2,0,0
okar,otal,125,97,0.9595675026965302,0,0,0,0,0
okar,air,125,59,0.933084892393706,0,0,1,1,0
okar,qokeo,125,20,0.9328880786375384,0,0,1,0,0
okar,ytedy,125,23,0.8501609170655049,0,0,1,0,0
okar,ain,125,145,0.9637965398333013,0,0,1,0,0
okar,qotal,125,46,0.9691359985286104,0,0,1,0,0
okar,dair,125,89,0.9725596626877471,0,0,0,1,0
okar,qokor,125,45,0.9479151429623877,0,0,1,1,0
okar,chdy,125,244,0.9675704859032682,0,0,1,0,0
okar,olkaiin,125,112,0.9611161041951484,0,0,3,0,0
okar,okchy,125,33,0.9504009403569118,0,1,0,0,0
okar,olchedy,125,22,0.9101811673197543,0,0,2,0,0
okar,okedy,125,121,0.9662103143721754,0,1,1,0,0
okar,otchy,125,36,0.9516656937142332,0,0,0,0,0
okar,lkaiin,125,102,0.9768972756734035,0,0,2,0,0
okar,qokchedy,125,58,0.8900904075587053,0,0,3,0,0
okar,cthdy,125,33,0.9708359425982503,0,0,1,0,0
okar,otchey,125,27,0.8643256829600483,0,0,1,0,0
okar,oddy,125,26,0.9066421565314509,0,0,0,0,0
okar,chy,125,43,0.948020453089871,0,0,2,0,0
okar,char,125,32,0.8898264779769188,0,0,1,2,0
okar,cheedy,125,73,0.9667579826082567,0,0,1,0,0
okar,qoteey,125,92,0.9672564466606431,0,0,2,0,0
okar,tedy,125,38,0.9550475477463654,0,0,0,0,0
okar,lkdy,125,26,0.9119703062996034,0,0,0,0,0
okar,lkedy,125,20,0.926291819240316,0,0,1,0,0
okar,opchdy,125,23,0.9540816328847694,0,0,1,0,0
okar,okor,125,25,0.8886983491434329,0,1,0,1,0
okar,lkain,125,63,0.9691666666666666,0,0,1,0,0
okar,olkeey,125,94,0.9754915561524303,0,0,2,0,0
okar,qokal,125,215,0.9761854565744682,0,0,1,0,0
okar,chckhey,125,45,0.9666710775437106,0,0,0,0,0
okar,otol,125,40,0.8811725555574257,0,0,0,0,0
okar,qoty,125,21,0.9563943933808038,0,0,0,0,0
okar,kar,125,55,0.9512829975465471,0,0,1,3,0
okar,oty,125,68,0.9582843671989945,0,0,1,0,0
okar,tdy,125,32,0.9366782552435782,0,0,1,0,0
okar,ychy,125,21,0.9455487180297171,0,0,1,0,0
okar,otey,125,31,0.930222300007463,0,0,0,0,0
okar,qotaiin,125,92,0.9655522832851291,0,0,3,0,0
okar,olkain,125,83,0.9531018166848937,0,0,2,0,0
okar,okey,125,27,0.9484492318617288,0,1,0,0,0
okar,kaiin,125,22,0.9269435801986331,0,0,1,0,0
okar,ky,125,30,0.9559636622426395,0,0,2,0,0
okar,qokchy,125,75,0.9610875827912545,0,0,1,0,0
okar,daryeey,125,20,0.8086326684303758,0,0,3,0,0
okar,olkedy,125,35,0.9319376922564153,0,0,2,0,0
okar,qokol,125,106,0.9054739644966024,0,0,1,0,0
okar,shody,125,44,0.8063396646135605,0,0,0,0,0
okar,olkar,125,63,0.9803936806566923,0,0,1,3,1
okar,qotchy,125,20,0.7975966987313579,0,0,1,0,0
okar,taiin,125,49,0.9551805394864882,0,0,1,0,0
okar,sham,125,21,0.8982029383822558,0,0,1,0,0
okar,sar,125,43,0.961125505728694,0,0,1,2,0
okar,lchaiin,125,24,0.9223309842157773,0,0,2,0,0
okar,qoy,125,22,0.8822988033830593,0,0,1,0,0
okar,shes,125,22,0.7756255131884593,0,0,1,0,0
okar,okchey,125,32,0.9345894951468998,0,1,1,0,0
okar,oleedy,125,26,0.9459724707114449,0,0,2,0,0
okar,ody,125,28,0.9107416923739727,0,0,1,0,0
okar,ykar,125,21,0.8455555555555555,1,0,0,3,0
okar,dleo,125,22,0.8327989122561696,0,0,0,0,0
okar,dleeol,125,22,0.9259967587032429,0,0,2,0,0
okar,qokeor,125,20,0.8988487391193135,0,0,2,1,0
okar,olkchdy,125,21,0.907799424013192,0,0,2,0,0
okar,chal,125,29,0.8725801597937581,0,0,1,0,0
okar,tchaiin,125,21,0.9382983657547405,0,0,2,0,0
okar,qokeody,125,21,0.8940549007898232,0,0,3,0,0
okar,ldy,125,21,0.8844355720320142,0,0,1,0,0
okar,laiin,125,37,0.9325536370868055,0,0,1,0,0
okar,schdy,125,21,0.9373867873354298,0,0,0,0,0
okar,sheckhy,125,39,0.9598217984026057,0,0,0,0,0
okar,cheeor,125,26,0.905816867546009,0,0,1,1,0
okar,otedal,125,22,0.8658451836539914,0,0,2,0,0
okar,lsy,125,22,0.9353224480430032,0,0,1,0,0
okar,qoko,125,24,0.7483320462375901,0,0,0,0,0
okar,ytody,125,21,0.9410709814013206,0,0,1,0,0
okar,chody,125,23,0.9440810686652609,0,0,0,0,0
okar,kchy,125,24,0.9536612065978657,0,0,1,0,0
okar,ykal,125,24,0.8862587350511957,0,0,0,0,0
okar,lsedy,125,28,0.9117037923019702,0,0,1,0,0
okar,to,125,24,0.9179065964099221,0,0,2,0,0
okar,pchdy,125,30,0.9455508902212474,0,0,0,0,0
okar,qoeedy,125,23,0.9279365938123626,0,0,2,0,0
okar,otor,125,20,0.9367839145523916,0,0,0,1,0
qokedy,okaiin,293,210,0.9740035919289433,0,0,0,0,0
qokedy,raiin,293,156,0.9836702024829111,0,0,1,0,1
qokedy,qokchdy,293,83,0.9575420158115971,0,1,0,2,0
qokedy,opar,293,26,0.9392129290374505,0,0,2,0,0
qokedy,qokeey,293,480,0.9826815801058623,0,1,0,1,0
qokedy,okain,293,205,0.9761100885760156,0,0,1,0,0
qokedy,chey,293,291,0.9794127508708167,0,0,3,1,0
qokedy,keed,293,21,0.8944031426934674,0,0,2,0,0
qokedy,sheody,293,61,0.954956210195353,0,0,1,2,0
qokedy,sain,293,142,0.976009969238146,0,0,2,0,0
qokedy,cheeey,293,21,0.914983424871218,0,0,1,1,0
qokedy,otaiin,293,212,0.9699199146126546,0,0,0,0,0
qokedy,sheedy,293,210,0.9792419704093548,0,0,1,3,0
qokedy,okal,293,91,0.9619903927421203,0,0,2,0,0
qokedy,qokeedy,293,443,0.9765866550103537,0,1,1,3,0
qokedy,saiin,293,91,0.9558720485721821,0,0,1,0,0
qokedy,qokar,293,328,0.9754092711587559,0,1,1,0,0
qokedy,dar,293,587,0.9874898573083335,0,0,3,0,0
qokedy,dain,293,176,0.9667854648052707,0,0,2,0,0
qokedy,qotar,293,60,0.9403243040703952,0,1,1,0,0
qokedy,pedy,293,20,0.7673587176599801,0,0,2,3,0
qokedy,teey,293,21,0.8860029339205878,0,0,2,1,0
qokedy,opchy,293,32,0.9519626692903355,0,0,2,1,0
qokedy,otedy,293,302,0.9904847668947999,0,0,1,3,1
qokedy,otain,293,197,0.9618729195543098,0,0,1,0,0
qokedy,koiin,293,25,0.8373608678541917,0,0,1,0,0
qokedy,chor,293,68,0.9529815884345614,0,0,3,0,0
qokedy,cheey,293,175,0.9599762008527868,0,0,2,1,0
qokedy,rar,293,22,0.9455971697917037,0,0,3,0,0
qokedy,y,293,143,0.9815362290770038,0,0,5,1,0
qokedy,qol,293,225,0.9822245327069091,0,1,3,0,0
qokedy,am,293,90,0.9760747898364379,0,0,4,0,0
qokedy,shckhy,293,108,0.970088112352518,0,0,3,1,0
qokedy,al,293,141,0.9827900412192633,0,0,4,0,0
qokedy,dy,293,157,0.9660560514336354,0,0,4,2,0
qokedy,par,293,22,0.8909933123420393,0,0,3,0,0
qokedy,shey,293,297,0.987951670976741,0,0,3,1,1
qokedy,okeedy,293,177,0.9658439654917944,0,0,0,3,0
qokedy,qokain,293,435,0.9818175252349081,0,1,0,0,0
qokedy,opchedaiin,293,22,0.9320651010992451,0,0,3,0,0
qokedy,qoteedy,293,99,0.9564312447623717,0,1,1,3,0
qokedy,qoky,293,149,0.9618032955597825,0,1,2,1,0
qokedy,oky,293,75,0.960767651235857,0,0,3,1,0
qokedy,kody,293,21,0.9332711514125669,0,0,2,2,0
qokedy,sheey,293,211,0.9738290989666497,0,0,2,1,0
qokedy,dam,293,81,0.9496669314732159,0,0,3,0,0
qokedy,oteedy,293,189,0.9766386497272086,0,0,0,3,0
qokedy,olkeedy,293,96,0.95947101020084,0,0,1,3,0
qokedy,dleey,293,51,0.9345882751250599,0,0,1,1,0
qokedy,shor,293,45,0.9543731769442572,0,0,3,0,0
qokedy,qokaiin,293,504,0.9748676964714107,0,1,1,0,0
qokedy,olkal,293,50,0.9651124487630953,0,0,1,0,0
qokedy,chs,293,34,0.9457902464882431,0,0,4,0,0
qokedy,okeey,293,173,0.9562381951513176,0,0,1,1,0
qokedy,kd,293,24,0.9571499209391376,0,0,4,0,0
qokedy,lchey,293,57,0.9395022673107033,0,0,2,1,0
qokedy,chol,293,136,0.9867408640378627,0,0,3,0,0
qokedy,qotedy,293,142,0.9856834039148907,0,1,0,3,1
qokedy,oteey,293,169,0.9767447234626557,0,0,1,1,0
qokedy,cheol,293,107,0.9769515412487412,0,0,2,0,0
qokedy,okol,293,39,0.936014521851618,0,0,2,0,0
qokedy,lkar,293,20,0.8744265109623698,0,0,2,0,0
qokedy,otchdy,293,44,0.9389735759550625,0,0,1,2,0
qokedy,qotain,293,94,0.9820676325089731,0,1,0,0,0
qokedy,lchedy,293,177,0.9870001008989118,0,0,1,3,0
qokedy,daiin,293,462,0.9742971293431582,0,0,1,0,0
qokedy,aiin,293,327,0.9797474114468626,0,0,2,0,0
qokedy,dal,293,174,0.9628944922051912,0,0,3,0,0
qokedy,or,293,253,0.9851046896715006,0,0,4,0,0
qokedy,otar,293,139,0.9621456853398191,0,0,2,0,0
qokedy,araiin,293,21,0.9395781074854682,0,0,0,0,0
qokedy,shar,293,33,0.9216156067075998,0,0,3,0,0
qokedy,aredy,293,27,0.9412701788986166,0,0,1,3,0
qokedy,tor,293,25,0.9023813451438083,0,0,3,0,0
qokedy,kal,293,50,0.9676144188586987,0,0,3,0,0
qokedy,olky,293,34,0.9571072051574327,0,0,2,1,0
qokedy,shol,293,172,0.9706041011098979,0,0,3,0,0
qokedy,otody,293,26,0.928611885981465,0,0,1,2,0
qokedy,ofeey,293,23,0.8576183089433689,0,0,1,1,0
qokedy,qokey,293,76,0.9452649405418412,0,1,1,1,0
qokedy,pcheey,293,22,0.8714974008755143,0,0,1,1,0
qokedy,chdaiin,293,33,0.9548209763451286,0,0,0,0,0
qokedy,otal,293,97,0.9604759545533564,0,0,2,0,0
qokedy,air,293,59,0.9626620883229233,0,0,3,0,0
qokedy,qokeo,293,20,0.9343457354459943,0,1,1,0,0
qokedy,ytedy,293,23,0.8931274793183535,0,0,1,3,0
qokedy,ain,293,145,0.9807136446921345,0,0,3,0,0
qokedy,qotal,293,46,0.9541712249133192,0,1,1,0,0
qokedy,dair,293,89,0.9662069875461238,0,0,2,0,0
qokedy,qokor,293,45,0.9453279044018792,0,1,1,0,0
qokedy,chdy,293,244,0.9877862198832233,0,0,3,2,0
qokedy,olkaiin,293,112,0.9615681625099994,0,0,1,0,0
qokedy,okchy,293,33,0.9493159667358028,0,0,2,1,0
qokedy,olchedy,293,22,0.934149905333081,0,0,0,3,0
qokedy,okedy,293,121,0.9707452948044744,0,0,1,5,0
qokedy,otchy,293,36,0.9446199422380416,0,0,2,1,0
qokedy,lkaiin,293,102,0.9794286273021383,0,0,0,0,0
qokedy,qokchedy,293,58,0.9077351315443067,0,1,1,3,0
qokedy,cthdy,293,33,0.9682409455673285,0,0,3,2,0
qokedy,otchey,293,27,0.8581195539250307,0,0,1,1,0
qokedy,oddy,293,26,0.8994323077819402,0,0,2,2,0
qokedy,chy,293,43,0.958853289587389,0,0,4,1,0
qokedy,char,293,32,0.9211580294403864,0,0,3,0,0
qokedy,cheedy,293,73,0.9490110237908312,0,0,1,3,0
qokedy,qoteey,293,92,0.9614372667018738,0,1,0,1,0
qokedy,tedy,293,38,0.9503005858976723,0,0,2,3,0
qokedy,lkdy,293,26,0.9109430147432572,0,0,2,2,0
qokedy,lkedy,293,20,0.9446901413593337,0,0,1,4,0
qokedy,opchdy,293,23,0.9560506191358819,0,0,1,2,0
qokedy,okor,293,25,0.8942615063375511,0,0,2,0,0
qokedy,lkain,293,63,0.9640446399681776,0,0,1,0,0
qokedy,olkeey,293,94,0.9654389902077836,0,0,0,1,0
qokedy,qokal,293,215,0.970702565350376,0,1,1,0,0
qokedy,chckhey,293,45,0.9464602680693462,0,0,2,1,0
qokedy,otol,293,40,0.9018751325339374,0,0,2,0,0
qokedy,qoty,293,21,0.9574991112386813,0,1,2,1,0
qokedy,kar,293,55,0.9641609669555808,0,0,3,0,0
qokedy,oty,293,68,0.9502575758611744,0,0,3,1,0
qokedy,tdy,293,32,0.9474687895029047,0,0,3,2,0
qokedy,ychy,293,21,0.946511142256351,0,0,3,1,0
qokedy,otey,293,31,0.9155823290783787,0,0,2,1,0
qokedy,qotaiin,293,92,0.9712515883155861,0,1,1,0,0
qokedy,olkain,293,83,0.9695578735229954,0,0,0,0,0
qokedy,okey,293,27,0.9378357065081262,0,0,2,1,0
qokedy,kaiin,293,22,0.947533632453944,0,0,1,0,0
qokedy,ky,293,30,0.9469512798718797,0,0,4,1,0
qokedy,qokchy,293,75,0.9637625949604585,0,1,1,1,0
qokedy,daryeey,293,20,0.7673783572595888,0,0,1,1,0
qokedy,olkedy,293,35,0.9105316424468118,1,0,0,4,0
qokedy,qokol,293,106,0.9159515298168305,0,1,1,0,0
qokedy,shody,293,44,0.8212913159308584,0,0,2,2,0
qokedy,olkar,293,63,0.9732169883700027,0,0,1,0,0
qokedy,qotchy,293,20,0.7531300077431708,0,1,1,1,0
qokedy,taiin,293,49,0.9503350546831318,0,0,1,0,0
qokedy,sham,293,21,0.915776857024894,0,0,3,0,0
qokedy,sar,293,43,0.9632211037187198,0,0,3,0,0
qokedy,lchaiin,293,24,0.9542355256570587,0,0,0,0,0
qokedy,qoy,293,22,0.914036655965066,0,1,3,1,0
qokedy,shes,293,22,0.8019466960613688,0,0,3,0,0
qokedy,okchey,293,32,0.9474586425882853,0,0,1,1,0
qokedy,oleedy,293,26,0.9425038483856765,0,0,0,3,0
qokedy,ody,293,28,0.92983309027781,0,0,3,2,0
qokedy,ykar,293,21,0.855162036953281,0,0,2,0,0
qokedy,dleo,293,22,0.8222417934106289,0,0,2,0,0
qokedy,dleeol,293,22,0.9249307644608901,0,0,0,0,0
qokedy,qokeor,293,20,0.8928675394195686,0,1,0,0,0
qokedy,olkchdy,293,21,0.8857657816471514,0,0,0,2,0
qokedy,chal,293,29,0.8520104298391873,0,0,3,0,0
qokedy,tchaiin,293,21,0.9423888838142525,0,0,0,0,0
qokedy,qokeody,293,21,0.9050794362594657,0,1,1,2,0
qokedy,ldy,293,21,0.8897239470324304,0,0,3,2,0
qokedy,laiin,293,37,0.943941793401434,0,0,1,0,0
qokedy,schdy,293,21,0.9440003760815894,0,0,2,2,0
qokedy,sheckhy,293,39,0.9686057251195298,0,0,2,1,0
qokedy,cheeor,293,26,0.9019277773107697,0,0,1,0,0
qokedy,otedal,293,22,0.9005251651014718,0,0,0,0,0
qokedy,lsy,293,22,0.9471637605515857,0,0,3,1,0
qokedy,qoko,293,24,0.7753893421795023,0,1,2,0,0
qokedy,ytody,293,21,0.9484527035738,0,0,1,2,0
qokedy,chody,293,23,0.9622464965149788,0,0,2,2,0
qokedy,kchy,293,24,0.9341964714177218,0,0,3,1,0
qokedy,ykal,293,24,0.9148110776617663,0,0,2,0,0
qokedy,lsedy,293,28,0.9327071516361922,0,0,1,3,0
qokedy,to,293,24,0.912240878819002,0,0,4,0,0
qokedy,pchdy,293,30,0.9466612278470384,0,0,2,2,0
qokedy,qoeedy,293,23,0.9532487939120382,0,1,0,3,0
qokedy,otor,293,20,0.9236307043886642,0,0,2,0,0
okaiin,raiin,210,156,0.9649582387438012,0,0,1,4,0
okaiin,qokchdy,210,83,0.9710571049626114,0,0,0,0,0
okaiin,opar,210,26,0.9387672400367568,0,0,2,0,0
okaiin,qokeey,210,480,0.9860811696314077,0,0,0,0,0
okaiin,okain,210,205,0.9630086283198271,0,1,1,2,0
okaiin,chey,210,291,0.9863919050454067,0,0,3,0,0
okaiin,keed,210,21,0.8903343196590776,0,0,2,0,0
okaiin,sheody,210,61,0.9623322158677314,0,0,1,0,0
okaiin,sain,210,142,0.9795327360775132,0,0,2,2,0
okaiin,cheeey,210,21,0.931502294713019,0,0,1,0,0
okaiin,otaiin,210,212,0.9838129909945785,1,0,0,4,1
okaiin,sheedy,210,210,0.9706304345473752,0,0,1,0,0
okaiin,okal,210,91,0.9717772305561082,0,1,2,0,0
okaiin,qokeedy,210,443,0.9835229956616076,0,0,1,0,0
okaiin,saiin,210,91,0.9685399945173732,0,0,1,4,0
okaiin,qokar,210,328,0.9844451353440744,0,0,1,0,0
okaiin,dar,210,587,0.9789317277993056,0,0,3,0,0
okaiin,dain,210,176,0.9824324259364486,0,0,2,2,0
okaiin,qotar,210,60,0.9576565442907718,0,0,1,0,0
okaiin,pedy,210,20,0.7592880122700248,0,0,2,0,0
okaiin,teey,210,21,0.8892697318181898,0,0,2,0,0
okaiin,opchy,210,32,0.9659266204255922,0,0,2,0,0
okaiin,otedy,210,302,0.975519919481262,0,0,1,0,0
okaiin,otain,210,197,0.9546062504824138,0,0,1,2,0
okaiin,koiin,210,25,0.828453528937072,0,0,1,3,0
okaiin,chor,210,68,0.9768363505955452,0,0,3,0,0
okaiin,cheey,210,175,0.9805259348310933,0,0,2,0,0
okaiin,rar,210,22,0.9355959852748688,0,0,3,0,0
okaiin,y,210,143,0.9725578154549206,0,0,5,0,0
okaiin,qol,210,225,0.9717114321302361,0,0,3,0,0
okaiin,am,210,90,0.9636275385707438,0,0,4,0,0
okaiin,shckhy,210,108,0.984284011541304,0,0,3,0,0
okaiin,al,210,141,0.969492252571329,0,0,4,0,0
okaiin,dy,210,157,0.9664574350048396,0,0,4,0,0
okaiin,par,210,22,0.8882987748338689,0,0,3,0,0
okaiin,shey,210,297,0.9675725000235113,0,0,3,0,0
okaiin,okeedy,210,177,0.974822643813915,0,1,0,0,0
okaiin,qokain,210,435,0.9714888653780959,0,0,0,2,0
okaiin,opchedaiin,210,22,0.9550452780850827,0,0,3,4,0
okaiin,qoteedy,210,99,0.9691014741040938,0,0,1,0,0
okaiin,qoky,210,149,0.9705884370573459,0,0,2,0,0
okaiin,oky,210,75,0.9628817968185632,0,1,3,0,0
okaiin,kody,210,21,0.9330517966651642,0,0,2,0,0
okaiin,sheey,210,211,0.9825415709440948,0,0,2,0,1
okaiin,dam,210,81,0.965607155804945,0,0,3,0,0
okaiin,oteedy,210,189,0.9831277305879839,0,0,0,0,0
okaiin,olkeedy,210,96,0.9668929478843523,0,0,1,0,0
okaiin,dleey,210,51,0.9411274562669214,0,0,1,0,0
okaiin,shor,210,45,0.9651198545855615,0,0,3,0,0
okaiin,qokaiin,210,504,0.9898513039859184,0,0,1,6,1
okaiin,olkal,210,50,0.9719838186967277,0,0,1,0,0
okaiin,chs,210,34,0.9455080875053014,0,0,4,0,0
okaiin,okeey,210,173,0.9666606230966718,0,1,1,0,0
okaiin,kd,210,24,0.9480023487957663,0,0,4,0,0
okaiin,lchey,210,57,0.9526242547924978,0,0,2,0,0
okaiin,chol,210,136,0.9782600052446214,0,0,3,0,0
okaiin,qotedy,210,142,0.9714728885876327,0,0,0,0,0
okaiin,oteey,210,169,0.9851992435962853,0,0,1,0,0
okaiin,cheol,210,107,0.9678034310641657,0,0,2,0,0
okaiin,okol,210,39,0.9469287750049604,0,1,2,0,0
okaiin,lkar,210,20,0.8912691163541672,0,0,2,0,0
okaiin,otchdy,210,44,0.9549416125634808,0,0,1,0,0
okaiin,qotain,210,94,0.9692843311815217,0,0,0,2,0
okaiin,lchedy,210,177,0.9745715270959819,0,0,1,0,0
okaiin,daiin,210,462,0.9850898980781478,0,0,1,4,0
okaiin,aiin,210,327,0.9680775311524688,0,0,2,4,0
okaiin,dal,210,174,0.9760823902845601,0,0,3,0,0
okaiin,or,210,253,0.9728684245598332,0,0,4,0,0
okaiin,otar,210,139,0.9733406247749511,0,0,2,0,0
okaiin,araiin,210,21,0.9333732423126295,1,0,0,4,0
okaiin,shar,210,33,0.9292862463914263,0,0,3,0,0
okaiin,aredy,210,27,0.9443112905750367,0,0,1,0,0
okaiin,tor,210,25,0.8986065666397822,0,0,3,0,0
okaiin,kal,210,50,0.9583134713374866,0,0,3,0,0
okaiin,olky,210,34,0.9573414562467726,0,0,2,0,0
okaiin,shol,210,172,0.9811609529816198,0,0,3,0,0
okaiin,otody,210,26,0.9139221749486968,0,0,1,0,0
okaiin,ofeey,210,23,0.8697409419307327,0,0,1,0,0
okaiin,qokey,210,76,0.9659390212897301,0,0,1,0,0
okaiin,pcheey,210,22,0.8754511215323132,0,0,1,0,0
okaiin,chdaiin,210,33,0.9502678766609194,1,0,0,4,0
okaiin,otal,210,97,0.9713885258771903,0,0,2,0,0
okaiin,air,210,59,0.949377206203196,0,0,3,0,0
okaiin,qokeo,210,20,0.9344957271412178,0,0,1,0,0
okaiin,ytedy,210,23,0.8802650006130673,0,0,1,0,0
okaiin,ain,210,145,0.9718341327292872,0,0,3,2,0
okaiin,qotal,210,46,0.9598017373717193,0,0,1,0,0
okaiin,dair,210,89,0.9786467390584187,0,0,2,0,0
okaiin,qokor,210,45,0.9567402932248513,0,0,1,0,0
okaiin,chdy,210,244,0.9725697968291156,0,0,3,0,0
okaiin,olkaiin,210,112,0.9693939043593627,0,0,1,5,1
okaiin,okchy,210,33,0.959809661828975,0,1,2,0,0
okaiin,olchedy,210,22,0.9274778616683574,0,0,0,0,0
okaiin,okedy,210,121,0.9821794032555842,0,1,1,0,0
okaiin,otchy,210,36,0.9617637383607684,0,0,2,0,0
okaiin,lkaiin,210,102,0.9853488328618314,1,0,0,5,0
okaiin,qokchedy,210,58,0.9171959037387997,0,0,1,0,0
okaiin,cthdy,210,33,0.9722974152091867,0,0,3,0,0
okaiin,otchey,210,27,0.8883089232807345,0,0,1,0,0
okaiin,oddy,210,26,0.9000457186255512,0,0,2,0,0
okaiin,chy,210,43,0.9587676411778575,0,0,4,0,0
okaiin,char,210,32,0.9077099050349697,0,0,3,0,0
okaiin,cheedy,210,73,0.9698384776216284,0,0,1,0,0
okaiin,qoteey,210,92,0.9723713571199419,0,0,0,0,0
okaiin,tedy,210,38,0.9400432073730719,0,0,2,0,0
okaiin,lkdy,210,26,0.8987119790144324,0,0,2,0,0
okaiin,lkedy,210,20,0.9375728648046854,0,0,1,0,0
okaiin,opchdy,210,23,0.9570025745175491,0,0,1,0,0
okaiin,okor,210,25,0.8994073192241627,0,1,2,0,0
okaiin,lkain,210,63,0.9753431578288418,0,0,1,2,0
okaiin,olkeey,210,94,0.9728906142280492,0,0,0,0,0
okaiin,qokal,210,215,0.9793215102523852,0,0,1,0,0
okaiin,chckhey,210,45,0.9631437903992319,0,0,2,0,0
okaiin,otol,210,40,0.9047185430162855,0,0,2,0,0
okaiin,qoty,210,21,0.9521788587589546,0,0,2,0,0
okaiin,kar,210,55,0.9591934381672155,0,0,3,0,0
okaiin,oty,210,68,0.9539199153695168,0,0,3,0,0
okaiin,tdy,210,32,0.9454872112548983,0,0,3,0,0
okaiin,ychy,210,21,0.9456101986018725,0,0,3,0,0
okaiin,otey,210,31,0.9416153146960259,0,0,2,0,0
okaiin,qotaiin,210,92,0.978416588887619,0,0,1,4,1
okaiin,olkain,210,83,0.9610256746480966,0,0,0,2,0
okaiin,okey,210,27,0.9561802945341571,0,1,2,0,0
okaiin,kaiin,210,22,0.9302681747752537,0,0,1,5,0
okaiin,ky,210,30,0.9426842117211706,0,0,4,0,0
okaiin,qokchy,210,75,0.9730535833068883,0,0,1,0,0
okaiin,daryeey,210,20,0.8030589153145222,0,0,1,0,0
okaiin,olkedy,210,35,0.9383248040333265,0,0,0,0,0
okaiin,qokol,210,106,0.9252767363504982,0,0,1,0,0
okaiin,shody,210,44,0.8422282600885004,0,0,2,0,0
okaiin,olkar,210,63,0.9814304798803388,0,0,1,0,0
okaiin,qotchy,210,20,0.790686043912638,0,0,1,0,0
okaiin,taiin,210,49,0.9538534397527727,0,0,1,4,0
okaiin,sham,210,21,0.9145369881033231,0,0,3,0,0
okaiin,sar,210,43,0.9663096315912598,0,0,3,0,0
okaiin,lchaiin,210,24,0.9468622952789075,1,0,0,4,0
okaiin,qoy,210,22,0.9030954482386572,0,0,3,0,0
okaiin,shes,210,22,0.8152599734828352,0,0,3,0,0
okaiin,okchey,210,32,0.9548448798925637,0,1,1,0,0
okaiin,oleedy,210,26,0.9472987243980949,0,0,0,0,0
okaiin,ody,210,28,0.9403217742106154,0,0,3,0,0
okaiin,ykar,210,21,0.8338253835662102,0,0,2,0,0
okaiin,dleo,210,22,0.8543560538986446,0,0,2,0,0
okaiin,dleeol,210,22,0.9356904827556457,0,0,0,0,0
okaiin,qokeor,210,20,0.8984429592954449,0,0,0,0,0
okaiin,olkchdy,210,21,0.9043122346016197,0,0,0,0,0
okaiin,chal,210,29,0.8626074094263889,0,0,3,0,0
okaiin,tchaiin,210,21,0.924790281903846,1,0,0,4,0
okaiin,qokeody,210,21,0.9077480610302411,0,0,1,0,0
okaiin,ldy,210,21,0.8854477036800449,0,0,3,0,0
okaiin,laiin,210,37,0.943917854028223,0,0,1,4,0
okaiin,schdy,210,21,0.9495793804958039,0,0,2,0,0
okaiin,sheckhy,210,39,0.9742446669242643,0,0,2,0,0
okaiin,cheeor,210,26,0.8946167869743169,0,0,1,0,0
okaiin,otedal,210,22,0.8889356325537872,0,0,0,0,0
okaiin,lsy,210,22,0.9478547972539014,0,0,3,0,0
okaiin,qoko,210,24,0.7708037007346704,0,0,2,0,0
okaiin,ytody,210,21,0.9505189820773895,0,0,1,0,0
okaiin,chody,210,23,0.9469451723541635,0,0,2,0,0
okaiin,kchy,210,24,0.9430519908368451,0,0,3,0,0
okaiin,ykal,210,24,0.8994419385306835,0,0,2,0,0
okaiin,lsedy,210,28,0.9217961301710842,0,0,1,0,0
okaiin,to,210,24,0.9039175653394796,0,0,4,0,0
okaiin,pchdy,210,30,0.9410218832800048,0,0,2,0,0
okaiin,qoeedy,210,23,0.943751964256873,0,0,0,0,0
okaiin,otor,210,20,0.9290607870237294,0,0,2,0,0
raiin,qokchdy,156,83,0.9449946113474053,0,0,1,0,0
raiin,opar,156,26,0.925534039560303,0,0,1,0,0
raiin,qokeey,156,480,0.9705731967024837,0,0,1,0,0
raiin,okain,156,205,0.9807059901115047,0,0,0,2,0
raiin,chey,156,291,0.9754550720898364,0,0,2,0,0
raiin,keed,156,21,0.8968239236289376,0,0,1,0,0
raiin,sheody,156,61,0.9482410663560072,0,0,0,0,0
raiin,sain,156,142,0.9710269055617532,0,0,1,2,0
raiin,cheeey,156,21,0.9070718268904218,0,0,0,0,0
raiin,otaiin,156,212,0.9715286011124883,0,0,1,4,0
raiin,sheedy,156,210,0.9726626512424494,0,0,0,0,0
raiin,okal,156,91,0.9587834238770724,0,0,1,0,0
raiin,qokeedy,156,443,0.97779549049687,0,0,2,0,0
raiin,saiin,156,91,0.945135840405781,1,0,0,4,0
raiin,qokar,156,328,0.9712963059779133,0,0,0,0,0
raiin,dar,156,587,0.9867736096024535,0,0,2,0,0
raiin,dain,156,176,0.961980459573458,0,0,1,2,0
raiin,qotar,156,60,0.9189356196574475,0,0,0,0,0
raiin,pedy,156,20,0.7774575976637512,0,0,1,0,0
raiin,teey,156,21,0.8605389426167939,0,0,1,0,0
raiin,opchy,156,32,0.9413569092212692,0,0,1,0,0
raiin,otedy,156,302,0.988023749687885,0,0,0,0,1
raiin,otain,156,197,0.9717353918916198,0,0,0,2,0
raiin,koiin,156,25,0.8376048539005422,1,0,0,3,0
raiin,chor,156,68,0.9506458408834265,0,0,2,0,0
raiin,cheey,156,175,0.9575891301616782,0,0,1,0,0
raiin,rar,156,22,0.9252621160224033,0,1,2,0,0
raiin,y,156,143,0.9765408110993624,0,0,4,0,0
raiin,qol,156,225,0.966550877430537,0,0,2,0,0
raiin,am,156,90,0.9712813091323041,0,0,3,0,0
raiin,shckhy,156,108,0.9639852445381719,0,0,2,0,0
raiin,al,156,141,0.9716750484479967,0,0,3,0,0
raiin,dy,156,157,0.9744332459966855,0,0,3,0,0
raiin,par,156,22,0.8869586677572373,0,0,2,0,0
raiin,shey,156,297,0.9901420946322097,0,0,2,0,1
raiin,okeedy,156,177,0.9688049965926129,0,0,1,0,0
raiin,qokain,156,435,0.9853874776856542,0,0,1,2,0
raiin,opchedaiin,156,22,0.9178008346198036,0,0,4,4,0
raiin,qoteedy,156,99,0.9365155893739011,0,0,2,0,0
raiin,qoky,156,149,0.9484347503630652,0,0,1,0,0
raiin,oky,156,75,0.9617105389187222,0,0,2,0,0
raiin,kody,156,21,0.9383307541001702,0,0,1,0,0
raiin,sheey,156,211,0.9575925747819806,0,0,1,0,0
raiin,dam,156,81,0.9380641466914208,0,0,2,0,0
raiin,oteedy,156,189,0.9713008066490527,0,0,1,0,0
raiin,olkeedy,156,96,0.9685280962843952,0,0,2,0,0
raiin,dleey,156,51,0.9438638281799265,0,0,0,0,0
raiin,shor,156,45,0.9394729346505841,0,0,2,0,0
raiin,qokaiin,156,504,0.9694012342329823,0,0,2,4,0
raiin,olkal,156,50,0.961730046145709,0,0,0,0,0
raiin,chs,156,34,0.9381283395680027,0,0,3,0,0
raiin,okeey,156,173,0.9327493284036014,0,0,0,0,0
raiin,kd,156,24,0.958366452195526,0,0,3,0,0
raiin,lchey,156,57,0.9448573022213772,0,0,1,0,0
raiin,chol,156,136,0.9777552190456809,0,0,2,0,0
raiin,qotedy,156,142,0.9819681219010351,0,0,1,0,1
raiin,oteey,156,169,0.966740462365623,0,0,0,0,0
raiin,cheol,156,107,0.9626104999184918,0,0,1,0,0
raiin,okol,156,39,0.9239616642102191,0,0,1,0,0
raiin,lkar,156,20,0.9018371201960315,0,0,1,0,0
raiin,otchdy,156,44,0.9269585440737214,0,0,0,0,0
raiin,qotain,156,94,0.9728256342531638,0,0,1,2,0
raiin,lchedy,156,177,0.9713947468892447,0,0,0,0,0
raiin,daiin,156,462,0.968798156017471,1,0,0,4,0
raiin,aiin,156,327,0.9849700817121221,0,0,1,4,0
raiin,dal,156,174,0.9654202632804162,0,0,2,0,0
raiin,or,156,253,0.9845837307893796,0,0,3,0,0
raiin,otar,156,139,0.9634853509758642,0,0,1,0,0
raiin,araiin,156,21,0.9295061031636435,0,0,1,5,0
raiin,shar,156,33,0.9030127366389468,0,0,2,0,0
raiin,aredy,156,27,0.9162827392516352,0,0,0,0,0
raiin,tor,156,25,0.8670473766514036,0,0,2,0,0
raiin,kal,156,50,0.9533407606771545,0,0,2,0,0
raiin,olky,156,34,0.9506485184934074,0,0,1,0,0
raiin,shol,156,172,0.9592347746135241,0,0,2,0,0
raiin,otody,156,26,0.9150027869457403,0,0,0,0,0
raiin,ofeey,156,23,0.8761023144703328,0,0,0,0,0
raiin,qokey,156,76,0.9313002814328883,0,0,0,0,0
raiin,pcheey,156,22,0.8971543250851977,0,0,0,0,0
raiin,chdaiin,156,33,0.9450668513978892,0,0,1,4,0
raiin,otal,156,97,0.9444832299130154,0,0,1,0,0
raiin,air,156,59,0.9444849948519027,0,0,2,0,0
raiin,qokeo,156,20,0.9474495086331722,0,0,0,0,0
raiin,ytedy,156,23,0.8584450586134451,0,0,0,0,0
raiin,ain,156,145,0.9778048406716575,0,0,2,2,0
raiin,qotal,156,46,0.9626103028818991,0,0,0,0,0
raiin,dair,156,89,0.9603211890174167,0,0,1,0,0
raiin,qokor,156,45,0.9307961289313909,0,0,0,0,0
raiin,chdy,156,244,0.9839315516290243,0,0,2,0,0
raiin,olkaiin,156,112,0.9566400225721577,0,0,2,4,0
raiin,okchy,156,33,0.9427964573808307,0,0,1,0,0
raiin,olchedy,156,22,0.9053094550272622,0,0,1,0,0
raiin,okedy,156,121,0.9579518500620497,0,0,0,0,0
raiin,otchy,156,36,0.9412131500839372,0,0,1,0,0
raiin,lkaiin,156,102,0.969205485090876,0,0,1,4,0
raiin,qokchedy,156,58,0.876772338221258,0,0,2,0,0
raiin,cthdy,156,33,0.9677413217907728,0,0,2,0,0
raiin,otchey,156,27,0.8309498886569299,0,0,0,0,0
raiin,oddy,156,26,0.9075898360311973,0,0,1,0,0
raiin,chy,156,43,0.9418413551422167,0,0,3,0,0
raiin,char,156,32,0.9122654208308945,0,0,2,0,0
raiin,cheedy,156,73,0.9423585372169365,0,0,0,0,0
raiin,qoteey,156,92,0.9543073745758356,0,0,1,0,0
raiin,tedy,156,38,0.9633828922347666,0,0,1,0,0
raiin,lkdy,156,26,0.9349097671164261,0,0,1,0,0
raiin,lkedy,156,20,0.9325772717008284,0,0,0,0,0
raiin,opchdy,156,23,0.9480522676597374,0,0,0,0,0
raiin,okor,156,25,0.8817865774673405,0,0,1,0,0
raiin,lkain,156,63,0.9564607501889978,0,0,0,2,0
raiin,olkeey,156,94,0.9683665421400202,0,0,1,0,0
raiin,qokal,156,215,0.9638047198145602,0,0,0,0,0
raiin,chckhey,156,45,0.9497601732988071,0,0,1,0,0
raiin,otol,156,40,0.8846773964763239,0,0,1,0,0
raiin,qoty,156,21,0.9588400704365418,0,0,1,0,0
raiin,kar,156,55,0.9472333710837877,0,0,2,0,0
raiin,oty,156,68,0.9539791029870471,0,0,2,0,0
raiin,tdy,156,32,0.922944456228655,0,0,2,0,0
raiin,ychy,156,21,0.9480772277048319,0,0,2,0,0
raiin,otey,156,31,0.9097725862011964,0,0,1,0,0
raiin,qotaiin,156,92,0.9591934794584682,0,0,2,4,0
raiin,olkain,156,83,0.9636079889271658,0,0,1,2,0
raiin,okey,156,27,0.9322952908950628,0,0,1,0,0
raiin,kaiin,156,22,0.9460648628498172,1,0,0,4,0
raiin,ky,156,30,0.959719570251276,0,0,3,0,0
raiin,qokchy,156,75,0.9530563423824299,0,0,0,0,0
raiin,daryeey,156,20,0.7754502964506945,0,0,2,0,0
raiin,olkedy,156,35,0.9221519987395188,0,0,1,0,0
raiin,qokol,156,106,0.9004890123894329,0,0,0,0,0
raiin,shody,156,44,0.7941938333872913,0,0,1,0,0
raiin,olkar,156,63,0.965577809732818,0,0,0,0,0
raiin,qotchy,156,20,0.7700357975929442,0,0,0,0,0
raiin,taiin,156,49,0.952207570900725,1,0,0,4,0
raiin,sham,156,21,0.8977638677184558,0,0,2,0,0
raiin,sar,156,43,0.9584307003880096,0,0,2,0,0
raiin,lchaiin,156,24,0.9252124040004007,0,0,1,4,0
raiin,qoy,156,22,0.888940200221414,0,0,2,0,0
raiin,shes,156,22,0.7682822619252144,0,0,2,0,0
raiin,okchey,156,32,0.9229823002901526,0,0,0,0,0
raiin,oleedy,156,26,0.9419467687373405,0,0,1,0,0
raiin,ody,156,28,0.9015221675309874,0,0,2,0,0
raiin,ykar,156,21,0.8704795585034822,0,0,1,0,0
raiin,dleo,156,22,0.8014058164113999,0,0,1,0,0
raiin,dleeol,156,22,0.9190122604672589,0,0,1,0,0
raiin,qokeor,156,20,0.8967080870187438,0,0,1,0,0
raiin,olkchdy,156,21,0.8842267388804362,0,0,1,0,0
raiin,chal,156,29,0.871094844875203,0,0,2,0,0
raiin,tchaiin,156,21,0.9486367887191787,0,0,1,4,0
raiin,qokeody,156,21,0.8842974690851367,0,0,2,0,0
raiin,ldy,156,21,0.8889813072367168,0,0,2,0,0
raiin,laiin,156,37,0.9293579321317361,1,0,0,4,0
raiin,schdy,156,21,0.945009653869933,0,0,1,0,0
raiin,sheckhy,156,39,0.9599345443927341,0,0,1,0,0
raiin,cheeor,156,26,0.9240429571115331,0,0,0,0,0
raiin,otedal,156,22,0.8721596594637215,0,0,1,0,0
raiin,lsy,156,22,0.9291143852591122,0,0,2,0,0
raiin,qoko,156,24,0.7377770366370974,0,0,1,0,0
raiin,ytody,156,21,0.9440648089660569,0,0,0,0,0
raiin,chody,156,23,0.9590303836500715,0,0,1,0,0
raiin,kchy,156,24,0.9407618262432901,0,0,2,0,0
raiin,ykal,156,24,0.9088724690287667,0,0,1,0,0
raiin,lsedy,156,28,0.9089111472267251,0,0,0,0,0
raiin,to,156,24,0.9198732349576231,0,0,3,0,0
raiin,pchdy,156,30,0.9547895000098199,0,0,1,0,0
raiin,qoeedy,156,23,0.9329883605312654,0,0,1,0,0
raiin,otor,156,20,0.9217580883605578,0,0,1,0,0
qokchdy,opar,83,26,0.9384478195164251,0,0,2,0,0
qokchdy,qokeey,83,480,0.9719608604647829,0,1,0,1,0
qokchdy,okain,83,205,0.9389612482513535,0,0,1,0,0
qokchdy,chey,83,291,0.9722435544347632,0,0,3,1,0
qokchdy,keed,83,21,0.8590544156290877,0,0,2,0,0
qokchdy,sheody,83,61,0.9437993270717622,0,0,1,2,0
qokchdy,sain,83,142,0.9595039982765486,0,0,2,0,0
qokchdy,cheeey,83,21,0.9185664959931252,0,0,1,1,0
qokchdy,otaiin,83,212,0.9575699806374057,0,0,0,0,0
qokchdy,sheedy,83,210,0.9474660570062543,0,0,1,2,0
qokchdy,okal,83,91,0.9689687911156413,0,0,2,0,0
qokchdy,qokeedy,83,443,0.9620907465033869,0,1,1,2,0
qokchdy,saiin,83,91,0.9598160583674753,0,0,1,0,0
qokchdy,qokar,83,328,0.966634853109576,0,1,1,0,0
qokchdy,dar,83,587,0.9584851382341191,0,0,3,0,0
qokchdy,dain,83,176,0.967635246257202,0,0,2,0,0
qokchdy,qotar,83,60,0.9386178092205791,0,1,1,0,0
qokchdy,pedy,83,20,0.7434450815941668,0,0,2,2,0
qokchdy,teey,83,21,0.880362189636725,0,0,2,1,0
qokchdy,opchy,83,32,0.9406840311296614,0,0,2,1,0
qokchdy,otedy,83,302,0.9592322733326021,0,0,1,2,0
qokchdy,otain,83,197,0.9264910289374564,0,0,1,0,0
qokchdy,koiin,83,25,0.8215638999833439,0,0,1,0,0
qokchdy,chor,83,68,0.950967246846851,0,0,3,0,0
qokchdy,cheey,83,175,0.9619330020906266,0,0,2,1,0
qokchdy,rar,83,22,0.916604663040773,0,0,3,0,0
qokchdy,y,83,143,0.9589068813868088,0,0,5,1,0
qokchdy,qol,83,225,0.9582806727645049,0,1,3,0,0
qokchdy,am,83,90,0.9473504131084501,0,0,4,0,0
qokchdy,shckhy,83,108,0.9684276271177958,0,0,3,1,0
qokchdy,al,83,141,0.9512616345831559,0,0,4,0,0
qokchdy,dy,83,157,0.9478413738423721,0,0,4,2,0
qokchdy,par,83,22,0.8726767461681528,0,0,3,0,0
qokchdy,shey,83,297,0.9507554771964677,0,0,3,1,0
qokchdy,okeedy,83,177,0.9518487959257435,0,0,0,2,0
qokchdy,qokain,83,435,0.94841930117289,0,1,0,0,0
qokchdy,opchedaiin,83,22,0.9469273876804064,0,0,3,0,0
qokchdy,qoteedy,83,99,0.9625449080249119,0,1,1,2,0
qokchdy,qoky,83,149,0.9554256807328715,0,1,2,1,0
qokchdy,oky,83,75,0.9430546583344815,0,0,3,1,0
qokchdy,kody,83,21,0.9102733163031002,0,0,2,2,0
qokchdy,sheey,83,211,0.9684934046563188,0,0,2,1,0
qokchdy,dam,83,81,0.962253354651647,0,0,3,0,0
qokchdy,oteedy,83,189,0.9654201926117898,0,0,0,2,0
qokchdy,olkeedy,83,96,0.9380626392586494,0,0,1,2,0
qokchdy,dleey,83,51,0.9192720720928836,0,0,1,1,0
qokchdy,shor,83,45,0.9539480100392403,0,0,3,0,0
qokchdy,qokaiin,83,504,0.969275774577345,0,1,1,0,0
qokchdy,olkal,83,50,0.9510035410376532,0,0,1,0,0
qokchdy,chs,83,34,0.9112351271244286,0,0,4,0,0
qokchdy,okeey,83,173,0.9599176660187714,0,0,1,1,0
qokchdy,kd,83,24,0.9307061874151507,0,0,4,0,0
qokchdy,lchey,83,57,0.9407111629850495,0,0,2,1,0
qokchdy,chol,83,136,0.9601485691630924,0,0,3,0,0
qokchdy,qotedy,83,142,0.9541455325343162,0,1,0,2,0
qokchdy,oteey,83,169,0.9710629313053751,0,0,1,1,0
qokchdy,cheol,83,107,0.9505699849366653,0,0,2,0,0
qokchdy,okol,83,39,0.9439917097467305,0,0,2,0,0
qokchdy,lkar,83,20,0.8618090147550405,0,0,2,0,0
qokchdy,otchdy,83,44,0.9552760548098954,0,0,1,3,1
qokchdy,qotain,83,94,0.9479164446817122,0,1,0,0,0
qokchdy,lchedy,83,177,0.9571511898167713,0,0,1,2,0
qokchdy,daiin,83,462,0.9744456614614788,0,0,1,0,0
qokchdy,aiin,83,327,0.9447578571464187,0,0,2,0,0
qokchdy,dal,83,174,0.9616995246332246,0,0,3,0,0
qokchdy,or,83,253,0.9509139892879108,0,0,4,0,0
qokchdy,otar,83,139,0.9561284652692262,0,0,2,0,0
qokchdy,araiin,83,21,0.9162493016423016,0,0,0,0,0
qokchdy,shar,83,33,0.9261162460834849,0,0,3,0,0
qokchdy,aredy,83,27,0.9295377241740586,0,0,1,2,0
qokchdy,tor,83,25,0.8964096264592757,0,0,3,0,0
qokchdy,kal,83,50,0.9478639325601935,0,0,3,0,0
qokchdy,olky,83,34,0.9485192653185797,0,0,2,1,0
qokchdy,shol,83,172,0.9700688687612756,0,0,3,0,0
qokchdy,otody,83,26,0.9006922572029465,0,0,1,2,0
qokchdy,ofeey,83,23,0.8420969180281277,0,0,1,1,0
qokchdy,qokey,83,76,0.9518093526438054,0,1,1,1,0
qokchdy,pcheey,83,22,0.8411995301504651,0,0,1,1,0
qokchdy,chdaiin,83,33,0.9274094961001483,0,0,0,0,0
qokchdy,otal,83,97,0.9647361566624305,0,0,2,0,0
qokchdy,air,83,59,0.9390708947591576,0,0,3,0,0
qokchdy,qokeo,83,20,0.9115748100264461,0,1,1,0,0
qokchdy,ytedy,83,23,0.8671669142456043,0,0,1,2,0
qokchdy,ain,83,145,0.9559337489078875,0,0,3,0,0
qokchdy,qotal,83,46,0.9430807366871636,0,1,1,0,0
qokchdy,dair,83,89,0.9667479054687831,0,0,2,0,0
qokchdy,qokor,83,45,0.9384561477428748,0,1,1,0,0
qokchdy,chdy,83,244,0.9536584729772296,0,0,3,3,0
qokchdy,olkaiin,83,112,0.9470765895919174,0,0,1,0,0
qokchdy,okchy,83,33,0.9393177732443085,0,0,2,1,0
qokchdy,olchedy,83,22,0.916846856382188,0,0,0,2,0
qokchdy,okedy,83,121,0.9674331086990798,0,0,1,2,0
qokchdy,otchy,83,36,0.936440733987524,0,0,2,1,0
qokchdy,lkaiin,83,102,0.964268765327703,0,0,0,0,0
qokchdy,qokchedy,83,58,0.9035759200936723,0,1,1,2,0
qokchdy,cthdy,83,33,0.9509745788679758,0,0,3,2,0
qokchdy,otchey,83,27,0.8587548105666618,0,0,1,1,0
qokchdy,oddy,83,26,0.8739873993458391,0,0,2,2,0
qokchdy,chy,83,43,0.9502368165954932,0,0,4,1,0
qokchdy,char,83,32,0.900038935894296,0,0,3,0,0
qokchdy,cheedy,83,73,0.9565612463377321,0,0,1,2,0
qokchdy,qoteey,83,92,0.9596227951421867,0,1,0,1,0
qokchdy,tedy,83,38,0.916268445262447,0,0,2,2,0
qokchdy,lkdy,83,26,0.8682660197321959,0,0,2,2,0
qokchdy,lkedy,83,20,0.9256208298584535,0,0,1,2,0
qokchdy,opchdy,83,23,0.932905798864411,0,0,1,3,0
qokchdy,okor,83,25,0.8853659144860537,0,0,2,0,0
qokchdy,lkain,83,63,0.9518741106661519,0,0,1,0,0
qokchdy,olkeey,83,94,0.9529247034762166,0,0,0,1,0
qokchdy,qokal,83,215,0.9677581562863271,0,1,1,0,0
qokchdy,chckhey,83,45,0.9389511005805854,0,0,2,1,0
qokchdy,otol,83,40,0.9290347438410238,0,0,2,0,0
qokchdy,qoty,83,21,0.9324126771519854,0,1,2,1,0
qokchdy,kar,83,55,0.9464396898461522,0,0,3,0,0
qokchdy,oty,83,68,0.9360057378962577,0,0,3,1,0
qokchdy,tdy,83,32,0.9313975144527259,0,0,3,2,0
qokchdy,ychy,83,21,0.9235173443971166,0,0,3,1,0
qokchdy,otey,83,31,0.9192273697275518,0,0,2,1,0
qokchdy,qotaiin,83,92,0.9630786562682244,0,1,1,0,0
qokchdy,olkain,83,83,0.9439640319167069,0,0,0,0,0
qokchdy,okey,83,27,0.9262501414046906,0,0,2,1,0
qokchdy,kaiin,83,22,0.9076371930371533,0,0,1,0,0
qokchdy,ky,83,30,0.9169973545081116,0,0,4,1,0
qokchdy,qokchy,83,75,0.9595996474657537,0,1,1,1,0
qokchdy,daryeey,83,20,0.7748278372680377,0,0,1,1,0
qokchdy,olkedy,83,35,0.9143901198113734,0,0,0,2,0
qokchdy,qokol,83,106,0.9371095329725504,0,1,1,0,0
qokchdy,shody,83,44,0.8702572137094898,0,0,2,2,0
qokchdy,olkar,83,63,0.9590804610342348,0,0,1,0,0
qokchdy,qotchy,83,20,0.7568840360209762,0,1,1,1,0
qokchdy,taiin,83,49,0.9178981972183087,0,0,1,0,0
qokchdy,sham,83,21,0.8998695366272992,0,0,3,0,0
qokchdy,sar,83,43,0.9547838140276279,0,0,3,0,0
qokchdy,lchaiin,83,24,0.9411844041301027,0,0,0,0,0
qokchdy,qoy,83,22,0.9025867717478746,0,1,3,1,0
qokchdy,shes,83,22,0.819562496955298,0,0,3,0,0
qokchdy,okchey,83,32,0.9451995864623637,0,0,1,1,0
qokchdy,oleedy,83,26,0.9223904752844508,0,0,0,2,0
qokchdy,ody,83,28,0.9204273038192002,0,0,3,2,0
qokchdy,ykar,83,21,0.8063133349378906,0,0,2,0,0
qokchdy,dleo,83,22,0.8250655727264686,0,0,2,0,0
qokchdy,dleeol,83,22,0.9134147195385725,0,0,0,0,0
qokchdy,qokeor,83,20,0.8738657347363203,0,1,0,0,0
qokchdy,olkchdy,83,21,0.9034168040149287,1,0,0,4,1
qokchdy,chal,83,29,0.8305202383674486,0,0,3,0,0
qokchdy,tchaiin,83,21,0.9044900317101784,0,0,0,0,0
qokchdy,qokeody,83,21,0.9087375004802478,0,1,1,2,0
qokchdy,ldy,83,21,0.8787402837323453,0,0,3,2,0
qokchdy,laiin,83,37,0.9351111541076534,0,0,1,0,0
qokchdy,schdy,83,21,0.9297302818207273,0,0,2,3,0
qokchdy,sheckhy,83,39,0.9600658744563035,0,0,2,1,1
qokchdy,cheeor,83,26,0.8653170681317828,0,0,1,0,0
qokchdy,otedal,83,22,0.8784093287744937,0,0,0,0,0
qokchdy,lsy,83,22,0.9314237573340867,0,0,3,1,0
qokchdy,qoko,83,24,0.7612371793408147,0,1,2,0,0
qokchdy,ytody,83,21,0.930358213614873,0,0,1,2,0
qokchdy,chody,83,23,0.9274955641270096,0,0,2,2,0
qokchdy,kchy,83,24,0.9257130799551774,0,0,3,1,0
qokchdy,ykal,83,24,0.877581693673467,0,0,2,0,0
qokchdy,lsedy,83,28,0.914639464930078,0,0,1,2,0
qokchdy,to,83,24,0.8785415467140804,0,0,4,0,0
qokchdy,pchdy,83,30,0.9238615827053968,0,0,2,3,0
qokchdy,qoeedy,83,23,0.9253868748543621,0,1,0,2,0
qokchdy,otor,83,20,0.911567015278037,0,0,2,0,0
opar,qokeey,26,480,0.9480078863205786,0,0,2,0,0
opar,okain,26,205,0.9237568668334749,0,0,1,0,0
opar,chey,26,291,0.9402575725718509,0,0,1,0,0
opar,keed,26,21,0.837264890125027,0,0,0,0,0
opar,sheody,26,61,0.9054825863342186,0,0,1,0,0
opar,sain,26,142,0.9329920527958505,0,0,0,0,0
opar,cheeey,26,21,0.8791278938007465,0,0,1,0,0
opar,otaiin,26,212,0.9307879284577381,0,0,2,0,0
opar,sheedy,26,210,0.9383542894140035,0,0,1,0,0
opar,okal,26,91,0.9377653731922259,0,0,0,0,0
opar,qokeedy,26,443,0.929906549525253,0,0,3,0,0
opar,saiin,26,91,0.9282972013545402,0,0,1,0,0
opar,qokar,26,328,0.9382686668711107,0,0,1,2,0
opar,dar,26,587,0.9301158933459718,0,0,1,2,0
opar,dain,26,176,0.9408085456614798,0,0,0,0,0
opar,qotar,26,60,0.905043168936939,0,0,1,2,0
opar,pedy,26,20,0.724353288044756,0,0,0,0,0
opar,teey,26,21,0.8592334249044079,0,0,0,0,0
opar,opchy,26,32,0.9093661515675802,0,1,0,0,0
opar,otedy,26,302,0.9319771749575322,0,0,1,0,0
opar,otain,26,197,0.9179873717700602,0,0,1,0,0
opar,koiin,26,25,0.8171775841931976,0,0,1,0,0
opar,chor,26,68,0.9213759332717223,0,0,1,1,0
opar,cheey,26,175,0.9254354433549136,0,0,0,0,0
opar,rar,26,22,0.9174354825988627,0,0,1,2,0
opar,y,26,143,0.9348437980910331,0,0,3,0,0
opar,qol,26,225,0.9417056529826151,0,0,1,0,0
opar,am,26,90,0.9315279473674828,0,0,2,0,0
opar,shckhy,26,108,0.93488606748197,0,0,1,0,0
opar,al,26,141,0.9400011975562209,0,0,2,0,0
opar,dy,26,157,0.9216829344332849,0,0,2,0,0
opar,par,26,22,0.8752602230540801,0,0,1,3,1
opar,shey,26,297,0.929390814028633,0,0,1,0,0
opar,okeedy,26,177,0.9240260755555366,0,0,2,0,0
opar,qokain,26,435,0.9334950199632106,0,0,2,0,0
opar,opchedaiin,26,22,0.907342354606217,0,1,5,0,0
opar,qoteedy,26,99,0.923120273292623,0,0,3,0,0
opar,qoky,26,149,0.9247264727243457,0,0,0,0,0
opar,oky,26,75,0.9127031002066037,0,0,1,0,0
opar,kody,26,21,0.8904986271062123,0,0,0,0,0
opar,sheey,26,211,0.9409508991097215,0,0,0,0,0
opar,dam,26,81,0.9302489715636351,0,0,1,0,0
opar,oteedy,26,189,0.9331671962136803,0,0,2,0,0
opar,olkeedy,26,96,0.9111334864824969,0,0,3,0,0
opar,dleey,26,51,0.8963015899693914,0,0,1,0,0
opar,shor,26,45,0.9364415512901917,0,0,1,1,0
opar,qokaiin,26,504,0.9381815748893287,0,0,3,0,0
opar,olkal,26,50,0.9227111788742854,0,0,1,0,0
opar,chs,26,34,0.9096226911298543,0,0,2,0,0
opar,okeey,26,173,0.9396821108378985,0,0,1,0,0
opar,kd,26,24,0.8962269670936862,0,0,2,0,0
opar,lchey,26,57,0.9060184453996987,0,0,0,0,0
opar,chol,26,136,0.9435953964193413,0,0,1,0,0
opar,qotedy,26,142,0.9367194681101881,0,0,2,0,0
opar,oteey,26,169,0.94894729286022,0,0,1,0,0
opar,cheol,26,107,0.9358243030312887,0,0,0,0,0
opar,okol,26,39,0.9010467630497001,0,0,0,0,0
opar,lkar,26,20,0.8217860197792725,1,0,0,2,0
opar,otchdy,26,44,0.9073704218927867,0,0,1,0,0
opar,qotain,26,94,0.9443297191141136,0,0,2,0,0
opar,lchedy,26,177,0.9384496810459546,0,0,1,0,0
opar,daiin,26,462,0.9440224241064195,0,0,1,0,0
opar,aiin,26,327,0.9237887905773216,0,0,0,0,0
opar,dal,26,174,0.9339343570992509,0,0,1,0,0
opar,or,26,253,0.9298205264657707,0,0,2,1,0
opar,otar,26,139,0.9188551199510496,1,0,0,2,0
opar,araiin,26,21,0.9068900235517694,0,0,2,0,0
opar,shar,26,33,0.8841234966248286,0,0,1,2,0
opar,aredy,26,27,0.9068992406163178,0,0,1,0,0
opar,tor,26,25,0.8745360391236359,0,0,1,1,0
opar,kal,26,50,0.9242509788189954,0,0,1,0,0
opar,olky,26,34,0.9115519930126175,0,0,0,0,0
opar,shol,26,172,0.9489990607090234,0,0,1,0,0
opar,otody,26,26,0.881731030662755,0,0,1,0,0
opar,ofeey,26,23,0.8085165301908408,0,0,1,0,0
opar,qokey,26,76,0.9238784356793209,0,0,1,0,0
opar,pcheey,26,22,0.8193717881174639,0,0,1,0,0
opar,chdaiin,26,33,0.9064509729175916,0,0,2,0,0
opar,otal,26,97,0.9330360210290786,0,0,0,0,0
opar,air,26,59,0.9162872105434522,0,0,1,1,0
opar,qokeo,26,20,0.8940821370660604,0,0,1,0,0
opar,ytedy,26,23,0.8608371576884121,0,0,1,0,0
opar,ain,26,145,0.9395099601249164,0,0,1,0,0
opar,qotal,26,46,0.9131898142037218,0,0,1,0,0
opar,dair,26,89,0.9414704166287993,0,0,0,1,0
opar,qokor,26,45,0.9064470979949215,0,0,1,1,0
opar,chdy,26,244,0.9381038766062229,0,0,1,0,0
opar,olkaiin,26,112,0.9168976057947775,0,0,3,0,0
opar,okchy,26,33,0.9098887683724783,0,0,0,0,0
opar,olchedy,26,22,0.9026480178179354,0,0,2,0,0
opar,okedy,26,121,0.9416267379669281,0,0,1,0,0
opar,otchy,26,36,0.9188723578718513,0,0,0,0,0
opar,lkaiin,26,102,0.9382065446876827,0,0,2,0,0
opar,qokchedy,26,58,0.8849377538616854,0,0,3,0,0
opar,cthdy,26,33,0.924547866430014,0,0,1,0,0
opar,otchey,26,27,0.8610215636125441,0,0,1,0,0
opar,oddy,26,26,0.8405979712449771,0,0,0,0,0
opar,chy,26,43,0.9274414720324123,0,0,2,0,0
opar,char,26,32,0.8655371395062874,0,0,1,2,0
opar,cheedy,26,73,0.916866354278686,0,0,1,0,0
opar,qoteey,26,92,0.9359280210690879,0,0,2,0,0
opar,tedy,26,38,0.900535753271246,0,0,0,0,0
opar,lkdy,26,26,0.8365557668577733,0,0,0,0,0
opar,lkedy,26,20,0.9038682959045877,0,0,1,0,0
opar,opchdy,26,23,0.9129896925237726,0,1,1,0,0
opar,okor,26,25,0.8608119774469238,0,0,0,1,0
opar,lkain,26,63,0.9362703656864301,0,0,1,0,0
opar,olkeey,26,94,0.9296909262608393,0,0,2,0,0
opar,qokal,26,215,0.9371619653041335,0,0,1,0,0
opar,chckhey,26,45,0.9070998107258929,0,0,0,0,0
opar,otol,26,40,0.8851351450877238,0,0,0,0,0
opar,qoty,26,21,0.9061085066981077,0,0,0,0,0
opar,kar,26,55,0.9264778257471775,0,0,1,2,0
opar,oty,26,68,0.9002914300635625,0,0,1,0,0
opar,tdy,26,32,0.90744523142172,0,0,1,0,0
opar,ychy,26,21,0.8971563466649884,0,0,1,0,0
opar,otey,26,31,0.882237993034307,0,0,0,0,0
opar,qotaiin,26,92,0.9388492885599444,0,0,3,0,0
opar,olkain,26,83,0.9439347776337437,0,0,2,0,0
opar,okey,26,27,0.9007378233671323,0,0,0,0,0
opar,kaiin,26,22,0.9005978506093816,0,0,1,0,0
opar,ky,26,30,0.8865227506876202,0,0,2,0,0
opar,qokchy,26,75,0.9335553897220142,0,0,1,0,0
opar,daryeey,26,20,0.756187089247004,0,0,3,0,0
opar,olkedy,26,35,0.8695879143472361,0,0,2,0,0
opar,qokol,26,106,0.883075384722001,0,0,1,0,0
opar,shody,26,44,0.7971579270127981,0,0,0,0,0
opar,olkar,26,63,0.9319138009459027,0,0,1,2,0
opar,qotchy,26,20,0.7225869414717834,0,0,1,0,0
opar,taiin,26,49,0.9112147911385708,0,0,1,0,0
opar,sham,26,21,0.8740293951532853,0,0,1,0,0
opar,sar,26,43,0.9217821488102581,0,0,1,2,0
opar,lchaiin,26,24,0.911203385753021,0,0,2,0,0
opar,qoy,26,22,0.8868270309387543,0,0,1,0,0
opar,shes,26,22,0.7906914447433762,0,0,1,0,0
opar,okchey,26,32,0.9188809437435557,0,0,1,0,0
opar,oleedy,26,26,0.8972276308734519,0,0,2,0,0
opar,ody,26,28,0.8990016635862363,0,0,1,0,0
opar,ykar,26,21,0.8014373520546023,1,0,0,2,0
opar,dleo,26,22,0.8324947586974573,0,0,0,0,0
opar,dleeol,26,22,0.8972092295491626,0,0,2,0,0
opar,qokeor,26,20,0.8433159102574203,0,0,2,1,0
opar,olkchdy,26,21,0.8696482678394166,0,0,2,0,0
opar,chal,26,29,0.8076344035505888,0,0,1,0,0
opar,tchaiin,26,21,0.8800573192297301,0,0,2,0,0
opar,qokeody,26,21,0.8773824395270646,0,0,3,0,0
opar,ldy,26,21,0.8545318548454115,0,0,1,0,0
opar,laiin,26,37,0.9117791686731854,0,0,1,0,0
opar,schdy,26,21,0.9013808878592894,0,0,0,0,0
opar,sheckhy,26,39,0.9272116930677855,0,0,0,0,0
opar,cheeor,26,26,0.8416012612436066,0,0,1,1,0
opar,otedal,26,22,0.8848248354019389,0,0,2,0,1
opar,lsy,26,22,0.8971753189688585,0,0,1,0,0
opar,qoko,26,24,0.7409036262209483,0,0,0,0,0
opar,ytody,26,21,0.9140838249039505,0,0,1,0,0
opar,chody,26,23,0.9010024724342658,0,0,0,0,0
opar,kchy,26,24,0.8946750577612211,0,0,1,0,0
opar,ykal,26,24,0.8562085764495759,0,0,0,0,0
opar,lsedy,26,28,0.9062586890114598,0,0,1,0,0
opar,to,26,24,0.8589629637247346,0,0,2,0,0
opar,pchdy,26,30,0.8835195423291852,0,0,0,0,0
opar,qoeedy,26,23,0.9079955000625625,0,0,2,0,0
opar,otor,26,20,0.8767320701841046,0,0,0,1,0
qokeey,okain,480,205,0.9649565023485915,0,0,1,0,0
qokeey,chey,480,291,0.9868514363261135,0,0,3,2,0
qokeey,keed,480,21,0.8822084943119816,0,0,2,0,0
qokeey,sheody,480,61,0.963126968357097,0,0,1,1,0
qokeey,sain,480,142,0.9845676852214079,0,0,2,0,0
qokeey,cheeey,480,21,0.9261918688635687,0,0,1,3,0
qokeey,otaiin,480,212,0.9756075092680888,0,0,0,0,0
qokeey,sheedy,480,210,0.9737505774941203,0,0,1,1,0
qokeey,okal,480,91,0.9742758115880833,0,0,2,0,0
qokeey,qokeedy,480,443,0.9821268659506138,0,1,1,1,0
qokeey,saiin,480,91,0.973084897073066,0,0,1,0,0
qokeey,qokar,480,328,0.9874995580809249,0,1,1,0,0
qokeey,dar,480,587,0.9805176814933244,0,0,3,0,0
qokeey,dain,480,176,0.9816470078128502,0,0,2,0,0
qokeey,qotar,480,60,0.9651900481545881,0,1,1,0,0
qokeey,pedy,480,20,0.7618559626909205,0,0,2,1,0
qokeey,teey,480,21,0.9033892095341004,0,0,2,3,0
qokeey,opchy,480,32,0.9658752297333192,0,0,2,1,0
qokeey,otedy,480,302,0.9806592110185698,0,0,1,1,0
qokeey,otain,480,197,0.9518283585599798,0,0,1,0,0
qokeey,koiin,480,25,0.8331883991459876,0,0,1,0,0
qokeey,chor,480,68,0.9644827969358494,0,0,3,0,0
qokeey,cheey,480,175,0.9730822320108312,0,0,2,3,0
qokeey,rar,480,22,0.9434837626925539,0,0,3,0,0
qokeey,y,480,143,0.9772349465149959,0,0,5,1,0
qokeey,qol,480,225,0.9843256239946798,0,1,3,0,0
qokeey,am,480,90,0.9696103867740626,0,0,4,0,0
qokeey,shckhy,480,108,0.9839510697824588,0,0,3,1,0
qokeey,al,480,141,0.975281237944662,0,0,4,0,0
qokeey,dy,480,157,0.9680821784021881,0,0,4,1,0
qokeey,par,480,22,0.8889509592785342,0,0,3,0,0
qokeey,shey,480,297,0.9735840393872189,0,0,3,2,0
qokeey,okeedy,480,177,0.973552634725975,0,0,0,1,0
qokeey,qokain,480,435,0.9725666738310188,0,1,0,0,0
qokeey,opchedaiin,480,22,0.9536540443826917,0,0,3,0,0
qokeey,qoteedy,480,99,0.9792557719396985,0,1,1,1,0
qokeey,qoky,480,149,0.9744549631243028,0,1,2,1,0
qokeey,oky,480,75,0.9628563653664235,0,0,3,1,0
qokeey,kody,480,21,0.9264519141016052,0,0,2,1,0
qokeey,sheey,480,211,0.9866620142152125,0,0,2,3,0
qokeey,dam,480,81,0.9696015237770497,0,0,3,0,0
qokeey,oteedy,480,189,0.9858069610168224,0,0,0,1,0
qokeey,olkeedy,480,96,0.9608103786924344,0,0,1,1,0
qokeey,dleey,480,51,0.9337778975165234,0,0,1,3,0
qokeey,shor,480,45,0.9689341473942849,0,0,3,0,0
qokeey,qokaiin,480,504,0.9859449093495761,0,1,1,0,0
qokeey,olkal,480,50,0.9704042808136873,0,0,1,0,0
qokeey,chs,480,34,0.946253642738972,0,0,4,0,0
qokeey,okeey,480,173,0.98085091089351,0,0,1,5,1
qokeey,kd,480,24,0.9465640429211164,0,0,4,0,0
qokeey,lchey,480,57,0.943518058198642,0,0,2,2,0
qokeey,chol,480,136,0.9839776326698743,0,0,3,0,0
qokeey,qotedy,480,142,0.9804390661331011,0,1,0,1,0
qokeey,oteey,480,169,0.9919405817817336,0,0,1,3,1
qokeey,cheol,480,107,0.9753463343401184,0,0,2,0,0
qokeey,okol,480,39,0.9382693864739077,0,0,2,0,0
qokeey,lkar,480,20,0.8645714303975495,0,0,2,0,0
qokeey,otchdy,480,44,0.9527934607682641,0,0,1,1,0
qokeey,qotain,480,94,0.9765709647549483,0,1,0,0,0
qokeey,lchedy,480,177,0.9838286301072237,0,0,1,1,0
qokeey,daiin,480,462,0.9910079318479141,0,0,1,0,0
qokeey,aiin,480,327,0.9695764850265194,0,0,2,0,0
qokeey,dal,480,174,0.9771972991941333,0,0,3,0,0
qokeey,or,480,253,0.9768188382403951,0,0,4,0,0
qokeey,otar,480,139,0.9745563820171522,0,0,2,0,0
qokeey,araiin,480,21,0.9419985355908608,0,0,0,0,0
qokeey,shar,480,33,0.9363155773555242,0,0,3,0,0
qokeey,aredy,480,27,0.9571568086633245,0,0,1,1,0
qokeey,tor,480,25,0.9214400346269501,0,0,3,0,0
qokeey,kal,480,50,0.9695474316010785,0,0,3,0,0
qokeey,olky,480,34,0.9657132140958321,0,0,2,1,0
qokeey,shol,480,172,0.9890365962202876,0,0,3,0,1
qokeey,otody,480,26,0.9195658572633031,0,0,1,1,0
qokeey,ofeey,480,23,0.8532108087546132,0,0,1,3,0
qokeey,qokey,480,76,0.9618997031934257,0,1,1,2,0
qokeey,pcheey,480,22,0.8587731593431068,0,0,1,3,0
qokeey,chdaiin,480,33,0.9499694934106148,0,0,0,0,0
qokeey,otal,480,97,0.9765370243426574,0,0,2,0,0
qokeey,air,480,59,0.9580767486124006,0,0,3,0,0
qokeey,qokeo,480,20,0.9313413794218348,0,1,1,0,0
qokeey,ytedy,480,23,0.8974177885660221,0,0,1,1,0
qokeey,ain,480,145,0.9757639804326954,0,0,3,0,0
qokeey,qotal,480,46,0.9554735112542391,0,1,1,0,0
qokeey,dair,480,89,0.9819642767129015,0,0,2,0,0
qokeey,qokor,480,45,0.9620225199191625,0,1,1,0,0
qokeey,chdy,480,244,0.9812316987960789,0,0,3,1,0
qokeey,olkaiin,480,112,0.9636307799950152,0,0,1,0,0
qokeey,okchy,480,33,0.9529380706851834,0,0,2,1,0
qokeey,olchedy,480,22,0.9453116655221466,0,0,0,1,0
qokeey,okedy,480,121,0.9865183018007978,0,0,1,1,0
qokeey,otchy,480,36,0.9554155845331005,0,0,2,1,0
qokeey,lkaiin,480,102,0.9880534933719363,0,0,0,0,0
qokeey,qokchedy,480,58,0.9239217098331675,0,1,1,1,0
qokeey,cthdy,480,33,0.9731132658289143,0,0,3,1,0
qokeey,otchey,480,27,0.8791065176685305,0,0,1,2,0
qokeey,oddy,480,26,0.9063072387535636,0,0,2,1,0
qokeey,chy,480,43,0.9668328513070671,0,0,4,1,0
qokeey,char,480,32,0.9214808015540288,0,0,3,0,0
qokeey,cheedy,480,73,0.9611623439030048,0,0,1,1,0
qokeey,qoteey,480,92,0.9760655405884481,0,1,0,3,1
qokeey,tedy,480,38,0.9427028279156189,0,0,2,1,0
qokeey,lkdy,480,26,0.8953608669185402,0,0,2,1,0
qokeey,lkedy,480,20,0.9549163830039004,0,0,1,1,0
qokeey,opchdy,480,23,0.9580749649170464,0,0,1,1,0
qokeey,okor,480,25,0.9162270676504737,0,0,2,0,0
qokeey,lkain,480,63,0.9770373598134078,0,0,1,0,0
qokeey,olkeey,480,94,0.9717469000497404,1,0,0,4,1
qokeey,qokal,480,215,0.9834420281038564,0,1,1,0,0
qokeey,chckhey,480,45,0.9547606790996578,0,0,2,2,0
qokeey,otol,480,40,0.907976089947169,0,0,2,0,0
qokeey,qoty,480,21,0.9558993972842266,0,1,2,1,0
qokeey,kar,480,55,0.9679371399956017,0,0,3,0,0
qokeey,oty,480,68,0.9518017683103668,0,0,3,1,0
qokeey,tdy,480,32,0.9613078850502907,0,0,3,1,0
qokeey,ychy,480,21,0.9392707254185537,0,0,3,1,0
qokeey,otey,480,31,0.932555931976237,0,0,2,2,0
qokeey,qotaiin,480,92,0.980241426155684,0,1,1,0,0
qokeey,olkain,480,83,0.9674823322320131,0,0,0,0,0
qokeey,okey,480,27,0.9517450445289842,0,0,2,2,0
qokeey,kaiin,480,22,0.9364305487995664,0,0,1,0,0
qokeey,ky,480,30,0.9368968734438616,0,0,4,1,0
qokeey,qokchy,480,75,0.9723431001824051,0,1,1,1,0
qokeey,daryeey,480,20,0.788068991208432,0,0,1,3,0
qokeey,olkedy,480,35,0.9193153334876114,0,0,0,1,0
qokeey,qokol,480,106,0.9232125076376387,0,1,1,0,0
qokeey,shody,480,44,0.8317740681212175,0,0,2,1,0
qokeey,olkar,480,63,0.9828253866130389,0,0,1,0,0
qokeey,qotchy,480,20,0.7605009481148373,0,1,1,1,0
qokeey,taiin,480,49,0.9545380056496153,0,0,1,0,0
qokeey,sham,480,21,0.9084257829393433,0,0,3,0,0
qokeey,sar,480,43,0.9675090113601412,0,0,3,0,0
qokeey,lchaiin,480,24,0.965217362223652,0,0,0,0,0
qokeey,qoy,480,22,0.9208049189499348,0,1,3,1,0
qokeey,shes,480,22,0.8227434565871932,0,0,3,0,0
qokeey,okchey,480,32,0.9596641773103899,0,0,1,2,0
qokeey,oleedy,480,26,0.9403757496606548,0,0,0,1,0
qokeey,ody,480,28,0.9476362028402827,0,0,3,1,0
qokeey,ykar,480,21,0.8436216075620824,0,0,2,0,0
qokeey,dleo,480,22,0.8495007896162631,0,0,2,0,0
qokeey,dleeol,480,22,0.9320895220621777,0,0,0,0,0
qokeey,qokeor,480,20,0.8952266308956758,0,1,0,0,0
qokeey,olkchdy,480,21,0.8968619358674735,0,0,0,1,0
qokeey,chal,480,29,0.841923510902688,0,0,3,0,0
qokeey,tchaiin,480,21,0.9326961985523321,0,0,0,0,0
qokeey,qokeody,480,21,0.9231833646397426,0,1,1,1,0
qokeey,ldy,480,21,0.9007878985324845,0,0,3,1,0
qokeey,laiin,480,37,0.9570499985956814,0,0,1,0,0
qokeey,schdy,480,21,0.9508469527397837,0,0,2,1,0
qokeey,sheckhy,480,39,0.9765855102243257,0,0,2,1,0
qokeey,cheeor,480,26,0.8846212725429896,0,0,1,0,0
qokeey,otedal,480,22,0.905933588117661,0,0,0,0,0
qokeey,lsy,480,22,0.9532606911989081,0,0,3,1,0
qokeey,qoko,480,24,0.7964816599868881,0,1,2,0,0
qokeey,ytody,480,21,0.9540344316079818,0,0,1,1,0
qokeey,chody,480,23,0.9509548841218101,0,0,2,1,0
qokeey,kchy,480,24,0.9380253355710875,0,0,3,1,0
qokeey,ykal,480,24,0.9082806241773408,0,0,2,0,0
qokeey,lsedy,480,28,0.9329742257780076,0,0,1,1,0
qokeey,to,480,24,0.9008948041862469,0,0,4,0,0
qokeey,pchdy,480,30,0.9376386983667334,0,0,2,1,0
qokeey,qoeedy,480,23,0.9524852879646974,0,1,0,1,0
qokeey,otor,480,20,0.9343249971553194,0,0,2,0,0
okain,chey,205,291,0.9724627471035625,0,0,2,0,0
okain,keed,205,21,0.894541880223167,0,0,1,0,0
okain,sheody,205,61,0.9434147325482184,0,0,0,0,0
okain,sain,205,142,0.9655294338641796,0,0,1,3,0
okain,cheeey,205,21,0.9001888388308281,0,0,0,0,0
okain,otaiin,205,212,0.9698920896643803,0,0,1,2,0
okain,sheedy,205,210,0.9819505926763934,0,0,0,0,1
okain,okal,205,91,0.9534618389139191,0,1,1,0,0
okain,qokeedy,205,443,0.9719739343352557,0,0,2,0,0
okain,saiin,205,91,0.9366843964435292,0,0,0,2,0
okain,qokar,205,328,0.9668312214704095,0,0,0,0,0
okain,dar,205,587,0.9841831063373901,0,0,2,0,0
okain,dain,205,176,0.9584597540163465,0,0,1,3,0
okain,qotar,205,60,0.9097534934280007,0,0,0,0,0
okain,pedy,205,20,0.8210295054979969,0,0,1,0,0
okain,teey,205,21,0.8536887377613219,0,0,1,0,0
okain,opchy,205,32,0.9398923934643387,0,0,1,0,0
okain,otedy,205,302,0.9785599874798606,0,0,0,0,0
okain,otain,205,197,0.9834534455222559,1,0,0,3,1
okain,koiin,205,25,0.8191543083529701,0,0,0,2,0
okain,chor,205,68,0.948581096297247,0,0,2,0,0
okain,cheey,205,175,0.9549882131888969,0,0,1,0,0
okain,rar,205,22,0.9245753234820385,0,0,2,0,0
okain,y,205,143,0.9753275376156925,0,0,4,0,0
okain,qol,205,225,0.958988381119599,0,0,2,0,0
okain,am,205,90,0.9625378412708137,0,0,3,0,0
okain,shckhy,205,108,0.9602275349529146,0,0,2,0,0
okain,al,205,141,0.9712747644952536,0,0,3,0,0
okain,dy,205,157,0.9701220770368779,0,0,3,0,0
okain,par,205,22,0.8799984755061403,0,0,2,0,0
okain,shey,205,297,0.9793787767871716,0,0,2,0,0
okain,okeedy,205,177,0.9631400741695171,0,1,1,0,0
okain,qokain,205,435,0.9926618240219212,0,0,1,5,1
okain,opchedaiin,205,22,0.9169867697125215,0,0,4,2,0
okain,qoteedy,205,99,0.9289073370302499,0,0,2,0,0
okain,qoky,205,149,0.9518117605349834,0,0,1,0,0
okain,oky,205,75,0.9650908112935436,0,1,2,0,0
okain,kody,205,21,0.9382325357005782,0,0,1,0,0
okain,sheey,205,211,0.9523006661250433,0,0,1,0,0
okain,dam,205,81,0.9311404656110174,0,0,2,0,0
okain,oteedy,205,189,0.9652020874035312,0,0,1,0,0
okain,olkeedy,205,96,0.9607364734059595,0,0,2,0,0
okain,dleey,205,51,0.937155648807445,0,0,0,0,0
okain,shor,205,45,0.9355361633089706,0,0,2,0,0
okain,qokaiin,205,504,0.9671926220765573,0,0,2,2,0
okain,olkal,205,50,0.9577141064130682,0,0,0,0,0
okain,chs,205,34,0.9384542761512555,0,0,3,0,0
okain,okeey,205,173,0.9245954582590329,0,1,0,0,0
okain,kd,205,24,0.952368541163818,0,0,3,0,0
okain,lchey,205,57,0.9438802945236562,0,0,1,0,0
okain,chol,205,136,0.9754556146987329,0,0,2,0,0
okain,qotedy,205,142,0.9734422796970545,0,0,1,0,0
okain,oteey,205,169,0.9603519596508417,0,0,0,0,0
okain,cheol,205,107,0.9577189887580776,0,0,1,0,0
okain,okol,205,39,0.9187003840940384,0,1,1,0,0
okain,lkar,205,20,0.9074756760670131,0,0,1,0,0
okain,otchdy,205,44,0.9258484910073999,0,0,0,0,0
okain,qotain,205,94,0.9794953637024687,0,0,1,3,1
okain,lchedy,205,177,0.9679979128555455,0,0,0,0,0
okain,daiin,205,462,0.9629628669507189,0,0,0,2,0
okain,aiin,205,327,0.9844191164124114,0,0,1,2,0
okain,dal,205,174,0.9597223708161656,0,0,2,0,0
okain,or,205,253,0.9818330217444003,0,0,3,0,0
okain,otar,205,139,0.9571273615895823,0,0,1,0,0
okain,araiin,205,21,0.9269459812107649,0,0,1,2,0
okain,shar,205,33,0.9007031968685868,0,0,2,0,0
okain,aredy,205,27,0.9129502571854157,0,0,0,0,0
okain,tor,205,25,0.8590840499985767,0,0,2,0,0
okain,kal,205,50,0.9508030678216843,0,0,2,0,0
okain,olky,205,34,0.9476443623610957,0,0,1,0,0
okain,shol,205,172,0.9524630986929744,0,0,2,0,0
okain,otody,205,26,0.9053813545370957,0,0,0,0,0
okain,ofeey,205,23,0.8734261258772803,0,0,0,0,0
okain,qokey,205,76,0.9284021574976418,0,0,0,0,0
okain,pcheey,205,22,0.9085443492901965,0,0,0,0,0
okain,chdaiin,205,33,0.9424839201925357,0,0,1,2,0
okain,otal,205,97,0.9368128100716785,0,0,1,0,0
okain,air,205,59,0.9425683933342032,0,0,2,0,0
okain,qokeo,205,20,0.9549186719316509,0,0,0,0,0
okain,ytedy,205,23,0.8433110753359412,0,0,0,0,0
okain,ain,205,145,0.9730297693526975,0,0,2,3,0
okain,qotal,205,46,0.9588343660221812,0,0,0,0,0
okain,dair,205,89,0.9552142311565727,0,0,1,0,0
okain,qokor,205,45,0.928863798131966,0,0,0,0,0
okain,chdy,205,244,0.9802012742507856,0,0,2,0,0
okain,olkaiin,205,112,0.9540241114990451,0,0,2,2,0
okain,okchy,205,33,0.9412783560037934,0,1,1,0,0
okain,olchedy,205,22,0.8981503281379134,0,0,1,0,0
okain,okedy,205,121,0.9521230773008598,0,1,0,0,0
okain,otchy,205,36,0.9414472335713097,0,0,1,0,0
okain,lkaiin,205,102,0.9638717782795019,0,0,1,2,0
okain,qokchedy,205,58,0.8657206065598146,0,0,2,0,0
okain,cthdy,205,33,0.9618631513645457,0,0,2,0,0
okain,otchey,205,27,0.8339855141054043,0,0,0,0,0
okain,oddy,205,26,0.8940072178949644,0,0,1,0,0
okain,chy,205,43,0.9366230837608166,0,0,3,0,0
okain,char,205,32,0.8962826797012454,0,0,2,0,0
okain,cheedy,205,73,0.9381506305829366,0,0,0,0,0
okain,qoteey,205,92,0.9469979429189895,0,0,1,0,0
okain,tedy,205,38,0.959483404824709,0,0,1,0,0
okain,lkdy,205,26,0.93229433513731,0,0,1,0,0
okain,lkedy,205,20,0.924236461756174,0,0,0,0,0
okain,opchdy,205,23,0.9457647154369164,0,0,0,0,0
okain,okor,205,25,0.8724049534538574,0,1,1,0,0
okain,lkain,205,63,0.9521977133213011,1,0,0,4,0
okain,olkeey,205,94,0.9645948263892042,0,0,1,0,0
okain,qokal,205,215,0.957932985955715,0,0,0,0,0
okain,chckhey,205,45,0.9472457305556286,0,0,1,0,0
okain,otol,205,40,0.8771995084952299,0,0,1,0,0
okain,qoty,205,21,0.9603110122112244,0,0,1,0,0
okain,kar,205,55,0.945850499462501,0,0,2,0,0
okain,oty,205,68,0.953977762011058,0,0,2,0,0
okain,tdy,205,32,0.9190823245013994,0,0,2,0,0
okain,ychy,205,21,0.9487564868709205,0,0,2,0,0
okain,otey,205,31,0.9056358986513054,0,0,1,0,0
okain,qotaiin,205,92,0.9568839389624766,0,0,2,2,0
okain,olkain,205,83,0.970171301558275,0,0,1,4,1
okain,okey,205,27,0.9308647499164815,0,1,1,0,0
okain,kaiin,205,22,0.9457186462855383,0,0,0,2,0
okain,ky,205,30,0.9616917873316176,0,0,3,0,0
okain,qokchy,205,75,0.9477834240995736,0,0,0,0,0
okain,daryeey,205,20,0.7758037587483616,0,0,2,0,0
okain,olkedy,205,35,0.9248922049415689,0,0,1,0,0
okain,qokol,205,106,0.8950195996484943,0,0,0,0,0
okain,shody,205,44,0.7890688314828853,0,0,1,0,0
okain,olkar,205,63,0.9636923709313181,0,0,0,0,0
okain,qotchy,205,20,0.7685868227379746,0,0,0,0,0
okain,taiin,205,49,0.9478135841195323,0,0,0,2,0
okain,sham,205,21,0.8905193198123746,0,0,2,0,0
okain,sar,205,43,0.9524141596571224,0,0,2,0,0
okain,lchaiin,205,24,0.9174131802317824,0,0,1,2,0
okain,qoy,205,22,0.8824206082253676,0,0,2,0,0
okain,shes,205,22,0.7584872931539262,0,0,2,0,0
okain,okchey,205,32,0.9200693748063761,0,1,0,0,0
okain,oleedy,205,26,0.9346189605916502,0,0,1,0,0
okain,ody,205,28,0.8917964423771537,0,0,2,0,0
okain,ykar,205,21,0.8511116351580582,0,0,1,0,0
okain,dleo,205,22,0.7939829294825758,0,0,1,0,0
okain,dleeol,205,22,0.9118180227935423,0,0,1,0,0
okain,qokeor,205,20,0.8939187948999422,0,0,1,0,0
okain,olkchdy,205,21,0.8792178470207659,0,0,1,0,0
okain,chal,205,29,0.8732791067138312,0,0,2,0,0
okain,tchaiin,205,21,0.9415470439808938,0,0,1,2,0
okain,qokeody,205,21,0.8751614318233417,0,0,2,0,0
okain,ldy,205,21,0.8749778801091044,0,0,2,0,0
okain,laiin,205,37,0.9187712933954783,0,0,0,2,0
okain,schdy,205,21,0.9380767573551148,0,0,1,0,0
okain,sheckhy,205,39,0.9579931440248547,0,0,1,0,0
okain,cheeor,205,26,0.913081145412714,0,0,0,0,0
okain,otedal,205,22,0.8610692345632049,0,0,1,0,0
okain,lsy,205,22,0.9239192160163432,0,0,2,0,0
okain,qoko,205,24,0.7315811109533967,0,0,1,0,0
okain,ytody,205,21,0.9376260729001213,0,0,0,0,0
okain,chody,205,23,0.9514600914991408,0,0,1,0,0
okain,kchy,205,24,0.9389264892783955,0,0,2,0,0
okain,ykal,205,24,0.8953946434360575,0,0,1,0,0
okain,lsedy,205,28,0.9132027427442495,0,0,0,0,0
okain,to,205,24,0.9199474245816511,0,0,3,0,0
okain,pchdy,205,30,0.9474428262936776,0,0,1,0,0
okain,qoeedy,205,23,0.9247254256670905,0,0,1,0,0
okain,otor,205,20,0.9188472676058513,0,0,1,0,0
chey,keed,291,21,0.8941897073022368,0,0,1,0,0
chey,sheody,291,61,0.9662637250198592,0,0,2,1,0
chey,sain,291,142,0.983254660108546,0,0,1,0,0
chey,cheeey,291,21,0.9254161689283743,0,1,2,2,0
chey,otaiin,291,212,0.9851314136677405,0,0,3,0,0
chey,sheedy,291,210,0.9722386223033902,0,0,2,1,0
chey,okal,291,91,0.9790782379630422,0,0,1,0,0
chey,qokeedy,291,443,0.9885423811112536,0,0,4,1,0
chey,saiin,291,91,0.9682828827653931,0,0,2,0,0
chey,qokar,291,328,0.9854164827989769,0,0,2,0,0
chey,dar,291,587,0.9826782977413906,0,0,0,0,0
chey,dain,291,176,0.9845069758767437,0,0,1,0,0
chey,qotar,291,60,0.9491218353464337,0,0,2,0,0
chey,pedy,291,20,0.7655394289856504,0,0,1,1,0
chey,teey,291,21,0.8828069460267255,0,0,1,2,0
chey,opchy,291,32,0.9614677078882178,0,0,1,1,0
chey,otedy,291,302,0.981363864751333,0,0,2,1,0
chey,otain,291,197,0.9636913691615051,0,0,2,0,0
chey,koiin,291,25,0.8447511979234633,0,0,2,0,0
chey,chor,291,68,0.971105769531217,0,0,0,0,0
chey,cheey,291,175,0.9818027513893159,0,1,1,2,0
chey,rar,291,22,0.9313761736534176,0,0,0,0,0
chey,y,291,143,0.9763310970158435,0,0,2,1,0
chey,qol,291,225,0.9730145883776937,0,0,0,0,0
chey,am,291,90,0.9673451967044715,0,0,1,0,0
chey,shckhy,291,108,0.9860663100359666,1,0,0,1,1
chey,al,291,141,0.9716828131096852,0,0,1,0,0
chey,dy,291,157,0.9797620676361378,0,0,1,1,0
chey,par,291,22,0.883193245302166,0,0,0,0,0
chey,shey,291,297,0.9765811808133453,1,0,0,2,0
chey,okeedy,291,177,0.9800266614553739,0,0,3,1,0
chey,qokain,291,435,0.980294977375941,0,0,3,0,0
chey,opchedaiin,291,22,0.9534930518579897,0,0,6,0,0
chey,qoteedy,291,99,0.9638439288575925,0,0,4,1,0
chey,qoky,291,149,0.9713961634983991,0,0,1,1,0
chey,oky,291,75,0.9699531717821332,1,0,0,1,0
chey,kody,291,21,0.9401323670255242,0,0,1,1,0
chey,sheey,291,211,0.9824980030502974,0,0,1,2,0
chey,dam,291,81,0.9677649122857079,0,0,0,0,0
chey,oteedy,291,189,0.9856631298545693,0,0,3,1,0
chey,olkeedy,291,96,0.9734191761038318,0,0,4,1,0
chey,dleey,291,51,0.9551921225803066,0,0,2,2,0
chey,shor,291,45,0.9633440323984828,0,0,0,0,0
chey,qokaiin,291,504,0.9909962591037408,0,0,4,0,0
chey,olkal,291,50,0.974632357363107,0,0,2,0,0
chey,chs,291,34,0.9447654854744285,0,0,1,0,0
chey,okeey,291,173,0.9617114307884712,0,0,2,2,0
chey,kd,291,24,0.9565971142233575,0,0,1,0,0
chey,lchey,291,57,0.9604165016601238,0,0,1,3,1
chey,chol,291,136,0.9825291183604512,0,0,0,0,0
chey,qotedy,291,142,0.9764967725222901,0,0,3,1,0
chey,oteey,291,169,0.9854679021288795,0,0,2,2,0
chey,cheol,291,107,0.9672879558054143,0,1,1,0,0
chey,okol,291,39,0.9441812271237673,0,0,1,0,0
chey,lkar,291,20,0.9027251023907412,0,0,1,0,0
chey,otchdy,291,44,0.9577464046143623,0,0,2,1,0
chey,qotain,291,94,0.9712803471450235,0,0,3,0,0
chey,lchedy,291,177,0.9741741806149178,0,0,2,1,0
chey,daiin,291,462,0.9907897363495944,0,0,2,0,0
chey,aiin,291,327,0.9767373307509342,0,0,1,0,0
chey,dal,291,174,0.9810316524096979,0,0,0,0,0
chey,or,291,253,0.9802144659982704,0,0,1,0,0
chey,otar,291,139,0.9774598535859201,0,0,1,0,0
chey,araiin,291,21,0.9383121757656135,0,0,3,0,0
chey,shar,291,33,0.9302322233091048,0,0,0,0,0
chey,aredy,291,27,0.93627462893162,0,0,2,1,0
chey,tor,291,25,0.8910961549144956,0,0,0,0,0
chey,kal,291,50,0.9623113129859237,0,0,0,0,0
chey,olky,291,34,0.9683344415955114,0,0,1,1,0
chey,shol,291,172,0.9808275248338625,0,0,0,0,0
chey,otody,291,26,0.9140517621068178,0,0,2,1,0
chey,ofeey,291,23,0.8819202258100117,0,0,2,2,0
chey,qokey,291,76,0.9610319610410769,0,0,2,2,0
chey,pcheey,291,22,0.8844837517982976,0,0,2,2,0
chey,chdaiin,291,33,0.9511348124136149,0,0,3,0,0
chey,otal,291,97,0.9714730886859676,0,0,1,0,0
chey,air,291,59,0.9484443718229769,0,0,0,0,0
chey,qokeo,291,20,0.9394207749086171,0,0,2,0,0
chey,ytedy,291,23,0.8722950006417375,0,0,2,1,0
chey,ain,291,145,0.9744493105231993,0,0,0,0,0
chey,qotal,291,46,0.9699030078645965,0,0,2,0,0
chey,dair,291,89,0.9817761927879247,0,0,1,0,0
chey,qokor,291,45,0.9579933617948825,0,0,2,0,0
chey,chdy,291,244,0.9790813959247661,1,0,0,1,0
chey,olkaiin,291,112,0.9744012322729974,0,0,4,0,0
chey,okchy,291,33,0.9548608975285888,0,0,1,1,0
chey,olchedy,291,22,0.925797919850618,0,0,3,1,0
chey,okedy,291,121,0.981443772675233,0,0,2,1,1
chey,otchy,291,36,0.9547220062246872,0,0,1,1,0
chey,lkaiin,291,102,0.9863266758849502,0,0,3,0,1
chey,qokchedy,291,58,0.9094535531337894,0,0,4,1,0
chey,cthdy,291,33,0.9780886924367591,1,0,0,1,0
chey,otchey,291,27,0.8672719773059193,0,0,2,3,0
chey,oddy,291,26,0.9053460199893795,0,0,1,1,0
chey,chy,291,43,0.9579735698670048,0,0,1,1,0
chey,char,291,32,0.910289810869595,0,0,0,0,0
chey,cheedy,291,73,0.9669252923830548,0,1,2,1,0
chey,qoteey,291,92,0.9701833533557253,0,0,3,2,0
chey,tedy,291,38,0.9506671408744685,0,0,1,1,0
chey,lkdy,291,26,0.9111264621002133,0,0,1,1,0
chey,lkedy,291,20,0.9421849959306636,0,0,2,1,0
chey,opchdy,291,23,0.9598488345686318,0,0,2,1,0
chey,okor,291,25,0.9035815100435274,0,0,1,0,0
chey,lkain,291,63,0.9757218684712622,0,0,2,0,0
chey,olkeey,291,94,0.9774806689072875,0,0,3,2,0
chey,qokal,291,215,0.9824362379325585,0,0,2,0,0
chey,chckhey,291,45,0.9661719071710663,0,0,1,2,0
chey,otol,291,40,0.9058400567723635,0,0,1,0,0
chey,qoty,291,21,0.9628148192361057,0,0,1,1,0
chey,kar,291,55,0.9614822971665006,0,0,0,0,0
chey,oty,291,68,0.9640591768429686,1,0,0,1,0
chey,tdy,291,32,0.9412017681692199,1,0,0,1,0
chey,ychy,291,21,0.9489300288979211,1,0,0,1,0
chey,otey,291,31,0.9336105010501755,0,0,1,2,0
chey,qotaiin,291,92,0.9791532531964647,0,0,4,0,0
chey,olkain,291,83,0.9660224279873879,0,0,3,0,0
chey,okey,291,27,0.9521475736061102,0,0,1,2,0
chey,kaiin,291,22,0.933807001381941,0,0,2,0,0
chey,ky,291,30,0.9553353396946836,0,0,1,1,0
chey,qokchy,291,75,0.9738975382488779,0,0,2,1,0
chey,daryeey,291,20,0.8019456406633343,0,0,4,2,0
chey,olkedy,291,35,0.9404918233944959,0,0,3,1,0
chey,qokol,291,106,0.9274522036794736,0,0,2,0,0
chey,shody,291,44,0.8404742860351851,0,0,1,1,0
chey,olkar,291,63,0.9790712174802226,0,0,2,0,0
chey,qotchy,291,20,0.785728177157859,0,0,2,1,0
chey,taiin,291,49,0.9509684868084533,0,0,2,0,0
chey,sham,291,21,0.9104822732588052,0,0,0,0,0
chey,sar,291,43,0.9714537378889511,0,0,0,0,1
chey,lchaiin,291,24,0.9465227050530122,0,0,3,0,0
chey,qoy,291,22,0.9076374978972895,1,0,0,1,0
chey,shes,291,22,0.8004536913752235,0,0,0,0,0
chey,okchey,291,32,0.9508372826714919,0,0,2,3,0
chey,oleedy,291,26,0.9483333526628035,0,0,3,1,0
chey,ody,291,28,0.9261079631724138,1,0,0,1,0
chey,ykar,291,21,0.8469487363504098,0,0,1,0,0
chey,dleo,291,22,0.8378120807582717,0,0,1,0,0
chey,dleeol,291,22,0.9304783135157455,0,0,3,0,0
chey,qokeor,291,20,0.8990802617442065,0,0,3,0,0
chey,olkchdy,291,21,0.9147243838134553,0,0,3,1,0
chey,chal,291,29,0.8658435150130803,0,0,0,0,0
chey,tchaiin,291,21,0.9362101775917728,0,0,3,0,0
chey,qokeody,291,21,0.9015630823679123,0,0,4,1,0
chey,ldy,291,21,0.8891892126002211,1,0,0,1,0
chey,laiin,291,37,0.9417418032167338,0,0,2,0,0
chey,schdy,291,21,0.9545342986038988,0,0,1,1,0
chey,sheckhy,291,39,0.9742029457921301,0,0,1,1,0
chey,cheeor,291,26,0.90696871074779,0,1,2,0,0
chey,otedal,291,22,0.8884298685484736,0,0,3,0,0
chey,lsy,291,22,0.9453826145036833,1,0,0,1,0
chey,qoko,291,24,0.7596975132833006,0,0,1,0,0
chey,ytody,291,21,0.954510146676478,0,0,2,1,0
chey,chody,291,23,0.9520952363094384,0,0,1,1,0
chey,kchy,291,24,0.9494082259774794,1,0,0,1,0
chey,ykal,291,24,0.9050339351798959,0,0,1,0,0
chey,lsedy,291,28,0.9202374490735029,0,0,2,1,0
chey,to,291,24,0.9118084500397365,0,0,1,0,0
chey,pchdy,291,30,0.9488626395240478,0,0,1,1,0
chey,qoeedy,291,23,0.9445733677644959,0,0,3,1,0
chey,otor,291,20,0.9384872623670191,0,0,1,0,0
keed,sheody,21,61,0.865175020744039,0,0,1,0,0
keed,sain,21,142,0.892054809400218,0,0,0,0,0
keed,cheeey,21,21,0.8232587171777996,0,0,1,0,0
keed,otaiin,21,212,0.8923020209874502,0,0,2,0,0
keed,sheedy,21,210,0.8830814421919255,0,0,1,0,0
keed,okal,21,91,0.8674030549297671,0,0,0,0,0
keed,qokeedy,21,443,0.8996708401801895,0,0,3,0,0
keed,saiin,21,91,0.8601457303786647,0,0,1,0,0
keed,qokar,21,328,0.8915003931631874,0,0,1,0,0
keed,dar,21,587,0.901563360866469,0,0,1,0,0
keed,dain,21,176,0.8820618900514545,0,0,0,0,0
keed,qotar,21,60,0.8388427592598641,0,0,1,0,0
keed,pedy,21,20,0.7116698347045666,0,0,0,0,0
keed,teey,21,21,0.7770873402002615,0,0,0,0,0
keed,opchy,21,32,0.8683551221858306,0,0,0,0,0
keed,otedy,21,302,0.8946025704331881,0,0,1,0,0
keed,otain,21,197,0.8901693756809753,0,0,1,0,0
keed,koiin,21,25,0.7580840045962527,0,0,1,0,0
keed,chor,21,68,0.8751365154773955,0,0,1,0,0
keed,cheey,21,175,0.8891138826320926,0,0,0,0,0
keed,rar,21,22,0.8354778133204878,0,0,1,0,0
keed,y,21,143,0.8868031084104406,0,0,3,0,0
keed,qol,21,225,0.8717169349962914,0,0,1,0,0
keed,am,21,90,0.8850383710333117,0,0,2,0,0
keed,shckhy,21,108,0.8833378965064472,0,0,1,0,0
keed,al,21,141,0.8870283489377845,0,0,2,0,0
keed,dy,21,157,0.8901851296355593,0,0,2,0,0
keed,par,21,22,0.8036961064336055,0,0,1,0,0
keed,shey,21,297,0.9022556448825814,0,0,1,0,0
keed,okeedy,21,177,0.8905286589741813,0,0,2,0,0
keed,qokain,21,435,0.8998995956629177,0,0,2,0,0
keed,opchedaiin,21,22,0.8370689219127694,0,0,5,0,0
keed,qoteedy,21,99,0.8573574418635533,0,0,3,0,0
keed,qoky,21,149,0.8621477519642641,0,0,0,0,0
keed,oky,21,75,0.892177624305052,0,0,1,0,0
keed,kody,21,21,0.8596439113499191,0,0,0,0,0
keed,sheey,21,211,0.8776430818730383,0,0,0,0,0
keed,dam,21,81,0.8582534384177868,0,0,1,0,0
keed,oteedy,21,189,0.8888655375020106,0,0,2,0,0
keed,olkeedy,21,96,0.8921290604053738,0,0,3,0,0
keed,dleey,21,51,0.8671497584541062,0,0,1,0,0
keed,shor,21,45,0.8685958693506995,0,0,1,0,0
keed,qokaiin,21,504,0.8890894695774672,0,0,3,0,0
keed,olkal,21,50,0.8899801128614728,0,0,1,0,0
keed,chs,21,34,0.8639731119173819,0,0,2,0,0
keed,okeey,21,173,0.8397906412852849,0,0,1,0,0
keed,kd,21,24,0.8685955110784129,0,0,2,1,0
keed,lchey,21,57,0.8715942811336715,0,0,0,0,0
keed,chol,21,136,0.8918141437373001,0,0,1,0,0
keed,qotedy,21,142,0.8911704936669245,0,0,2,0,0
keed,oteey,21,169,0.8830526900031367,0,0,1,0,0
keed,cheol,21,107,0.86942124034897,0,0,0,0,0
keed,okol,21,39,0.8422257142765223,0,0,0,0,0
keed,lkar,21,20,0.8512055557875505,0,0,0,0,0
keed,otchdy,21,44,0.8520178295496257,0,0,1,0,0
keed,qotain,21,94,0.8835789129309541,0,0,2,0,0
keed,lchedy,21,177,0.8854069347904698,0,0,1,0,0
keed,daiin,21,462,0.8818728450523253,0,0,1,0,0
keed,aiin,21,327,0.9001887415263757,0,0,0,0,0
keed,dal,21,174,0.8797305400478463,0,0,1,0,0
keed,or,21,253,0.8953733250951148,0,0,2,0,0
keed,otar,21,139,0.8862358213787423,0,0,0,0,0
keed,araiin,21,21,0.8641264122753544,0,0,2,0,0
keed,shar,21,33,0.8209896613380854,0,0,1,0,0
keed,aredy,21,27,0.8275659951726753,0,0,1,0,0
keed,tor,21,25,0.7892283294029703,0,0,1,0,0
keed,kal,21,50,0.8599819460189568,0,0,1,0,0
keed,olky,21,34,0.8668646256122665,0,0,0,0,0
keed,shol,21,172,0.8746319619589439,0,0,1,0,0
keed,otody,21,26,0.8379629629629629,0,0,1,0,0
keed,ofeey,21,23,0.8305698699651511,0,0,1,0,0
keed,qokey,21,76,0.8499289709173726,0,0,1,0,0
keed,pcheey,21,22,0.8320502943378437,0,0,1,0,0
keed,chdaiin,21,33,0.8749547895894128,0,0,2,0,0
keed,otal,21,97,0.8589118694710287,0,0,0,0,0
keed,air,21,59,0.8598150741872884,0,0,1,0,0
keed,qokeo,21,20,0.868092293129412,0,0,1,0,0
keed,ytedy,21,23,0.7770286898858113,0,0,1,0,0
keed,ain,21,145,0.8893344001213765,0,0,1,0,0
keed,qotal,21,46,0.8920525356762885,0,0,1,0,0
keed,dair,21,89,0.8735210673668611,0,0,0,0,0
keed,qokor,21,45,0.8614609845078961,0,0,1,0,0
keed,chdy,21,244,0.8923082301061741,0,0,1,0,0
keed,olkaiin,21,112,0.8788475666769731,0,0,3,0,0
keed,okchy,21,33,0.853723075945725,0,0,0,0,0
keed,olchedy,21,22,0.8304708179584819,0,0,2,0,0
keed,okedy,21,121,0.8667027215320648,0,0,1,0,0
keed,otchy,21,36,0.8571593913749194,0,0,0,0,0
keed,lkaiin,21,102,0.8786257426868447,0,0,2,0,0
keed,qokchedy,21,58,0.8008747979761589,0,0,3,0,0
keed,cthdy,21,33,0.8789387392041907,0,0,1,0,0
keed,otchey,21,27,0.7680821974324181,0,0,1,0,0
keed,oddy,21,26,0.8163862062626827,0,0,0,0,0
keed,chy,21,43,0.8726861709792713,0,0,2,0,0
keed,char,21,32,0.8066535226426934,0,0,1,0,0
keed,cheedy,21,73,0.8669108994384656,0,0,1,0,0
keed,qoteey,21,92,0.8727909044266811,0,0,2,0,0
keed,tedy,21,38,0.8760226578530785,0,0,0,0,0
keed,lkdy,21,26,0.8490885369031683,0,0,0,0,0
keed,lkedy,21,20,0.8451705577011887,0,0,1,0,0
keed,opchdy,21,23,0.8778955729143844,0,0,1,0,0
keed,okor,21,25,0.7897768924261723,0,0,0,0,0
keed,lkain,21,63,0.8678351572057361,0,0,1,0,0
keed,olkeey,21,94,0.8951480317909564,0,0,2,0,0
keed,qokal,21,215,0.8861955107108169,0,0,1,0,0
keed,chckhey,21,45,0.8789615255693227,0,0,0,0,0
keed,otol,21,40,0.7938120189866946,0,0,0,0,0
keed,qoty,21,21,0.8774516719387475,0,0,0,0,0
keed,kar,21,55,0.8626773987579798,0,0,1,0,1
keed,oty,21,68,0.8761023656204152,0,0,1,0,0
keed,tdy,21,32,0.8320502943378437,0,0,1,0,0
keed,ychy,21,21,0.8863790799579893,0,0,1,0,0
keed,otey,21,31,0.8409632877462002,0,0,0,0,0
keed,qotaiin,21,92,0.8805644067915948,0,0,3,0,0
keed,olkain,21,83,0.8759611091626682,0,0,2,0,0
keed,okey,21,27,0.8544498056851249,0,0,0,0,0
keed,kaiin,21,22,0.8479652265379604,0,0,1,0,0
keed,ky,21,30,0.8873821435248438,0,0,2,0,0
keed,qokchy,21,75,0.8650959423910345,0,0,1,0,0
keed,daryeey,21,20,0.7249585319514144,0,0,3,0,0
keed,olkedy,21,35,0.8523242185533606,0,0,2,0,0
keed,qokol,21,106,0.8140657721905515,0,0,1,0,0
keed,shody,21,44,0.7114821499104479,0,0,0,0,0
keed,olkar,21,63,0.8777010147758285,0,0,1,0,0
keed,qotchy,21,20,0.7257747386024231,0,0,1,0,0
keed,taiin,21,49,0.8781818040169571,0,0,1,0,0
keed,sham,21,21,0.8113471705755174,0,0,1,0,0
keed,sar,21,43,0.8717304367511776,0,0,1,0,0
keed,lchaiin,21,24,0.8391770415090518,0,0,2,0,0
keed,qoy,21,22,0.7984467087892629,0,0,1,0,0
keed,shes,21,22,0.7250566472634377,0,0,1,0,0
keed,okchey,21,32,0.8332713731612463,0,0,1,0,0
keed,oleedy,21,26,0.8651186826655645,0,0,2,0,0
keed,ody,21,28,0.7975286056265428,0,0,1,0,0
keed,ykar,21,21,0.8032854347689458,0,0,0,0,1
keed,dleo,21,22,0.7051015035650132,0,0,0,0,0
keed,dleeol,21,22,0.8511025427814364,0,0,2,0,0
keed,qokeor,21,20,0.8109674664324665,0,0,2,0,0
keed,olkchdy,21,21,0.8053160563513457,0,0,2,0,0
keed,chal,21,29,0.82761051601545,0,0,1,0,0
keed,tchaiin,21,21,0.868092293129412,0,0,2,0,0
keed,qokeody,21,21,0.7949984100047699,0,0,3,0,0
keed,ldy,21,21,0.7802743146408704,0,0,1,0,0
keed,laiin,21,37,0.8300653594771242,0,0,1,0,0
keed,schdy,21,21,0.860089587403926,0,0,0,0,0
keed,sheckhy,21,39,0.8753587965984191,0,0,0,0,0
keed,cheeor,21,26,0.8527853178578473,0,0,1,0,0
keed,otedal,21,22,0.8101596287128632,0,0,2,0,0
keed,lsy,21,22,0.8398720804263223,0,0,1,0,0
keed,qoko,21,24,0.6432675209026769,0,0,0,0,0
keed,ytody,21,21,0.86710996952412,0,0,1,0,0
keed,chody,21,23,0.8675213675213675,0,0,0,0,0
keed,kchy,21,24,0.8710327732246504,0,0,1,0,0
keed,ykal,21,24,0.8369282727822422,0,0,0,0,0
keed,lsedy,21,28,0.8377841070818491,0,0,1,0,0
keed,to,21,24,0.8450002963968396,0,0,2,0,0
keed,pchdy,21,30,0.8691577014021418,0,0,0,0,0
keed,qoeedy,21,23,0.8429782082274536,0,0,2,0,0
keed,otor,21,20,0.8498365855987975,0,0,0,0,0
sheody,sain,61,142,0.9565270143501655,0,0,1,0,0
sheody,cheeey,61,21,0.925349464130202,0,0,0,1,0
sheody,otaiin,61,212,0.9546203546073477,0,0,1,0,0
sheody,sheedy,61,210,0.9497626553173055,0,1,0,2,0
sheody,okal,61,91,0.955844065503269,0,0,1,0,0
sheody,qokeedy,61,443,0.9646851768463125,0,0,2,2,0
sheody,saiin,61,91,0.9502423070312553,0,0,0,0,0
sheody,qokar,61,328,0.9560103881881309,0,0,0,0,0
sheody,dar,61,587,0.955635680535113,0,0,2,0,0
sheody,dain,61,176,0.9563806255324401,0,0,1,0,0
sheody,qotar,61,60,0.9358436591059845,0,0,0,0,0
sheody,pedy,61,20,0.7361591533154384,0,0,1,2,0
sheody,teey,61,21,0.8706257555538448,0,0,1,1,0
sheody,opchy,61,32,0.9367329782172141,0,0,1,1,0
sheody,otedy,61,302,0.9508728573577392,0,0,0,2,0
sheody,otain,61,197,0.9318010764980864,0,0,0,0,0
sheody,koiin,61,25,0.8161278965018778,0,0,0,0,0
sheody,chor,61,68,0.943383064113594,0,0,2,0,0
sheody,cheey,61,175,0.9549319996337277,0,0,1,1,0
sheody,rar,61,22,0.9082558932457174,0,0,2,0,0
sheody,y,61,143,0.9441436183003388,0,0,4,1,0
sheody,qol,61,225,0.9519200035867785,0,0,2,0,0
sheody,am,61,90,0.9313960131802885,0,0,3,0,0
sheody,shckhy,61,108,0.9617430355174602,0,0,2,1,0
sheody,al,61,141,0.9389891450850983,0,0,3,0,0
sheody,dy,61,157,0.9432119435660934,0,0,3,2,0
sheody,par,61,22,0.8495730284760801,0,0,2,0,0
sheody,shey,61,297,0.9489222002956859,0,1,2,1,0
sheody,okeedy,61,177,0.9559326601370233,0,0,1,2,0
sheody,qokain,61,435,0.9497370989871615,0,0,1,0,0
sheody,opchedaiin,61,22,0.9410064278446572,0,0,4,0,0
sheody,qoteedy,61,99,0.9435221945331251,0,0,2,2,0
sheody,qoky,61,149,0.9584947424014568,0,0,1,1,1
sheody,oky,61,75,0.9455058451353867,0,0,2,1,1
sheody,kody,61,21,0.9135719282362866,0,0,1,3,0
sheody,sheey,61,211,0.9626660911649342,0,1,1,1,0
sheody,dam,61,81,0.9385833597366392,0,0,2,0,0
sheody,oteedy,61,189,0.961958630428654,0,0,1,2,0
sheody,olkeedy,61,96,0.9528974079256527,0,0,2,2,0
sheody,dleey,61,51,0.9271472070907344,0,0,0,1,0
sheody,shor,61,45,0.9410644587681558,0,0,2,0,0
sheody,qokaiin,61,504,0.9680411260860892,0,0,2,0,0
sheody,olkal,61,50,0.9529287186416575,0,0,0,0,0
sheody,chs,61,34,0.9219638343435145,0,0,3,0,0
sheody,okeey,61,173,0.9393418140069505,0,0,0,1,0
sheody,kd,61,24,0.9275877554153299,0,0,3,0,0
sheody,lchey,61,57,0.9263635135998459,0,0,1,1,0
sheody,chol,61,136,0.9509554702346112,0,0,2,0,0
sheody,qotedy,61,142,0.9528202267821951,0,0,1,2,0
sheody,oteey,61,169,0.9574538099024692,0,0,0,1,0
sheody,cheol,61,107,0.9465108550799687,0,0,1,0,0
sheody,okol,61,39,0.9195639818564142,0,0,1,0,0
sheody,lkar,61,20,0.8554091622429176,0,0,1,0,0
sheody,otchdy,61,44,0.9226478808176098,0,0,0,2,0
sheody,qotain,61,94,0.9466012374250797,0,0,1,0,0
sheody,lchedy,61,177,0.9510681833846819,0,0,0,2,0
sheody,daiin,61,462,0.9603528749422543,0,0,0,0,0
sheody,aiin,61,327,0.9442007690018351,0,0,1,0,0
sheody,dal,61,174,0.953620375177422,0,0,2,0,0
sheody,or,61,253,0.9505378771552029,0,0,3,0,0
sheody,otar,61,139,0.9509408018407577,0,0,1,0,0
sheody,araiin,61,21,0.9158621114924657,0,0,1,0,0
sheody,shar,61,33,0.9129483490741405,0,0,2,0,0
sheody,aredy,61,27,0.9216803293826862,0,0,0,2,0
sheody,tor,61,25,0.8772104782412617,0,0,2,0,0
sheody,kal,61,50,0.9409484658141819,0,0,2,0,0
sheody,olky,61,34,0.9382319416955213,0,0,1,1,1
sheody,shol,61,172,0.9519485363001249,0,0,2,0,0
sheody,otody,61,26,0.894740354186731,1,0,0,3,0
sheody,ofeey,61,23,0.8601263080608925,0,0,0,1,0
sheody,qokey,61,76,0.9473132806138562,0,0,0,1,0
sheody,pcheey,61,22,0.8596998251093194,0,0,0,1,0
sheody,chdaiin,61,33,0.9266120348695747,0,0,1,0,0
sheody,otal,61,97,0.9485524104344584,0,0,1,0,0
sheody,air,61,59,0.9252157778401909,0,0,2,0,0
sheody,qokeo,61,20,0.9105408059608017,0,0,0,0,0
sheody,ytedy,61,23,0.845168710810393,0,0,0,2,0
sheody,ain,61,145,0.9436985406479818,0,0,2,0,0
sheody,qotal,61,46,0.9323758202998308,0,0,0,0,0
sheody,dair,61,89,0.9490704694278154,0,0,1,0,0
sheody,qokor,61,45,0.9321793539273511,0,0,0,0,0
sheody,chdy,61,244,0.9532632316697279,0,0,2,2,0
sheody,olkaiin,61,112,0.9489866248356427,0,0,2,0,0
sheody,okchy,61,33,0.9331668844084944,0,0,1,1,0
sheody,olchedy,61,22,0.9084744524797851,0,0,1,2,0
sheody,okedy,61,121,0.9638131177473069,0,0,0,2,0
sheody,otchy,61,36,0.9321523445098309,0,0,1,1,0
sheody,lkaiin,61,102,0.960113848301055,0,0,1,0,0
sheody,qokchedy,61,58,0.9075991724963841,0,0,2,2,0
sheody,cthdy,61,33,0.9524453591430907,0,0,2,2,0
sheody,otchey,61,27,0.8726792007879149,0,0,0,1,0
sheody,oddy,61,26,0.8790260422340243,0,0,1,2,0
sheody,chy,61,43,0.9309318977794927,0,0,3,1,0
sheody,char,61,32,0.887208967097385,0,0,2,0,0
sheody,cheedy,61,73,0.9393948903061513,0,0,0,2,0
sheody,qoteey,61,92,0.9407284926789683,0,0,1,1,0
sheody,tedy,61,38,0.9226427325490201,0,0,1,2,0
sheody,lkdy,61,26,0.8875707465408498,0,0,1,2,0
sheody,lkedy,61,20,0.9157328060227503,0,0,0,2,0
sheody,opchdy,61,23,0.9373704223657815,0,0,0,2,0
sheody,okor,61,25,0.8901412155287298,0,0,1,0,0
sheody,lkain,61,63,0.9540161459418838,0,0,0,0,0
sheody,olkeey,61,94,0.9452201096902293,0,0,1,1,0
sheody,qokal,61,215,0.9517730035417583,0,0,0,0,0
sheody,chckhey,61,45,0.9395167418960829,0,0,1,1,0
sheody,otol,61,40,0.8802598709815344,0,0,1,0,0
sheody,qoty,61,21,0.9344190122200557,0,0,1,1,1
sheody,kar,61,55,0.9406063151608495,0,0,2,0,0
sheody,oty,61,68,0.9438233000911026,0,0,2,1,1
sheody,tdy,61,32,0.9239183662620637,0,0,2,2,0
sheody,ychy,61,21,0.9099571076097003,0,0,2,1,0
sheody,otey,61,31,0.9230735764024838,0,0,1,1,0
sheody,qotaiin,61,92,0.946610218679899,0,0,2,0,0
sheody,olkain,61,83,0.9394925368644206,0,0,1,0,0
sheody,okey,61,27,0.9360772131995433,0,0,1,1,0
sheody,kaiin,61,22,0.9046683988101532,0,0,0,0,0
sheody,ky,61,30,0.9213910062212535,0,0,3,1,0
sheody,qokchy,61,75,0.9522797506972078,0,0,0,1,0
sheody,daryeey,61,20,0.8105122335827805,0,0,2,1,0
sheody,olkedy,61,35,0.9202616472639681,0,0,1,2,0
sheody,qokol,61,106,0.9100057385441832,0,0,0,0,0
sheody,shody,61,44,0.8271791149788779,0,0,1,3,0
sheody,olkar,61,63,0.9568829648383135,0,0,0,0,0
sheody,qotchy,61,20,0.7928082131603369,0,0,0,1,0
sheody,taiin,61,49,0.9287706238392194,0,0,0,0,0
sheody,sham,61,21,0.8758339321518136,0,0,2,0,0
sheody,sar,61,43,0.9529207145315979,0,0,2,0,0
sheody,lchaiin,61,24,0.9351071232147563,0,0,1,0,0
sheody,qoy,61,22,0.8951817264203121,0,0,2,1,0
sheody,shes,61,22,0.798326374637191,0,1,2,0,0
sheody,okchey,61,32,0.9426807166131906,0,0,0,1,0
sheody,oleedy,61,26,0.920320292141554,0,0,1,2,0
sheody,ody,61,28,0.9129905232127997,0,0,2,3,0
sheody,ykar,61,21,0.8340861313857025,0,0,1,0,0
sheody,dleo,61,22,0.8512770013540032,0,0,1,0,0
sheody,dleeol,61,22,0.9140929573732554,0,0,1,0,0
sheody,qokeor,61,20,0.8908555812735925,0,0,1,0,0
sheody,olkchdy,61,21,0.8780456061454944,0,0,1,2,0
sheody,chal,61,29,0.8360969274430569,0,0,2,0,0
sheody,tchaiin,61,21,0.9038333230439634,0,0,1,0,0
sheody,qokeody,61,21,0.868920299901493,0,0,2,4,0
sheody,ldy,61,21,0.8632688934509517,0,0,2,2,0
sheody,laiin,61,37,0.9105756566188848,0,0,0,0,0
sheody,schdy,61,21,0.9196644751611082,0,0,1,2,0
sheody,sheckhy,61,39,0.9530284564836252,0,1,1,1,0
sheody,cheeor,61,26,0.882761452730452,0,0,0,0,0
sheody,otedal,61,22,0.8592285413125017,0,0,1,0,0
sheody,lsy,61,22,0.9146208262742643,0,0,2,1,0
sheody,qoko,61,24,0.762738688749274,0,0,1,0,0
sheody,ytody,61,21,0.918052811414057,1,0,0,3,0
sheody,chody,61,23,0.922151128917,0,0,1,3,0
sheody,kchy,61,24,0.9247396136134356,0,0,2,1,0
sheody,ykal,61,24,0.8848516654711999,0,0,1,0,0
sheody,lsedy,61,28,0.9013595467261727,0,0,0,2,0
sheody,to,61,24,0.8858532812213615,0,0,3,0,0
sheody,pchdy,61,30,0.9246550186018133,0,0,1,2,0
sheody,qoeedy,61,23,0.9240402732125714,0,0,1,2,0
sheody,otor,61,20,0.9063562957206202,0,0,1,0,0
sain,cheeey,142,21,0.9195072111811998,0,0,1,0,0
sain,otaiin,142,212,0.9797631348218829,0,0,2,2,0
sain,sheedy,142,210,0.9673074218982215,0,0,1,0,0
sain,okal,142,91,0.9714244955636219,0,0,0,0,0
sain,qokeedy,142,443,0.9874489804345887,0,0,3,0,0
sain,saiin,142,91,0.9687112518360789,0,1,1,2,0
sain,qokar,142,328,0.9897526558005802,0,0,1,0,1
sain,dar,142,587,0.9796175768712674,0,0,1,0,0
sain,dain,142,176,0.9763717786852971,1,0,0,3,0
sain,qotar,142,60,0.9586016191897251,0,0,1,0,1
sain,pedy,142,20,0.7679378196125919,0,0,0,0,0
sain,teey,142,21,0.8746980407452157,0,0,0,0,0
sain,opchy,142,32,0.959855667211989,0,0,0,0,0
sain,otedy,142,302,0.976862337056962,0,0,1,0,0
sain,otain,142,197,0.9586798380092922,0,0,1,3,0
sain,koiin,142,25,0.8382664911299612,0,0,1,2,0
sain,chor,142,68,0.9659877265342022,0,0,1,0,0
sain,cheey,142,175,0.9754015849599423,0,0,0,0,0
sain,rar,142,22,0.9268510615490251,0,0,1,0,0
sain,y,142,143,0.9693854125409936,0,0,3,0,0
sain,qol,142,225,0.9700485551459285,0,0,1,0,0
sain,am,142,90,0.9590258018102343,0,0,2,0,0
sain,shckhy,142,108,0.9815284396835653,0,0,1,0,0
sain,al,142,141,0.9676072428488615,0,0,2,0,0
sain,dy,142,157,0.9747426604900394,0,0,2,0,0
sain,par,142,22,0.8791358129287009,0,0,1,0,0
sain,shey,142,297,0.9733704446578547,0,0,1,0,0
sain,okeedy,142,177,0.9764043207442258,0,0,2,0,0
sain,qokain,142,435,0.9759282780363038,0,0,2,3,0
sain,opchedaiin,142,22,0.9405801769356683,0,0,5,2,0
sain,qoteedy,142,99,0.9652368626896997,0,0,3,0,0
sain,qoky,142,149,0.9604769297454279,0,0,0,0,0
sain,oky,142,75,0.9656152834417185,0,0,1,0,0
sain,kody,142,21,0.935088928577291,0,0,0,0,0
sain,sheey,142,211,0.9769997511985432,0,0,0,0,0
sain,dam,142,81,0.9603378944403415,0,0,1,0,0
sain,oteedy,142,189,0.9863075010516733,0,0,2,0,0
sain,olkeedy,142,96,0.9788427268532827,0,0,3,0,0
sain,dleey,142,51,0.9519952511385725,0,0,1,0,0
sain,shor,142,45,0.9578436164805103,0,0,1,0,0
sain,qokaiin,142,504,0.9851050344152313,0,0,3,2,0
sain,olkal,142,50,0.9692539035196372,0,0,1,0,0
sain,chs,142,34,0.9502687368277765,0,0,2,0,0
sain,okeey,142,173,0.9558941671323067,0,0,1,0,0
sain,kd,142,24,0.9518941609750539,0,0,2,0,0
sain,lchey,142,57,0.9542166590426123,0,0,0,0,0
sain,chol,142,136,0.9798559565229937,0,0,1,0,0
sain,qotedy,142,142,0.9745991665860693,0,0,2,0,0
sain,oteey,142,169,0.9811549345175199,0,0,1,0,0
sain,cheol,142,107,0.9601182645454124,0,0,0,0,0
sain,okol,142,39,0.9292422477757118,0,0,0,0,0
sain,lkar,142,20,0.8963346589848469,0,0,0,0,0
sain,otchdy,142,44,0.9462261845205463,0,0,1,0,0
sain,qotain,142,94,0.9658985206950086,0,0,2,3,0
sain,lchedy,142,177,0.970537166789059,0,0,1,0,0
sain,daiin,142,462,0.9830107203903254,0,0,1,2,0
sain,aiin,142,327,0.9718078643263146,1,0,0,2,0
sain,dal,142,174,0.9756301171809879,0,0,1,0,0
sain,or,142,253,0.9763682225867677,0,0,2,0,0
sain,otar,142,139,0.9843027468800596,0,0,0,0,1
sain,araiin,142,21,0.9320254565999825,0,0,2,2,0
sain,shar,142,33,0.9246515813323104,0,0,1,0,0
sain,aredy,142,27,0.9418458231161884,0,0,1,0,0
sain,tor,142,25,0.88740910346108,0,0,1,0,0
sain,kal,142,50,0.9529106434895034,0,0,1,0,0
sain,olky,142,34,0.9573014323929644,0,0,0,0,0
sain,shol,142,172,0.9783885188350757,0,0,1,0,0
sain,otody,142,26,0.9061339572758527,0,0,1,0,0
sain,ofeey,142,23,0.8826796107766652,0,0,1,0,0
sain,qokey,142,76,0.9510519936981194,0,0,1,0,0
sain,pcheey,142,22,0.8753118584885888,0,0,1,0,0
sain,chdaiin,142,33,0.9478029542950677,0,0,2,2,0
sain,otal,142,97,0.9648105084501059,0,0,0,0,0
sain,air,142,59,0.9426381171942366,0,0,1,0,0
sain,qokeo,142,20,0.9339967930505632,0,0,1,0,0
sain,ytedy,142,23,0.8684094071473679,0,0,1,0,0
sain,ain,142,145,0.9684022356453595,0,0,1,3,0
sain,qotal,142,46,0.9658183386266326,0,0,1,0,0
sain,dair,142,89,0.9744642980829635,0,0,0,0,0
sain,qokor,142,45,0.9489445267997667,0,0,1,0,0
sain,chdy,142,244,0.9736869155682608,0,0,1,0,0
sain,olkaiin,142,112,0.967769022820591,0,0,3,2,0
sain,okchy,142,33,0.9462379483232322,0,0,0,0,0
sain,olchedy,142,22,0.9242540451873086,0,0,2,0,0
sain,okedy,142,121,0.9721450137978238,0,0,1,0,0
sain,otchy,142,36,0.9505024823450485,0,0,0,0,0
sain,lkaiin,142,102,0.9803379415618053,0,0,2,2,0
sain,qokchedy,142,58,0.902370086855539,0,0,3,0,0
sain,cthdy,142,33,0.9723242373348037,0,0,1,0,0
sain,otchey,142,27,0.868406050160286,0,0,1,0,0
sain,oddy,142,26,0.9030131463273621,0,0,0,0,0
sain,chy,142,43,0.9550884050127451,0,0,2,0,0
sain,char,142,32,0.9010801464609302,0,0,1,0,0
sain,cheedy,142,73,0.9642134222991101,0,0,1,0,0
sain,qoteey,142,92,0.9639951947052555,0,0,2,0,0
sain,tedy,142,38,0.9497984949111883,0,0,0,0,0
sain,lkdy,142,26,0.9078329904030716,0,0,0,0,0
sain,lkedy,142,20,0.9367823731813449,0,0,1,0,0
sain,opchdy,142,23,0.958418546888215,0,0,1,0,0
sain,okor,142,25,0.8985848540510788,0,0,0,0,0
sain,lkain,142,63,0.9743117582271004,0,0,1,3,0
sain,olkeey,142,94,0.9775107190204336,0,0,2,0,0
sain,qokal,142,215,0.9821726952705684,0,0,1,0,0
sain,chckhey,142,45,0.9603557869697561,0,0,0,0,0
sain,otol,142,40,0.888069397944134,0,0,0,0,0
sain,qoty,142,21,0.9568172774818573,0,0,0,0,0
sain,kar,142,55,0.9531760091302723,0,0,1,0,0
sain,oty,142,68,0.9598426195778795,0,0,1,0,0
sain,tdy,142,32,0.9465363780229922,0,0,1,0,0
sain,ychy,142,21,0.9440333299644772,0,0,1,0,0
sain,otey,142,31,0.9330368458796947,0,0,0,0,0
sain,qotaiin,142,92,0.9707775971299407,0,0,3,2,0
sain,olkain,142,83,0.9591894299998608,0,0,2,3,0
sain,okey,142,27,0.9496649906193314,0,0,0,0,0
sain,kaiin,142,22,0.9335631356258758,0,0,1,2,0
sain,ky,142,30,0.9512407592350715,0,0,2,0,0
sain,qokchy,142,75,0.9658871800439095,0,0,1,0,0
sain,daryeey,142,20,0.7881109529303694,0,0,3,0,0
sain,olkedy,142,35,0.9287165025567748,0,0,2,0,0
sain,qokol,142,106,0.9086199590670423,0,0,1,0,0
sain,shody,142,44,0.8087217853258848,0,0,0,0,0
sain,olkar,142,63,0.9795707567745736,0,0,1,0,1
sain,qotchy,142,20,0.7862974054336836,0,0,1,0,0
sain,taiin,142,49,0.9580728712412618,0,0,1,2,0
sain,sham,142,21,0.8969033025332558,0,0,1,0,0
sain,sar,142,43,0.9674168766344753,0,1,1,0,0
sain,lchaiin,142,24,0.9398783021675142,0,0,2,2,0
sain,qoy,142,22,0.8965488167310679,0,0,1,0,0
sain,shes,142,22,0.7907467241968317,0,0,1,0,0
sain,okchey,142,32,0.9390436775288175,0,0,1,0,0
sain,oleedy,142,26,0.9496814897036784,0,0,2,0,0
sain,ody,142,28,0.9254793381427492,0,0,1,0,0
sain,ykar,142,21,0.859366090757729,0,0,0,0,0
sain,dleo,142,22,0.8364412575323273,0,0,0,0,0
sain,dleeol,142,22,0.9371374871590696,0,0,2,0,0
sain,qokeor,142,20,0.8918528832731586,0,0,2,0,0
sain,olkchdy,142,21,0.9143095323796445,0,0,2,0,0
sain,chal,142,29,0.8680950990800754,0,0,1,0,0
sain,tchaiin,142,21,0.9400656481061224,0,0,2,2,0
sain,qokeody,142,21,0.9025954701403582,0,0,3,0,0
sain,ldy,142,21,0.8882514681763063,0,0,1,0,0
sain,laiin,142,37,0.9445286217178778,0,0,1,2,0
sain,schdy,142,21,0.939785863911161,0,0,0,0,0
sain,sheckhy,142,39,0.9644753212731805,0,0,0,0,0
sain,cheeor,142,26,0.9087942643854576,0,0,1,0,0
sain,otedal,142,22,0.8789677214293029,0,0,2,0,0
sain,lsy,142,22,0.9434232285650122,0,0,1,0,0
sain,qoko,142,24,0.7578611874959456,0,0,0,0,0
sain,ytody,142,21,0.9475492827762629,0,0,1,0,0
sain,chody,142,23,0.9513171918428898,0,0,0,0,0
sain,kchy,142,24,0.9622617697755609,0,0,1,0,0
sain,ykal,142,24,0.9008001226295165,0,0,0,0,0
sain,lsedy,142,28,0.9122058144529228,0,0,1,0,0
sain,to,142,24,0.9128649146845392,0,0,2,0,0
sain,pchdy,142,30,0.9369171493776947,0,0,0,0,0
sain,qoeedy,142,23,0.9471066618289161,0,0,2,0,0
sain,otor,142,20,0.9297337772577773,0,0,0,0,0
cheeey,otaiin,21,212,0.9198798602717609,0,0,1,0,0
cheeey,sheedy,21,210,0.9123858916650034,0,0,0,1,0
cheeey,okal,21,91,0.9263539088276257,0,0,1,0,0
cheeey,qokeedy,21,443,0.9172517068785366,0,0,2,1,0
cheeey,saiin,21,91,0.9314301968044439,0,0,0,0,0
cheeey,qokar,21,328,0.9163140247068566,0,0,0,0,0
cheeey,dar,21,587,0.9241847524619407,0,0,2,0,0
cheeey,dain,21,176,0.9204727642584561,0,0,1,0,0
cheeey,qotar,21,60,0.9004000599770637,0,0,0,0,0
cheeey,pedy,21,20,0.7225869414717834,0,0,1,1,0
cheeey,teey,21,21,0.843464979891126,0,0,1,3,0
cheeey,opchy,21,32,0.9036100750081342,0,0,1,1,0
cheeey,otedy,21,302,0.916988830478753,0,0,0,1,0
cheeey,otain,21,197,0.8850961645003413,0,0,0,0,0
cheeey,koiin,21,25,0.779926022382805,0,0,0,0,0
cheeey,chor,21,68,0.9062986609904803,0,0,2,0,0
cheeey,cheey,21,175,0.9250321553017425,0,1,1,3,0
cheeey,rar,21,22,0.8742835545158602,0,0,2,0,0
cheeey,y,21,143,0.9079489742395929,0,0,4,1,0
cheeey,qol,21,225,0.9145816714712222,0,0,2,0,0
cheeey,am,21,90,0.896800755817682,0,0,3,0,0
cheeey,shckhy,21,108,0.9316522605304699,0,0,2,1,0
cheeey,al,21,141,0.905849709148099,0,0,3,0,0
cheeey,dy,21,157,0.8982821125697411,0,0,3,1,0
cheeey,par,21,22,0.8341628662578675,0,0,2,0,0
cheeey,shey,21,297,0.912364538504738,0,0,2,2,0
cheeey,okeedy,21,177,0.9113899009141163,0,0,1,1,0
cheeey,qokain,21,435,0.9114267430213688,0,0,1,0,0
cheeey,opchedaiin,21,22,0.9297034457544903,0,0,4,0,0
cheeey,qoteedy,21,99,0.9126691481916874,0,0,2,1,0
cheeey,qoky,21,149,0.9164466916091242,0,0,1,1,0
cheeey,oky,21,75,0.9016471913088804,0,0,2,1,0
cheeey,kody,21,21,0.8864828547985866,0,0,1,1,0
cheeey,sheey,21,211,0.92990450100646,0,0,1,3,0
cheeey,dam,21,81,0.9044931318520352,0,0,2,0,0
cheeey,oteedy,21,189,0.9189909432137069,0,0,1,1,0
cheeey,olkeedy,21,96,0.900865204667161,0,0,2,1,0
cheeey,dleey,21,51,0.8911275894013789,1,0,0,3,0
cheeey,shor,21,45,0.9120997530615017,0,0,2,0,0
cheeey,qokaiin,21,504,0.9370615567106491,0,0,2,0,0
cheeey,olkal,21,50,0.9138293073808618,0,0,0,0,0
cheeey,chs,21,34,0.8762455522319459,0,0,3,0,0
cheeey,okeey,21,173,0.9117694982880271,1,0,0,3,0
cheeey,kd,21,24,0.8855748934346439,0,0,3,0,0
cheeey,lchey,21,57,0.8864994920488645,0,0,1,2,0
cheeey,chol,21,136,0.9141182123092032,0,0,2,0,0
cheeey,qotedy,21,142,0.9137293306240469,0,0,1,1,0
cheeey,oteey,21,169,0.9251904889955467,1,0,0,3,0
cheeey,cheol,21,107,0.9153196146261071,0,1,1,0,0
cheeey,okol,21,39,0.8734083215629616,0,0,1,0,0
cheeey,lkar,21,20,0.8227959867128186,0,0,1,0,0
cheeey,otchdy,21,44,0.8990418542580554,0,0,0,1,0
cheeey,qotain,21,94,0.9045156305480735,0,0,1,0,0
cheeey,lchedy,21,177,0.920369410469297,0,0,0,1,0
cheeey,daiin,21,462,0.9299414854370206,0,0,0,0,0
cheeey,aiin,21,327,0.9036316480449456,0,0,1,0,0
cheeey,dal,21,174,0.9273887702355391,0,0,2,0,0
cheeey,or,21,253,0.9160633174684876,0,0,3,0,0
cheeey,otar,21,139,0.9200348243594587,0,0,1,0,0
cheeey,araiin,21,21,0.8880484377990536,0,0,1,0,0
cheeey,shar,21,33,0.8949376589536353,0,0,2,0,0
cheeey,aredy,21,27,0.8776454559826335,0,0,0,1,0
cheeey,tor,21,25,0.8389952040986428,0,0,2,0,0
cheeey,kal,21,50,0.9170924366446985,0,0,2,0,0
cheeey,olky,21,34,0.9103962907173527,0,0,1,1,0
cheeey,shol,21,172,0.915102356142398,0,0,2,0,0
cheeey,otody,21,26,0.8459785194375766,0,0,0,1,0
cheeey,ofeey,21,23,0.816496580927726,1,0,0,3,0
cheeey,qokey,21,76,0.9175142550739761,0,0,0,2,0
cheeey,pcheey,21,22,0.8273287946596168,1,0,0,3,0
cheeey,chdaiin,21,33,0.8851106177186132,0,0,1,0,0
cheeey,otal,21,97,0.9170478389561016,0,0,1,0,0
cheeey,air,21,59,0.8852933019924759,0,0,2,0,0
cheeey,qokeo,21,20,0.8857295725822383,0,0,0,0,0
cheeey,ytedy,21,23,0.8177927247175646,0,0,0,1,0
cheeey,ain,21,145,0.9003089627347657,0,0,2,0,0
cheeey,qotal,21,46,0.898669162696764,0,0,0,0,0
cheeey,dair,21,89,0.9191777652054599,0,0,1,0,0
cheeey,qokor,21,45,0.8890394572023139,0,0,0,0,0
cheeey,chdy,21,244,0.9115542340589559,0,0,2,1,0
cheeey,olkaiin,21,112,0.9157836621857052,0,0,2,0,0
cheeey,okchy,21,33,0.898213579505789,0,0,1,1,0
cheeey,olchedy,21,22,0.8666242989938842,0,0,1,1,0
cheeey,okedy,21,121,0.9256459818154539,0,0,0,1,0
cheeey,otchy,21,36,0.8983169705786648,0,0,1,1,0
cheeey,lkaiin,21,102,0.925950250779039,0,0,1,0,0
cheeey,qokchedy,21,58,0.8654379359471664,0,0,2,1,0
cheeey,cthdy,21,33,0.9119371072606622,0,0,2,1,0
cheeey,otchey,21,27,0.8120893272333664,0,0,0,2,0
cheeey,oddy,21,26,0.8673218716144576,0,0,1,1,0
cheeey,chy,21,43,0.9032353972285739,0,0,3,1,0
cheeey,char,21,32,0.882584068183037,0,0,2,0,0
cheeey,cheedy,21,73,0.9218650070374852,0,1,0,1,0
cheeey,qoteey,21,92,0.8987689391691713,0,0,1,3,0
cheeey,tedy,21,38,0.8811740547230809,0,0,1,1,0
cheeey,lkdy,21,26,0.8444006618414982,0,0,1,1,0
cheeey,lkedy,21,20,0.9001487972234685,0,0,0,1,0
cheeey,opchdy,21,23,0.8908329766625768,0,0,0,1,0
cheeey,okor,21,25,0.8641736874634249,0,0,1,0,0
cheeey,lkain,21,63,0.9177195657655386,0,0,0,0,0
cheeey,olkeey,21,94,0.9005427750658513,0,0,1,3,0
cheeey,qokal,21,215,0.9256099480792388,0,0,0,0,0
cheeey,chckhey,21,45,0.9075002853050663,0,0,1,2,0
cheeey,otol,21,40,0.8336145798257597,0,0,1,0,0
cheeey,qoty,21,21,0.8839599998785472,0,0,1,1,0
cheeey,kar,21,55,0.8993247818369834,0,0,2,0,0
cheeey,oty,21,68,0.8816308312295724,0,0,2,1,0
cheeey,tdy,21,32,0.8807048459279793,0,0,2,1,0
cheeey,ychy,21,21,0.8927833442071367,0,0,2,1,0
cheeey,otey,21,31,0.9006940392975981,0,0,1,2,0
cheeey,qotaiin,21,92,0.9295057606584911,0,0,2,0,0
cheeey,olkain,21,83,0.8993906472188079,0,0,1,0,0
cheeey,okey,21,27,0.8900645551198529,0,0,1,2,0
cheeey,kaiin,21,22,0.8746303296293957,0,0,0,0,0
cheeey,ky,21,30,0.8749025455020472,0,0,3,1,0
cheeey,qokchy,21,75,0.9225061247127818,0,0,0,1,0
cheeey,daryeey,21,20,0.7666165328608726,0,0,2,3,0
cheeey,olkedy,21,35,0.9034309378083162,0,0,1,1,0
cheeey,qokol,21,106,0.8624388028491404,0,0,0,0,0
cheeey,shody,21,44,0.7803030303030303,0,0,1,1,0
cheeey,olkar,21,63,0.9273657452340615,0,0,0,0,0
cheeey,qotchy,21,20,0.7463904912524668,0,0,0,1,0
cheeey,taiin,21,49,0.8740096410297125,0,0,0,0,0
cheeey,sham,21,21,0.8513828126070514,0,0,2,0,0
cheeey,sar,21,43,0.915220422063316,0,0,2,0,0
cheeey,lchaiin,21,24,0.9067989740216372,0,0,1,0,0
cheeey,qoy,21,22,0.8752237702217031,0,0,2,1,0
cheeey,shes,21,22,0.8227884164513992,0,0,2,0,0
cheeey,okchey,21,32,0.9064429301537823,0,0,0,2,0
cheeey,oleedy,21,26,0.8837824554557692,0,0,1,1,0
cheeey,ody,21,28,0.8855748934346439,0,0,2,1,0
cheeey,ykar,21,21,0.7888350920624257,0,0,1,0,0
cheeey,dleo,21,22,0.7962691018914125,0,0,1,0,0
cheeey,dleeol,21,22,0.8726307080143489,0,0,1,0,0
cheeey,qokeor,21,20,0.862195793199644,0,0,1,0,0
cheeey,olkchdy,21,21,0.856187386945046,0,0,1,1,0
cheeey,chal,21,29,0.8232175885315091,0,0,2,0,0
cheeey,tchaiin,21,21,0.8598057802139776,0,0,1,0,0
cheeey,qokeody,21,21,0.872085837440999,0,0,2,1,0
cheeey,ldy,21,21,0.8446717229993574,0,0,2,1,0
cheeey,laiin,21,37,0.8716857005411996,0,0,0,0,0
cheeey,schdy,21,21,0.8886042349318384,0,0,1,1,0
cheeey,sheckhy,21,39,0.9110103525992201,0,0,1,1,0
cheeey,cheeor,21,26,0.8720983634634086,0,1,0,0,0
cheeey,otedal,21,22,0.8343575151832423,0,0,1,0,0
cheeey,lsy,21,22,0.8811332468950757,0,0,2,1,0
cheeey,qoko,21,24,0.7479395565464588,0,0,1,0,0
cheeey,ytody,21,21,0.8802676898490926,0,0,0,1,0
cheeey,chody,21,23,0.8771282935765468,0,0,1,1,0
cheeey,kchy,21,24,0.8994012224377722,0,0,2,1,0
cheeey,ykal,21,24,0.8303101728661303,0,0,1,0,0
cheeey,lsedy,21,28,0.8678055195451838,0,0,0,1,0
cheeey,to,21,24,0.8406893006953177,0,0,3,0,0
cheeey,pchdy,21,30,0.88376529807279,0,0,1,1,0
cheeey,qoeedy,21,23,0.8841194517686473,0,0,1,1,0
cheeey,otor,21,20,0.8539255965840493,0,0,1,0,0
otaiin,sheedy,212,210,0.9662715020342088,0,0,1,0,0
otaiin,okal,212,91,0.9728871380352931,0,0,2,0,0
otaiin,qokeedy,212,443,0.9872783643391803,0,0,1,0,0
otaiin,saiin,212,91,0.9584030167598364,0,0,1,4,0
otaiin,qokar,212,328,0.9819754555228551,0,0,1,0,0
otaiin,dar,212,587,0.9778723152695504,0,0,3,0,0
otaiin,dain,212,176,0.9780980419930476,0,0,2,2,0
otaiin,qotar,212,60,0.9365276185342599,0,0,1,0,0
otaiin,pedy,212,20,0.7710027974257478,0,0,2,0,0
otaiin,teey,212,21,0.8637594075139214,0,0,2,0,0
otaiin,opchy,212,32,0.9525387882601161,0,0,2,0,0
otaiin,otedy,212,302,0.9747943283178793,0,1,1,0,0
otaiin,otain,212,197,0.9680092041127678,0,1,1,2,0
otaiin,koiin,212,25,0.8305338983411696,0,0,1,3,0
otaiin,chor,212,68,0.9774151796684013,0,0,3,0,0
otaiin,cheey,212,175,0.9819589866884939,0,0,2,0,0
otaiin,rar,212,22,0.9223994197660422,0,0,3,0,0
otaiin,y,212,143,0.9687756944882919,0,0,5,0,0
otaiin,qol,212,225,0.9582287213411486,0,0,3,0,0
otaiin,am,212,90,0.9588263841947234,0,0,4,0,0
otaiin,shckhy,212,108,0.9780017611956651,0,0,3,0,0
otaiin,al,212,141,0.9626386546521493,0,0,4,0,0
otaiin,dy,212,157,0.9802053972065101,0,0,4,0,0
otaiin,par,212,22,0.8846587732333705,0,0,3,0,0
otaiin,shey,212,297,0.9720958977468186,0,0,3,0,0
otaiin,okeedy,212,177,0.979189404209693,0,0,0,0,0
otaiin,qokain,212,435,0.9790595191096484,0,0,0,2,0
otaiin,opchedaiin,212,22,0.9338175165203649,0,0,3,4,0
otaiin,qoteedy,212,99,0.9487278623092931,0,0,1,0,0
otaiin,qoky,212,149,0.9611696131857117,0,0,2,0,0
otaiin,oky,212,75,0.9644618466542014,0,0,3,0,0
otaiin,kody,212,21,0.9462122376444425,0,0,2,0,0
otaiin,sheey,212,211,0.9745327464882199,0,0,2,0,1
otaiin,dam,212,81,0.9581769387190182,0,0,3,0,0
otaiin,oteedy,212,189,0.9821051613082105,0,1,0,0,0
otaiin,olkeedy,212,96,0.9785128303486285,0,0,1,0,0
otaiin,dleey,212,51,0.9536867778760829,0,0,1,0,0
otaiin,shor,212,45,0.9555332102489993,0,0,3,0,0
otaiin,qokaiin,212,504,0.9883519570133199,0,0,1,4,1
otaiin,olkal,212,50,0.9737592218231194,0,0,1,0,0
otaiin,chs,212,34,0.9438809320805229,0,0,4,0,0
otaiin,okeey,212,173,0.943249343996355,0,0,1,0,0
otaiin,kd,212,24,0.9568234551717313,0,0,4,0,0
otaiin,lchey,212,57,0.9729346210324968,0,0,2,0,0
otaiin,chol,212,136,0.9774831382707269,0,0,3,0,0
otaiin,qotedy,212,142,0.969141618765152,0,0,0,0,0
otaiin,oteey,212,169,0.9776966006884993,0,1,1,0,0
otaiin,cheol,212,107,0.9566655195344123,0,0,2,0,0
otaiin,okol,212,39,0.9390965908775797,0,0,2,0,0
otaiin,lkar,212,20,0.9220067770090329,0,0,2,0,0
otaiin,otchdy,212,44,0.941701600547196,0,1,1,0,0
otaiin,qotain,212,94,0.9642653799430755,0,0,0,2,0
otaiin,lchedy,212,177,0.9590027161584094,0,0,1,0,0
otaiin,daiin,212,462,0.9810832347269863,0,0,1,4,0
otaiin,aiin,212,327,0.9775191069328997,0,0,2,4,0
otaiin,dal,212,174,0.978772673009974,0,0,3,0,0
otaiin,or,212,253,0.9805446165597637,0,0,4,0,0
otaiin,otar,212,139,0.9741688962533668,0,1,2,0,0
otaiin,araiin,212,21,0.9343387004385231,1,0,0,4,0
otaiin,shar,212,33,0.9116561555509217,0,0,3,0,0
otaiin,aredy,212,27,0.9185314481205488,0,0,1,0,0
otaiin,tor,212,25,0.863969562959948,0,0,3,0,0
otaiin,kal,212,50,0.9527462110793757,0,0,3,0,0
otaiin,olky,212,34,0.9501135450844754,0,0,2,0,0
otaiin,shol,212,172,0.9738682744687162,0,0,3,0,0
otaiin,otody,212,26,0.9005488049152454,0,1,1,0,0
otaiin,ofeey,212,23,0.8956964103666093,0,0,1,0,0
otaiin,qokey,212,76,0.950377999446025,0,0,1,0,0
otaiin,pcheey,212,22,0.8988878082746096,0,0,1,0,0
otaiin,chdaiin,212,33,0.9502523379090346,1,0,0,4,0
otaiin,otal,212,97,0.9568958886264847,0,1,2,0,0
otaiin,air,212,59,0.9314941351208903,0,0,3,0,0
otaiin,qokeo,212,20,0.9389112022643669,0,0,1,0,0
otaiin,ytedy,212,23,0.8424901843281974,0,0,1,0,0
otaiin,ain,212,145,0.9673601397767759,0,0,3,2,0
otaiin,qotal,212,46,0.9728681234793536,0,0,1,0,0
otaiin,dair,212,89,0.9766876488417303,0,0,2,0,0
otaiin,qokor,212,45,0.9467166994708824,0,0,1,0,0
otaiin,chdy,212,244,0.9721020429763981,0,0,3,0,0
otaiin,olkaiin,212,112,0.9766966390748665,0,0,1,4,1
otaiin,okchy,212,33,0.9611463096850826,0,0,2,0,0
otaiin,olchedy,212,22,0.9110235126222536,0,0,0,0,0
otaiin,okedy,212,121,0.9731589443809628,0,0,1,0,0
otaiin,otchy,212,36,0.9614808635559173,0,1,2,0,0
otaiin,lkaiin,212,102,0.9796172639239022,1,0,0,4,0
otaiin,qokchedy,212,58,0.8913109706049376,0,0,1,0,0
otaiin,cthdy,212,33,0.9731989408389264,0,0,3,0,0
otaiin,otchey,212,27,0.8662398503610322,0,1,1,0,0
otaiin,oddy,212,26,0.9114321401120052,0,0,2,0,0
otaiin,chy,212,43,0.9445607954556745,0,0,4,0,0
otaiin,char,212,32,0.8861929130574383,0,0,3,0,0
otaiin,cheedy,212,73,0.9731095013124815,0,0,1,0,0
otaiin,qoteey,212,92,0.968993583531221,0,0,0,0,0
otaiin,tedy,212,38,0.9510590878613072,0,0,2,0,0
otaiin,lkdy,212,26,0.92485982058481,0,0,2,0,0
otaiin,lkedy,212,20,0.9290192692715175,0,0,1,0,0
otaiin,opchdy,212,23,0.9584198863696344,0,0,1,0,0
otaiin,okor,212,25,0.8879058749774151,0,0,2,0,0
otaiin,lkain,212,63,0.9730416447813008,0,0,1,2,0
otaiin,olkeey,212,94,0.9781620942881973,0,0,0,0,0
otaiin,qokal,212,215,0.9733981241031935,0,0,1,0,0
otaiin,chckhey,212,45,0.970451178453589,0,0,2,0,0
otaiin,otol,212,40,0.8871036954372141,0,1,2,0,0
otaiin,qoty,212,21,0.9593368542783071,0,0,2,0,0
otaiin,kar,212,55,0.9531197287582851,0,0,3,0,0
otaiin,oty,212,68,0.9658565776656689,0,1,3,0,0
otaiin,tdy,212,32,0.9246879468937891,0,0,3,0,0
otaiin,ychy,212,21,0.9477761189825032,0,0,3,0,0
otaiin,otey,212,31,0.9310110791724241,0,1,2,0,0
otaiin,qotaiin,212,92,0.9738553551136414,0,0,1,6,1
otaiin,olkain,212,83,0.956314375036948,0,0,0,2,0
otaiin,okey,212,27,0.9523494070835986,0,0,2,0,0
otaiin,kaiin,212,22,0.9321728912932631,0,0,1,4,0
otaiin,ky,212,30,0.9649556629331968,0,0,4,0,0
otaiin,qokchy,212,75,0.9668441785998128,0,0,1,0,0
otaiin,daryeey,212,20,0.7992916079495376,0,0,1,0,0
otaiin,olkedy,212,35,0.9481732990422193,0,0,0,0,0
otaiin,qokol,212,106,0.910589290491743,0,0,1,0,0
otaiin,shody,212,44,0.8162570301620962,0,0,2,0,0
otaiin,olkar,212,63,0.9740100256646926,0,0,1,0,0
otaiin,qotchy,212,20,0.8066698115072102,0,0,1,0,0
otaiin,taiin,212,49,0.957218443429633,0,0,1,5,0
otaiin,sham,212,21,0.9082965765191409,0,0,3,0,0
otaiin,sar,212,43,0.9603582537084381,0,0,3,0,0
otaiin,lchaiin,212,24,0.9211388164790179,1,0,0,4,0
otaiin,qoy,212,22,0.8832044130138084,0,0,3,0,0
otaiin,shes,212,22,0.7749283614989658,0,0,3,0,0
otaiin,okchey,212,32,0.940968534300933,0,0,1,0,0
otaiin,oleedy,212,26,0.9474406880985421,0,0,0,0,0
otaiin,ody,212,28,0.9037252038924475,0,0,3,0,0
otaiin,ykar,212,21,0.8444845261125092,0,0,2,0,0
otaiin,dleo,212,22,0.8349895082552347,0,0,2,0,0
otaiin,dleeol,212,22,0.9314267618352451,0,0,0,0,0
otaiin,qokeor,212,20,0.8937608855276438,0,0,0,0,0
otaiin,olkchdy,212,21,0.9149398879330795,0,0,0,0,0
otaiin,chal,212,29,0.8836937977716399,0,0,3,0,0
otaiin,tchaiin,212,21,0.9362451032517847,1,0,0,4,0
otaiin,qokeody,212,21,0.8937384726292998,0,0,1,0,0
otaiin,ldy,212,21,0.8692708742599475,0,0,3,0,0
otaiin,laiin,212,37,0.930528290017466,0,0,1,4,0
otaiin,schdy,212,21,0.9434400699938168,0,0,2,0,0
otaiin,sheckhy,212,39,0.9663499744187259,0,0,2,0,0
otaiin,cheeor,212,26,0.9239668742489097,0,0,1,0,0
otaiin,otedal,212,22,0.8683227373867372,0,1,0,0,0
otaiin,lsy,212,22,0.9335468139135702,0,0,3,0,0
otaiin,qoko,212,24,0.7405624000703469,0,0,2,0,0
otaiin,ytody,212,21,0.9494923274369759,0,0,1,0,0
otaiin,chody,212,23,0.9507907500753521,0,0,2,0,0
otaiin,kchy,212,24,0.9522047577805122,0,0,3,0,0
otaiin,ykal,212,24,0.8907206351000317,0,0,2,0,0
otaiin,lsedy,212,28,0.9100404518294839,0,0,1,0,0
otaiin,to,212,24,0.9152175037974206,0,0,4,0,0
otaiin,pchdy,212,30,0.9493308520704371,0,0,2,0,0
otaiin,qoeedy,212,23,0.931143890638238,0,0,0,0,0
otaiin,otor,212,20,0.9354621630925826,0,1,2,0,0
sheedy,okal,210,91,0.9546211384514227,0,0,1,0,0
sheedy,qokeedy,210,443,0.9698583924641838,0,0,2,4,0
sheedy,saiin,210,91,0.9494258328217685,0,0,0,0,0
sheedy,qokar,210,328,0.9671894983166807,0,0,0,0,0
sheedy,dar,210,587,0.9784717488430761,0,0,2,0,0
sheedy,dain,210,176,0.9626404549970955,0,0,1,0,0
sheedy,qotar,210,60,0.9293591007204777,0,0,0,0,0
sheedy,pedy,210,20,0.8260166923043669,0,0,1,3,0
sheedy,teey,210,21,0.8801234868985046,0,0,1,1,0
sheedy,opchy,210,32,0.9453924686893571,0,0,1,1,0
sheedy,otedy,210,302,0.976871865984175,1,0,0,3,0
sheedy,otain,210,197,0.9689743702158199,0,0,0,0,1
sheedy,koiin,210,25,0.8288151915297681,0,0,0,0,0
sheedy,chor,210,68,0.9536924316280301,0,0,2,0,0
sheedy,cheey,210,175,0.9581828667828071,0,0,1,1,0
sheedy,rar,210,22,0.934410868433757,0,0,2,0,0
sheedy,y,210,143,0.9752192539322084,0,0,4,1,0
sheedy,qol,210,225,0.9728677491878184,0,0,2,0,0
sheedy,am,210,90,0.9681514519045519,0,0,3,0,0
sheedy,shckhy,210,108,0.9649372485399135,0,0,2,1,0
sheedy,al,210,141,0.9717944184085524,0,0,3,0,0
sheedy,dy,210,157,0.9586841644974483,0,0,3,2,0
sheedy,par,210,22,0.8878928518006213,0,0,2,0,0
sheedy,shey,210,297,0.9745569166739685,0,1,2,1,0
sheedy,okeedy,210,177,0.9618021206700875,0,0,1,4,0
sheedy,qokain,210,435,0.9835266284104028,0,0,1,0,1
sheedy,opchedaiin,210,22,0.9293961755417655,0,0,4,0,0
sheedy,qoteedy,210,99,0.9478595412180203,0,0,2,4,0
sheedy,qoky,210,149,0.9613757980812659,0,0,1,1,0
sheedy,oky,210,75,0.9553479415405458,0,0,2,1,0
sheedy,kody,210,21,0.9244674961918085,0,0,1,2,0
sheedy,sheey,210,211,0.966883074002722,0,1,1,1,0
sheedy,dam,210,81,0.9454392569398893,0,0,2,0,0
sheedy,oteedy,210,189,0.9695036119536318,0,0,1,4,0
sheedy,olkeedy,210,96,0.9559680861685399,0,0,2,4,0
sheedy,dleey,210,51,0.9340117708818624,0,0,0,1,0
sheedy,shor,210,45,0.9536457812156963,0,0,2,0,0
sheedy,qokaiin,210,504,0.9713657307415066,0,0,2,0,0
sheedy,olkal,210,50,0.9592495924749488,0,0,0,0,0
sheedy,chs,210,34,0.9428136326925597,0,0,3,0,0
sheedy,okeey,210,173,0.9475367485808146,0,0,0,1,0
sheedy,kd,210,24,0.9467803630170459,0,0,3,0,0
sheedy,lchey,210,57,0.9375408280917125,0,0,1,1,0
sheedy,chol,210,136,0.9769312634424414,0,0,2,0,0
sheedy,qotedy,210,142,0.9760192813184528,0,0,1,3,0
sheedy,oteey,210,169,0.9692818364041496,0,0,0,1,0
sheedy,cheol,210,107,0.9690847567336539,0,0,1,0,0
sheedy,okol,210,39,0.9218739056584063,0,0,1,0,0
sheedy,lkar,210,20,0.8705332238417873,0,0,1,0,0
sheedy,otchdy,210,44,0.9293873770595387,0,0,0,2,0
sheedy,qotain,210,94,0.9813580834218996,0,0,1,0,1
sheedy,lchedy,210,177,0.9751581979619018,1,0,0,3,0
sheedy,daiin,210,462,0.9683175289158101,0,0,0,0,0
sheedy,aiin,210,327,0.9703364202336082,0,0,1,0,0
sheedy,dal,210,174,0.9587779575717555,0,0,2,0,0
sheedy,or,210,253,0.9751375766270182,0,0,3,0,0
sheedy,otar,210,139,0.9563032300152445,0,0,1,0,0
sheedy,araiin,210,21,0.9318834963479725,0,0,1,0,0
sheedy,shar,210,33,0.9174884401880973,0,0,2,0,0
sheedy,aredy,210,27,0.9312062371671916,1,0,0,3,0
sheedy,tor,210,25,0.8913800546426635,0,0,2,0,0
sheedy,kal,210,50,0.9551818936742938,0,0,2,0,0
sheedy,olky,210,34,0.948590717411341,0,0,1,1,0
sheedy,shol,210,172,0.9626808700783082,0,0,2,0,0
sheedy,otody,210,26,0.9211609294322344,0,0,0,2,0
sheedy,ofeey,210,23,0.8522986719149332,0,0,0,1,0
sheedy,qokey,210,76,0.9457414525072956,0,0,0,1,0
sheedy,pcheey,210,22,0.8760890889349334,0,0,0,1,0
sheedy,chdaiin,210,33,0.9450036168479339,0,0,1,0,0
sheedy,otal,210,97,0.9515712295346308,0,0,1,0,0
sheedy,air,210,59,0.9494392887985176,0,0,2,0,0
sheedy,qokeo,210,20,0.9325843809442962,0,0,0,0,0
sheedy,ytedy,210,23,0.8807967813296746,1,0,0,3,0
sheedy,ain,210,145,0.9738919683643609,0,0,2,0,0
sheedy,qotal,210,46,0.9470193480221347,0,0,0,0,0
sheedy,dair,210,89,0.9622578505192605,0,0,1,0,0
sheedy,qokor,210,45,0.9372569305026391,0,0,0,0,0
sheedy,chdy,210,244,0.9795871444887925,0,0,2,2,0
sheedy,olkaiin,210,112,0.9505494855002395,0,0,2,0,0
sheedy,okchy,210,33,0.9471846728738414,0,0,1,1,0
sheedy,olchedy,210,22,0.9197589084093474,0,0,1,3,0
sheedy,okedy,210,121,0.9658478057919172,1,0,0,3,0
sheedy,otchy,210,36,0.9497078916470454,0,0,1,1,0
sheedy,lkaiin,210,102,0.9734791796883554,0,0,1,0,0
sheedy,qokchedy,210,58,0.9026466010673467,0,0,2,3,0
sheedy,cthdy,210,33,0.9590046786198573,0,0,2,2,0
sheedy,otchey,210,27,0.8600655644974735,0,0,0,1,0
sheedy,oddy,210,26,0.8918827061112952,0,0,1,2,0
sheedy,chy,210,43,0.9470092527619186,0,0,3,1,0
sheedy,char,210,32,0.9086967855380437,0,0,2,0,0
sheedy,cheedy,210,73,0.9432604788397471,1,0,0,4,0
sheedy,qoteey,210,92,0.9542264383694288,0,0,1,1,0
sheedy,tedy,210,38,0.9443680026689667,0,0,1,3,0
sheedy,lkdy,210,26,0.9050105656715121,0,0,1,2,0
sheedy,lkedy,210,20,0.931412868177423,1,0,0,3,0
sheedy,opchdy,210,23,0.9507959877270932,0,0,0,2,0
sheedy,okor,210,25,0.8849407530943267,0,0,1,0,0
sheedy,lkain,210,63,0.9623149599377682,0,0,0,0,0
sheedy,olkeey,210,94,0.9577736754715276,0,0,1,1,0
sheedy,qokal,210,215,0.962049311853509,0,0,0,0,0
sheedy,chckhey,210,45,0.9433743268060546,0,0,1,1,0
sheedy,otol,210,40,0.8877634059730647,0,0,1,0,0
sheedy,qoty,210,21,0.9499299982041283,0,0,1,1,0
sheedy,kar,210,55,0.9547853515245985,0,0,2,0,0
sheedy,oty,210,68,0.9445810964679593,0,0,2,1,0
sheedy,tdy,210,32,0.93694257903891,0,0,2,2,0
sheedy,ychy,210,21,0.9349123169501263,0,0,2,1,0
sheedy,otey,210,31,0.9205250325115951,0,0,1,1,0
sheedy,qotaiin,210,92,0.9641485227378874,0,0,2,0,0
sheedy,olkain,210,83,0.9762662492106217,0,0,1,0,1
sheedy,okey,210,27,0.9400652702448773,0,0,1,1,0
sheedy,kaiin,210,22,0.9371379694994556,0,0,0,0,0
sheedy,ky,210,30,0.9349502745732764,0,0,3,1,0
sheedy,qokchy,210,75,0.9608074306642472,0,0,0,1,0
sheedy,daryeey,210,20,0.7823512821127727,0,0,2,1,0
sheedy,olkedy,210,35,0.9141762989646924,0,0,1,3,0
sheedy,qokol,210,106,0.9023605494353187,0,0,0,0,0
sheedy,shody,210,44,0.8085986059130933,0,0,1,2,0
sheedy,olkar,210,63,0.9688463755204945,0,0,0,0,0
sheedy,qotchy,210,20,0.7669303546680986,0,0,0,1,0
sheedy,taiin,210,49,0.9449940247100795,0,0,0,0,0
sheedy,sham,210,21,0.9046410981869691,0,0,2,0,0
sheedy,sar,210,43,0.9547041729539336,0,0,2,0,0
sheedy,lchaiin,210,24,0.940155936707032,0,0,1,0,0
sheedy,qoy,210,22,0.9042967284466297,0,0,2,1,0
sheedy,shes,210,22,0.7913671726461031,0,1,2,0,0
sheedy,okchey,210,32,0.9403076620912232,0,0,0,1,0
sheedy,oleedy,210,26,0.9384036049363704,0,0,1,4,0
sheedy,ody,210,28,0.9228112399026903,0,0,2,2,0
sheedy,ykar,210,21,0.8483681602662463,0,0,1,0,0
sheedy,dleo,210,22,0.8367964275664124,0,0,1,0,0
sheedy,dleeol,210,22,0.9243905681795692,0,0,1,0,0
sheedy,qokeor,210,20,0.895447933331182,0,0,1,0,0
sheedy,olkchdy,210,21,0.8808734823208498,0,0,1,2,0
sheedy,chal,210,29,0.8515991862587478,0,0,2,0,0
sheedy,tchaiin,210,21,0.9286762221975416,0,0,1,0,0
sheedy,qokeody,210,21,0.8920482839966923,0,0,2,2,0
sheedy,ldy,210,21,0.8875532026453086,0,0,2,2,0
sheedy,laiin,210,37,0.9359873964529709,0,0,0,0,0
sheedy,schdy,210,21,0.9318248079320467,0,0,1,2,0
sheedy,sheckhy,210,39,0.9603917897806931,0,1,1,1,0
sheedy,cheeor,210,26,0.8887804863074511,0,0,0,0,0
sheedy,otedal,210,22,0.8892437581060315,0,0,1,0,0
sheedy,lsy,210,22,0.9323571815919226,0,0,2,1,0
sheedy,qoko,210,24,0.7663528743708256,0,0,1,0,0
sheedy,ytody,210,21,0.9396293316673319,0,0,0,2,0
sheedy,chody,210,23,0.9486395337778053,0,0,1,2,0
sheedy,kchy,210,24,0.9316333889196234,0,0,2,1,0
sheedy,ykal,210,24,0.9024973958891941,0,0,1,0,0
sheedy,lsedy,210,28,0.9172607117790934,1,0,0,3,0
sheedy,to,210,24,0.898826783549675,0,0,3,0,0
sheedy,pchdy,210,30,0.9338948914784991,0,0,1,2,0
sheedy,qoeedy,210,23,0.9403301223036756,0,0,1,4,0
sheedy,otor,210,20,0.9153636572423006,0,0,1,0,0
okal,qokeedy,91,443,0.9755163872277173,0,0,3,0,0
okal,saiin,91,91,0.9676344202147911,0,0,1,0,1
okal,qokar,91,328,0.9753696299211313,0,0,1,0,0
okal,dar,91,587,0.9659452729127241,0,0,1,0,0
okal,dain,91,176,0.9681339317423187,0,0,0,0,0
okal,qotar,91,60,0.9383502544519295,0,0,1,0,0
okal,pedy,91,20,0.7555160580790388,0,0,0,0,0
okal,teey,91,21,0.8703762603167879,0,0,0,0,0
okal,opchy,91,32,0.9396828580755139,0,0,0,0,0
okal,otedy,91,302,0.9642410362656968,0,0,1,0,0
okal,otain,91,197,0.9458626067897865,0,0,1,0,0
okal,koiin,91,25,0.8310254504484256,0,0,1,0,0
okal,chor,91,68,0.9527218923078894,0,0,1,0,0
okal,cheey,91,175,0.9675551265368982,0,0,0,0,0
okal,rar,91,22,0.9195856469680771,0,0,1,0,0
okal,y,91,143,0.9582754021659035,0,0,3,0,0
okal,qol,91,225,0.9533781416271386,0,0,1,1,0
okal,am,91,90,0.9470099652155447,0,0,2,0,0
okal,shckhy,91,108,0.969633346455615,0,0,1,0,0
okal,al,91,141,0.9517647602042254,0,0,2,2,0
okal,dy,91,157,0.9619079664739875,0,0,2,0,0
okal,par,91,22,0.8715417384268911,0,0,1,0,0
okal,shey,91,297,0.9616373972479593,0,0,1,0,0
okal,okeedy,91,177,0.9671479024253542,0,1,2,0,0
okal,qokain,91,435,0.9623400843269259,0,0,2,0,0
okal,opchedaiin,91,22,0.9432576639229743,0,0,5,0,0
okal,qoteedy,91,99,0.9524600376496498,0,0,3,0,0
okal,qoky,91,149,0.957464240471475,0,0,0,0,0
okal,oky,91,75,0.9533337930531038,0,1,1,0,0
okal,kody,91,21,0.9233456363567786,0,0,0,0,0
okal,sheey,91,211,0.9718200616500123,0,0,0,0,0
okal,dam,91,81,0.9589363791707264,0,0,1,0,0
okal,oteedy,91,189,0.9722424088116195,0,0,2,0,0
okal,olkeedy,91,96,0.9610155162286166,0,0,3,0,0
okal,dleey,91,51,0.9454852650183622,0,0,1,0,0
okal,shor,91,45,0.948797360585675,0,0,1,0,0
okal,qokaiin,91,504,0.9779982634485803,0,0,3,0,0
okal,olkal,91,50,0.9640223821520707,0,0,1,3,1
okal,chs,91,34,0.9275655400693256,0,0,2,0,0
okal,okeey,91,173,0.9489781511282431,0,1,1,0,0
okal,kd,91,24,0.9385462903622395,0,0,2,0,0
okal,lchey,91,57,0.9498629864696987,0,0,0,0,0
okal,chol,91,136,0.962842047036398,0,0,1,1,0
okal,qotedy,91,142,0.961082714677559,0,0,2,0,0
okal,oteey,91,169,0.9728714639578453,0,0,1,0,0
okal,cheol,91,107,0.9509605376754985,0,0,0,1,0
okal,okol,91,39,0.929587265635127,0,1,0,1,0
okal,lkar,91,20,0.8848715087037897,0,0,0,0,0
okal,otchdy,91,44,0.9406516879468252,0,0,1,0,0
okal,qotain,91,94,0.9522688396407311,0,0,2,0,0
okal,lchedy,91,177,0.9560497930755062,0,0,1,0,0
okal,daiin,91,462,0.9784713055247543,0,0,1,0,0
okal,aiin,91,327,0.957377633924476,0,0,0,0,0
okal,dal,91,174,0.9666787969740801,0,0,1,2,0
okal,or,91,253,0.9602921506389376,0,0,2,0,0
okal,otar,91,139,0.969725068739911,0,0,0,0,0
okal,araiin,91,21,0.9273255065450702,0,0,2,0,0
okal,shar,91,33,0.9197646014856338,0,0,1,0,0
okal,aredy,91,27,0.9199541472217115,0,0,1,0,0
okal,tor,91,25,0.8778773777960535,0,0,1,0,0
okal,kal,91,50,0.9506012849425779,0,0,1,3,0
okal,olky,91,34,0.9481602407532211,0,0,0,0,0
okal,shol,91,172,0.9721565431145017,0,0,1,1,0
okal,otody,91,26,0.890818865098059,0,0,1,0,0
okal,ofeey,91,23,0.8836139895946483,0,0,1,0,0
okal,qokey,91,76,0.9490096850267473,0,0,1,0,0
okal,pcheey,91,22,0.8685523658043919,0,0,1,0,0
okal,chdaiin,91,33,0.945447859771838,0,0,2,0,0
okal,otal,91,97,0.963552801214374,1,0,0,2,1
okal,air,91,59,0.9306239202842939,0,0,1,0,0
okal,qokeo,91,20,0.9259642139768253,0,0,1,0,0
okal,ytedy,91,23,0.85198924054801,0,0,1,0,0
okal,ain,91,145,0.9578419927248195,0,0,1,0,0
okal,qotal,91,46,0.9623183185040273,0,0,1,2,1
okal,dair,91,89,0.9648474418351736,0,0,0,0,0
okal,qokor,91,45,0.934568583130252,0,0,1,0,0
okal,chdy,91,244,0.9605379345876209,0,0,1,0,0
okal,olkaiin,91,112,0.9616328599158106,0,0,3,0,0
okal,okchy,91,33,0.9371383109071256,0,1,0,0,0
okal,olchedy,91,22,0.9108547958285618,0,0,2,0,0
okal,okedy,91,121,0.9696799286647666,0,1,1,0,0
okal,otchy,91,36,0.9376875434303678,0,0,0,0,0
okal,lkaiin,91,102,0.9709233802907523,0,0,2,0,0
okal,qokchedy,91,58,0.9034406237987115,0,0,3,0,0
okal,cthdy,91,33,0.9695528279435602,0,0,1,0,0
okal,otchey,91,27,0.8590327653573401,0,0,1,0,0
okal,oddy,91,26,0.8851118747543981,0,0,0,0,0
okal,chy,91,43,0.9472534654229124,0,0,2,0,0
okal,char,91,32,0.8916871551679906,0,0,1,0,0
okal,cheedy,91,73,0.9546883438657565,0,0,1,0,0
okal,qoteey,91,92,0.9517173529972762,0,0,2,0,0
okal,tedy,91,38,0.9320989623465813,0,0,0,0,0
okal,lkdy,91,26,0.8987518060307212,0,0,0,0,0
okal,lkedy,91,20,0.9235141930792202,0,0,1,0,0
okal,opchdy,91,23,0.9457677628676024,0,0,1,0,0
okal,okor,91,25,0.8922988706129129,0,1,0,0,0
okal,lkain,91,63,0.9624867544478533,0,0,1,0,0
okal,olkeey,91,94,0.9619902073349598,0,0,2,0,0
okal,qokal,91,215,0.9739312231432997,0,0,1,4,1
okal,chckhey,91,45,0.9536703906710398,0,0,0,0,0
okal,otol,91,40,0.9009936891068192,0,0,0,1,0
okal,qoty,91,21,0.9441061907018584,0,0,0,0,0
okal,kar,91,55,0.9444665817724563,0,0,1,0,0
okal,oty,91,68,0.9449875785977221,0,0,1,0,0
okal,tdy,91,32,0.9223145148450799,0,0,1,0,0
okal,ychy,91,21,0.9354002502138328,0,0,1,0,0
okal,otey,91,31,0.9210865924628961,0,0,0,0,0
okal,qotaiin,91,92,0.9639642089775503,0,0,3,0,0
okal,olkain,91,83,0.9496051002440955,0,0,2,0,0
okal,okey,91,27,0.9350573703996602,0,1,0,0,0
okal,kaiin,91,22,0.9155974555526977,0,0,1,0,0
okal,ky,91,30,0.9438760573723262,0,0,2,0,0
okal,qokchy,91,75,0.960204108995908,0,0,1,0,0
okal,daryeey,91,20,0.7937537765139873,0,0,3,0,0
okal,olkedy,91,35,0.9277440844048569,0,0,2,0,0
okal,qokol,91,106,0.9136913808357169,0,0,1,1,0
okal,shody,91,44,0.8297429335645693,0,0,0,0,0
okal,olkar,91,63,0.9658125998797316,0,0,1,0,0
okal,qotchy,91,20,0.7697447043630566,0,0,1,0,0
okal,taiin,91,49,0.9312060758358948,0,0,1,0,0
okal,sham,91,21,0.8933988277361188,0,0,1,0,0
okal,sar,91,43,0.9573097285062252,0,0,1,0,0
okal,lchaiin,91,24,0.9326712292606367,0,0,2,0,0
okal,qoy,91,22,0.9012412500231297,0,0,1,0,0
okal,shes,91,22,0.793094368595934,0,0,1,0,0
okal,okchey,91,32,0.934824712131891,0,1,1,0,0
okal,oleedy,91,26,0.9345963633961708,0,0,2,0,0
okal,ody,91,28,0.9159725590491792,0,0,1,0,0
okal,ykar,91,21,0.8374935954310694,0,0,0,0,0
okal,dleo,91,22,0.8323370974868899,0,0,0,0,0
okal,dleeol,91,22,0.9153713250549459,0,0,2,1,0
okal,qokeor,91,20,0.8887792337707794,0,0,2,0,0
okal,olkchdy,91,21,0.9070618468604281,0,0,2,0,0
okal,chal,91,29,0.8465399541712251,0,0,1,2,0
okal,tchaiin,91,21,0.9182844159936051,0,0,2,0,0
okal,qokeody,91,21,0.8961355159731303,0,0,3,0,0
okal,ldy,91,21,0.8779495078742343,0,0,1,0,0
okal,laiin,91,37,0.9270504895272573,0,0,1,0,0
okal,schdy,91,21,0.9357353712984748,0,0,0,0,0
okal,sheckhy,91,39,0.964143108746681,0,0,0,0,0
okal,cheeor,91,26,0.9007509305051925,0,0,1,0,0
okal,otedal,91,22,0.8631040251209433,0,0,2,2,0
okal,lsy,91,22,0.9350695643750464,0,0,1,0,0
okal,qoko,91,24,0.7544413017709248,0,0,0,0,0
okal,ytody,91,21,0.9406969673724616,0,0,1,0,0
okal,chody,91,23,0.9397649565869632,0,0,0,0,0
okal,kchy,91,24,0.9411463462435,0,0,1,0,0
okal,ykal,91,24,0.8794541603070686,1,0,0,3,0
okal,lsedy,91,28,0.9058118268466856,0,0,1,0,0
okal,to,91,24,0.8981289852179215,0,0,2,0,0
okal,pchdy,91,30,0.9360354474788988,0,0,0,0,0
okal,qoeedy,91,23,0.9371224798140619,0,0,2,0,0
okal,otor,91,20,0.9176449916249858,0,0,0,0,0
qokeedy,saiin,443,91,0.9677118754930707,0,0,2,0,0
qokeedy,qokar,443,328,0.987899272541612,0,1,2,0,0
qokeedy,dar,443,587,0.9825045398381292,0,0,4,0,0
qokeedy,dain,443,176,0.9800926453211467,0,0,3,0,0
qokeedy,qotar,443,60,0.9474608363336976,0,1,2,0,0
qokeedy,pedy,443,20,0.7718931014179948,0,0,3,3,0
qokeedy,teey,443,21,0.8763624547607765,0,0,3,1,0
qokeedy,opchy,443,32,0.9604994112122321,0,0,3,1,0
qokeedy,otedy,443,302,0.9798980915940092,0,0,2,3,0
qokeedy,otain,443,197,0.9662512559098113,0,0,2,0,0
qokeedy,koiin,443,25,0.8419584042146236,0,0,2,0,0
qokeedy,chor,443,68,0.9732918186538476,0,0,4,0,0
qokeedy,cheey,443,175,0.9808143845234686,0,0,3,1,0
qokeedy,rar,443,22,0.930434820687121,0,0,4,0,0
qokeedy,y,443,143,0.9702883710302137,0,0,6,1,0
qokeedy,qol,443,225,0.9650342425253999,0,1,4,0,0
qokeedy,am,443,90,0.9593467683690775,0,0,5,0,0
qokeedy,shckhy,443,108,0.9810068317169144,0,0,4,1,0
qokeedy,al,443,141,0.9660158453919885,0,0,5,0,0
qokeedy,dy,443,157,0.9811983119856139,0,0,5,2,0
qokeedy,par,443,22,0.8783177369785593,0,0,4,0,0
qokeedy,shey,443,297,0.9776099495589158,0,0,4,1,0
qokeedy,okeedy,443,177,0.9891228631167274,0,0,1,6,1
qokeedy,qokain,443,435,0.9804082222242017,0,1,1,0,0
qokeedy,opchedaiin,443,22,0.94604323230003,0,0,2,0,0
qokeedy,qoteedy,443,99,0.9620666438265705,0,1,0,4,1
qokeedy,qoky,443,149,0.9638348837281219,0,1,3,1,0
qokeedy,oky,443,75,0.9715727219660816,0,0,4,1,0
qokeedy,kody,443,21,0.9424654993721795,0,0,3,2,0
qokeedy,sheey,443,211,0.9764622698366874,0,0,3,1,0
qokeedy,dam,443,81,0.9570283125274863,0,0,4,0,0
qokeedy,oteedy,443,189,0.9919095735092582,0,0,1,4,1
qokeedy,olkeedy,443,96,0.9878083344939402,1,0,0,5,1
qokeedy,dleey,443,51,0.9572774215888057,0,0,2,1,0
qokeedy,shor,443,45,0.958257149233307,0,0,4,0,0
qokeedy,qokaiin,443,504,0.9883397822320564,0,1,0,0,0
qokeedy,olkal,443,50,0.977388654502038,0,0,2,0,0
qokeedy,chs,443,34,0.9508398348432617,0,0,5,0,0
qokeedy,okeey,443,173,0.9484808131540348,0,0,2,1,0
qokeedy,kd,443,24,0.9596460114196197,0,0,5,0,0
qokeedy,lchey,443,57,0.9624365891192965,0,0,3,1,0
qokeedy,chol,443,136,0.9793961320587112,0,0,4,0,0
qokeedy,qotedy,443,142,0.9772654750023543,0,1,1,3,0
qokeedy,oteey,443,169,0.9801986377625793,0,0,2,1,0
qokeedy,cheol,443,107,0.9601673831001457,0,0,3,0,0
qokeedy,okol,443,39,0.9404727123920273,0,0,3,0,0
qokeedy,lkar,443,20,0.9116434850248285,0,0,3,0,0
qokeedy,otchdy,443,44,0.945780266087395,0,0,2,2,0
qokeedy,qotain,443,94,0.9680091705983633,0,1,1,0,0
qokeedy,lchedy,443,177,0.9680285517906188,0,0,2,3,0
qokeedy,daiin,443,462,0.9841677498715709,0,0,2,0,0
qokeedy,aiin,443,327,0.9765248539377129,0,0,3,0,0
qokeedy,dal,443,174,0.9795128724843649,0,0,4,0,0
qokeedy,or,443,253,0.9785881146531512,0,0,5,0,0
qokeedy,otar,443,139,0.982544197848131,0,0,3,0,0
qokeedy,araiin,443,21,0.9310514719974899,0,0,1,0,0
qokeedy,shar,443,33,0.9214345897754593,0,0,4,0,0
qokeedy,aredy,443,27,0.9289757722867541,0,0,2,3,0
qokeedy,tor,443,25,0.884660220178088,0,0,4,0,0
qokeedy,kal,443,50,0.9556839378460226,0,0,4,0,0
qokeedy,olky,443,34,0.9575793329566423,0,0,3,1,0
qokeedy,shol,443,172,0.9751708793290084,0,0,4,0,0
qokeedy,otody,443,26,0.9054298473873079,0,0,2,2,0
qokeedy,ofeey,443,23,0.8936409944449002,0,0,2,1,0
qokeedy,qokey,443,76,0.9563270483995223,0,1,2,1,0
qokeedy,pcheey,443,22,0.8896920484775819,0,0,2,1,0
qokeedy,chdaiin,443,33,0.9511608784906158,0,0,1,0,0
qokeedy,otal,443,97,0.9643128680296255,0,0,3,0,0
qokeedy,air,443,59,0.9393279082804606,0,0,4,0,0
qokeedy,qokeo,443,20,0.9405294345167166,0,1,2,0,0
qokeedy,ytedy,443,23,0.8554953386465396,0,0,2,3,0
qokeedy,ain,443,145,0.9706251981568772,0,0,4,0,0
qokeedy,qotal,443,46,0.9743785085957717,0,1,2,0,0
qokeedy,dair,443,89,0.974186182068102,0,0,3,0,0
qokeedy,qokor,443,45,0.9565007479053766,0,1,2,0,0
qokeedy,chdy,443,244,0.9763037948625821,0,0,4,2,0
qokeedy,olkaiin,443,112,0.9701434862681533,0,0,0,0,0
qokeedy,okchy,443,33,0.9551210355508836,0,0,3,1,0
qokeedy,olchedy,443,22,0.9165758809304542,0,0,1,3,0
qokeedy,okedy,443,121,0.9742169681800463,0,0,2,3,0
qokeedy,otchy,443,36,0.9573666430784693,0,0,3,1,0
qokeedy,lkaiin,443,102,0.9830987065835276,0,0,1,0,0
qokeedy,qokchedy,443,58,0.8968430119757509,0,1,0,3,0
qokeedy,cthdy,443,33,0.9765971813834335,0,0,4,2,0
qokeedy,otchey,443,27,0.8649508069897488,0,0,2,1,0
qokeedy,oddy,443,26,0.9095869648579139,0,0,3,2,0
qokeedy,chy,443,43,0.9519867887315497,0,0,5,1,0
qokeedy,char,443,32,0.8990728760287516,0,0,4,0,0
qokeedy,cheedy,443,73,0.9676384113977108,0,0,2,4,0
qokeedy,qoteey,443,92,0.967083494930257,0,1,1,1,0
qokeedy,tedy,443,38,0.9585945849220963,0,0,3,3,0
qokeedy,lkdy,443,26,0.9209922200521002,0,0,3,2,0
qokeedy,lkedy,443,20,0.9312927761704498,0,0,2,3,0
qokeedy,opchdy,443,23,0.9602295610301919,0,0,2,2,0
qokeedy,okor,443,25,0.9024065518433865,0,0,3,0,0
qokeedy,lkain,443,63,0.9762034938963525,0,0,2,0,0
qokeedy,olkeey,443,94,0.9811203610844796,0,0,1,1,0
qokeedy,qokal,443,215,0.9815405540239234,0,1,2,0,0
qokeedy,chckhey,443,45,0.9703059962621018,0,0,3,1,0
qokeedy,otol,443,40,0.8939421213086781,0,0,3,0,0
qokeedy,qoty,443,21,0.9647640020997627,0,1,3,1,0
qokeedy,kar,443,55,0.9527320276432413,0,0,4,0,0
qokeedy,oty,443,68,0.9647084865179021,0,0,4,1,0
qokeedy,tdy,443,32,0.938978965935857,0,0,4,2,0
qokeedy,ychy,443,21,0.9494381457447475,0,0,4,1,0
qokeedy,otey,443,31,0.9346538267894866,0,0,3,1,0
qokeedy,qotaiin,443,92,0.971249009074585,0,1,0,0,0
qokeedy,olkain,443,83,0.95929147400452,0,0,1,0,0
qokeedy,okey,443,27,0.9545175515647211,0,0,3,1,0
qokeedy,kaiin,443,22,0.9334378813311734,0,0,2,0,0
qokeedy,ky,443,30,0.9629572586239515,0,0,5,1,0
qokeedy,qokchy,443,75,0.9692492447656397,0,1,2,1,0
qokeedy,daryeey,443,20,0.7989536965873456,0,0,0,1,0
qokeedy,olkedy,443,35,0.9450840349729105,0,0,1,3,0
qokeedy,qokol,443,106,0.9172210043406928,0,1,2,0,0
qokeedy,shody,443,44,0.8179213030222307,0,0,3,2,0
qokeedy,olkar,443,63,0.9800358181428017,0,0,2,0,0
qokeedy,qotchy,443,20,0.8008224817576185,0,1,2,1,0
qokeedy,taiin,443,49,0.9654830929964673,0,0,2,0,0
qokeedy,sham,443,21,0.9046772547337819,0,0,4,0,0
qokeedy,sar,443,43,0.9658819751478821,0,0,4,0,0
qokeedy,lchaiin,443,24,0.9344479132858933,0,0,1,0,0
qokeedy,qoy,443,22,0.8927798267015986,0,1,4,1,0
qokeedy,shes,443,22,0.7802608795021121,0,0,4,0,0
qokeedy,okchey,443,32,0.9363903245583062,0,0,2,1,0
qokeedy,oleedy,443,26,0.9517011338174582,0,0,1,4,0
qokeedy,ody,443,28,0.9160919744579397,0,0,4,2,0
qokeedy,ykar,443,21,0.8573766751153563,0,0,3,0,0
qokeedy,dleo,443,22,0.8362404382173527,0,0,3,0,0
qokeedy,dleeol,443,22,0.9355616627563011,0,0,1,0,0
qokeedy,qokeor,443,20,0.9025388150223876,0,1,1,0,0
qokeedy,olkchdy,443,21,0.9091372156551217,0,0,1,2,0
qokeedy,chal,443,29,0.8754487803612824,0,0,4,0,0
qokeedy,tchaiin,443,21,0.9429845907521311,0,0,1,0,0
qokeedy,qokeody,443,21,0.8945089807064387,0,1,0,2,0
qokeedy,ldy,443,21,0.8772900391634153,0,0,4,2,0
qokeedy,laiin,443,37,0.9349024136825617,0,0,2,0,0
qokeedy,schdy,443,21,0.9477948201030995,0,0,3,2,0
qokeedy,sheckhy,443,39,0.9716188797192864,0,0,3,1,0
qokeedy,cheeor,443,26,0.9189461230853974,0,0,2,0,0
qokeedy,otedal,443,22,0.8759460996683474,0,0,1,0,0
qokeedy,lsy,443,22,0.9403780354846663,0,0,4,1,0
qokeedy,qoko,443,24,0.7432776201347928,0,1,3,0,0
qokeedy,ytody,443,21,0.9488454877261803,0,0,2,2,0
qokeedy,chody,443,23,0.9540771500252925,0,0,3,2,0
qokeedy,kchy,443,24,0.9575802090962003,0,0,4,1,0
qokeedy,ykal,443,24,0.9030096936266193,0,0,3,0,0
qokeedy,lsedy,443,28,0.908603979551654,0,0,2,3,0
qokeedy,to,443,24,0.9228365669513094,0,0,5,0,0
qokeedy,pchdy,443,30,0.950120899276685,0,0,3,2,0
qokeedy,qoeedy,443,23,0.9439829301329261,0,1,1,4,0
qokeedy,otor,443,20,0.9389694249134174,0,0,3,0,0
saiin,qokar,91,328,0.9697959630338532,0,0,0,0,0
saiin,dar,91,587,0.9560902454483106,0,0,2,0,0
saiin,dain,91,176,0.9667251040684687,0,0,1,2,0
saiin,qotar,91,60,0.9427313121598464,0,0,0,0,0
saiin,pedy,91,20,0.7478548933146083,0,0,1,0,0
saiin,teey,91,21,0.8774686961505417,0,0,1,0,0
saiin,opchy,91,32,0.9451505598681407,0,0,1,0,0
saiin,otedy,91,302,0.9528477301235463,0,0,0,0,0
saiin,otain,91,197,0.9303789486032698,0,0,0,2,0
saiin,koiin,91,25,0.8168984692709653,1,0,0,3,0
saiin,chor,91,68,0.950115219571935,0,0,2,0,0
saiin,cheey,91,175,0.9656693700452402,0,0,1,0,0
saiin,rar,91,22,0.9119218009467207,0,0,2,0,0
saiin,y,91,143,0.9476000402893788,0,0,4,0,0
saiin,qol,91,225,0.9543633735401734,0,0,2,0,0
saiin,am,91,90,0.938491577140122,0,0,3,0,0
saiin,shckhy,91,108,0.9713888953858001,0,0,2,0,0
saiin,al,91,141,0.9452184857773385,0,0,3,0,0
saiin,dy,91,157,0.946185494684316,0,0,3,0,0
saiin,par,91,22,0.8643685179976813,0,0,2,0,0
saiin,shey,91,297,0.9489810547820149,0,0,2,0,0
saiin,okeedy,91,177,0.9612133154513908,0,0,1,0,0
saiin,qokain,91,435,0.9490234653956453,0,0,1,2,0
saiin,opchedaiin,91,22,0.9514019164057315,0,0,4,4,0
saiin,qoteedy,91,99,0.9647310278527429,0,0,2,0,0
saiin,qoky,91,149,0.9540621054128925,0,0,1,0,0
saiin,oky,91,75,0.9443226112884672,0,0,2,0,0
saiin,kody,91,21,0.9129636954508752,0,0,1,0,0
saiin,sheey,91,211,0.969429777891072,0,0,1,0,0
saiin,dam,91,81,0.9525172638370369,0,0,2,0,0
saiin,oteedy,91,189,0.9700122998799144,0,0,1,0,0
saiin,olkeedy,91,96,0.9513001882711469,0,0,2,0,0
saiin,dleey,91,51,0.9307923031486893,0,0,0,0,0
saiin,shor,91,45,0.9538328105132294,0,0,2,0,0
saiin,qokaiin,91,504,0.974215328826381,0,0,2,4,0
saiin,olkal,91,50,0.949590680313394,0,0,0,0,1
saiin,chs,91,34,0.9379953737684416,0,0,3,0,0
saiin,okeey,91,173,0.9514564158273913,0,0,0,0,0
saiin,kd,91,24,0.9233121554086268,0,0,3,0,0
saiin,lchey,91,57,0.9382516218818079,0,0,1,0,0
saiin,chol,91,136,0.9590791037894312,0,0,2,0,0
saiin,qotedy,91,142,0.9525508628650908,0,0,1,0,0
saiin,oteey,91,169,0.9678546942818549,0,0,0,0,0
saiin,cheol,91,107,0.9499489529065153,0,0,1,0,0
saiin,okol,91,39,0.9074345428549034,0,0,1,0,0
saiin,lkar,91,20,0.8648590404775458,0,0,1,0,0
saiin,otchdy,91,44,0.9388282049396167,0,0,0,0,0
saiin,qotain,91,94,0.9458253697839889,0,0,1,2,0
saiin,lchedy,91,177,0.953253206858073,0,0,0,0,0
saiin,daiin,91,462,0.9714883092001496,1,0,0,4,0
saiin,aiin,91,327,0.9429400745353268,0,0,1,4,0
saiin,dal,91,174,0.9599259378449805,0,0,2,0,0
saiin,or,91,253,0.949396088670936,0,0,3,0,0
saiin,otar,91,139,0.9631020991780523,0,0,1,0,0
saiin,araiin,91,21,0.9185037027349857,0,0,1,4,0
saiin,shar,91,33,0.922730673312441,0,0,2,0,0
saiin,aredy,91,27,0.9276948494849601,0,0,0,0,0
saiin,tor,91,25,0.9027785812480296,0,0,2,0,0
saiin,kal,91,50,0.9409618960886319,0,0,2,0,0
saiin,olky,91,34,0.9435762427482135,0,0,1,0,0
saiin,shol,91,172,0.9705919147624774,0,0,2,0,0
saiin,otody,91,26,0.8935428308450312,0,0,0,0,0
saiin,ofeey,91,23,0.8551085345474153,0,0,0,0,0
saiin,qokey,91,76,0.9585978385322657,0,0,0,0,0
saiin,pcheey,91,22,0.8449840864668473,0,0,0,0,0
saiin,chdaiin,91,33,0.9369315070964238,0,0,1,4,0
saiin,otal,91,97,0.9703146278839175,0,0,1,0,1
saiin,air,91,59,0.9268853416760731,0,0,2,0,0
saiin,qokeo,91,20,0.9045186016228038,0,0,0,0,0
saiin,ytedy,91,23,0.8674883173999361,0,0,0,0,0
saiin,ain,91,145,0.9464458247789888,0,0,2,2,0
saiin,qotal,91,46,0.9492793118425397,0,0,0,0,1
saiin,dair,91,89,0.9600897946964447,0,0,1,0,0
saiin,qokor,91,45,0.9363851616509705,0,0,0,0,0
saiin,chdy,91,244,0.9505352062695647,0,0,2,0,0
saiin,olkaiin,91,112,0.9458253697839889,0,0,2,4,0
saiin,okchy,91,33,0.9371842363105726,0,0,1,0,0
saiin,olchedy,91,22,0.9112681271365584,0,0,1,0,0
saiin,okedy,91,121,0.9668448151364432,0,0,0,0,0
saiin,otchy,91,36,0.9443742552853479,0,0,1,0,0
saiin,lkaiin,91,102,0.9634890148139929,0,0,1,4,0
saiin,qokchedy,91,58,0.9030664132282192,0,0,2,0,0
saiin,cthdy,91,33,0.9477928309158989,0,0,2,0,0
saiin,otchey,91,27,0.8678483430520738,0,0,0,0,0
saiin,oddy,91,26,0.8752082040622717,0,0,1,0,0
saiin,chy,91,43,0.9512371262907955,0,0,3,0,0
saiin,char,91,32,0.8914609465126532,0,0,2,0,0
saiin,cheedy,91,73,0.9553182859557366,0,0,0,0,0
saiin,qoteey,91,92,0.9525881460329054,0,0,1,0,0
saiin,tedy,91,38,0.9216001149251106,0,0,1,0,0
saiin,lkdy,91,26,0.876514184400103,0,0,1,0,0
saiin,lkedy,91,20,0.9239202762072003,0,0,0,0,0
saiin,opchdy,91,23,0.9340792758304064,0,0,0,0,0
saiin,okor,91,25,0.9085836084225976,0,0,1,0,0
saiin,lkain,91,63,0.9601991441350864,0,0,0,2,0
saiin,olkeey,91,94,0.9510475823239378,0,0,1,0,0
saiin,qokal,91,215,0.9790729709136552,0,0,0,0,1
saiin,chckhey,91,45,0.9495206394513941,0,0,1,0,0
saiin,otol,91,40,0.8744163341901807,0,0,1,0,0
saiin,qoty,91,21,0.9273158139462583,0,0,1,0,0
saiin,kar,91,55,0.9402667311868991,0,0,2,0,0
saiin,oty,91,68,0.933918724150239,0,0,2,0,0
saiin,tdy,91,32,0.9268738194103457,0,0,2,0,0
saiin,ychy,91,21,0.9265684807310176,0,0,2,0,0
saiin,otey,91,31,0.9357259921487281,0,0,1,0,0
saiin,qotaiin,91,92,0.9573776613766651,0,0,2,4,0
saiin,olkain,91,83,0.9410513002090491,0,0,1,2,0
saiin,okey,91,27,0.9336495147509527,0,0,1,0,0
saiin,kaiin,91,22,0.9120839876248445,1,0,0,4,0
saiin,ky,91,30,0.915888891015264,0,0,3,0,0
saiin,qokchy,91,75,0.9600665184153937,0,0,0,0,0
saiin,daryeey,91,20,0.7987770803547466,0,0,2,0,0
saiin,olkedy,91,35,0.9243785717144584,0,0,1,0,0
saiin,qokol,91,106,0.8960725921514187,0,0,0,0,0
saiin,shody,91,44,0.8087634477610657,0,0,1,0,0
saiin,olkar,91,63,0.9653048206462385,0,0,0,0,0
saiin,qotchy,91,20,0.7863379126455348,0,0,0,0,0
saiin,taiin,91,49,0.9285225812084532,1,0,0,4,0
saiin,sham,91,21,0.8919247733550758,0,0,2,0,0
saiin,sar,91,43,0.952450877879037,0,1,2,0,0
saiin,lchaiin,91,24,0.9349240574978757,0,0,1,4,0
saiin,qoy,91,22,0.8951673046482754,0,0,2,0,0
saiin,shes,91,22,0.8143735393404998,0,0,2,0,0
saiin,okchey,91,32,0.9424961682155879,0,0,0,0,0
saiin,oleedy,91,26,0.9255432227400612,0,0,1,0,0
saiin,ody,91,28,0.9250558988560463,0,0,2,0,0
saiin,ykar,91,21,0.8235934927014349,0,0,1,0,0
saiin,dleo,91,22,0.8470484141096233,0,0,1,0,0
saiin,dleeol,91,22,0.9213812371926391,0,0,1,0,0
saiin,qokeor,91,20,0.8765011798069738,0,0,1,0,0
saiin,olkchdy,91,21,0.9036473040205174,0,0,1,0,0
saiin,chal,91,29,0.8459226699106943,0,0,2,0,0
saiin,tchaiin,91,21,0.9067220574123844,0,0,1,4,0
saiin,qokeody,91,21,0.8973033218437403,0,0,2,0,0
saiin,ldy,91,21,0.8802058133886184,0,0,2,0,0
saiin,laiin,91,37,0.930949187069665,1,0,0,4,0
saiin,schdy,91,21,0.9252312103521081,0,0,1,0,0
saiin,sheckhy,91,39,0.9537138270942518,0,0,1,0,0
saiin,cheeor,91,26,0.8895134604194075,0,0,0,0,0
saiin,otedal,91,22,0.8764044667014989,0,0,1,0,0
saiin,lsy,91,22,0.9326430560938431,0,0,2,0,0
saiin,qoko,91,24,0.7773436275429372,0,0,1,0,0
saiin,ytody,91,21,0.930823674672377,0,0,0,0,0
saiin,chody,91,23,0.9305050848933647,0,0,1,0,0
saiin,kchy,91,24,0.9349319679745933,0,0,2,0,0
saiin,ykal,91,24,0.8773039988437137,0,0,1,0,0
saiin,lsedy,91,28,0.9032729019697929,0,0,0,0,0
saiin,to,91,24,0.876359453742873,0,0,3,0,0
saiin,pchdy,91,30,0.9142662265442794,0,0,1,0,0
saiin,qoeedy,91,23,0.9298381250073692,0,0,1,0,0
saiin,otor,91,20,0.9046620223623657,0,0,1,0,0
qokar,dar,328,587,0.9803664377372715,0,0,2,2,0
qokar,dain,328,176,0.9778254559734625,0,0,1,0,0
qokar,qotar,328,60,0.9558449906480437,0,1,0,2,1
qokar,pedy,328,20,0.7680040120347442,0,0,1,0,0
qokar,teey,328,21,0.880694858308409,0,0,1,0,0
qokar,opchy,328,32,0.961790749042247,0,0,1,0,0
qokar,otedy,328,302,0.9781278852940632,0,0,0,0,0
qokar,otain,328,197,0.960164016320094,0,0,0,0,0
qokar,koiin,328,25,0.8345623307114287,0,0,0,0,0
qokar,chor,328,68,0.966800552313443,0,0,2,1,0
qokar,cheey,328,175,0.9740509857253651,0,0,1,0,0
qokar,rar,328,22,0.9291451864726346,0,0,2,2,0
qokar,y,328,143,0.9726240455161768,0,0,4,0,0
qokar,qol,328,225,0.9692604873654765,0,1,2,0,0
qokar,am,328,90,0.9613171834429347,0,0,3,0,0
qokar,shckhy,328,108,0.9789781716074387,0,0,2,0,0
qokar,al,328,141,0.9677717320416367,0,0,3,0,0
qokar,dy,328,157,0.9755749286611612,0,0,3,0,0
qokar,par,328,22,0.8799296201616447,0,0,2,2,0
qokar,shey,328,297,0.9727816255400452,0,0,2,0,0
qokar,okeedy,328,177,0.9754310334347539,0,0,1,0,0
qokar,qokain,328,435,0.9757769405683938,0,1,1,0,0
qokar,opchedaiin,328,22,0.944612249133655,0,0,4,0,0
qokar,qoteedy,328,99,0.964698876884567,0,1,2,0,0
qokar,qoky,328,149,0.960574128551315,0,1,1,0,0
qokar,oky,328,75,0.962889840407358,0,0,2,0,0
qokar,kody,328,21,0.9365516189506077,0,0,1,0,0
qokar,sheey,328,211,0.9772719293617341,0,0,1,0,0
qokar,dam,328,81,0.9663820313104986,0,0,2,0,0
qokar,oteedy,328,189,0.985941013253758,0,0,1,0,0
qokar,olkeedy,328,96,0.9735053749913601,0,0,2,0,0
qokar,dleey,328,51,0.944525034214535,0,0,0,0,0
qokar,shor,328,45,0.95685354286168,0,0,2,1,0
qokar,qokaiin,328,504,0.9853801268089285,0,1,2,0,0
qokar,olkal,328,50,0.9731954945128579,0,0,0,0,0
qokar,chs,328,34,0.9486867153116969,0,0,3,0,0
qokar,okeey,328,173,0.9625944862900345,0,0,0,0,0
qokar,kd,328,24,0.951886629510203,0,0,3,0,0
qokar,lchey,328,57,0.9556126365856314,0,0,1,0,0
qokar,chol,328,136,0.9785821275679202,0,0,2,0,0
qokar,qotedy,328,142,0.9761548025529362,0,1,1,0,0
qokar,oteey,328,169,0.985481388582448,0,0,0,0,0
qokar,cheol,328,107,0.9601219788205883,0,0,1,0,0
qokar,okol,328,39,0.9385508379974628,0,0,1,0,0
qokar,lkar,328,20,0.8957580533900226,0,0,1,3,0
qokar,otchdy,328,44,0.9523513362837681,0,0,0,0,0
qokar,qotain,328,94,0.9678684207823421,0,1,1,0,0
qokar,lchedy,328,177,0.9709616406324546,0,0,0,0,0
qokar,daiin,328,462,0.9851785475058233,0,0,0,0,0
qokar,aiin,328,327,0.9740841058239512,0,0,1,0,0
qokar,dal,328,174,0.9769880957726362,0,0,2,0,0
qokar,or,328,253,0.97648783935712,0,0,3,1,0
qokar,otar,328,139,0.9847533038845332,0,0,1,2,1
qokar,araiin,328,21,0.9401380957205459,0,0,1,0,0
qokar,shar,328,33,0.9174354175373204,0,0,2,2,0
qokar,aredy,328,27,0.9435564316023645,0,0,0,0,0
qokar,tor,328,25,0.8882130842397702,0,0,2,1,0
qokar,kal,328,50,0.9579618319527908,0,0,2,0,0
qokar,olky,328,34,0.9587696769623507,0,0,1,0,0
qokar,shol,328,172,0.9818762297445399,0,0,2,0,0
qokar,otody,328,26,0.9089719179276569,0,0,0,0,0
qokar,ofeey,328,23,0.8776535364179701,0,0,0,0,0
qokar,qokey,328,76,0.9513578334673727,0,1,0,0,0
qokar,pcheey,328,22,0.8845840824821452,0,0,0,0,0
qokar,chdaiin,328,33,0.9459840839022825,0,0,1,0,0
qokar,otal,328,97,0.966087146160294,0,0,1,0,0
qokar,air,328,59,0.9448455773683967,0,0,2,1,0
qokar,qokeo,328,20,0.94032045357007,0,1,0,0,0
qokar,ytedy,328,23,0.8698408424445715,0,0,0,0,0
qokar,ain,328,145,0.9708698963850341,0,0,2,0,0
qokar,qotal,328,46,0.9686126666599015,0,1,0,0,0
qokar,dair,328,89,0.9745528434344398,0,0,1,1,0
qokar,qokor,328,45,0.9529879866539485,0,1,0,1,0
qokar,chdy,328,244,0.9740272475397495,0,0,2,0,0
qokar,olkaiin,328,112,0.9639134060870527,0,0,2,0,0
qokar,okchy,328,33,0.95172958337588,0,0,1,0,0
qokar,olchedy,328,22,0.9274221927321875,0,0,1,0,0
qokar,okedy,328,121,0.973754460338829,0,0,0,0,0
qokar,otchy,328,36,0.9513446456115922,0,0,1,0,0
qokar,lkaiin,328,102,0.9821022325242091,0,0,1,0,0
qokar,qokchedy,328,58,0.8948375923732437,0,1,2,0,0
qokar,cthdy,328,33,0.9741027111642616,0,0,2,0,0
qokar,otchey,328,27,0.8646400420873083,0,0,0,0,0
qokar,oddy,328,26,0.9015556942160485,0,0,1,0,0
qokar,chy,328,43,0.9545534068349256,0,0,3,0,0
qokar,char,328,32,0.8996946985985355,0,0,2,2,0
qokar,cheedy,328,73,0.9644228512453975,0,0,0,0,0
qokar,qoteey,328,92,0.9694472779499217,0,1,1,0,0
qokar,tedy,328,38,0.9524381589366306,0,0,1,0,0
qokar,lkdy,328,26,0.9113245718498112,0,0,1,0,0
qokar,lkedy,328,20,0.9370633254609033,0,0,0,0,0
qokar,opchdy,328,23,0.9586973006695695,0,0,0,0,0
qokar,okor,328,25,0.8943993806775048,0,0,1,1,0
qokar,lkain,328,63,0.9717741683211513,0,0,0,0,0
qokar,olkeey,328,94,0.9795887339183262,0,0,1,0,0
qokar,qokal,328,215,0.9809236157192411,0,1,0,0,0
qokar,chckhey,328,45,0.9606073956409592,0,0,1,0,0
qokar,otol,328,40,0.8968481300038815,0,0,1,0,0
qokar,qoty,328,21,0.956697878066298,0,1,1,0,0
qokar,kar,328,55,0.9532267883992409,0,0,2,3,0
qokar,oty,328,68,0.9609256462911838,0,0,2,0,0
qokar,tdy,328,32,0.9479752578752798,0,0,2,0,0
qokar,ychy,328,21,0.9441188202691989,0,0,2,0,0
qokar,otey,328,31,0.9256235975587517,0,0,1,0,0
qokar,qotaiin,328,92,0.9728179319422975,0,1,2,0,0
qokar,olkain,328,83,0.9584392927835259,0,0,1,0,0
qokar,okey,328,27,0.9461854899208105,0,0,1,0,0
qokar,kaiin,328,22,0.9308531621175058,0,0,0,0,0
qokar,ky,328,30,0.9539607764771947,0,0,3,0,0
qokar,qokchy,328,75,0.966416803749695,0,1,0,0,0
qokar,daryeey,328,20,0.7901012971640766,0,0,2,0,0
qokar,olkedy,328,35,0.9310453422616913,0,0,1,0,0
qokar,qokol,328,106,0.9165779868604875,0,1,0,0,0
qokar,shody,328,44,0.8201840112879182,0,0,1,0,0
qokar,olkar,328,63,0.982799279136268,1,0,0,3,1
qokar,qotchy,328,20,0.7814209023396793,0,1,0,0,0
qokar,taiin,328,49,0.9601731779587608,0,0,0,0,0
qokar,sham,328,21,0.9049871057934594,0,0,2,0,0
qokar,sar,328,43,0.9651418005492769,0,0,2,2,0
qokar,lchaiin,328,24,0.9384146591093993,0,0,1,0,0
qokar,qoy,328,22,0.8954821077519157,0,1,2,0,0
qokar,shes,328,22,0.7894170171293364,0,0,2,0,0
qokar,okchey,328,32,0.9418423216632219,0,0,0,0,0
qokar,oleedy,328,26,0.9437764311115926,0,0,1,0,0
qokar,ody,328,28,0.9261787424358399,0,0,2,0,0
qokar,ykar,328,21,0.8481856146056677,0,0,1,3,0
qokar,dleo,328,22,0.8318698920179769,0,0,1,0,0
qokar,dleeol,328,22,0.9242125670079009,0,0,1,0,0
qokar,qokeor,328,20,0.8988411552397427,0,1,1,1,0
qokar,olkchdy,328,21,0.9083242245185981,0,0,1,0,0
qokar,chal,328,29,0.8591671470093774,0,0,2,0,0
qokar,tchaiin,328,21,0.9394424699532912,0,0,1,0,0
qokar,qokeody,328,21,0.9085247127876069,0,1,2,0,0
qokar,ldy,328,21,0.8925456284721917,0,0,2,0,0
qokar,laiin,328,37,0.9464337212553139,0,0,0,0,0
qokar,schdy,328,21,0.9515372700667792,0,0,1,0,0
qokar,sheckhy,328,39,0.971493414572286,0,0,1,0,0
qokar,cheeor,328,26,0.9015166914166289,0,0,0,1,0
qokar,otedal,328,22,0.8811330566428741,0,0,1,0,0
qokar,lsy,328,22,0.9419970382652619,0,0,2,0,0
qokar,qoko,328,24,0.7602829735171044,0,1,1,0,0
qokar,ytody,328,21,0.9531615626363389,0,0,0,0,0
qokar,chody,328,23,0.9506069305090689,0,0,1,0,0
qokar,kchy,328,24,0.9523914041022796,0,0,2,0,0
qokar,ykal,328,24,0.8945844033443064,0,0,1,0,0
qokar,lsedy,328,28,0.9149669678006435,0,0,0,0,0
qokar,to,328,24,0.9161312321108062,0,0,3,0,0
qokar,pchdy,328,30,0.9441430858833042,0,0,1,0,0
qokar,qoeedy,328,23,0.9397953696647264,0,1,1,0,0
qokar,otor,328,20,0.9372844096085546,0,0,1,1,0
dar,dain,587,176,0.971462449216979,0,1,1,0,0
dar,qotar,587,60,0.9322064105335518,0,0,2,2,0
dar,pedy,587,20,0.7764498234970084,0,0,1,0,0
dar,teey,587,21,0.8764468733776295,0,0,1,0,0
dar,opchy,587,32,0.9550712460896873,0,0,1,0,0
dar,otedy,587,302,0.9904421721295193,0,0,2,0,0
dar,otain,587,197,0.9753914297049061,0,0,2,0,0
dar,koiin,587,25,0.8283851256901075,0,0,2,0,0
dar,chor,587,68,0.959163605845101,1,0,0,1,0
dar,cheey,587,175,0.9667658157396857,0,0,1,0,0
dar,rar,587,22,0.9337100645930775,1,0,0,2,0
dar,y,587,143,0.9870687260657791,0,0,2,0,0
dar,qol,587,225,0.9729332157477547,0,0,0,0,0
dar,am,587,90,0.9761701547425011,0,0,1,0,0
dar,shckhy,587,108,0.9748531623739827,0,0,0,0,0
dar,al,587,141,0.983688452327163,0,0,1,0,0
dar,dy,587,157,0.9772857499237076,0,0,1,0,0
dar,par,587,22,0.8872210895995866,1,0,0,2,0
dar,shey,587,297,0.9868665557013188,0,0,0,0,0
dar,okeedy,587,177,0.9723073708824711,0,0,3,0,0
dar,qokain,587,435,0.9894534820409374,0,0,3,0,0
dar,opchedaiin,587,22,0.9352122995740325,0,0,6,0,0
dar,qoteedy,587,99,0.9500150441550514,0,0,4,0,0
dar,qoky,587,149,0.9633197180595409,0,0,1,0,0
dar,oky,587,75,0.9746761347525167,0,0,0,0,0
dar,kody,587,21,0.9438253673196733,0,0,1,0,0
dar,sheey,587,211,0.9700389474511593,0,0,1,0,0
dar,dam,587,81,0.9510467356452839,0,1,0,0,0
dar,oteedy,587,189,0.978067083105398,0,0,3,0,0
dar,olkeedy,587,96,0.9687356032747813,0,0,4,0,0
dar,dleey,587,51,0.9413410546635332,0,0,2,0,0
dar,shor,587,45,0.9493587225857736,1,0,0,1,0
dar,qokaiin,587,504,0.9807310992437261,0,0,4,0,0
dar,olkal,587,50,0.9678730163229281,0,0,2,0,0
dar,chs,587,34,0.9447336378479331,0,0,1,0,0
dar,okeey,587,173,0.9470285803057084,0,0,2,0,0
dar,kd,587,24,0.9621519053353187,0,0,1,0,0
dar,lchey,587,57,0.9502091364221956,0,0,1,0,0
dar,chol,587,136,0.9857661415436071,0,0,0,0,0
dar,qotedy,587,142,0.9833820286628765,0,0,3,0,0
dar,oteey,587,169,0.9752623811995631,0,0,2,0,0
dar,cheol,587,107,0.9725360597287689,0,0,1,0,0
dar,okol,587,39,0.9340270222389445,0,0,1,0,0
dar,lkar,587,20,0.9000724708545039,0,0,1,2,0
dar,otchdy,587,44,0.9408772699832507,0,0,2,0,0
dar,qotain,587,94,0.980659175524385,0,0,3,0,0
dar,lchedy,587,177,0.9842555741016507,0,0,2,0,1
dar,daiin,587,462,0.9779001242093904,0,1,2,0,0
dar,aiin,587,327,0.9902720624344333,0,0,1,0,0
dar,dal,587,174,0.9719552663356372,0,1,0,0,0
dar,or,587,253,0.9887982651913342,0,0,1,1,0
dar,otar,587,139,0.97155338955374,0,0,1,2,0
dar,araiin,587,21,0.9367197784153871,0,0,3,0,0
dar,shar,587,33,0.9237347873066596,1,0,0,2,0
dar,aredy,587,27,0.9387716736768741,0,0,2,0,0
dar,tor,587,25,0.8875822051463815,1,0,0,1,0
dar,kal,587,50,0.9634428496822814,0,0,0,0,0
dar,olky,587,34,0.9606859199405137,0,0,1,0,0
dar,shol,587,172,0.9687134091225552,0,0,0,0,0
dar,otody,587,26,0.9191695419108353,0,0,2,0,0
dar,ofeey,587,23,0.8715576352579534,0,0,2,0,0
dar,qokey,587,76,0.9420592280699011,0,0,2,0,0
dar,pcheey,587,22,0.9053486928296773,0,0,2,0,0
dar,chdaiin,587,33,0.9536933822820497,0,0,3,0,0
dar,otal,587,97,0.9535577339676578,0,0,1,0,0
dar,air,587,59,0.9581591138100771,1,0,0,1,0
dar,qokeo,587,20,0.9592465600017556,0,0,2,0,0
dar,ytedy,587,23,0.8683425012617633,0,0,2,0,0
dar,ain,587,145,0.9858385629396006,0,0,0,0,0
dar,qotal,587,46,0.9650521422841019,0,0,2,0,0
dar,dair,587,89,0.9689405386927966,0,1,1,1,0
dar,qokor,587,45,0.9415041353189305,0,0,2,1,0
dar,chdy,587,244,0.9879986217624366,0,0,0,0,0
dar,olkaiin,587,112,0.9635982427215515,0,0,4,0,0
dar,okchy,587,33,0.9537392011385429,0,0,1,0,0
dar,olchedy,587,22,0.916841796480623,0,0,3,0,0
dar,okedy,587,121,0.9678224663893555,0,0,2,0,0
dar,otchy,587,36,0.9518693335184206,0,0,1,0,0
dar,lkaiin,587,102,0.9769162563175904,0,0,3,0,0
dar,qokchedy,587,58,0.8851550808100656,0,0,4,0,0
dar,cthdy,587,33,0.9737851875010761,0,0,0,0,0
dar,otchey,587,27,0.8482152942078978,0,0,2,0,0
dar,oddy,587,26,0.907722246381407,0,0,1,0,0
dar,chy,587,43,0.9518398319279266,0,0,1,0,0
dar,char,587,32,0.9152121586554375,1,0,0,2,0
dar,cheedy,587,73,0.9522394266451776,0,0,2,0,0
dar,qoteey,587,92,0.960189696390682,0,0,3,0,0
dar,tedy,587,38,0.9624707144059504,0,0,1,0,0
dar,lkdy,587,26,0.92838574048871,0,0,1,0,0
dar,lkedy,587,20,0.9415233722061468,0,0,2,0,0
dar,opchdy,587,23,0.956852977874287,0,0,2,0,0
dar,okor,587,25,0.8891970027827946,0,0,1,1,0
dar,lkain,587,63,0.9648357950320742,0,0,2,0,0
dar,olkeey,587,94,0.972876390772222,0,0,3,0,0
dar,qokal,587,215,0.9720598464373109,0,0,2,0,0
dar,chckhey,587,45,0.9563171486248495,0,0,1,0,0
dar,otol,587,40,0.8918108492732829,0,0,1,0,0
dar,qoty,587,21,0.9649009976149718,0,0,1,0,0
dar,kar,587,55,0.9556939605920954,1,0,0,2,0
dar,oty,587,68,0.960702002110749,0,0,0,0,0
dar,tdy,587,32,0.9358613193285434,0,0,0,0,0
dar,ychy,587,21,0.952299208409425,0,0,0,0,0
dar,otey,587,31,0.9201736327392597,0,0,1,0,0
dar,qotaiin,587,92,0.9723328797724344,0,0,4,0,0
dar,olkain,587,83,0.9688422535000734,0,0,3,0,0
dar,okey,587,27,0.9398067824478468,0,0,1,0,0
dar,kaiin,587,22,0.9454912302423589,0,0,2,0,0
dar,ky,587,30,0.9608066257524903,0,0,1,0,0
dar,qokchy,587,75,0.9636650020995152,0,0,2,0,0
dar,daryeey,587,20,0.7720562495914042,0,1,4,0,0
dar,olkedy,587,35,0.9285757517803045,0,0,3,0,0
dar,qokol,587,106,0.9111009003422915,0,0,2,0,0
dar,shody,587,44,0.8100977362138013,0,0,1,0,0
dar,olkar,587,63,0.9776795019639791,0,0,2,2,0
dar,qotchy,587,20,0.7757528458491763,0,0,2,0,0
dar,taiin,587,49,0.9560925156401706,0,0,2,0,0
dar,sham,587,21,0.9035137989156842,0,0,0,0,0
dar,sar,587,43,0.9651796354364064,1,0,0,2,0
dar,lchaiin,587,24,0.9397099581772326,0,0,3,0,0
dar,qoy,587,22,0.8973694209760746,0,0,0,0,0
dar,shes,587,22,0.7833459206727503,0,0,0,0,0
dar,okchey,587,32,0.9369923296942726,0,0,2,0,0
dar,oleedy,587,26,0.946163544699541,0,0,3,0,0
dar,ody,587,28,0.9176491671298752,0,0,0,0,0
dar,ykar,587,21,0.8590515572219868,0,0,1,2,0
dar,dleo,587,22,0.8049197233641048,0,0,1,0,0
dar,dleeol,587,22,0.9205304829140237,0,0,3,0,0
dar,qokeor,587,20,0.9012953947009079,0,0,3,1,0
dar,olkchdy,587,21,0.8918741122324936,0,0,3,0,0
dar,chal,587,29,0.8729944334901052,0,0,0,0,0
dar,tchaiin,587,21,0.9510420277708068,0,0,3,0,0
dar,qokeody,587,21,0.8980200259961535,0,0,4,0,0
dar,ldy,587,21,0.8908680930891271,0,0,0,0,0
dar,laiin,587,37,0.9367943834544539,0,0,2,0,0
dar,schdy,587,21,0.9517405176093074,0,0,1,0,0
dar,sheckhy,587,39,0.9717921762188708,0,0,1,0,0
dar,cheeor,587,26,0.91769360028168,0,0,2,1,0
dar,otedal,587,22,0.8797722338328312,0,0,3,0,0
dar,lsy,587,22,0.9433131341650539,0,0,0,0,0
dar,qoko,587,24,0.7507469770974496,0,0,1,0,0
dar,ytody,587,21,0.9476779990791885,0,0,2,0,0
dar,chody,587,23,0.9612023164762145,0,0,1,0,0
dar,kchy,587,24,0.9489236863678998,0,0,0,0,0
dar,ykal,587,24,0.9066705674224828,0,0,1,0,0
dar,lsedy,587,28,0.918356910800393,0,0,2,0,0
dar,to,587,24,0.9189991273602094,0,0,1,0,0
dar,pchdy,587,30,0.9518302927221277,0,0,1,0,0
dar,qoeedy,587,23,0.9424785861734558,0,0,3,0,0
dar,otor,587,20,0.9283517104927735,0,0,1,1,0
dain,qotar,176,60,0.9447766017511168,0,0,1,0,0
dain,pedy,176,20,0.7603887908134421,0,0,0,0,0
dain,teey,176,21,0.887257973543031,0,0,0,0,0
dain,opchy,176,32,0.958419190027186,0,0,0,0,0
dain,otedy,176,302,0.967725231914791,0,0,1,0,0
dain,otain,176,197,0.9545492434504103,0,0,1,3,0
dain,koiin,176,25,0.8236449236758395,0,0,1,2,0
dain,chor,176,68,0.9714128937658808,0,0,1,0,0
dain,cheey,176,175,0.9788769976307493,0,0,0,0,0
dain,rar,176,22,0.9226969438227581,0,0,1,0,0
dain,y,176,143,0.9645367953826743,0,0,3,0,0
dain,qol,176,225,0.9649496120794265,0,0,1,0,0
dain,am,176,90,0.9587250356610464,0,0,2,0,0
dain,shckhy,176,108,0.9821667565725001,0,0,1,0,0
dain,al,176,141,0.9624197658483155,0,0,2,0,0
dain,dy,176,157,0.9747040075103589,0,0,2,0,1
dain,par,176,22,0.878781114128232,0,0,1,0,0
dain,shey,176,297,0.9631785993519587,0,0,1,0,0
dain,okeedy,176,177,0.9741838488210537,0,0,2,0,0
dain,qokain,176,435,0.9684971654945723,0,0,2,3,0
dain,opchedaiin,176,22,0.9484749904280981,0,0,5,2,0
dain,qoteedy,176,99,0.9630517763704801,0,0,3,0,0
dain,qoky,176,149,0.9636019882001048,0,0,0,0,0
dain,oky,176,75,0.9549483536518877,0,0,1,0,0
dain,kody,176,21,0.9218042535892144,0,0,0,0,0
dain,sheey,176,211,0.9749550630046875,0,0,0,0,0
dain,dam,176,81,0.9711674144543461,0,1,1,0,1
dain,oteedy,176,189,0.9792599525603886,0,0,2,0,0
dain,olkeedy,176,96,0.9652168621042724,0,0,3,0,0
dain,dleey,176,51,0.9439036400669453,0,0,1,0,0
dain,shor,176,45,0.9615689875120547,0,0,1,0,0
dain,qokaiin,176,504,0.9833378473248491,0,0,3,2,0
dain,olkal,176,50,0.9651022286941604,0,0,1,0,0
dain,chs,176,34,0.9358146762902807,0,0,2,0,0
dain,okeey,176,173,0.9642453843466858,0,0,1,0,0
dain,kd,176,24,0.9423975225495965,0,0,2,0,0
dain,lchey,176,57,0.9507430377775876,0,0,0,0,0
dain,chol,176,136,0.974216107729537,0,0,1,0,0
dain,qotedy,176,142,0.9653888870794134,0,0,2,0,0
dain,oteey,176,169,0.9800812347589799,0,0,1,0,0
dain,cheol,176,107,0.9605382546253015,0,0,0,0,0
dain,okol,176,39,0.9292314042161979,0,0,0,0,0
dain,lkar,176,20,0.8893581001073185,0,0,0,0,0
dain,otchdy,176,44,0.9512939623431876,0,0,1,0,0
dain,qotain,176,94,0.9630351581236137,0,0,2,3,0
dain,lchedy,176,177,0.9642986407375038,0,0,1,0,0
dain,daiin,176,462,0.9893352458541147,0,1,1,2,1
dain,aiin,176,327,0.9634022172368035,1,0,0,2,0
dain,dal,176,174,0.9830937484559175,0,1,1,0,1
dain,or,176,253,0.9703315695028715,0,0,2,0,0
dain,otar,176,139,0.9691767030426169,0,0,0,0,0
dain,araiin,176,21,0.9297282720842356,0,0,2,2,0
dain,shar,176,33,0.9261524326232057,0,0,1,0,0
dain,aredy,176,27,0.9284430222850312,0,0,1,0,0
dain,tor,176,25,0.8897714539753891,0,0,1,0,0
dain,kal,176,50,0.9505254388431064,0,0,1,0,0
dain,olky,176,34,0.9522671126041814,0,0,0,0,0
dain,shol,176,172,0.9798292101259322,0,0,1,0,0
dain,otody,176,26,0.9067014806296605,0,0,1,0,0
dain,ofeey,176,23,0.8702457646028385,0,0,1,0,0
dain,qokey,176,76,0.964056530025188,0,0,1,0,0
dain,pcheey,176,22,0.8719723038962606,0,0,1,0,0
dain,chdaiin,176,33,0.9443822468729017,0,0,2,2,0
dain,otal,176,97,0.9684210160665729,0,0,0,0,0
dain,air,176,59,0.9358947952345609,0,0,1,0,0
dain,qokeo,176,20,0.9289521835826096,0,0,1,0,0
dain,ytedy,176,23,0.8603154477645153,0,0,1,0,0
dain,ain,176,145,0.965292905095898,0,0,1,3,0
dain,qotal,176,46,0.9567074219993388,0,0,1,0,0
dain,dair,176,89,0.9843680393580807,0,1,0,0,1
dain,qokor,176,45,0.9521485018230942,0,0,1,0,0
dain,chdy,176,244,0.9692619710821547,0,0,1,0,0
dain,olkaiin,176,112,0.9597743167304186,0,0,3,2,0
dain,okchy,176,33,0.9534924848409102,0,0,0,0,0
dain,olchedy,176,22,0.9154205905687031,0,0,2,0,0
dain,okedy,176,121,0.9778804787081026,0,0,1,0,0
dain,otchy,176,36,0.957834528207059,0,0,0,0,0
dain,lkaiin,176,102,0.9783708293557539,0,0,2,2,0
dain,qokchedy,176,58,0.9071831991689072,0,0,3,0,0
dain,cthdy,176,33,0.9696159530792272,0,0,1,0,0
dain,otchey,176,27,0.8741507090724769,0,0,1,0,0
dain,oddy,176,26,0.8995904747292494,0,0,0,0,0
dain,chy,176,43,0.9501642041126016,0,0,2,0,0
dain,char,176,32,0.9017563365042626,0,0,1,0,0
dain,cheedy,176,73,0.9623370273128954,0,0,1,0,0
dain,qoteey,176,92,0.9742605608291028,0,0,2,0,0
dain,tedy,176,38,0.9437568201422888,0,0,0,0,0
dain,lkdy,176,26,0.8983201021738012,0,0,0,0,0
dain,lkedy,176,20,0.9316239828438877,0,0,1,0,0
dain,opchdy,176,23,0.9523859238893727,0,0,1,0,0
dain,okor,176,25,0.9006709817467278,0,0,0,0,0
dain,lkain,176,63,0.9733729844609555,0,0,1,3,0
dain,olkeey,176,94,0.9727694001803355,0,0,2,0,0
dain,qokal,176,215,0.977684184796595,0,0,1,0,0
dain,chckhey,176,45,0.9650636618267868,0,0,0,0,0
dain,otol,176,40,0.8884906248845114,0,0,0,0,0
dain,qoty,176,21,0.9508187522454206,0,0,0,0,0
dain,kar,176,55,0.9513440407303151,0,0,1,0,0
dain,oty,176,68,0.9494020921800091,0,0,1,0,0
dain,tdy,176,32,0.9355708251141339,0,0,1,0,0
dain,ychy,176,21,0.9379184298196783,0,0,1,0,0
dain,otey,176,31,0.9407861433674718,0,0,0,0,0
dain,qotaiin,176,92,0.9710706019959482,0,0,3,2,0
dain,olkain,176,83,0.9559678917237389,0,0,2,3,0
dain,okey,176,27,0.9513848106019742,0,0,0,0,0
dain,kaiin,176,22,0.924232812651052,0,0,1,2,0
dain,ky,176,30,0.93744745013081,0,0,2,0,0
dain,qokchy,176,75,0.9689087249406784,0,0,1,0,0
dain,daryeey,176,20,0.8064381788298607,0,1,3,0,0
dain,olkedy,176,35,0.932162934003701,0,0,2,0,0
dain,qokol,176,106,0.9081662924198901,0,0,1,0,0
dain,shody,176,44,0.8229492079991607,0,0,0,0,0
dain,olkar,176,63,0.9749090911421414,0,0,1,0,0
dain,qotchy,176,20,0.8015414922279124,0,0,1,0,0
dain,taiin,176,49,0.9548676627160511,0,0,1,2,0
dain,sham,176,21,0.899994169152875,0,0,1,0,0
dain,sar,176,43,0.9588090616448302,0,0,1,0,0
dain,lchaiin,176,24,0.9383159072072149,0,0,2,2,0
dain,qoy,176,22,0.8972661930671249,0,0,1,0,0
dain,shes,176,22,0.7998210554515924,0,0,1,0,0
dain,okchey,176,32,0.9493686229221375,0,0,1,0,0
dain,oleedy,176,26,0.9421160587671781,0,0,2,0,0
dain,ody,176,28,0.9215359797020116,0,0,1,0,0
dain,ykar,176,21,0.8370266205775124,0,0,0,0,0
dain,dleo,176,22,0.8481544930228467,0,0,0,0,0
dain,dleeol,176,22,0.9338074876176956,0,0,2,0,0
dain,qokeor,176,20,0.8891194487850846,0,0,2,0,0
dain,olkchdy,176,21,0.9069894746638474,0,0,2,0,0
dain,chal,176,29,0.8659044299784584,0,0,1,0,0
dain,tchaiin,176,21,0.931817551206245,0,0,2,2,0
dain,qokeody,176,21,0.8962766094739283,0,0,3,0,0
dain,ldy,176,21,0.8925399472715833,0,0,1,0,0
dain,laiin,176,37,0.9414555032268505,0,0,1,2,0
dain,schdy,176,21,0.9452018688434942,0,0,0,0,0
dain,sheckhy,176,39,0.9631885993052498,0,0,0,0,0
dain,cheeor,176,26,0.8946349353122376,0,0,1,0,0
dain,otedal,176,22,0.87904224461434,0,0,2,0,0
dain,lsy,176,22,0.9294506998218667,0,0,1,0,0
dain,qoko,176,24,0.7594243884389505,0,0,0,0,0
dain,ytody,176,21,0.9451119045026611,0,0,1,0,0
dain,chody,176,23,0.9370953087419022,0,0,0,0,0
dain,kchy,176,24,0.9418408895776074,0,0,1,0,0
dain,ykal,176,24,0.8980720958340156,0,0,0,0,0
dain,lsedy,176,28,0.9194063139305393,0,0,1,0,0
dain,to,176,24,0.8989817285577488,0,0,2,0,0
dain,pchdy,176,30,0.9355277962188207,0,0,0,0,0
dain,qoeedy,176,23,0.9327796808067672,0,0,2,0,0
dain,otor,176,20,0.9304980910957303,0,0,0,0,0
qotar,pedy,60,20,0.714330853632976,0,0,1,0,0
qotar,teey,60,21,0.8957026040516795,0,0,1,0,0
qotar,opchy,60,32,0.9361144293237138,0,0,1,0,0
qotar,otedy,60,302,0.9361711018634588,0,0,0,0,0
qotar,otain,60,197,0.892635504930497,0,0,0,0,0
qotar,koiin,60,25,0.8036629314451427,0,0,0,0,0
qotar,chor,60,68,0.9335592280744966,0,0,2,1,0
qotar,cheey,60,175,0.9385645076775572,0,0,1,0,0
qotar,rar,60,22,0.8994865508289921,0,0,2,2,0
qotar,y,60,143,0.9320768100948963,0,0,4,0,0
qotar,qol,60,225,0.9538549874771919,0,1,2,0,0
qotar,am,60,90,0.9258118979959948,0,0,3,0,0
qotar,shckhy,60,108,0.9526906265969217,0,0,2,0,0
qotar,al,60,141,0.9342638062576493,0,0,3,0,0
qotar,dy,60,157,0.9142208751322138,0,0,3,0,0
qotar,par,60,22,0.8552399535277,0,0,2,2,0
qotar,shey,60,297,0.9266631212409268,0,0,2,0,0
qotar,okeedy,60,177,0.9357283316460367,0,0,1,0,0
qotar,qokain,60,435,0.9191612110924482,0,1,1,0,0
qotar,opchedaiin,60,22,0.933823021319751,0,0,4,0,0
qotar,qoteedy,60,99,0.9704748275271718,0,1,2,0,0
qotar,qoky,60,149,0.9418818843858447,0,1,1,0,0
qotar,oky,60,75,0.9201292731645205,0,0,2,0,0
qotar,kody,60,21,0.8733937158662024,0,0,1,0,0
qotar,sheey,60,211,0.9609811520729532,0,0,1,0,0
qotar,dam,60,81,0.9436346940464158,0,0,2,0,0
qotar,oteedy,60,189,0.9582268443704568,0,0,1,0,0
qotar,olkeedy,60,96,0.9283730536642737,0,0,2,0,0
qotar,dleey,60,51,0.8907246445539524,0,0,0,0,0
qotar,shor,60,45,0.938444945833471,0,0,2,1,0
qotar,qokaiin,60,504,0.9528135382296361,0,1,2,0,0
qotar,olkal,60,50,0.9339204679759453,0,0,0,0,0
qotar,chs,60,34,0.9085515034475699,0,0,3,0,0
qotar,okeey,60,173,0.9660220750323162,0,0,0,0,0
qotar,kd,60,24,0.8942093859195995,0,0,3,0,0
qotar,lchey,60,57,0.8908068126693853,0,0,1,0,0
qotar,chol,60,136,0.9455735409144229,0,0,2,0,0
qotar,qotedy,60,142,0.9442069022434336,0,1,1,0,0
qotar,oteey,60,169,0.9617603946252988,0,0,0,0,0
qotar,cheol,60,107,0.9390782151827708,0,0,1,0,0
qotar,okol,60,39,0.9172328699946104,0,0,1,0,0
qotar,lkar,60,20,0.7995097966278216,0,0,1,2,0
qotar,otchdy,60,44,0.9359619735118102,0,0,0,0,0
qotar,qotain,60,94,0.9289637451110991,0,1,1,0,0
qotar,lchedy,60,177,0.9474789292288727,0,0,0,0,0
qotar,daiin,60,462,0.9547127192143304,0,0,0,0,0
qotar,aiin,60,327,0.9152517564371955,0,0,1,0,0
qotar,dal,60,174,0.9365371816946478,0,0,2,0,0
qotar,or,60,253,0.9284201589386802,0,0,3,1,0
qotar,otar,60,139,0.9444347830822224,0,0,1,4,1
qotar,araiin,60,21,0.9041429472820062,0,0,1,0,0
qotar,shar,60,33,0.9094587985505638,0,0,2,2,0
qotar,aredy,60,27,0.9441023015218497,0,0,0,0,0
qotar,tor,60,25,0.9098033695851648,0,0,2,1,0
qotar,kal,60,50,0.9309752577727987,0,0,2,0,0
qotar,olky,60,34,0.9306984701175739,0,0,1,0,0
qotar,shol,60,172,0.9610913576500208,0,0,2,0,0
qotar,otody,60,26,0.8875783421041872,0,0,0,0,0
qotar,ofeey,60,23,0.80737811753502,0,0,0,0,0
qotar,qokey,60,76,0.9368075789508389,0,1,0,0,0
qotar,pcheey,60,22,0.7864330870370017,0,0,0,0,0
qotar,chdaiin,60,33,0.9058964958536981,0,0,1,0,0
qotar,otal,60,97,0.9527020809548842,0,0,1,0,0
qotar,air,60,59,0.9243929765512995,0,0,2,1,0
qotar,qokeo,60,20,0.873725422333973,0,1,0,0,0
qotar,ytedy,60,23,0.8881989173448377,0,0,0,0,0
qotar,ain,60,145,0.9282901795346454,0,0,2,0,0
qotar,qotal,60,46,0.9023218399644332,0,1,0,0,0
qotar,dair,60,89,0.9441897236440582,0,0,1,1,0
qotar,qokor,60,45,0.9442539005588472,0,1,0,1,0
qotar,chdy,60,244,0.9377065253775645,0,0,2,0,0
qotar,olkaiin,60,112,0.9323596320753558,0,0,2,0,0
qotar,okchy,60,33,0.9160349311772861,0,0,1,0,0
qotar,olchedy,60,22,0.9346151391487907,0,0,1,0,0
qotar,okedy,60,121,0.9595314769710602,0,0,0,0,0
qotar,otchy,60,36,0.9153990397690235,0,0,1,0,0
qotar,lkaiin,60,102,0.9566586025321806,0,0,1,0,0
qotar,qokchedy,60,58,0.9224276713600621,0,1,2,0,0
qotar,cthdy,60,33,0.9330775296281936,0,0,2,0,0
qotar,otchey,60,27,0.8898724820084775,0,0,0,0,0
qotar,oddy,60,26,0.8766611293552417,0,0,1,0,0
qotar,chy,60,43,0.9353019081054539,0,0,3,0,0
qotar,char,60,32,0.8879826613117251,0,0,2,2,0
qotar,cheedy,60,73,0.9415452986955,0,0,0,0,0
qotar,qoteey,60,92,0.9475235074661035,0,1,1,0,0
qotar,tedy,60,38,0.8834728769233301,0,0,1,0,0
qotar,lkdy,60,26,0.8307124067203832,0,0,1,0,0
qotar,lkedy,60,20,0.9210159443276056,0,0,0,0,0
qotar,opchdy,60,23,0.9292423914558277,0,0,0,0,0
qotar,okor,60,25,0.9081768317196932,0,0,1,1,0
qotar,lkain,60,63,0.9466203839328727,0,0,0,0,0
qotar,olkeey,60,94,0.9281367903041459,0,0,1,0,0
qotar,qokal,60,215,0.9514879128529337,0,1,0,0,0
qotar,chckhey,60,45,0.9144109806298375,0,0,1,0,0
qotar,otol,60,40,0.8812968019783567,0,0,1,0,0
qotar,qoty,60,21,0.9011196690590825,0,1,1,0,0
qotar,kar,60,55,0.936239986980485,0,0,2,2,0
qotar,oty,60,68,0.9138727185614937,0,0,2,0,0
qotar,tdy,60,32,0.9535501180323643,0,0,2,0,0
qotar,ychy,60,21,0.8882096523025945,0,0,2,0,0
qotar,otey,60,31,0.9071742351080627,0,0,1,0,0
qotar,qotaiin,60,92,0.9422153850173667,0,1,2,0,0
qotar,olkain,60,83,0.9248833763115755,0,0,1,0,0
qotar,okey,60,27,0.9166978227175441,0,0,1,0,0
qotar,kaiin,60,22,0.8935551091438907,0,0,0,0,0
qotar,ky,60,30,0.8770871947392067,0,0,3,0,0
qotar,qokchy,60,75,0.9429979316990161,0,1,0,0,0
qotar,daryeey,60,20,0.7522011881651129,0,0,2,0,0
qotar,olkedy,60,35,0.8797009461962657,0,0,1,0,0
qotar,qokol,60,106,0.900870633770944,0,1,0,0,0
qotar,shody,60,44,0.8241265011773539,0,0,1,0,0
qotar,olkar,60,63,0.950514030503059,0,0,0,2,1
qotar,qotchy,60,20,0.7283221758846511,0,1,0,0,0
qotar,taiin,60,49,0.9306120442658198,0,0,0,0,0
qotar,sham,60,21,0.872798738651102,0,0,2,0,0
qotar,sar,60,43,0.9352010512165198,0,0,2,2,0
qotar,lchaiin,60,24,0.9429601681155582,0,0,1,0,0
qotar,qoy,60,22,0.8923466529937693,0,1,2,0,0
qotar,shes,60,22,0.8294558136266886,0,0,2,0,0
qotar,okchey,60,32,0.9368205912740197,0,0,0,0,0
qotar,oleedy,60,26,0.9029305403298999,0,0,1,0,0
qotar,ody,60,28,0.9433279296532113,0,0,2,0,0
qotar,ykar,60,21,0.805342296421441,0,0,1,2,0
qotar,dleo,60,22,0.8547147779856088,0,0,1,0,0
qotar,dleeol,60,22,0.906556231917412,0,0,1,0,0
qotar,qokeor,60,20,0.862319392240806,0,1,1,1,0
qotar,olkchdy,60,21,0.8751071761752451,0,0,1,0,0
qotar,chal,60,29,0.7799458837194043,0,0,2,0,0
qotar,tchaiin,60,21,0.8689509664742245,0,0,1,0,0
qotar,qokeody,60,21,0.903573620818441,0,1,2,0,0
qotar,ldy,60,21,0.8753152428024836,0,0,2,0,0
qotar,laiin,60,37,0.9350977071948195,0,0,0,0,0
qotar,schdy,60,21,0.9017161969508365,0,0,1,0,0
qotar,sheckhy,60,39,0.9423223595519242,0,0,1,0,0
qotar,cheeor,60,26,0.8305766800485889,0,0,0,1,0
qotar,otedal,60,22,0.8783403680891356,0,0,1,0,0
qotar,lsy,60,22,0.9384724886832326,0,0,2,0,0
qotar,qoko,60,24,0.8075004522003799,0,1,1,0,0
qotar,ytody,60,21,0.9112600758052569,0,0,0,0,0
qotar,chody,60,23,0.9010970702125193,0,0,1,0,0
qotar,kchy,60,24,0.9016975909742428,0,0,2,0,0
qotar,ykal,60,24,0.8719003048612708,0,0,1,0,0
qotar,lsedy,60,28,0.8947642615374365,0,0,0,0,0
qotar,to,60,24,0.8551863576063983,0,0,3,0,0
qotar,pchdy,60,30,0.9010894796166301,0,0,1,0,0
qotar,qoeedy,60,23,0.9215812318026004,0,1,1,0,0
qotar,otor,60,20,0.8966986221792513,0,0,1,1,0
pedy,teey,20,21,0.6590587458951039,0,0,0,1,0
pedy,opchy,20,32,0.740239347485539,0,0,0,1,0
pedy,otedy,20,302,0.7746359688436253,0,0,1,3,0
pedy,otain,20,197,0.799851027869228,0,0,1,0,0
pedy,koiin,20,25,0.6401470065439367,0,0,1,0,0
pedy,chor,20,68,0.752379651140929,0,0,1,0,0
pedy,cheey,20,175,0.7660509057969181,0,0,0,1,0
pedy,rar,20,22,0.7222470008321136,0,0,1,0,0
pedy,y,20,143,0.7651533586732339,0,0,3,1,0
pedy,qol,20,225,0.748598764104693,0,0,1,0,0
pedy,am,20,90,0.7574931877155822,0,0,2,0,0
pedy,shckhy,20,108,0.7640126279587048,0,0,1,1,0
pedy,al,20,141,0.7555428166127924,0,0,2,0,0
pedy,dy,20,157,0.7710587782465086,0,0,2,2,0
pedy,par,20,22,0.7134146341463414,0,0,1,0,0
pedy,shey,20,297,0.7745462140766348,0,0,1,1,0
pedy,okeedy,20,177,0.7659235717825933,0,0,2,3,0
pedy,qokain,20,435,0.8055310197912499,0,0,2,0,0
pedy,opchedaiin,20,22,0.7238427948510848,0,0,5,0,0
pedy,qoteedy,20,99,0.7335384609360133,0,0,3,3,0
pedy,qoky,20,149,0.7393767689337076,0,0,0,1,0
pedy,oky,20,75,0.7602667283715046,0,0,1,1,0
pedy,kody,20,21,0.7457358454704401,1,0,0,2,0
pedy,sheey,20,211,0.7505224878703564,0,0,0,1,0
pedy,dam,20,81,0.7322664153629129,0,0,1,0,0
pedy,oteedy,20,189,0.766041858934608,0,0,2,3,0
pedy,olkeedy,20,96,0.7640103501814623,0,0,3,3,0
pedy,dleey,20,51,0.7442124583304875,0,0,1,1,0
pedy,shor,20,45,0.7409652358691851,0,0,1,0,0
pedy,qokaiin,20,504,0.7655928517056072,0,0,3,0,0
pedy,olkal,20,50,0.7553593604772854,0,0,1,0,0
pedy,chs,20,34,0.7378846921193466,0,0,2,0,0
pedy,okeey,20,173,0.7230039338961304,0,0,1,1,0
pedy,kd,20,24,0.7730306420129849,0,0,2,0,0
pedy,lchey,20,57,0.7577144054402344,0,0,0,1,0
pedy,chol,20,136,0.7653436893140138,0,0,1,0,0
pedy,qotedy,20,142,0.7622506816899431,0,0,2,3,0
pedy,oteey,20,169,0.761393095160239,0,0,1,1,0
pedy,cheol,20,107,0.7442211203438913,0,0,0,0,0
pedy,okol,20,39,0.7251090676094882,0,0,0,0,0
pedy,lkar,20,20,0.7391812561599197,0,0,0,0,0
pedy,otchdy,20,44,0.7312016573298535,0,0,1,2,0
pedy,qotain,20,94,0.7888289562487999,0,0,2,0,0
pedy,lchedy,20,177,0.7553043208985036,0,0,1,3,0
pedy,daiin,20,462,0.7627777532178496,0,0,1,0,0
pedy,aiin,20,327,0.7785478568343438,0,0,0,0,0
pedy,dal,20,174,0.7625702436156101,0,0,1,0,0
pedy,or,20,253,0.7710862698830733,0,0,2,0,0
pedy,otar,20,139,0.7668928755683005,0,0,0,0,0
pedy,araiin,20,21,0.7328778119358673,0,0,2,0,0
pedy,shar,20,33,0.7063605925801387,0,0,1,0,0
pedy,aredy,20,27,0.7144635521359206,0,0,1,3,0
pedy,tor,20,25,0.6640433435235938,0,0,1,0,0
pedy,kal,20,50,0.7433354157484436,0,0,1,0,0
pedy,olky,20,34,0.7426155690684798,0,0,0,1,0
pedy,shol,20,172,0.7569118186623197,0,0,1,0,0
pedy,otody,20,26,0.7086022923135987,0,0,1,2,0
pedy,ofeey,20,23,0.7027819284987273,0,0,1,1,0
pedy,qokey,20,76,0.7288530251352607,0,0,1,1,0
pedy,pcheey,20,22,0.714657873803637,0,0,1,1,0
pedy,chdaiin,20,33,0.7421614660415682,0,0,2,0,0
pedy,otal,20,97,0.7414634146341463,0,0,0,0,0
pedy,air,20,59,0.7361668167133059,0,0,1,0,0
pedy,qokeo,20,20,0.7437782847731431,0,0,1,0,0
pedy,ytedy,20,23,0.6489265092119679,0,0,1,3,0
pedy,ain,20,145,0.7636206988476466,0,0,1,0,0
pedy,qotal,20,46,0.7667250393534292,0,0,1,0,0
pedy,dair,20,89,0.7561553638796086,0,0,0,0,0
pedy,qokor,20,45,0.730141562753901,0,0,1,0,0
pedy,chdy,20,244,0.7655894831777043,0,0,1,2,0
pedy,olkaiin,20,112,0.75473649763298,0,0,3,0,0
pedy,okchy,20,33,0.7398091408664265,0,0,0,1,0
pedy,olchedy,20,22,0.7074783755057409,0,0,2,3,0
pedy,okedy,20,121,0.7467259645939996,0,0,1,3,0
pedy,otchy,20,36,0.7407971974871922,0,0,0,1,0
pedy,lkaiin,20,102,0.7606063353199466,0,0,2,0,0
pedy,qokchedy,20,58,0.6668357156402982,0,0,3,3,0
pedy,cthdy,20,33,0.7601131872319749,0,0,1,2,0
pedy,otchey,20,27,0.6463009055400143,0,0,1,1,0
pedy,oddy,20,26,0.7123275506632195,1,0,0,2,0
pedy,chy,20,43,0.7404195287410109,0,0,2,1,0
pedy,char,20,32,0.6943466260728556,0,0,1,0,0
pedy,cheedy,20,73,0.7515800338099149,0,0,1,3,0
pedy,qoteey,20,92,0.745727417876218,0,0,2,1,0
pedy,tedy,20,38,0.759803641328104,1,0,0,3,0
pedy,lkdy,20,26,0.7469886503985061,1,0,0,2,0
pedy,lkedy,20,20,0.7252184880439114,0,0,1,3,0
pedy,opchdy,20,23,0.7491385970326737,0,0,1,2,0
pedy,okor,20,25,0.7003414054078678,0,0,0,0,0
pedy,lkain,20,63,0.7484740574222639,0,0,1,0,0
pedy,olkeey,20,94,0.7636678703194292,0,0,2,1,0
pedy,qokal,20,215,0.7641405694208898,0,0,1,0,0
pedy,chckhey,20,45,0.7555334604689816,0,0,0,1,0
pedy,otol,20,40,0.6833484562718362,0,0,0,0,0
pedy,qoty,20,21,0.7564002071395708,0,0,0,1,0
pedy,kar,20,55,0.7378705957148775,0,0,1,0,0
pedy,oty,20,68,0.7503818845541793,0,0,1,1,0
pedy,tdy,20,32,0.7136369339839175,0,0,1,2,0
pedy,ychy,20,21,0.7564745899531717,0,0,1,1,0
pedy,otey,20,31,0.7146864384893815,0,0,0,1,0
pedy,qotaiin,20,92,0.7542579261051912,0,0,3,0,0
pedy,olkain,20,83,0.7921707509815068,0,0,2,0,0
pedy,okey,20,27,0.7370621347624919,0,0,0,1,0
pedy,kaiin,20,22,0.7291457433631239,0,0,1,0,0
pedy,ky,20,30,0.7679789973096318,0,0,2,1,0
pedy,qokchy,20,75,0.751741889464127,0,0,1,1,0
pedy,daryeey,20,20,0.6067574679742112,0,0,3,1,0
pedy,olkedy,20,35,0.748990191679099,0,0,2,3,0
pedy,qokol,20,106,0.702269099859059,0,0,1,0,0
pedy,shody,20,44,0.6143921053155805,1,0,0,2,0
pedy,olkar,20,63,0.7643623026945631,0,0,1,0,0
pedy,qotchy,20,20,0.6236548306449741,0,0,1,1,0
pedy,taiin,20,49,0.7425744727934726,0,0,1,0,0
pedy,sham,20,21,0.6945503737883164,0,0,1,0,0
pedy,sar,20,43,0.7544333313731072,0,0,1,0,0
pedy,lchaiin,20,24,0.7138217941117173,0,0,2,0,0
pedy,qoy,20,22,0.6825753371673275,0,0,1,1,0
pedy,shes,20,22,0.5963768345645115,0,0,1,0,0
pedy,okchey,20,32,0.7204448006982944,0,0,1,1,0
pedy,oleedy,20,26,0.7429576453054171,0,0,2,3,0
pedy,ody,20,28,0.6945503737883164,0,0,1,2,0
pedy,ykar,20,21,0.6914474625710438,0,0,0,0,0
pedy,dleo,20,22,0.605481623153723,0,0,0,0,0
pedy,dleeol,20,22,0.724360052285427,0,0,2,0,0
pedy,qokeor,20,20,0.7011608865311152,0,0,2,0,0
pedy,olkchdy,20,21,0.7157964086561112,0,0,2,2,0
pedy,chal,20,29,0.7050416832965112,0,0,1,0,0
pedy,tchaiin,20,21,0.7437782847731431,0,0,2,0,0
pedy,qokeody,20,21,0.6964902419749662,0,0,3,2,0
pedy,ldy,20,21,0.6914892386654403,0,0,1,2,0
pedy,laiin,20,37,0.7178049194865025,0,0,1,0,0
pedy,schdy,20,21,0.7448510446851052,1,0,0,2,0
pedy,sheckhy,20,39,0.7546728122557207,0,0,0,1,0
pedy,cheeor,20,26,0.7393691004272945,0,0,1,0,0
pedy,otedal,20,22,0.6746307784182412,0,0,2,0,0
pedy,lsy,20,22,0.725027145092667,0,0,1,1,0
pedy,qoko,20,24,0.556456609726716,0,0,0,0,0
pedy,ytody,20,21,0.7468989622322455,0,0,1,2,0
pedy,chody,20,23,0.7560312169739494,1,0,0,2,0
pedy,kchy,20,24,0.7533300977273554,0,0,1,1,0
pedy,ykal,20,24,0.6949293699853911,0,0,0,0,0
pedy,lsedy,20,28,0.7224549975677348,0,0,1,3,0
pedy,to,20,24,0.7348530440853052,0,0,2,0,0
pedy,pchdy,20,30,0.7520050533327244,1,0,0,2,0
pedy,qoeedy,20,23,0.7241479433806596,0,0,2,3,0
pedy,otor,20,20,0.7255230370555517,0,0,0,0,0
teey,opchy,21,32,0.8670356087059069,0,0,0,1,0
teey,otedy,21,302,0.8752409147781666,0,0,1,1,0
teey,otain,21,197,0.8382415717459419,0,0,1,0,0
teey,koiin,21,25,0.7510328509788556,0,0,1,0,0
teey,chor,21,68,0.8629231607512277,0,0,1,0,0
teey,cheey,21,175,0.8668910672670299,1,0,0,3,0
teey,rar,21,22,0.850909168111752,0,0,1,0,0
teey,y,21,143,0.8798819323011702,0,0,3,1,0
teey,qol,21,225,0.9044336323953871,0,0,1,0,0
teey,am,21,90,0.8795072740401648,0,0,2,0,0
teey,shckhy,21,108,0.8860839676460563,0,0,1,1,0
teey,al,21,141,0.8854509649727857,0,0,2,0,0
teey,dy,21,157,0.8436829904080594,0,0,2,1,0
teey,par,21,22,0.7929300536550469,0,0,1,0,0
teey,shey,21,297,0.8637964473136908,0,0,1,2,0
teey,okeedy,21,177,0.8642105665760184,0,0,2,1,0
teey,qokain,21,435,0.8636096542372129,0,0,2,0,0
teey,opchedaiin,21,22,0.8811188968561369,0,0,5,0,0
teey,qoteedy,21,99,0.9109604301694815,0,0,3,1,0
teey,qoky,21,149,0.8792438601582706,0,0,0,1,0
teey,oky,21,75,0.847730990863161,0,0,1,1,0
teey,kody,21,21,0.8132062148225916,0,0,0,1,0
teey,sheey,21,211,0.8958493054690806,1,0,0,3,0
teey,dam,21,81,0.8897735974383918,0,0,1,0,0
teey,oteedy,21,189,0.8885387731043469,0,0,2,1,0
teey,olkeedy,21,96,0.8434233389301348,0,0,3,1,0
teey,dleey,21,51,0.8210096681246241,0,0,1,3,0
teey,shor,21,45,0.8839043998560618,0,0,1,0,0
teey,qokaiin,21,504,0.8768781896444956,0,0,3,0,0
teey,olkal,21,50,0.876336433984758,0,0,1,0,0
teey,chs,21,34,0.8436445282208375,0,0,2,0,0
teey,okeey,21,173,0.9152025320368788,0,0,1,3,0
teey,kd,21,24,0.8283778880078584,0,0,2,0,0
teey,lchey,21,57,0.8159610063279947,1,0,0,2,0
teey,chol,21,136,0.883789082665772,0,0,1,0,0
teey,qotedy,21,142,0.8854836029778759,0,0,2,1,0
teey,oteey,21,169,0.9039674775917322,0,0,1,4,0
teey,cheol,21,107,0.8890293028590902,0,0,0,0,0
teey,okol,21,39,0.8576644592839087,0,0,0,0,0
teey,lkar,21,20,0.7071620073648222,0,0,0,0,0
teey,otchdy,21,44,0.8688096777228165,0,0,1,1,0
teey,qotain,21,94,0.88350362704024,0,0,2,0,0
teey,lchedy,21,177,0.9023921229472629,0,0,1,1,0
teey,daiin,21,462,0.8973795694448745,0,0,1,0,0
teey,aiin,21,327,0.8501029499019099,0,0,0,0,0
teey,dal,21,174,0.873241596348777,0,0,1,0,0
teey,or,21,253,0.8713575235486248,0,0,2,0,0
teey,otar,21,139,0.8548354703326522,0,0,0,0,0
teey,araiin,21,21,0.8460921360929305,0,0,2,0,0
teey,shar,21,33,0.8467050951859603,0,0,1,0,0
teey,aredy,21,27,0.9034884372884221,0,0,1,1,0
teey,tor,21,25,0.8936647573893984,0,0,1,0,0
teey,kal,21,50,0.8791450928747305,0,0,1,0,0
teey,olky,21,34,0.8713950901256344,0,0,0,1,0
teey,shol,21,172,0.8981529932933403,0,0,1,0,0
teey,otody,21,26,0.8314834540142798,0,0,1,1,0
teey,ofeey,21,23,0.7064790786383432,0,0,1,3,0
teey,qokey,21,76,0.8778066896088711,0,0,1,2,0
teey,pcheey,21,22,0.7198543351556881,0,0,1,3,0
teey,chdaiin,21,33,0.8545844406606024,0,0,2,0,0
teey,otal,21,97,0.8876697483774681,0,0,0,0,0
teey,air,21,59,0.8779206574919306,0,0,1,0,0
teey,qokeo,21,20,0.8248528280477002,0,0,1,0,0
teey,ytedy,21,23,0.8559136562986691,0,0,1,1,0
teey,ain,21,145,0.88065757535896,0,0,1,0,0
teey,qotal,21,46,0.8288724098685276,0,0,1,0,0
teey,dair,21,89,0.8828807485829672,0,0,0,0,0
teey,qokor,21,45,0.8876647437323775,0,0,1,0,0
teey,chdy,21,244,0.8859790126528293,0,0,1,1,0
teey,olkaiin,21,112,0.8507445037904333,0,0,3,0,0
teey,okchy,21,33,0.858604660792359,0,0,0,1,0
teey,olchedy,21,22,0.9004413377331422,0,0,2,1,0
teey,okedy,21,121,0.9030371141217681,0,0,1,1,0
teey,otchy,21,36,0.85751552780972,0,0,0,1,0
teey,lkaiin,21,102,0.8931178933673121,0,0,2,0,0
teey,qokchedy,21,58,0.8604947956499629,0,0,3,1,0
teey,cthdy,21,33,0.8693769154843085,0,0,1,1,0
teey,otchey,21,27,0.8107137616033477,0,0,1,2,0
teey,oddy,21,26,0.808643013134479,0,0,0,1,0
teey,chy,21,43,0.8797799521812667,0,0,2,1,0
teey,char,21,32,0.8613456517276274,0,0,1,0,0
teey,cheedy,21,73,0.8633506271084413,0,0,1,1,0
teey,qoteey,21,92,0.8926250714364431,0,0,2,4,0
teey,tedy,21,38,0.8151194811394215,0,1,0,1,0
teey,lkdy,21,26,0.7603352825697908,0,0,0,1,0
teey,lkedy,21,20,0.8767285499574877,0,0,1,1,0
teey,opchdy,21,23,0.8707372328767196,0,0,1,1,0
teey,okor,21,25,0.8453978604971043,0,0,0,0,0
teey,lkain,21,63,0.8803215506896873,0,0,1,0,0
teey,olkeey,21,94,0.8587328049036105,0,0,2,3,0
teey,qokal,21,215,0.8833057212600184,0,0,1,0,0
teey,chckhey,21,45,0.8417881690908684,1,0,0,2,0
teey,otol,21,40,0.8262055283788837,0,0,0,0,0
teey,qoty,21,21,0.8378486742267033,0,0,0,1,0
teey,kar,21,55,0.8773474383712576,0,0,1,0,0
teey,oty,21,68,0.8353206070087661,0,0,1,1,0
teey,tdy,21,32,0.9000334441946568,0,0,1,1,0
teey,ychy,21,21,0.824755900171441,0,0,1,1,0
teey,otey,21,31,0.8353459382493217,1,0,0,2,0
teey,qotaiin,21,92,0.8815639540090522,0,0,3,0,0
teey,olkain,21,83,0.8848341859653598,0,0,2,0,0
teey,okey,21,27,0.8422550639072142,1,0,0,2,0
teey,kaiin,21,22,0.8475932528345417,0,0,1,0,0
teey,ky,21,30,0.7997354372454815,0,0,2,1,0
teey,qokchy,21,75,0.8860542693969062,0,0,1,1,0
teey,daryeey,21,20,0.6724692783099564,0,0,3,3,0
teey,olkedy,21,35,0.8147430605825086,0,0,2,1,0
teey,qokol,21,106,0.8357785975560375,0,0,1,0,0
teey,shody,21,44,0.7659706152009355,0,0,0,1,0
teey,olkar,21,63,0.8929097628075571,0,0,1,0,0
teey,qotchy,21,20,0.6598687226099635,0,0,1,1,0
teey,taiin,21,49,0.8855790748410373,0,0,1,0,0
teey,sham,21,21,0.8200941091277799,0,0,1,0,0
teey,sar,21,43,0.8599155471035514,0,0,1,0,0
teey,lchaiin,21,24,0.9073194935886999,0,0,2,0,0
teey,qoy,21,22,0.8575403746011881,0,0,1,1,0
teey,shes,21,22,0.7973539067529545,0,0,1,0,0
teey,okchey,21,32,0.8954791904019123,0,0,1,2,0
teey,oleedy,21,26,0.8388397784517873,0,0,2,1,0
teey,ody,21,28,0.8813940728403613,0,0,1,1,0
teey,ykar,21,21,0.7343537038231922,0,0,0,0,0
teey,dleo,21,22,0.7905906761479119,0,0,0,0,0
teey,dleeol,21,22,0.8292349506038682,0,0,2,0,0
teey,qokeor,21,20,0.8134095079089279,0,0,2,0,0
teey,olkchdy,21,21,0.7747720562400497,0,0,2,1,0
teey,chal,21,29,0.7064827191008665,0,0,1,0,0
teey,tchaiin,21,21,0.8206657578545646,0,0,2,0,0
teey,qokeody,21,21,0.8451274174550517,0,0,3,1,0
teey,ldy,21,21,0.8131036722915378,0,0,1,1,0
teey,laiin,21,37,0.8776515842261776,0,0,1,0,0
teey,schdy,21,21,0.8484714359478385,0,0,0,1,0
teey,sheckhy,21,39,0.8828486755686867,0,0,0,1,0
teey,cheeor,21,26,0.7461592478743434,0,0,1,0,0
teey,otedal,21,22,0.8453183464211081,0,0,2,0,0
teey,lsy,21,22,0.8659785700822286,0,0,1,1,0
teey,qoko,21,24,0.7448138198146612,0,0,0,0,0
teey,ytody,21,21,0.8530563477263433,0,0,1,1,0
teey,chody,21,23,0.8428408843710528,0,0,0,1,0
teey,kchy,21,24,0.8188807675494953,0,0,1,1,0
teey,ykal,21,24,0.8357619420118476,0,0,0,0,0
teey,lsedy,21,28,0.8547659630031321,0,0,1,1,0
teey,to,21,24,0.7724889192957932,0,0,2,0,0
teey,pchdy,21,30,0.8303942515079411,0,0,0,1,0
teey,qoeedy,21,23,0.8745647480223042,0,0,2,1,0
teey,otor,21,20,0.8275285564291335,0,0,0,0,0
opchy,otedy,32,302,0.9523462446602502,0,0,1,1,0
opchy,otain,32,197,0.9359675689856584,0,0,1,0,0
opchy,koiin,32,25,0.7986529438427672,0,0,1,0,0
opchy,chor,32,68,0.9417371500340309,0,0,1,0,0
opchy,cheey,32,175,0.9549982833709824,0,0,0,1,0
opchy,rar,32,22,0.9121513530405708,0,0,1,0,0
opchy,y,32,143,0.9464282834565416,0,0,3,1,0
opchy,qol,32,225,0.9488866992016366,0,0,1,0,0
opchy,am,32,90,0.9350680598964874,0,0,2,0,0
opchy,shckhy,32,108,0.9583373046307837,0,0,1,1,0
opchy,al,32,141,0.9474889440263106,0,0,2,0,0
opchy,dy,32,157,0.9484474823708227,0,0,2,1,0
opchy,par,32,22,0.8596327906283678,0,0,1,0,0
opchy,shey,32,297,0.9433087578478282,0,0,1,1,0
opchy,okeedy,32,177,0.9525314443885112,0,0,2,1,0
opchy,qokain,32,435,0.9480885931567197,0,0,2,0,0
opchy,opchedaiin,32,22,0.9387458532353038,0,1,5,0,1
opchy,qoteedy,32,99,0.9534189536932003,0,0,3,1,0
opchy,qoky,32,149,0.9523329712861305,0,0,0,1,0
opchy,oky,32,75,0.9429648581985978,0,0,1,1,0
opchy,kody,32,21,0.9007037113127264,0,0,0,1,0
opchy,sheey,32,211,0.9577498457001891,0,0,0,1,0
opchy,dam,32,81,0.9307304014997007,0,0,1,0,0
opchy,oteedy,32,189,0.9650999511884428,0,0,2,1,0
opchy,olkeedy,32,96,0.9411097361367697,0,0,3,1,0
opchy,dleey,32,51,0.9065573753701531,0,0,1,1,0
opchy,shor,32,45,0.9435452114861839,0,0,1,0,0
opchy,qokaiin,32,504,0.9661569124394198,0,0,3,0,0
opchy,olkal,32,50,0.9468262606377738,0,0,1,0,0
opchy,chs,32,34,0.9205913259819051,0,0,2,0,0
opchy,okeey,32,173,0.9434055583464759,0,0,1,1,0
opchy,kd,32,24,0.9242061611449307,0,0,2,0,0
opchy,lchey,32,57,0.9251940803392033,0,0,0,1,0
opchy,chol,32,136,0.9560557624245252,0,0,1,0,0
opchy,qotedy,32,142,0.9497679960708184,0,0,2,1,0
opchy,oteey,32,169,0.9620676035725033,0,0,1,1,0
opchy,cheol,32,107,0.9416011089271754,0,0,0,0,0
opchy,okol,32,39,0.9201865405738084,0,0,0,0,0
opchy,lkar,32,20,0.8629156092703403,0,0,0,0,0
opchy,otchdy,32,44,0.926461866730127,0,0,1,1,0
opchy,qotain,32,94,0.9477211776908328,0,0,2,0,0
opchy,lchedy,32,177,0.9532029946963202,0,0,1,1,0
opchy,daiin,32,462,0.9596184141448201,0,0,1,0,0
opchy,aiin,32,327,0.9425562517943262,0,0,0,0,0
opchy,dal,32,174,0.9491416756778105,0,0,1,0,0
opchy,or,32,253,0.9490873114763624,0,0,2,0,0
opchy,otar,32,139,0.9482257321757633,0,0,0,0,0
opchy,araiin,32,21,0.9193053364186234,0,0,2,0,0
opchy,shar,32,33,0.9107053064232765,0,0,1,0,0
opchy,aredy,32,27,0.9300383927890702,0,0,1,1,0
opchy,tor,32,25,0.8892656141281867,0,0,1,0,0
opchy,kal,32,50,0.9398050865602632,0,0,1,0,0
opchy,olky,32,34,0.935215496195382,0,0,0,1,0
opchy,shol,32,172,0.9548369817256689,0,0,1,0,0
opchy,otody,32,26,0.8880904658718723,0,0,1,1,0
opchy,ofeey,32,23,0.8393799687207829,0,0,1,1,0
opchy,qokey,32,76,0.9395210430163499,0,0,1,1,0
opchy,pcheey,32,22,0.8567373142345786,0,0,1,1,0
opchy,chdaiin,32,33,0.9226610094587763,0,0,2,0,0
opchy,otal,32,97,0.9469605661842655,0,0,0,0,0
opchy,air,32,59,0.9248421867393715,0,0,1,0,0
opchy,qokeo,32,20,0.9181983539453143,0,0,1,0,0
opchy,ytedy,32,23,0.8520886218252444,0,0,1,1,0
opchy,ain,32,145,0.943368294570998,0,0,1,0,0
opchy,qotal,32,46,0.933797250030847,0,0,1,0,0
opchy,dair,32,89,0.9524618814881572,0,0,0,0,0
opchy,qokor,32,45,0.9446769631548904,0,0,1,0,0
opchy,chdy,32,244,0.9497427997098089,0,0,1,1,0
opchy,olkaiin,32,112,0.943117396813778,0,0,3,0,0
opchy,okchy,32,33,0.9278006212861155,1,0,0,2,0
opchy,olchedy,32,22,0.8977071859071732,0,0,2,1,0
opchy,okedy,32,121,0.9528702147034709,0,0,1,1,0
opchy,otchy,32,36,0.9255697646925255,1,0,0,2,0
opchy,lkaiin,32,102,0.9608972677258394,0,0,2,0,0
opchy,qokchedy,32,58,0.8892942038168572,0,0,3,1,0
opchy,cthdy,32,33,0.9456839393551861,0,0,1,1,0
opchy,otchey,32,27,0.854140979326724,0,0,1,1,0
opchy,oddy,32,26,0.8841050721323991,0,0,0,1,0
opchy,chy,32,43,0.9379190825100575,0,0,2,2,0
opchy,char,32,32,0.8870224391144018,0,0,1,0,0
opchy,cheedy,32,73,0.9394208974511213,0,0,1,1,0
opchy,qoteey,32,92,0.9469263993701166,0,0,2,1,0
opchy,tedy,32,38,0.9166930851231466,0,0,0,1,0
opchy,lkdy,32,26,0.8764563280523788,0,0,0,1,0
opchy,lkedy,32,20,0.913597042254483,0,0,1,1,0
opchy,opchdy,32,23,0.9392787739325361,0,1,1,1,0
opchy,okor,32,25,0.9019322903633311,0,0,0,0,0
opchy,lkain,32,63,0.9521099718713673,0,0,1,0,0
opchy,olkeey,32,94,0.9463123981896837,0,0,2,1,0
opchy,qokal,32,215,0.9591538436604147,0,0,1,0,0
opchy,chckhey,32,45,0.9348822795067646,0,0,0,1,0
opchy,otol,32,40,0.8827536656430284,0,0,0,0,0
opchy,qoty,32,21,0.9384266841996364,0,0,0,1,0
opchy,kar,32,55,0.9323295700785104,0,0,1,0,0
opchy,oty,32,68,0.9321792847663974,0,0,1,1,0
opchy,tdy,32,32,0.9304167232587524,0,0,1,1,0
opchy,ychy,32,21,0.91872949287412,0,0,1,2,0
opchy,otey,32,31,0.9261523054161735,0,0,0,1,0
opchy,qotaiin,32,92,0.9551138422452901,0,0,3,0,0
opchy,olkain,32,83,0.936371366648048,0,0,2,0,0
opchy,okey,32,27,0.932257506193734,0,0,0,1,0
opchy,kaiin,32,22,0.9085399412664891,0,0,1,0,0
opchy,ky,32,30,0.9169721101509601,0,0,2,1,0
opchy,qokchy,32,75,0.9436251287886734,0,0,1,2,0
opchy,daryeey,32,20,0.7679978402977459,0,0,3,1,0
opchy,olkedy,32,35,0.9039072662922782,0,0,2,1,0
opchy,qokol,32,106,0.9033695404632188,0,0,1,0,0
opchy,shody,32,44,0.820382831257385,0,0,0,1,0
opchy,olkar,32,63,0.9597425716722373,0,0,1,0,0
opchy,qotchy,32,20,0.7524462978554332,0,0,1,2,0
opchy,taiin,32,49,0.9369510662426855,0,0,1,0,0
opchy,sham,32,21,0.8792032483100826,0,0,1,0,0
opchy,sar,32,43,0.9440487523228861,0,0,1,0,0
opchy,lchaiin,32,24,0.9310997484635667,0,0,2,0,0
opchy,qoy,32,22,0.8816984989445643,0,0,1,1,0
opchy,shes,32,22,0.7889176460668009,0,0,1,0,0
opchy,okchey,32,32,0.922867386742774,0,0,1,1,0
opchy,oleedy,32,26,0.9153483464888367,0,0,2,1,0
opchy,ody,32,28,0.9198156330634821,0,0,1,1,0
opchy,ykar,32,21,0.8055548243686541,0,0,0,0,0
opchy,dleo,32,22,0.8154678424063687,0,0,0,0,0
opchy,dleeol,32,22,0.9138265692992971,0,0,2,0,0
opchy,qokeor,32,20,0.8688374460664926,0,0,2,0,0
opchy,olkchdy,32,21,0.8737040566610379,0,0,2,1,0
opchy,chal,32,29,0.8440824058502312,0,0,1,0,0
opchy,tchaiin,32,21,0.9181983539453143,0,0,2,0,0
opchy,qokeody,32,21,0.8840729843167727,0,0,3,1,0
opchy,ldy,32,21,0.8785453859589691,0,0,1,1,0
opchy,laiin,32,37,0.9230689650392043,0,0,1,0,0
opchy,schdy,32,21,0.9256939750816359,0,0,0,1,0
opchy,sheckhy,32,39,0.9509948897847096,0,0,0,1,0
opchy,cheeor,32,26,0.8625808956420943,0,0,1,0,0
opchy,otedal,32,22,0.8674523069196695,0,0,2,0,0
opchy,lsy,32,22,0.9259689719885675,0,0,1,1,0
opchy,qoko,32,24,0.7617063364249369,0,0,0,0,0
opchy,ytody,32,21,0.9240865161561848,0,0,1,1,0
opchy,chody,32,23,0.9195746094780323,0,0,0,1,0
opchy,kchy,32,24,0.9127442207383871,0,0,1,2,1
opchy,ykal,32,24,0.8806314764775004,0,0,0,0,0
opchy,lsedy,32,28,0.8996840799455686,0,0,1,1,0
opchy,to,32,24,0.8865407555917781,0,0,2,0,0
opchy,pchdy,32,30,0.9212347319716091,0,0,0,1,0
opchy,qoeedy,32,23,0.9185858310413247,0,0,2,1,0
opchy,otor,32,20,0.914765194532139,0,0,0,0,0
otedy,otain,302,197,0.9674913746799183,0,1,0,0,0
otedy,koiin,302,25,0.8425586915961922,0,0,0,0,0
otedy,chor,302,68,0.9553642250229399,0,0,2,0,0
otedy,cheey,302,175,0.9620517738716141,0,0,1,1,0
otedy,rar,302,22,0.9345636156890599,0,0,2,0,0
otedy,y,302,143,0.982857038526368,0,0,4,1,0
otedy,qol,302,225,0.9777863318192119,0,0,2,0,0
otedy,am,302,90,0.9752478102323693,0,0,3,0,0
otedy,shckhy,302,108,0.9725146275181774,0,0,2,1,0
otedy,al,302,141,0.9782833652128112,0,0,3,0,0
otedy,dy,302,157,0.9724229041393513,0,0,3,2,0
otedy,par,302,22,0.89139817097664,0,0,2,0,0
otedy,shey,302,297,0.9907236629598223,0,0,2,1,1
otedy,okeedy,302,177,0.969811198119262,0,0,1,3,0
otedy,qokain,302,435,0.9846541417811648,0,0,1,0,0
otedy,opchedaiin,302,22,0.9312232638866453,0,0,4,0,0
otedy,qoteedy,302,99,0.9523131446404176,0,0,2,3,0
otedy,qoky,302,149,0.9585460486951575,0,0,1,1,0
otedy,oky,302,75,0.9635037392812482,0,0,2,1,0
otedy,kody,302,21,0.9420291309067664,0,0,1,2,0
otedy,sheey,302,211,0.9704513907859456,0,0,1,1,0
otedy,dam,302,81,0.9506309176821839,0,0,2,0,0
otedy,oteedy,302,189,0.9776816099840618,0,1,1,3,0
otedy,olkeedy,302,96,0.9640130788211364,0,0,2,3,0
otedy,dleey,302,51,0.9392012831778572,0,0,0,1,0
otedy,shor,302,45,0.9504352173594042,0,0,2,0,0
otedy,qokaiin,302,504,0.9781540242901859,0,0,2,0,0
otedy,olkal,302,50,0.9653772733106621,0,0,0,0,0
otedy,chs,302,34,0.9410529206074205,0,0,3,0,0
otedy,okeey,302,173,0.9507812823319994,0,0,0,1,0
otedy,kd,302,24,0.9619985373855858,0,0,3,0,0
otedy,lchey,302,57,0.9457195077507453,0,0,1,1,0
otedy,chol,302,136,0.9856216543165828,0,0,2,0,0
otedy,qotedy,302,142,0.9855548363966846,0,0,1,5,1
otedy,oteey,302,169,0.9766670935679347,0,1,0,1,0
otedy,cheol,302,107,0.9727134841688946,0,0,1,0,0
otedy,okol,302,39,0.9388576166151664,0,0,1,0,0
otedy,lkar,302,20,0.8917940515715743,0,0,1,0,0
otedy,otchdy,302,44,0.937607295091426,0,1,0,2,0
otedy,qotain,302,94,0.9788541018628002,0,0,1,0,0
otedy,lchedy,302,177,0.9826611149356693,1,0,0,3,0
otedy,daiin,302,462,0.9768045907823901,0,0,0,0,0
otedy,aiin,302,327,0.9840041916370781,0,0,1,0,0
otedy,dal,302,174,0.9677940757448008,0,0,2,0,0
otedy,or,302,253,0.9877597879280864,0,0,3,0,0
otedy,otar,302,139,0.9682362771753604,0,1,1,0,0
otedy,araiin,302,21,0.9324694465691487,0,0,1,0,0
otedy,shar,302,33,0.9215136622692957,0,0,2,0,0
otedy,aredy,302,27,0.9338982218164454,1,0,0,3,0
otedy,tor,302,25,0.8893835238039233,0,0,2,0,0
otedy,kal,302,50,0.9645506676784218,0,0,2,0,0
otedy,olky,302,34,0.9572670447127216,0,0,1,1,0
otedy,shol,302,172,0.9687438313955812,0,0,2,0,0
otedy,otody,302,26,0.9196004960625898,0,1,0,2,0
otedy,ofeey,302,23,0.867929398051911,0,0,0,1,0
otedy,qokey,302,76,0.94061134795661,0,0,0,1,0
otedy,pcheey,302,22,0.8854431684624172,0,0,0,1,0
otedy,chdaiin,302,33,0.9509741139284444,0,0,1,0,0
otedy,otal,302,97,0.9588103938262511,0,1,1,0,0
otedy,air,302,59,0.9599064984665594,0,0,2,0,0
otedy,qokeo,302,20,0.9418253165254595,0,0,0,0,0
otedy,ytedy,302,23,0.8780729624355017,1,0,0,4,0
otedy,ain,302,145,0.980610956265974,0,0,2,0,0
otedy,qotal,302,46,0.9603840713643499,0,0,0,0,0
otedy,dair,302,89,0.9695889970294612,0,0,1,0,0
otedy,qokor,302,45,0.9417967762124763,0,0,0,0,0
otedy,chdy,302,244,0.986490183747848,0,0,2,2,0
otedy,olkaiin,302,112,0.9647206026248288,0,0,2,0,0
otedy,okchy,302,33,0.9490902528744982,0,0,1,1,0
otedy,olchedy,302,22,0.9203864673984311,0,0,1,3,0
otedy,okedy,302,121,0.9690811385956537,1,0,0,3,0
otedy,otchy,302,36,0.9451279109426439,0,1,1,1,0
otedy,lkaiin,302,102,0.9773654370587341,0,0,1,0,0
otedy,qokchedy,302,58,0.8941493095241656,0,0,2,3,0
otedy,cthdy,302,33,0.9714502928756458,0,0,2,2,0
otedy,otchey,302,27,0.8477638249625689,0,1,0,1,0
otedy,oddy,302,26,0.9123977571652513,0,0,1,2,0
otedy,chy,302,43,0.9540687706744939,0,0,3,1,0
otedy,char,302,32,0.9184752880299265,0,0,2,0,0
otedy,cheedy,302,73,0.9536556096038405,1,0,0,3,0
otedy,qoteey,302,92,0.9607936904689443,0,0,1,1,0
otedy,tedy,302,38,0.9562921021056643,0,0,1,4,0
otedy,lkdy,302,26,0.92257792388828,0,0,1,2,0
otedy,lkedy,302,20,0.9454075818954323,1,0,0,3,0
otedy,opchdy,302,23,0.9525271735303676,0,0,0,2,0
otedy,okor,302,25,0.895978342106763,0,0,1,0,0
otedy,lkain,302,63,0.9643370093894983,0,0,0,0,0
otedy,olkeey,302,94,0.9683518135415692,0,0,1,1,0
otedy,qokal,302,215,0.9707502571535008,0,0,0,0,0
otedy,chckhey,302,45,0.94877699117371,0,0,1,1,0
otedy,otol,302,40,0.9018135945319418,0,1,1,0,0
otedy,qoty,302,21,0.9609330839573716,0,0,1,1,0
otedy,kar,302,55,0.9608260548492339,0,0,2,0,0
otedy,oty,302,68,0.9546276670877641,0,1,2,1,0
otedy,tdy,302,32,0.9399173783978327,0,0,2,2,0
otedy,ychy,302,21,0.9482692639762502,0,0,2,1,0
otedy,otey,302,31,0.9135698400097939,0,1,1,1,0
otedy,qotaiin,302,92,0.9724567124665767,0,0,2,0,0
otedy,olkain,302,83,0.9667626382759177,0,0,1,0,0
otedy,okey,302,27,0.9386001101263051,0,0,1,1,0
otedy,kaiin,302,22,0.9489018324883419,0,0,0,0,0
otedy,ky,302,30,0.9552100631272408,0,0,3,1,0
otedy,qokchy,302,75,0.9592855361762384,0,0,0,1,0
otedy,daryeey,302,20,0.7684764200586985,0,0,2,1,0
otedy,olkedy,302,35,0.9189879349486169,0,0,1,3,0
otedy,qokol,302,106,0.917445934056317,0,0,0,0,0
otedy,shody,302,44,0.8225511036904237,0,0,1,2,0
otedy,olkar,302,63,0.9745529761161804,0,0,0,0,0
otedy,qotchy,302,20,0.7524804142269428,0,0,0,1,0
otedy,taiin,302,49,0.9508025053015877,0,0,0,0,0
otedy,sham,302,21,0.9159169593182025,0,0,2,0,0
otedy,sar,302,43,0.9641339170448903,0,0,2,0,0
otedy,lchaiin,302,24,0.942695914976761,0,0,1,0,0
otedy,qoy,302,22,0.9030833771694179,0,0,2,1,0
otedy,shes,302,22,0.7845874517208526,0,0,2,0,0
otedy,okchey,302,32,0.9390389290837116,0,0,0,1,0
otedy,oleedy,302,26,0.943338290334512,0,0,1,3,0
otedy,ody,302,28,0.9216315613476669,0,0,2,2,0
otedy,ykar,302,21,0.8552251260550017,0,0,1,0,0
otedy,dleo,302,22,0.8140238799630017,0,0,1,0,0
otedy,dleeol,302,22,0.9215848904074915,0,0,1,0,0
otedy,qokeor,302,20,0.9015182524787244,0,0,1,0,0
otedy,olkchdy,302,21,0.889186928111725,0,0,1,2,0
otedy,chal,302,29,0.862189822053322,0,0,2,0,0
otedy,tchaiin,302,21,0.9464345758233003,0,0,1,0,0
otedy,qokeody,302,21,0.9060416340633664,0,0,2,2,0
otedy,ldy,302,21,0.8902843857798757,0,0,2,2,0
otedy,laiin,302,37,0.9381686264618836,0,0,0,0,0
otedy,schdy,302,21,0.9538509081193887,0,0,1,2,0
otedy,sheckhy,302,39,0.9670511342001892,0,0,1,1,0
otedy,cheeor,302,26,0.9107993132598392,0,0,0,0,0
otedy,otedal,302,22,0.8917801227702329,0,1,1,0,0
otedy,lsy,302,22,0.9467934906529709,0,0,2,1,0
otedy,qoko,302,24,0.7637862272338595,0,0,1,0,0
otedy,ytody,302,21,0.9467857388448732,0,0,0,2,0
otedy,chody,302,23,0.9607275307702191,0,0,1,2,0
otedy,kchy,302,24,0.9396228321672285,0,0,2,1,0
otedy,ykal,302,24,0.9089405807449181,0,0,1,0,0
otedy,lsedy,302,28,0.9207178495963645,1,0,0,3,0
otedy,to,302,24,0.9135778915375372,0,0,3,0,0
otedy,pchdy,302,30,0.9528401067220349,0,0,1,2,0
otedy,qoeedy,302,23,0.9450068280493094,0,0,1,3,0
otedy,otor,302,20,0.9290883406421171,0,1,1,0,0
otain,koiin,197,25,0.8188109329046982,0,0,0,2,0
otain,chor,197,68,0.9464472818323766,0,0,2,0,0
otain,cheey,197,175,0.950521310151353,0,0,1,0,0
otain,rar,197,22,0.9092408320964975,0,0,2,0,0
otain,y,197,143,0.9630303891372202,0,0,4,0,0
otain,qol,197,225,0.9431318429162326,0,0,2,0,0
otain,am,197,90,0.9480235104900296,0,0,3,0,0
otain,shckhy,197,108,0.9502699890533871,0,0,2,0,0
otain,al,197,141,0.9568199939339759,0,0,3,0,0
otain,dy,197,157,0.9724605424481918,0,0,3,0,0
otain,par,197,22,0.8765769753643237,0,0,2,0,0
otain,shey,197,297,0.9712096870228843,0,0,2,0,0
otain,okeedy,197,177,0.9585984051989295,0,0,1,0,0
otain,qokain,197,435,0.9849189365672566,0,0,1,3,1
otain,opchedaiin,197,22,0.906000145992388,0,0,4,2,0
otain,qoteedy,197,99,0.9102905985881738,0,0,2,0,0
otain,qoky,197,149,0.938744097280253,0,0,1,0,0
otain,oky,197,75,0.9597560092375144,0,0,2,0,0
otain,kody,197,21,0.9337990384369085,0,0,1,0,0
otain,sheey,197,211,0.9391735696600765,0,0,1,0,0
otain,dam,197,81,0.923841913935058,0,0,2,0,0
otain,oteedy,197,189,0.9559774332258165,0,1,1,0,0
otain,olkeedy,197,96,0.9591209834443053,0,0,2,0,0
otain,dleey,197,51,0.9337733879436357,0,0,0,0,0
otain,shor,197,45,0.922800001891779,0,0,2,0,0
otain,qokaiin,197,504,0.9609860359071525,0,0,2,2,0
otain,olkal,197,50,0.9503509647819907,0,0,0,0,0
otain,chs,197,34,0.9351013643970298,0,0,3,0,0
otain,okeey,197,173,0.9069852258568003,0,0,0,0,0
otain,kd,197,24,0.9455737434658357,0,0,3,0,0
otain,lchey,197,57,0.9487434726653665,0,0,1,0,0
otain,chol,197,136,0.966150173465703,0,0,2,0,0
otain,qotedy,197,142,0.9608915038737905,0,0,1,0,0
otain,oteey,197,169,0.9502152841293555,0,1,0,0,0
otain,cheol,197,107,0.9439781906523117,0,0,1,0,0
otain,okol,197,39,0.9039187474966468,0,0,1,0,0
otain,lkar,197,20,0.919696135130887,0,0,1,0,0
otain,otchdy,197,44,0.9091651141159327,0,1,0,0,0
otain,qotain,197,94,0.9683304919067481,0,0,1,5,1
otain,lchedy,197,177,0.9528679241534198,0,0,0,0,0
otain,daiin,197,462,0.955036481863401,0,0,0,2,0
otain,aiin,197,327,0.9781796205106221,0,0,1,2,0
otain,dal,197,174,0.9570569289874237,0,0,2,0,0
otain,or,197,253,0.9733878024360176,0,0,3,0,0
otain,otar,197,139,0.9545275206069381,0,1,1,0,0
otain,araiin,197,21,0.9200164651472318,0,0,1,2,0
otain,shar,197,33,0.8869188430900766,0,0,2,0,0
otain,aredy,197,27,0.8902813912584245,0,0,0,0,0
otain,tor,197,25,0.8318722074276195,0,0,2,0,0
otain,kal,197,50,0.9332927126329842,0,0,2,0,0
otain,olky,197,34,0.9303921007998207,0,0,1,0,0
otain,shol,197,172,0.9427228753002287,0,0,2,0,0
otain,otody,197,26,0.8946099750224382,0,1,0,0,0
otain,ofeey,197,23,0.887544084843889,0,0,0,0,0
otain,qokey,197,76,0.9223185935781716,0,0,0,0,0
otain,pcheey,197,22,0.9163108932969876,0,0,0,0,0
otain,chdaiin,197,33,0.9336989279401691,0,0,1,2,0
otain,otal,197,97,0.9239705252329757,0,1,1,0,0
otain,air,197,59,0.9254598833809764,0,0,2,0,0
otain,qokeo,197,20,0.95467355752633,0,0,0,0,0
otain,ytedy,197,23,0.8217434371015789,0,0,0,0,0
otain,ain,197,145,0.9618748832145407,0,0,2,3,0
otain,qotal,197,46,0.9593091476472321,0,0,0,0,0
otain,dair,197,89,0.947784179568761,0,0,1,0,0
otain,qokor,197,45,0.9134179770912182,0,0,0,0,0
otain,chdy,197,244,0.9695820292479869,0,0,2,0,0
otain,olkaiin,197,112,0.9443742285541815,0,0,2,2,0
otain,okchy,197,33,0.9331313995186726,0,0,1,0,0
otain,olchedy,197,22,0.8768654613026604,0,0,1,0,0
otain,okedy,197,121,0.9411932511297376,0,0,0,0,0
otain,otchy,197,36,0.940742037765687,0,1,1,0,0
otain,lkaiin,197,102,0.9497599263410593,0,0,1,2,0
otain,qokchedy,197,58,0.8500121760339593,0,0,2,0,0
otain,cthdy,197,33,0.9563283023520673,0,0,2,0,0
otain,otchey,197,27,0.8354603711799881,0,1,0,0,0
otain,oddy,197,26,0.8809343041280273,0,0,1,0,0
otain,chy,197,43,0.9201900226562812,0,0,3,0,0
otain,char,197,32,0.876011792595412,0,0,2,0,0
otain,cheedy,197,73,0.9287150667901435,0,0,0,0,0
otain,qoteey,197,92,0.9411209432119866,0,0,1,0,0
otain,tedy,197,38,0.9562758964725003,0,0,1,0,0
otain,lkdy,197,26,0.9334204014792071,0,0,1,0,0
otain,lkedy,197,20,0.9057489658332677,0,0,0,0,0
otain,opchdy,197,23,0.9382288966557047,0,0,0,0,0
otain,okor,197,25,0.8578476252348491,0,0,1,0,0
otain,lkain,197,63,0.9467701196814617,1,0,0,3,0
otain,olkeey,197,94,0.9607857813964458,0,0,1,0,0
otain,qokal,197,215,0.9490412105902076,0,0,0,0,0
otain,chckhey,197,45,0.9476538370665816,0,0,1,0,0
otain,otol,197,40,0.8608987917234688,0,1,1,0,0
otain,qoty,197,21,0.9517825702836319,0,0,1,0,0
otain,kar,197,55,0.9329972615801871,0,0,2,0,0
otain,oty,197,68,0.9505550923683919,0,1,2,0,0
otain,tdy,197,32,0.8976663540289098,0,0,2,0,0
otain,ychy,197,21,0.937268007653857,0,0,2,0,0
otain,otey,197,31,0.9023963129907363,0,1,1,0,0
otain,qotaiin,197,92,0.9430876409444117,0,0,2,2,0
otain,olkain,197,83,0.9596740354776481,0,0,1,3,1
otain,okey,197,27,0.9237916691201994,0,0,1,0,0
otain,kaiin,197,22,0.9331996240487296,0,0,0,2,0
otain,ky,197,30,0.9618496937490343,0,0,3,0,0
otain,qokchy,197,75,0.9354572556586429,0,0,0,0,0
otain,daryeey,197,20,0.7803775721737537,0,0,2,0,0
otain,olkedy,197,35,0.9218079687274316,0,0,1,0,0
otain,qokol,197,106,0.8799488656868324,0,0,0,0,0
otain,shody,197,44,0.7754810707198543,0,0,1,0,0
otain,olkar,197,63,0.9543966818978232,0,0,0,0,0
otain,qotchy,197,20,0.7873421222260588,0,0,0,0,0
otain,taiin,197,49,0.9469797412226578,0,0,0,2,0
otain,sham,197,21,0.8776270165208553,0,0,2,0,0
otain,sar,197,43,0.9454782301401708,0,0,2,0,0
otain,lchaiin,197,24,0.8910939002877286,0,0,1,2,0
otain,qoy,197,22,0.8583321727319914,0,0,2,0,0
otain,shes,197,22,0.7339603198220975,0,0,2,0,0
otain,okchey,197,32,0.9000917125853657,0,0,0,0,0
otain,oleedy,197,26,0.9286396067914657,0,0,1,0,0
otain,ody,197,28,0.8747867996389108,0,0,2,0,0
otain,ykar,197,21,0.8485409833908888,0,0,1,0,0
otain,dleo,197,22,0.8034584502828378,0,0,1,0,0
otain,dleeol,197,22,0.9029671150596823,0,0,1,0,0
otain,qokeor,197,20,0.886579829660878,0,0,1,0,0
otain,olkchdy,197,21,0.8825753285956377,0,0,1,0,0
otain,chal,197,29,0.8861110613316654,0,0,2,0,0
otain,tchaiin,197,21,0.9370046426386246,0,0,1,2,0
otain,qokeody,197,21,0.8563890484677759,0,0,2,0,0
otain,ldy,197,21,0.8729112964582812,0,0,2,0,0
otain,laiin,197,37,0.9052794693677636,0,0,0,2,0
otain,schdy,197,21,0.931293922055637,0,0,1,0,0
otain,sheckhy,197,39,0.9461749426150095,0,0,1,0,0
otain,cheeor,197,26,0.9182032358457778,0,0,0,0,0
otain,otedal,197,22,0.8408946642524264,0,1,1,0,0
otain,lsy,197,22,0.9093312246061906,0,0,2,0,0
otain,qoko,197,24,0.7112668390965421,0,0,1,0,0
otain,ytody,197,21,0.928737695866336,0,0,0,0,0
otain,chody,197,23,0.9402509280172388,0,0,1,0,0
otain,kchy,197,24,0.9329496024349344,0,0,2,0,0
otain,ykal,197,24,0.8881514583312649,0,0,1,0,0
otain,lsedy,197,28,0.893115759583083,0,0,0,0,0
otain,to,197,24,0.9201607012301064,0,0,3,0,0
otain,pchdy,197,30,0.9430313882883348,0,0,1,0,0
otain,qoeedy,197,23,0.9085739738015568,0,0,1,0,0
otain,otor,197,20,0.9079857760850403,0,1,1,0,0
koiin,chor,25,68,0.8142291335352532,0,0,2,0,0
koiin,cheey,25,175,0.8230653912749367,0,0,1,0,0
koiin,rar,25,22,0.7915541417461389,0,0,2,0,0
koiin,y,25,143,0.8278551380251595,0,0,4,0,0
koiin,qol,25,225,0.8486988684847167,0,0,2,0,0
koiin,am,25,90,0.8121274868560894,0,0,3,0,0
koiin,shckhy,25,108,0.8331353678125499,0,0,2,0,0
koiin,al,25,141,0.823627729840756,0,0,3,0,0
koiin,dy,25,157,0.8232916236425134,0,0,3,0,0
koiin,par,25,22,0.7421173261704046,0,0,2,0,0
koiin,shey,25,297,0.8353658716702271,0,0,2,0,0
koiin,okeedy,25,177,0.8222968134170394,0,0,1,0,0
koiin,qokain,25,435,0.826093238562417,0,0,1,2,0
koiin,opchedaiin,25,22,0.8035011108192193,0,0,4,3,0
koiin,qoteedy,25,99,0.8121878617703034,0,0,2,0,0
koiin,qoky,25,149,0.8253780448768101,0,0,1,0,0
koiin,oky,25,75,0.8410121893209511,0,0,2,0,0
koiin,kody,25,21,0.8029550685469662,0,1,1,0,0
koiin,sheey,25,211,0.835889432850662,0,0,1,0,0
koiin,dam,25,81,0.8114327913466806,0,0,2,0,0
koiin,oteedy,25,189,0.8387504042623543,0,0,1,0,0
koiin,olkeedy,25,96,0.8324573290750203,0,0,2,0,0
koiin,dleey,25,51,0.84531694660929,0,0,0,0,0
koiin,shor,25,45,0.8086007248916787,0,0,2,0,0
koiin,qokaiin,25,504,0.8393593474631182,0,0,2,3,0
koiin,olkal,25,50,0.817722027828788,0,0,0,0,0
koiin,chs,25,34,0.809909413001878,0,0,3,0,0
koiin,okeey,25,173,0.8083363722531987,0,0,0,0,0
koiin,kd,25,24,0.8275637592664684,0,0,3,0,1
koiin,lchey,25,57,0.8166777455519212,0,0,1,0,0
koiin,chol,25,136,0.8379175617317858,0,0,2,0,0
koiin,qotedy,25,142,0.8372283001856826,0,0,1,0,0
koiin,oteey,25,169,0.8347483224706939,0,0,0,0,0
koiin,cheol,25,107,0.8292727870759808,0,0,1,0,0
koiin,okol,25,39,0.8049389012644004,0,0,1,0,0
koiin,lkar,25,20,0.7542295906745518,0,0,1,0,0
koiin,otchdy,25,44,0.7921068799730557,0,0,0,0,0
koiin,qotain,25,94,0.8136951368487213,0,0,1,2,0
koiin,lchedy,25,177,0.8218130417218055,0,0,0,0,0
koiin,daiin,25,462,0.8345918511651879,1,0,0,3,0
koiin,aiin,25,327,0.8198258802541569,0,0,1,3,0
koiin,dal,25,174,0.830165357755571,0,0,2,0,0
koiin,or,25,253,0.8298486837164707,0,0,3,0,0
koiin,otar,25,139,0.8355428359469358,0,0,1,0,0
koiin,araiin,25,21,0.7979174932135722,0,0,1,3,0
koiin,shar,25,33,0.7807152864288792,0,0,2,0,0
koiin,aredy,25,27,0.7803481112104662,0,0,0,0,0
koiin,tor,25,25,0.7480373765668431,0,0,2,0,0
koiin,kal,25,50,0.8299936050826805,0,0,2,0,1
koiin,olky,25,34,0.8422602444361934,0,0,1,0,0
koiin,shol,25,172,0.8260029156853509,0,0,2,0,0
koiin,otody,25,26,0.7652088542635108,0,0,0,0,0
koiin,ofeey,25,23,0.7669320358305838,0,0,0,0,0
koiin,qokey,25,76,0.8331757320500526,0,0,0,0,0
koiin,pcheey,25,22,0.7208731647509982,0,0,0,0,0
koiin,chdaiin,25,33,0.7974690135376753,0,0,1,3,0
koiin,otal,25,97,0.8259595889743893,0,0,1,0,0
koiin,air,25,59,0.7999360076789761,0,0,2,0,0
koiin,qokeo,25,20,0.7785456163515647,0,0,0,0,0
koiin,ytedy,25,23,0.7673190667179836,0,0,0,0,0
koiin,ain,25,145,0.8166943645914287,0,0,2,2,0
koiin,qotal,25,46,0.819501360394939,0,0,0,0,0
koiin,dair,25,89,0.832611442258421,0,0,1,0,0
koiin,qokor,25,45,0.8020850915534922,0,0,0,0,0
koiin,chdy,25,244,0.8382611245559839,0,0,2,0,0
koiin,olkaiin,25,112,0.8257094274599105,0,0,2,3,0
koiin,okchy,25,33,0.7980837087123469,0,0,1,0,0
koiin,olchedy,25,22,0.8144704224006647,0,0,1,0,0
koiin,okedy,25,121,0.83250647909449,0,0,0,0,0
koiin,otchy,25,36,0.8029550685469662,0,0,1,0,0
koiin,lkaiin,25,102,0.837238044235916,0,0,1,3,0
koiin,qokchedy,25,58,0.7940484817308747,0,0,2,0,0
koiin,cthdy,25,33,0.8326752945121049,0,0,2,0,0
koiin,otchey,25,27,0.7570944278870366,0,0,0,0,0
koiin,oddy,25,26,0.7757489286536835,0,0,1,0,0
koiin,chy,25,43,0.8205620431353597,0,0,3,0,0
koiin,char,25,32,0.7914011558455575,0,0,2,0,0
koiin,cheedy,25,73,0.8272240111972251,0,0,0,0,0
koiin,qoteey,25,92,0.8142510955022756,0,0,1,0,0
koiin,tedy,25,38,0.7963416605884321,0,0,1,0,0
koiin,lkdy,25,26,0.7540210250144257,0,0,1,0,0
koiin,lkedy,25,20,0.8191923631355146,0,0,0,0,0
koiin,opchdy,25,23,0.8147257672141315,0,0,0,0,0
koiin,okor,25,25,0.7423651567351482,0,0,1,0,0
koiin,lkain,25,63,0.8278327231656525,0,0,0,2,0
koiin,olkeey,25,94,0.8241972672911855,0,0,1,0,0
koiin,qokal,25,215,0.8221830590841908,0,0,0,0,0
koiin,chckhey,25,45,0.8067413775378539,0,0,1,0,0
koiin,otol,25,40,0.7964779230746888,0,0,1,0,0
koiin,qoty,25,21,0.7936866400350087,0,0,1,0,0
koiin,kar,25,55,0.8392915400231487,0,0,2,0,0
koiin,oty,25,68,0.8316900800795469,0,0,2,0,0
koiin,tdy,25,32,0.788217894615894,0,0,2,0,0
koiin,ychy,25,21,0.7917760912719787,0,0,2,0,0
koiin,otey,25,31,0.7802804636965202,0,0,1,0,0
koiin,qotaiin,25,92,0.8197698558039289,0,0,2,3,0
koiin,olkain,25,83,0.8234192131252053,0,0,1,2,0
koiin,okey,25,27,0.788982303218674,0,0,1,0,0
koiin,kaiin,25,22,0.787393415068274,1,0,0,3,0
koiin,ky,25,30,0.809306565341469,0,0,3,0,0
koiin,qokchy,25,75,0.8293684169522082,0,0,0,0,0
koiin,daryeey,25,20,0.7398770664682078,0,0,2,0,0
koiin,olkedy,25,35,0.7900582631015931,0,0,1,0,0
koiin,qokol,25,106,0.7939223877382899,0,0,0,0,0
koiin,shody,25,44,0.7081261584120059,0,0,1,0,0
koiin,olkar,25,63,0.8184132349254291,0,0,0,0,0
koiin,qotchy,25,20,0.6631853547951846,0,0,0,0,0
koiin,taiin,25,49,0.8045276751616052,1,0,0,3,0
koiin,sham,25,21,0.825740931602886,0,0,2,0,0
koiin,sar,25,43,0.8197993117492816,0,0,2,0,0
koiin,lchaiin,25,24,0.7993128749899856,0,0,1,3,0
koiin,qoy,25,22,0.8146061627714989,0,0,2,0,0
koiin,shes,25,22,0.6925894983258163,0,0,2,0,0
koiin,okchey,25,32,0.8007040533313956,0,0,0,0,0
koiin,oleedy,25,26,0.8027115700310131,0,0,1,0,0
koiin,ody,25,28,0.7765245846861576,0,0,2,0,0
koiin,ykar,25,21,0.7814740906683759,0,0,1,0,0
koiin,dleo,25,22,0.796918236754325,0,0,1,0,0
koiin,dleeol,25,22,0.7813748880187249,0,0,1,0,0
koiin,qokeor,25,20,0.7610076812241351,0,0,1,0,0
koiin,olkchdy,25,21,0.785932604285846,0,0,1,0,0
koiin,chal,25,29,0.7292645951457045,0,0,2,0,0
koiin,tchaiin,25,21,0.7877591739415241,0,0,1,3,0
koiin,qokeody,25,21,0.7667120890905909,0,0,2,0,0
koiin,ldy,25,21,0.7625186891229067,0,0,2,0,0
koiin,laiin,25,37,0.8328530152220662,1,0,0,3,0
koiin,schdy,25,21,0.7988343535537273,0,0,1,0,0
koiin,sheckhy,25,39,0.8106186219116286,0,0,1,0,0
koiin,cheeor,25,26,0.7790682694225536,0,0,0,0,0
koiin,otedal,25,22,0.7531402492588307,0,0,1,0,0
koiin,lsy,25,22,0.784384618771279,0,0,2,0,0
koiin,qoko,25,24,0.6379792660107765,0,0,1,0,0
koiin,ytody,25,21,0.8051206321361132,0,0,0,0,0
koiin,chody,25,23,0.8128905404982375,0,0,1,0,0
koiin,kchy,25,24,0.8081614937622307,0,0,2,0,0
koiin,ykal,25,24,0.8021502203930103,0,0,1,0,1
koiin,lsedy,25,28,0.7660092716142686,0,0,0,0,0
koiin,to,25,24,0.7802568104478267,0,0,3,0,0
koiin,pchdy,25,30,0.7846489284705204,0,0,1,0,0
koiin,qoeedy,25,23,0.8175047116001057,0,0,1,0,0
koiin,otor,25,20,0.7847225456708954,0,0,1,0,0
chor,cheey,68,175,0.9775444925856771,0,0,1,0,1
chor,rar,68,22,0.91598803825143,1,0,0,1,0
chor,y,68,143,0.9534491045120296,0,0,2,0,0
chor,qol,68,225,0.9471932586753307,0,0,0,0,0
chor,am,68,90,0.943753109312323,0,0,1,0,0
chor,shckhy,68,108,0.9721802015970427,0,0,0,0,0
chor,al,68,141,0.9469950816241405,0,0,1,0,0
chor,dy,68,157,0.960870802591537,0,0,1,0,0
chor,par,68,22,0.8747446933045087,1,0,0,1,0
chor,shey,68,297,0.9503898533271269,0,0,0,0,0
chor,okeedy,68,177,0.9661960605012603,0,0,3,0,0
chor,qokain,68,435,0.9588545243657968,0,0,3,0,0
chor,opchedaiin,68,22,0.938146886934489,0,0,6,0,0
chor,qoteedy,68,99,0.950811356240384,0,0,4,0,0
chor,qoky,68,149,0.958249638613802,0,0,1,0,0
chor,oky,68,75,0.9501603098565682,0,0,0,0,0
chor,kody,68,21,0.9227770525913818,0,0,1,0,0
chor,sheey,68,211,0.9648016997315081,0,0,1,0,0
chor,dam,68,81,0.9520852163655079,0,0,0,0,0
chor,oteedy,68,189,0.9714266082961416,0,0,3,0,0
chor,olkeedy,68,96,0.9646689126845331,0,0,4,0,0
chor,dleey,68,51,0.9394443648954319,0,0,2,0,0
chor,shor,68,45,0.9517559364637017,1,0,0,2,0
chor,qokaiin,68,504,0.9773621933169641,0,0,4,0,0
chor,olkal,68,50,0.958313360985047,0,0,2,0,0
chor,chs,68,34,0.9305769051504477,0,0,1,0,0
chor,okeey,68,173,0.9404691990342839,0,0,2,0,0
chor,kd,68,24,0.9396382321124239,0,0,1,0,0
chor,lchey,68,57,0.9575719691594518,0,0,1,0,0
chor,chol,68,136,0.9614781581521088,0,1,0,0,0
chor,qotedy,68,142,0.9538085452470241,0,0,3,0,0
chor,oteey,68,169,0.968251843559659,0,0,2,0,0
chor,cheol,68,107,0.94280811967148,0,0,1,0,0
chor,okol,68,39,0.9188602728547243,0,0,1,0,0
chor,lkar,68,20,0.897999381563644,0,0,1,1,0
chor,otchdy,68,44,0.9420861217674487,0,0,2,0,0
chor,qotain,68,94,0.9500491651717349,0,0,3,0,0
chor,lchedy,68,177,0.9481972055720957,0,0,2,0,0
chor,daiin,68,462,0.9701593994154178,0,0,2,0,0
chor,aiin,68,327,0.9545288538241543,0,0,1,0,0
chor,dal,68,174,0.9689074230077837,0,0,0,0,0
chor,or,68,253,0.9578701132888087,0,0,1,2,0
chor,otar,68,139,0.9609899029679737,0,0,1,1,0
chor,araiin,68,21,0.912995048998953,0,0,3,0,0
chor,shar,68,33,0.9093409600909815,1,0,0,1,0
chor,aredy,68,27,0.913949467167188,0,0,2,0,0
chor,tor,68,25,0.8688868765530732,1,0,0,2,0
chor,kal,68,50,0.9314746265243248,0,0,0,0,0
chor,olky,68,34,0.9363233286069226,0,0,1,0,0
chor,shol,68,172,0.9634611195427546,0,0,0,0,0
chor,otody,68,26,0.8909422130002763,0,0,2,0,0
chor,ofeey,68,23,0.8757861978033424,0,0,2,0,0
chor,qokey,68,76,0.9500227989640996,0,0,2,0,0
chor,pcheey,68,22,0.8693592582535027,0,0,2,0,0
chor,chdaiin,68,33,0.9331369459724717,0,0,3,0,0
chor,otal,68,97,0.9537858962155776,0,0,1,0,0
chor,air,68,59,0.923477041614302,1,0,0,1,0
chor,qokeo,68,20,0.9157329472116843,0,0,2,0,0
chor,ytedy,68,23,0.8464525597255752,0,0,2,0,0
chor,ain,68,145,0.9542077006143478,0,0,0,0,0
chor,qotal,68,46,0.9537616023983815,0,0,2,0,0
chor,dair,68,89,0.9711859978154277,0,0,1,1,0
chor,qokor,68,45,0.9539077166817852,0,0,2,2,0
chor,chdy,68,244,0.9544864215457973,0,0,0,0,0
chor,olkaiin,68,112,0.9561065256208164,0,0,4,0,0
chor,okchy,68,33,0.9441825695920991,0,0,1,0,0
chor,olchedy,68,22,0.8995138542346667,0,0,3,0,0
chor,okedy,68,121,0.9635751854156219,0,0,2,0,0
chor,otchy,68,36,0.9517393947717716,0,0,1,0,0
chor,lkaiin,68,102,0.9688864761255651,0,0,3,0,0
chor,qokchedy,68,58,0.8959094188475836,0,0,4,0,0
chor,cthdy,68,33,0.9552885261051717,0,0,0,0,0
chor,otchey,68,27,0.8814235319389544,0,0,2,0,0
chor,oddy,68,26,0.8891132690262739,0,0,1,0,0
chor,chy,68,43,0.9401388889619066,0,0,1,0,0
chor,char,68,32,0.8735476536855902,1,0,0,1,0
chor,cheedy,68,73,0.9644679695095384,0,0,2,0,1
chor,qoteey,68,92,0.9576478368469256,0,0,3,0,0
chor,tedy,68,38,0.9290544289944928,0,0,1,0,0
chor,lkdy,68,26,0.8858502029126774,0,0,1,0,0
chor,lkedy,68,20,0.9140207966211653,0,0,2,0,0
chor,opchdy,68,23,0.9452772980775404,0,0,2,0,0
chor,okor,68,25,0.8858859869829754,0,0,1,2,0
chor,lkain,68,63,0.9626896179186886,0,0,2,0,1
chor,olkeey,68,94,0.9647273108652188,0,0,3,0,0
chor,qokal,68,215,0.9674768541124825,0,0,2,0,0
chor,chckhey,68,45,0.9597158275381236,0,0,1,0,1
chor,otol,68,40,0.8650863768791434,0,0,1,0,0
chor,qoty,68,21,0.9411672638438103,0,0,1,0,0
chor,kar,68,55,0.9450262353876491,1,0,0,1,0
chor,oty,68,68,0.9460690861902691,0,0,0,0,0
chor,tdy,68,32,0.9302697795324105,0,0,0,0,0
chor,ychy,68,21,0.9309490344394223,0,0,0,0,0
chor,otey,68,31,0.9274599775859552,0,0,1,0,0
chor,qotaiin,68,92,0.9594145730582018,0,0,4,0,0
chor,olkain,68,83,0.9435359657376334,0,0,3,0,0
chor,okey,68,27,0.950525611400229,0,0,1,0,0
chor,kaiin,68,22,0.9129199907563386,0,0,2,0,0
chor,ky,68,30,0.9324144921465807,0,0,1,0,0
chor,qokchy,68,75,0.9653758762547212,0,0,2,0,0
chor,daryeey,68,20,0.806270375307178,0,0,4,0,0
chor,olkedy,68,35,0.933982011562888,0,0,3,0,1
chor,qokol,68,106,0.8875177854232693,0,0,2,0,0
chor,shody,68,44,0.7984964066191599,0,0,1,0,0
chor,olkar,68,63,0.9676417964342411,0,0,2,1,0
chor,qotchy,68,20,0.804883058638567,0,0,2,0,0
chor,taiin,68,49,0.9486397920198049,0,0,2,0,0
chor,sham,68,21,0.8970725137834353,0,0,0,0,0
chor,sar,68,43,0.94850092681778,1,0,0,1,0
chor,lchaiin,68,24,0.9138988653149299,0,0,3,0,0
chor,qoy,68,22,0.872856734218627,0,0,0,0,0
chor,shes,68,22,0.7968565847396978,0,0,0,0,0
chor,okchey,68,32,0.9421848744663452,0,0,2,0,0
chor,oleedy,68,26,0.9394888683536436,0,0,3,0,0
chor,ody,68,28,0.9034573715327836,0,0,0,0,0
chor,ykar,68,21,0.8254386884563856,0,0,1,1,0
chor,dleo,68,22,0.842279960783734,0,0,1,0,0
chor,dleeol,68,22,0.933406827353368,0,0,3,0,0
chor,qokeor,68,20,0.8743161469487221,0,0,3,2,0
chor,olkchdy,68,21,0.9035169064269369,0,0,3,0,0
chor,chal,68,29,0.8718647699228131,0,0,0,0,0
chor,tchaiin,68,21,0.9143882585961018,0,0,3,0,0
chor,qokeody,68,21,0.8809079926531085,0,0,4,0,0
chor,ldy,68,21,0.8587509304295077,0,0,0,0,0
chor,laiin,68,37,0.9230918825746807,0,0,2,0,0
chor,schdy,68,21,0.9232084422448138,0,0,1,0,0
chor,sheckhy,68,39,0.9478169589412314,0,0,1,0,0
chor,cheeor,68,26,0.9022840971269809,0,0,2,2,0
chor,otedal,68,22,0.8631173056448255,0,0,3,0,0
chor,lsy,68,22,0.9222946752751862,0,0,0,0,0
chor,qoko,68,24,0.7368610996597273,0,0,1,0,0
chor,ytody,68,21,0.9322474291875944,0,0,2,0,0
chor,chody,68,23,0.9318322563894292,0,1,1,0,0
chor,kchy,68,24,0.9413308400926743,0,0,0,0,0
chor,ykal,68,24,0.8823171139701224,0,0,1,0,0
chor,lsedy,68,28,0.9054413611153879,0,0,2,0,0
chor,to,68,24,0.8974507911395988,0,0,1,0,0
chor,pchdy,68,30,0.9276395572639242,0,0,1,0,0
chor,qoeedy,68,23,0.9248118077522887,0,0,3,0,0
chor,otor,68,20,0.9235630439239674,0,0,1,2,0
cheey,rar,175,22,0.9229896008886764,0,0,1,0,0
cheey,y,175,143,0.9575433798625811,0,0,3,1,0
cheey,qol,175,225,0.9534760197211337,0,0,1,0,0
cheey,am,175,90,0.9467843373455954,0,0,2,0,0
cheey,shckhy,175,108,0.9815412122918089,0,0,1,1,0
cheey,al,175,141,0.9511380434254622,0,0,2,0,0
cheey,dy,175,157,0.9713130987290223,0,0,2,1,0
cheey,par,175,22,0.8792090570905348,0,0,1,0,0
cheey,shey,175,297,0.9582195108337245,0,0,1,2,0
cheey,okeedy,175,177,0.9771573004667652,0,0,2,1,0
cheey,qokain,175,435,0.9650101618543749,0,0,2,0,0
cheey,opchedaiin,175,22,0.9485986281199283,0,0,5,0,0
cheey,qoteedy,175,99,0.9605942534494174,0,0,3,1,0
cheey,qoky,175,149,0.9649981052132196,0,0,0,1,0
cheey,oky,175,75,0.9574059596118212,0,0,1,1,0
cheey,kody,175,21,0.9321883368918501,0,0,0,1,0
cheey,sheey,175,211,0.9745293588575611,1,0,0,3,0
cheey,dam,175,81,0.9595097708811238,0,0,1,0,0
cheey,oteedy,175,189,0.9805595954797097,0,0,2,1,0
cheey,olkeedy,175,96,0.9711603247144368,0,0,3,1,0
cheey,dleey,175,51,0.9528802275349767,0,0,1,3,0
cheey,shor,175,45,0.9635314770565082,0,0,1,0,0
cheey,qokaiin,175,504,0.9847228567955385,0,0,3,0,0
cheey,olkal,175,50,0.9647338256575315,0,0,1,0,0
cheey,chs,175,34,0.9379681519660249,0,0,2,0,0
cheey,okeey,175,173,0.9447347690875869,0,0,1,3,0
cheey,kd,175,24,0.9438061716009963,0,0,2,0,0
cheey,lchey,175,57,0.9594080145894486,1,0,0,2,0
cheey,chol,175,136,0.9685633484493584,0,0,1,0,0
cheey,qotedy,175,142,0.9592235900042376,0,0,2,1,0
cheey,oteey,175,169,0.9762826973710479,0,0,1,3,0
cheey,cheol,175,107,0.9489191788981126,0,1,0,0,0
cheey,okol,175,39,0.926633512777675,0,0,0,0,0
cheey,lkar,175,20,0.907173861365288,0,0,0,0,0
cheey,otchdy,175,44,0.9442540554196596,0,0,1,1,0
cheey,qotain,175,94,0.9531909450184419,0,0,2,0,0
cheey,lchedy,175,177,0.9544435250400221,0,0,1,1,0
cheey,daiin,175,462,0.9794921428448938,0,0,1,0,0
cheey,aiin,175,327,0.9593158286759368,0,0,0,0,0
cheey,dal,175,174,0.976916829910187,0,0,1,0,0
cheey,or,175,253,0.9639133565428089,0,0,2,0,0
cheey,otar,175,139,0.9711414833895072,0,0,0,0,0
cheey,araiin,175,21,0.9248420161024279,0,0,2,0,0
cheey,shar,175,33,0.9223796033167195,0,0,1,0,0
cheey,aredy,175,27,0.9169794343964743,0,0,1,1,0
cheey,tor,175,25,0.8776279308182365,0,0,1,0,0
cheey,kal,175,50,0.941132921943554,0,0,1,0,0
cheey,olky,175,34,0.9486692513470031,0,0,0,1,0
cheey,shol,175,172,0.9736547723344028,0,0,1,0,0
cheey,otody,175,26,0.8982896577477144,0,0,1,1,0
cheey,ofeey,175,23,0.8873205908630253,0,0,1,3,0
cheey,qokey,175,76,0.9630678721218571,0,0,1,2,0
cheey,pcheey,175,22,0.87814704469347,0,0,1,4,0
cheey,chdaiin,175,33,0.9422706450129705,0,0,2,0,0
cheey,otal,175,97,0.9633332090390787,0,0,0,0,0
cheey,air,175,59,0.9253419690638701,0,0,1,0,0
cheey,qokeo,175,20,0.9220155436869337,0,0,1,0,0
cheey,ytedy,175,23,0.8427034969984191,0,0,1,1,0
cheey,ain,175,145,0.9564630542502831,0,0,1,0,0
cheey,qotal,175,46,0.9631690711102036,0,0,1,0,0
cheey,dair,175,89,0.9757741333497679,0,0,0,0,0
cheey,qokor,175,45,0.9553240194226782,0,0,1,0,0
cheey,chdy,175,244,0.960127984700789,0,0,1,1,0
cheey,olkaiin,175,112,0.9681181936680305,0,0,3,0,0
cheey,okchy,175,33,0.9499060280260403,0,0,0,1,0
cheey,olchedy,175,22,0.904457229144137,0,0,2,1,0
cheey,okedy,175,121,0.9684539240351842,0,0,1,1,0
cheey,otchy,175,36,0.9557040840708811,0,0,0,1,0
cheey,lkaiin,175,102,0.9758600882588091,0,0,2,0,0
cheey,qokchedy,175,58,0.900152857100404,0,0,3,1,0
cheey,cthdy,175,33,0.9630094874062968,0,0,1,1,0
cheey,otchey,175,27,0.8668440709305771,0,0,1,2,0
cheey,oddy,175,26,0.8996424255830042,0,0,0,1,0
cheey,chy,175,43,0.9527416401307686,0,0,2,1,0
cheey,char,175,32,0.885319732972929,0,0,1,0,0
cheey,cheedy,175,73,0.9717644173799628,0,1,1,1,1
cheey,qoteey,175,92,0.9603750379807261,0,0,2,3,0
cheey,tedy,175,38,0.936570534226224,0,0,0,1,0
cheey,lkdy,175,26,0.8972216954393194,0,0,0,1,0
cheey,lkedy,175,20,0.9255625732207675,0,0,1,1,0
cheey,opchdy,175,23,0.9463792185936903,0,0,1,1,0
cheey,okor,175,25,0.9032633034850376,0,0,0,0,0
cheey,lkain,175,63,0.9710474501341562,0,0,1,0,1
cheey,olkeey,175,94,0.9710685681775125,0,0,2,3,0
cheey,qokal,175,215,0.9778436682960768,0,0,1,0,0
cheey,chckhey,175,45,0.9692063311915752,1,0,0,2,1
cheey,otol,175,40,0.8801988179700497,0,0,0,0,0
cheey,qoty,175,21,0.9539230282076332,0,0,0,1,0
cheey,kar,175,55,0.9480274676012125,0,0,1,0,0
cheey,oty,175,68,0.953351147822543,0,0,1,1,0
cheey,tdy,175,32,0.9270091655621487,0,0,1,1,0
cheey,ychy,175,21,0.942298280989543,0,0,1,1,0
cheey,otey,175,31,0.9425757591648235,1,0,0,2,0
cheey,qotaiin,175,92,0.96941548899162,0,0,3,0,0
cheey,olkain,175,83,0.9474481214756709,0,0,2,0,0
cheey,okey,175,27,0.9600474114607617,1,0,0,2,0
cheey,kaiin,175,22,0.9162394652260122,0,0,1,0,0
cheey,ky,175,30,0.941945706706638,0,0,2,1,0
cheey,qokchy,175,75,0.9694414324627199,0,0,1,1,0
cheey,daryeey,175,20,0.82228849299828,0,0,3,3,0
cheey,olkedy,175,35,0.949196074732684,0,0,2,1,1
cheey,qokol,175,106,0.9055549336005038,0,0,1,0,0
cheey,shody,175,44,0.8113344633839967,0,0,0,1,0
cheey,olkar,175,63,0.9704680665411658,0,0,1,0,0
cheey,qotchy,175,20,0.8073000401822346,0,0,1,1,0
cheey,taiin,175,49,0.9428865888286815,0,0,1,0,0
cheey,sham,175,21,0.8961367735937378,0,0,1,0,0
cheey,sar,175,43,0.9604831388152156,0,0,1,0,0
cheey,lchaiin,175,24,0.9251841937770269,0,0,2,0,0
cheey,qoy,175,22,0.8828277995090423,0,0,1,1,0
cheey,shes,175,22,0.8062484648876888,0,0,1,0,0
cheey,okchey,175,32,0.9437238387252631,0,0,1,2,0
cheey,oleedy,175,26,0.9493864137152318,0,0,2,1,0
cheey,ody,175,28,0.9117071799780183,0,0,1,1,0
cheey,ykar,175,21,0.8328858702920793,0,0,0,0,0
cheey,dleo,175,22,0.8337015386665063,0,0,0,0,0
cheey,dleeol,175,22,0.9425509268077843,0,0,2,0,0
cheey,qokeor,175,20,0.8816609425105923,0,0,2,0,0
cheey,olkchdy,175,21,0.9144464058049879,0,0,2,1,0
cheey,chal,175,29,0.8808825736019903,0,0,1,0,0
cheey,tchaiin,175,21,0.9195939664218334,0,0,2,0,0
cheey,qokeody,175,21,0.8925172464708637,0,0,3,1,0
cheey,ldy,175,21,0.8734446170906843,0,0,1,1,0
cheey,laiin,175,37,0.9247595108123475,0,0,1,0,0
cheey,schdy,175,21,0.9332043444290395,0,0,0,1,0
cheey,sheckhy,175,39,0.9569016121021998,0,0,0,1,0
cheey,cheeor,175,26,0.9087629770505927,0,1,1,0,0
cheey,otedal,175,22,0.8681727638023746,0,0,2,0,0
cheey,lsy,175,22,0.9271283175898107,0,0,1,1,0
cheey,qoko,175,24,0.7502170137800851,0,0,0,0,0
cheey,ytody,175,21,0.9387909672885895,0,0,1,1,0
cheey,chody,175,23,0.9391268986469107,0,0,0,1,0
cheey,kchy,175,24,0.9512588108293902,0,0,1,1,0
cheey,ykal,175,24,0.8863741980591369,0,0,0,0,0
cheey,lsedy,175,28,0.9044827037984158,0,0,1,1,0
cheey,to,175,24,0.9026875247943424,0,0,2,0,0
cheey,pchdy,175,30,0.9350858722222244,0,0,0,1,0
cheey,qoeedy,175,23,0.9278166560402239,0,0,2,1,0
cheey,otor,175,20,0.9314155952725184,0,0,0,0,0
rar,y,22,143,0.933127266628993,0,0,2,0,0
rar,qol,22,225,0.9323369686249319,0,0,0,0,0
rar,am,22,90,0.9246478901764387,0,0,1,0,0
rar,shckhy,22,108,0.9236646571425892,0,0,0,0,0
rar,al,22,141,0.9330101762272327,0,0,1,0,0
rar,dy,22,157,0.9174944392911346,0,0,1,0,0
rar,par,22,22,0.8692913004027236,1,0,0,2,0
rar,shey,22,297,0.9299566439344147,0,0,0,0,0
rar,okeedy,22,177,0.9216913253081152,0,0,3,0,0
rar,qokain,22,435,0.9283827853831907,0,0,3,0,0
rar,opchedaiin,22,22,0.9001200240053346,0,0,6,0,0
rar,qoteedy,22,99,0.9201758882506342,0,0,4,0,0
rar,qoky,22,149,0.9262036302644362,0,0,1,0,0
rar,oky,22,75,0.9100295942170303,0,0,0,0,0
rar,kody,22,21,0.8932260412326749,0,0,1,0,0
rar,sheey,22,211,0.9369405880608122,0,0,1,0,0
rar,dam,22,81,0.907518565411417,0,0,0,0,0
rar,oteedy,22,189,0.9321627425899525,0,0,3,0,0
rar,olkeedy,22,96,0.9106097796298707,0,0,4,0,0
rar,dleey,22,51,0.8905330768341342,0,0,2,0,0
rar,shor,22,45,0.9209572697817493,1,0,0,1,0
rar,qokaiin,22,504,0.9298902590915816,0,0,4,0,0
rar,olkal,22,50,0.9224314237114862,0,0,2,0,0
rar,chs,22,34,0.9031456460634388,0,0,1,0,0
rar,okeey,22,173,0.9256597510842864,0,0,2,0,0
rar,kd,22,24,0.9184542896674767,0,0,1,0,0
rar,lchey,22,57,0.8861490398777261,0,0,1,0,0
rar,chol,22,136,0.9331464858830102,0,0,0,0,0
rar,qotedy,22,142,0.9420210386143647,0,0,3,0,0
rar,oteey,22,169,0.939937677618713,0,0,2,0,0
rar,cheol,22,107,0.9260624165183708,0,0,1,0,0
rar,okol,22,39,0.8867892070524939,0,0,1,0,0
rar,lkar,22,20,0.815211404323233,0,0,1,2,0
rar,otchdy,22,44,0.8917005342848777,0,0,2,0,0
rar,qotain,22,94,0.9413852514791675,0,0,3,0,0
rar,lchedy,22,177,0.9459541805354864,0,0,2,0,0
rar,daiin,22,462,0.9303574666717618,0,0,2,0,0
rar,aiin,22,327,0.9225116721922401,0,0,1,0,0
rar,dal,22,174,0.9168526527426754,0,0,0,0,0
rar,or,22,253,0.9266251678652627,0,0,1,1,0
rar,otar,22,139,0.9144431808851701,0,0,1,2,0
rar,araiin,22,21,0.8934235761333607,0,0,3,0,0
rar,shar,22,33,0.8810727396805504,1,0,0,2,0
rar,aredy,22,27,0.9047329903264857,0,0,2,0,0
rar,tor,22,25,0.8713272170652316,1,0,0,1,0
rar,kal,22,50,0.9222448210937887,0,0,0,0,0
rar,olky,22,34,0.9052232519689095,0,0,1,0,0
rar,shol,22,172,0.9303511773113705,0,0,0,0,0
rar,otody,22,26,0.881168006236452,0,0,2,0,0
rar,ofeey,22,23,0.8070367873344937,0,0,2,0,0
rar,qokey,22,76,0.9112232458220015,0,0,2,0,0
rar,pcheey,22,22,0.811019487233725,0,0,2,0,0
rar,chdaiin,22,33,0.9065686865997663,0,0,3,0,0
rar,otal,22,97,0.9203243220184059,0,0,1,0,0
rar,air,22,59,0.9129866755121183,1,0,0,1,0
rar,qokeo,22,20,0.8862696970200026,0,0,2,0,0
rar,ytedy,22,23,0.859669875827088,0,0,2,0,0
rar,ain,22,145,0.9297917843707688,0,0,0,0,0
rar,qotal,22,46,0.8999449277011146,0,0,2,0,0
rar,dair,22,89,0.9220072715200373,0,0,1,1,0
rar,qokor,22,45,0.9125971005991084,0,0,2,1,0
rar,chdy,22,244,0.9325950380337324,0,0,0,0,0
rar,olkaiin,22,112,0.9188720523738199,0,0,4,0,0
rar,okchy,22,33,0.9002412984354073,0,0,1,0,0
rar,olchedy,22,22,0.8908678616149943,0,0,3,0,0
rar,okedy,22,121,0.9312699421161083,0,0,2,0,0
rar,otchy,22,36,0.8997938797711504,0,0,1,0,0
rar,lkaiin,22,102,0.9389589361774652,0,0,3,0,0
rar,qokchedy,22,58,0.8743250872289757,0,0,4,0,0
rar,cthdy,22,33,0.9173212196660082,0,0,0,0,0
rar,otchey,22,27,0.833762817633602,0,0,2,0,0
rar,oddy,22,26,0.8431725499266982,0,0,1,0,0
rar,chy,22,43,0.9190286227864505,0,0,1,0,0
rar,char,22,32,0.8631109783286742,1,0,0,2,0
rar,cheedy,22,73,0.9064677129687162,0,0,2,0,0
rar,qoteey,22,92,0.9124392588471824,0,0,3,0,0
rar,tedy,22,38,0.8975404446617393,0,0,1,0,0
rar,lkdy,22,26,0.8391179650989051,0,0,1,0,0
rar,lkedy,22,20,0.8955349852062222,0,0,2,0,0
rar,opchdy,22,23,0.9095348932348032,0,0,2,0,0
rar,okor,22,25,0.8567809117384111,0,0,1,1,0
rar,lkain,22,63,0.9239701958405563,0,0,2,0,0
rar,olkeey,22,94,0.9271218921134576,0,0,3,0,0
rar,qokal,22,215,0.9233387505118602,0,0,2,0,0
rar,chckhey,22,45,0.9061566881601372,0,0,1,0,0
rar,otol,22,40,0.8768306712775473,0,0,1,0,0
rar,qoty,22,21,0.9183512695361318,0,0,1,0,0
rar,kar,22,55,0.9211635469623207,1,0,0,2,0
rar,oty,22,68,0.8923776548129418,0,0,0,0,0
rar,tdy,22,32,0.9189140440174972,0,0,0,0,0
rar,ychy,22,21,0.8999041520170207,0,0,0,0,0
rar,otey,22,31,0.8706206873381132,0,0,1,0,0
rar,qotaiin,22,92,0.9323839678243245,0,0,4,0,0
rar,olkain,22,83,0.9234611753575175,0,0,3,0,0
rar,okey,22,27,0.9006554137750387,0,0,1,0,0
rar,kaiin,22,22,0.896639793631555,0,0,2,0,0
rar,ky,22,30,0.8853884724249188,0,0,1,0,0
rar,qokchy,22,75,0.9219741193599423,0,0,2,0,0
rar,daryeey,22,20,0.7316058604775383,0,0,4,0,0
rar,olkedy,22,35,0.8722512832616827,0,0,3,0,0
rar,qokol,22,106,0.8865860503023986,0,0,2,0,0
rar,shody,22,44,0.7954884065775185,0,0,1,0,0
rar,olkar,22,63,0.9299058086368904,0,0,2,2,0
rar,qotchy,22,20,0.6981530150019283,0,0,2,0,0
rar,taiin,22,49,0.9042821902035267,0,0,2,0,0
rar,sham,22,21,0.8683567829583415,0,0,0,0,0
rar,sar,22,43,0.9113697181221793,1,0,0,2,0
rar,lchaiin,22,24,0.9113295081322881,0,0,3,0,0
rar,qoy,22,22,0.8737990722926768,0,0,0,0,0
rar,shes,22,22,0.7887069857220149,0,0,0,0,0
rar,okchey,22,32,0.9073684173206968,0,0,2,0,0
rar,oleedy,22,26,0.9029361007864388,0,0,3,0,0
rar,ody,22,28,0.9128879000331283,0,0,0,0,0
rar,ykar,22,21,0.824115687671741,0,0,1,2,0
rar,dleo,22,22,0.7913040917251248,0,0,1,0,0
rar,dleeol,22,22,0.8827166375435687,0,0,3,0,0
rar,qokeor,22,20,0.8505466091054502,0,0,3,1,0
rar,olkchdy,22,21,0.8400039763595956,0,0,3,0,0
rar,chal,22,29,0.8034404658714283,0,0,0,0,0
rar,tchaiin,22,21,0.8862696970200026,0,0,3,0,0
rar,qokeody,22,21,0.8593133210568645,0,0,4,0,0
rar,ldy,22,21,0.8433980549035214,0,0,0,0,0
rar,laiin,22,37,0.9076606391036918,0,0,2,0,0
rar,schdy,22,21,0.8899590182749941,0,0,1,0,0
rar,sheckhy,22,39,0.9211600455326973,0,0,1,0,0
rar,cheeor,22,26,0.8345859706053584,0,0,2,1,0
rar,otedal,22,22,0.8566640937194134,0,0,3,0,0
rar,lsy,22,22,0.8999231824291549,0,0,0,0,0
rar,qoko,22,24,0.743172861630181,0,0,1,0,0
rar,ytody,22,21,0.9100917461907982,0,0,2,0,0
rar,chody,22,23,0.9248498390242419,0,0,1,0,0
rar,kchy,22,24,0.8885591917570801,0,0,0,0,0
rar,ykal,22,24,0.8550969195205675,0,0,1,0,0
rar,lsedy,22,28,0.9061393590391783,0,0,2,0,0
rar,to,22,24,0.8828677113564684,0,0,1,0,0
rar,pchdy,22,30,0.8889608450932657,0,0,1,0,0
rar,qoeedy,22,23,0.9197349609235178,0,0,3,0,0
rar,otor,22,20,0.887097820791296,0,0,1,1,0
y,qol,143,225,0.9756627465799145,0,0,2,0,0
y,am,143,90,0.9752524665696582,0,0,1,0,1
y,shckhy,143,108,0.9669014244244105,0,0,2,1,0
y,al,143,141,0.981245760361724,0,0,1,0,1
y,dy,143,157,0.9646519025064657,0,0,1,1,0
y,par,143,22,0.8886432994717621,0,0,2,0,0
y,shey,143,297,0.9796040832369044,0,0,2,1,0
y,okeedy,143,177,0.9597744043028762,0,0,5,1,0
y,qokain,143,435,0.979015069256069,0,0,5,0,0
y,opchedaiin,143,22,0.9257856948189072,0,0,8,0,0
y,qoteedy,143,99,0.9469673862161626,0,0,6,1,0
y,qoky,143,149,0.9630210393348115,0,0,3,1,0
y,oky,143,75,0.9696090822272448,0,0,2,1,0
y,kody,143,21,0.9322053623568347,0,0,3,1,0
y,sheey,143,211,0.9676528285769692,0,0,3,1,0
y,dam,143,81,0.9522689952509424,0,0,2,0,0
y,oteedy,143,189,0.9697844312649337,0,0,5,1,0
y,olkeedy,143,96,0.9525465437908953,0,0,6,1,0
y,dleey,143,51,0.9313974835467038,0,0,4,1,0
y,shor,143,45,0.9490437665987831,0,0,2,0,0
y,qokaiin,143,504,0.971919066877796,0,0,6,0,0
y,olkal,143,50,0.9595722956712498,0,0,4,0,0
y,chs,143,34,0.9361005782662707,0,0,1,0,0
y,okeey,143,173,0.9511705184862906,0,0,4,1,0
y,kd,143,24,0.9458547048918892,0,0,1,0,0
y,lchey,143,57,0.939020036824382,0,0,3,1,0
y,chol,143,136,0.9821174587232653,0,0,2,0,0
y,qotedy,143,142,0.9762914778707673,0,0,5,1,0
y,oteey,143,169,0.9722617172193945,0,0,4,1,0
y,cheol,143,107,0.9727007563980741,0,0,3,0,0
y,okol,143,39,0.9262916293130439,0,0,3,0,0
y,lkar,143,20,0.8749417811636468,0,0,3,0,0
y,otchdy,143,44,0.9391871502633345,0,0,4,1,0
y,qotain,143,94,0.9763124738533924,0,0,5,0,0
y,lchedy,143,177,0.9817234608765371,0,0,4,1,0
y,daiin,143,462,0.9715016409767555,0,0,4,0,0
y,aiin,143,327,0.9839819583545719,0,0,3,0,1
y,dal,143,174,0.9609282398376398,0,0,2,0,0
y,or,143,253,0.9801977306150377,0,0,1,0,0
y,otar,143,139,0.9586047556340943,0,0,3,0,0
y,araiin,143,21,0.936750803482254,0,0,5,0,0
y,shar,143,33,0.9215636538132176,0,0,2,0,0
y,aredy,143,27,0.9438779626285843,0,0,4,1,0
y,tor,143,25,0.8910689169567787,0,0,2,0,0
y,kal,143,50,0.9571604409201551,0,0,2,0,0
y,olky,143,34,0.9570299414601531,0,0,3,1,0
y,shol,143,172,0.9681400854231171,0,0,2,0,0
y,otody,143,26,0.9221290564103071,0,0,4,1,0
y,ofeey,143,23,0.8475706863595912,0,0,4,1,0
y,qokey,143,76,0.9400953747520229,0,0,4,1,0
y,pcheey,143,22,0.8824646632863042,0,0,4,1,0
y,chdaiin,143,33,0.9441826140201404,0,0,5,0,0
y,otal,143,97,0.9533746279164809,0,0,3,0,0
y,air,143,59,0.9596352973284317,0,0,2,0,1
y,qokeo,143,20,0.9392384625738895,0,0,4,0,0
y,ytedy,143,23,0.8767203812130648,0,0,4,1,0
y,ain,143,145,0.9861096327259777,0,0,2,0,1
y,qotal,143,46,0.9511328089647139,0,0,4,0,0
y,dair,143,89,0.9652294311776642,0,0,3,0,0
y,qokor,143,45,0.9359391292496672,0,0,4,0,0
y,chdy,143,244,0.9842201082785412,0,0,2,1,0
y,olkaiin,143,112,0.9548379565770506,0,0,6,0,0
y,okchy,143,33,0.9514261819540955,0,0,3,1,0
y,olchedy,143,22,0.9235835910842135,0,0,5,1,0
y,okedy,143,121,0.9663065132386501,0,0,4,1,0
y,otchy,143,36,0.9478946531678895,0,0,3,1,0
y,lkaiin,143,102,0.9719660926312863,0,0,5,0,0
y,qokchedy,143,58,0.8895167727619863,0,0,6,1,0
y,cthdy,143,33,0.9618483365103548,0,0,2,1,0
y,otchey,143,27,0.8567373895671928,0,0,4,1,0
y,oddy,143,26,0.8991854820682262,0,0,3,1,0
y,chy,143,43,0.9475280795307626,0,0,1,1,0
y,char,143,32,0.9138834802719097,0,0,2,0,0
y,cheedy,143,73,0.9457832449120017,0,0,4,1,0
y,qoteey,143,92,0.9606481939660929,0,0,5,1,0
y,tedy,143,38,0.9463254089922988,0,0,3,1,0
y,lkdy,143,26,0.9075362065884893,0,0,3,1,0
y,lkedy,143,20,0.9392408541867109,0,0,4,1,0
y,opchdy,143,23,0.9513738558063781,0,0,4,1,0
y,okor,143,25,0.8872112908681193,0,0,3,0,0
y,lkain,143,63,0.9591330043399847,0,0,4,0,0
y,olkeey,143,94,0.9616592928429647,0,0,5,1,0
y,qokal,143,215,0.9661329238030507,0,0,4,0,0
y,chckhey,143,45,0.942790176310727,0,0,3,1,0
y,otol,143,40,0.895491384583727,0,0,3,0,0
y,qoty,143,21,0.9582399439069476,0,0,3,1,0
y,kar,143,55,0.9563206908782552,0,0,2,0,0
y,oty,143,68,0.9536864163094815,0,0,2,1,0
y,tdy,143,32,0.9369261118780929,0,0,2,1,0
y,ychy,143,21,0.9436608877599921,0,0,2,1,0
y,otey,143,31,0.9070017329685903,0,0,3,1,0
y,qotaiin,143,92,0.9692388409573068,0,0,6,0,0
y,olkain,143,83,0.9684338617808682,0,0,5,0,0
y,okey,143,27,0.9310967031545548,0,0,3,1,0
y,kaiin,143,22,0.9382086311265538,0,0,4,0,0
y,ky,143,30,0.9436413864540882,0,0,1,1,0
y,qokchy,143,75,0.9608625169135443,0,0,4,1,0
y,daryeey,143,20,0.764000776136878,0,0,6,1,0
y,olkedy,143,35,0.911332268288505,0,0,5,1,0
y,qokol,143,106,0.9079215310435336,0,0,4,0,0
y,shody,143,44,0.8067389730973299,0,0,3,1,0
y,olkar,143,63,0.9677635308624766,0,0,4,0,0
y,qotchy,143,20,0.7469475977827974,0,0,4,1,0
y,taiin,143,49,0.9436158958517548,0,0,4,0,0
y,sham,143,21,0.9068985803082036,0,0,2,0,0
y,sar,143,43,0.9566387074543473,0,0,2,0,0
y,lchaiin,143,24,0.9384088661891735,0,0,5,0,0
y,qoy,143,22,0.9042479511990562,0,0,2,1,0
y,shes,143,22,0.7836577497780458,0,0,2,0,0
y,okchey,143,32,0.9398261342987303,0,0,4,1,0
y,oleedy,143,26,0.9331634133655028,0,0,5,1,0
y,ody,143,28,0.9172868801971863,0,0,2,1,0
y,ykar,143,21,0.8435463904377238,0,0,3,0,0
y,dleo,143,22,0.8133393134728127,0,0,3,0,0
y,dleeol,143,22,0.9150647356788509,0,0,5,0,0
y,qokeor,143,20,0.8847449149126008,0,0,5,0,0
y,olkchdy,143,21,0.8846088362716464,0,0,5,1,0
y,chal,143,29,0.8480147191116737,0,0,2,0,0
y,tchaiin,143,21,0.9326749513050294,0,0,5,0,0
y,qokeody,143,21,0.900239785806274,0,0,6,1,0
y,ldy,143,21,0.8956376245325999,0,0,2,1,0
y,laiin,143,37,0.9462768139680251,0,0,4,0,0
y,schdy,143,21,0.9396270415230035,0,0,3,1,0
y,sheckhy,143,39,0.9647643349782346,0,0,3,1,0
y,cheeor,143,26,0.8927565429691596,0,0,4,0,0
y,otedal,143,22,0.8886763551823731,0,0,5,0,0
y,lsy,143,22,0.9432900992014255,0,0,2,1,0
y,qoko,143,24,0.7624305533996164,0,0,3,0,0
y,ytody,143,21,0.9455621521409726,0,0,4,1,0
y,chody,143,23,0.9563305710520876,0,0,3,1,0
y,kchy,143,24,0.9277539905478537,0,0,2,1,0
y,ykal,143,24,0.8996570290992951,0,0,3,0,0
y,lsedy,143,28,0.9222635699602529,0,0,4,1,0
y,to,143,24,0.8986010721043936,0,0,1,0,0
y,pchdy,143,30,0.9418169836912216,0,0,3,1,0
y,qoeedy,143,23,0.9395944106525522,0,0,5,1,0
y,otor,143,20,0.9216613522643364,0,0,3,0,0
qol,am,225,90,0.968194713646222,0,0,1,0,0
qol,shckhy,225,108,0.9690893743696529,0,0,0,0,0
qol,al,225,141,0.9769932885705208,0,0,1,1,0
qol,dy,225,157,0.9470789774775222,0,0,1,0,0
qol,par,225,22,0.8805196651916738,0,0,0,0,0
qol,shey,225,297,0.9707506900252477,0,0,0,0,0
qol,okeedy,225,177,0.9562337451459437,0,0,3,0,0
qol,qokain,225,435,0.964951099321959,0,1,3,0,0
qol,opchedaiin,225,22,0.9329712932177544,0,0,6,0,0
qol,qoteedy,225,99,0.9658088661209107,0,1,4,0,0
qol,qoky,225,149,0.9692275321548419,0,1,1,0,0
qol,oky,225,75,0.9533860496127141,0,0,0,0,0
qol,kody,225,21,0.9128701742614772,0,0,1,0,0
qol,sheey,225,211,0.9758955437390364,0,0,1,0,0
qol,dam,225,81,0.956743383260922,0,0,0,0,0
qol,oteedy,225,189,0.9705598599935105,0,0,3,0,0
qol,olkeedy,225,96,0.9426708109800148,0,0,4,0,0
qol,dleey,225,51,0.9192359850453471,0,0,2,0,0
qol,shor,225,45,0.9659276008164197,0,0,0,0,0
qol,qokaiin,225,504,0.9704294201172153,0,1,4,0,0
qol,olkal,225,50,0.9579015059139186,0,0,2,1,0
qol,chs,225,34,0.9466033532497923,0,0,1,0,0
qol,okeey,225,173,0.9711795824645083,0,0,2,0,0
qol,kd,225,24,0.932509972933155,0,0,1,0,0
qol,lchey,225,57,0.9249848150242488,0,0,1,0,0
qol,chol,225,136,0.9812566417026037,1,0,0,2,1
qol,qotedy,225,142,0.9746326631585756,0,1,3,0,0
qol,oteey,225,169,0.9772905706892149,0,0,2,0,0
qol,cheol,225,107,0.9796034559463292,0,0,1,2,1
qol,okol,225,39,0.9292175036357992,0,0,1,2,0
qol,lkar,225,20,0.837466937431637,0,0,1,0,0
qol,otchdy,225,44,0.9376709345988622,0,0,2,0,0
qol,qotain,225,94,0.9738667692012871,0,1,3,0,0
qol,lchedy,225,177,0.983385163266984,0,0,2,0,0
qol,daiin,225,462,0.9733618601272027,0,0,2,0,0
qol,aiin,225,327,0.9620000664172607,0,0,1,0,0
qol,dal,225,174,0.9584873472972026,1,0,0,1,0
qol,or,225,253,0.9741073856162692,0,0,1,0,1
qol,otar,225,139,0.9536502269276804,0,0,1,0,0
qol,araiin,225,21,0.9305273324016347,0,0,3,0,0
qol,shar,225,33,0.9305621666207723,0,0,0,0,0
qol,aredy,225,27,0.9532984902690806,0,0,2,0,0
qol,tor,225,25,0.9249921550431581,0,0,0,0,0
qol,kal,225,50,0.9652684262116009,1,0,0,1,0
qol,olky,225,34,0.9610317885730297,0,0,1,0,0
qol,shol,225,172,0.9740223844911682,1,0,0,2,0
qol,otody,225,26,0.9228085015791557,0,0,2,0,0
qol,ofeey,225,23,0.8269881646335303,0,0,2,0,0
qol,qokey,225,76,0.9576482487215622,0,1,2,0,0
qol,pcheey,225,22,0.8318083424694344,0,0,2,0,0
qol,chdaiin,225,33,0.9396648446087849,0,0,3,0,0
qol,otal,225,97,0.9651165604918964,0,0,1,1,0
qol,air,225,59,0.963558472620883,0,0,0,0,0
qol,qokeo,225,20,0.916969416324672,0,1,2,0,0
qol,ytedy,225,23,0.9107377724827489,0,0,2,0,0
qol,ain,225,145,0.9750046827911938,0,0,0,0,0
qol,qotal,225,46,0.9341835628991021,0,1,2,1,0
qol,dair,225,89,0.967464814279173,0,0,1,0,0
qol,qokor,225,45,0.9447678617331565,0,1,2,0,0
qol,chdy,225,244,0.982749443386993,0,0,0,0,1
qol,olkaiin,225,112,0.9489372332915847,0,0,4,0,0
qol,okchy,225,33,0.9473073283462597,0,0,1,0,0
qol,olchedy,225,22,0.9480619109843405,0,0,3,0,0
qol,okedy,225,121,0.9772787727477401,0,0,2,0,0
qol,otchy,225,36,0.949493101015697,0,0,1,0,0
qol,lkaiin,225,102,0.9787380297635668,0,0,3,0,0
qol,qokchedy,225,58,0.9301115106438342,0,1,4,0,0
qol,cthdy,225,33,0.955740633699474,0,0,0,0,0
qol,otchey,225,27,0.8865866513707572,0,0,2,0,0
qol,oddy,225,26,0.8918196261300407,0,0,1,0,0
qol,chy,225,43,0.9573711827115148,0,0,1,0,0
qol,char,225,32,0.9276723856734972,0,0,0,0,0
qol,cheedy,225,73,0.9439051071999548,0,0,2,0,0
qol,qoteey,225,92,0.9633173722965777,0,1,3,0,0
qol,tedy,225,38,0.9257785554709279,0,0,1,0,0
qol,lkdy,225,26,0.879120566941265,0,0,1,0,0
qol,lkedy,225,20,0.9536447991203252,0,0,2,0,0
qol,opchdy,225,23,0.9473369848005823,0,0,2,0,0
qol,okor,225,25,0.9047238924715422,0,0,1,0,0
qol,lkain,225,63,0.965720316829401,0,0,2,0,0
qol,olkeey,225,94,0.9494672346678518,0,0,3,0,0
qol,qokal,225,215,0.9660533756546521,0,1,2,1,0
qol,chckhey,225,45,0.9317591199991416,0,0,1,0,0
qol,otol,225,40,0.9074827998376266,0,0,1,2,0
qol,qoty,225,21,0.9435318988698942,0,1,1,0,0
qol,kar,225,55,0.9683852055533407,0,0,0,0,0
qol,oty,225,68,0.9443826135716904,0,0,0,0,0
qol,tdy,225,32,0.9560975131355732,0,0,0,0,0
qol,ychy,225,21,0.9269167287022759,0,0,0,0,0
qol,otey,225,31,0.9224526138133698,0,0,1,0,0
qol,qotaiin,225,92,0.970304943121666,0,1,4,0,0
qol,olkain,225,83,0.9654791995641882,0,0,3,0,0
qol,okey,225,27,0.9381830017466798,0,0,1,0,0
qol,kaiin,225,22,0.9434647548031933,0,0,2,0,0
qol,ky,225,30,0.9212054293627697,0,0,1,0,0
qol,qokchy,225,75,0.9627143658250212,0,1,2,0,0
qol,daryeey,225,20,0.7794283712860702,0,0,4,0,0
qol,olkedy,225,35,0.8954721506337397,0,0,3,0,0
qol,qokol,225,106,0.9153083611754413,0,1,2,2,0
qol,shody,225,44,0.8257982047462216,0,0,1,0,0
qol,olkar,225,63,0.9674244849127964,0,0,2,0,0
qol,qotchy,225,20,0.7470190447261171,0,1,2,0,0
qol,taiin,225,49,0.943340212899136,0,0,2,0,0
qol,sham,225,21,0.9197081741717894,0,0,0,0,0
qol,sar,225,43,0.9571398030061361,0,0,0,0,0
qol,lchaiin,225,24,0.9663510613123691,0,0,3,0,0
qol,qoy,225,22,0.9352391894010017,0,1,0,0,0
qol,shes,225,22,0.8277480489850111,0,0,0,0,0
qol,okchey,225,32,0.9558242603678461,0,0,2,0,0
qol,oleedy,225,26,0.9306211529602573,0,0,3,0,0
qol,ody,225,28,0.944974882253432,0,0,0,0,0
qol,ykar,225,21,0.8408743443115316,0,0,1,0,0
qol,dleo,225,22,0.8644511566043065,0,0,1,0,0
qol,dleeol,225,22,0.930326105826688,0,0,3,2,0
qol,qokeor,225,20,0.8770754103942706,0,1,3,0,0
qol,olkchdy,225,21,0.8787846632676898,0,0,3,0,0
qol,chal,225,29,0.8248241017893988,1,0,0,1,0
qol,tchaiin,225,21,0.916969416324672,0,0,3,0,0
qol,qokeody,225,21,0.9160341399959813,0,1,4,0,0
qol,ldy,225,21,0.8954927927404467,0,0,0,0,0
qol,laiin,225,37,0.9539467820010953,0,0,2,0,0
qol,schdy,225,21,0.9347553394699204,0,0,1,0,0
qol,sheckhy,225,39,0.9647637510457501,0,0,1,0,0
qol,cheeor,225,26,0.868941842181416,0,0,2,0,0
qol,otedal,225,22,0.9108272043249049,0,0,3,1,0
qol,lsy,225,22,0.9484318946888007,0,0,0,0,0
qol,qoko,225,24,0.8040199914884955,0,1,1,0,0
qol,ytody,225,21,0.9388371655680702,0,0,2,0,0
qol,chody,225,23,0.9418918702235086,0,0,1,0,0
qol,kchy,225,24,0.9183257960114267,0,0,0,0,0
qol,ykal,225,24,0.9130089217052487,0,0,1,1,0
qol,lsedy,225,28,0.9289753223340977,0,0,2,0,0
qol,to,225,24,0.8776743201175332,0,0,1,0,0
qol,pchdy,225,30,0.9243968947771941,0,0,1,0,0
qol,qoeedy,225,23,0.9509914648067848,0,1,3,0,0
qol,otor,225,20,0.9166641261325158,0,0,1,0,0
am,shckhy,90,108,0.9577991141666884,0,0,1,0,0
am,al,90,141,0.9778489996837393,0,0,0,0,1
am,dy,90,157,0.9525002270745891,0,0,0,0,0
am,par,90,22,0.8823697820672451,0,0,1,0,0
am,shey,90,297,0.9714332515574845,0,0,1,0,0
am,okeedy,90,177,0.9511049821248534,0,0,4,0,0
am,qokain,90,435,0.968136472973334,0,0,4,0,0
am,opchedaiin,90,22,0.9171199363386323,0,0,7,0,0
am,qoteedy,90,99,0.9426300802908274,0,0,5,0,0
am,qoky,90,149,0.9487292045431714,0,0,2,0,0
am,oky,90,75,0.9464282722526527,0,0,1,0,0
am,kody,90,21,0.9147268111161253,0,0,2,0,0
am,sheey,90,211,0.9610837220956818,0,0,2,0,0
am,dam,90,81,0.9478546515658026,0,0,1,2,0
am,oteedy,90,189,0.9620872601648032,0,0,4,0,0
am,olkeedy,90,96,0.9398986843953079,0,0,5,0,0
am,dleey,90,51,0.9206368078523278,0,0,3,0,0
am,shor,90,45,0.949185445126671,0,0,1,0,0
am,qokaiin,90,504,0.961114035311631,0,0,5,0,0
am,olkal,90,50,0.947046722588376,0,0,3,0,0
am,chs,90,34,0.9309796292143762,0,0,0,0,0
am,okeey,90,173,0.94793762505974,0,0,3,0,0
am,kd,90,24,0.9396272707381632,0,0,0,0,0
am,lchey,90,57,0.9273515470642756,0,0,2,0,0
am,chol,90,136,0.9710715997553272,0,0,1,0,0
am,qotedy,90,142,0.970616226221548,0,0,4,0,0
am,oteey,90,169,0.9664143813503583,0,0,3,0,0
am,cheol,90,107,0.9699385054209346,0,0,2,0,0
am,okol,90,39,0.9191294870905218,0,0,2,0,0
am,lkar,90,20,0.8538887861922674,0,0,2,0,0
am,otchdy,90,44,0.9275122906480662,0,0,3,0,0
am,qotain,90,94,0.9667459668503795,0,0,4,0,0
am,lchedy,90,177,0.9714153392101608,0,0,3,0,0
am,daiin,90,462,0.9645771419395021,0,0,3,0,0
am,aiin,90,327,0.9699620411879806,0,0,2,0,1
am,dal,90,174,0.9559380976368274,0,0,1,0,0
am,or,90,253,0.9714324423972175,0,0,0,0,0
am,otar,90,139,0.9454986522239465,0,0,2,0,0
am,araiin,90,21,0.9290527440581466,0,0,4,0,0
am,shar,90,33,0.9117825096338562,0,0,1,0,0
am,aredy,90,27,0.9310230605505238,0,0,3,0,0
am,tor,90,25,0.8882607327369301,0,0,1,0,0
am,kal,90,50,0.9454151142079112,0,0,1,0,0
am,olky,90,34,0.9390965918873198,0,0,2,0,0
am,shol,90,172,0.9606744847370862,0,0,1,0,0
am,otody,90,26,0.9257694661120678,0,0,3,0,0
am,ofeey,90,23,0.8322370968783954,0,0,3,0,0
am,qokey,90,76,0.9312674776064336,0,0,3,0,0
am,pcheey,90,22,0.8673624181349567,0,0,3,0,0
am,chdaiin,90,33,0.9422581144423379,0,0,4,0,0
am,otal,90,97,0.9479643008585583,0,0,2,0,0
am,air,90,59,0.9548172520635047,0,0,1,0,1
am,qokeo,90,20,0.9295670879552393,0,0,3,0,0
am,ytedy,90,23,0.8822893242778737,0,0,3,0,0
am,ain,90,145,0.9771733218659838,0,0,1,0,1
am,qotal,90,46,0.9370812292822099,0,0,3,0,0
am,dair,90,89,0.9606456805018369,0,0,2,0,0
am,qokor,90,45,0.9313253957888572,0,0,3,0,0
am,chdy,90,244,0.9763150445375234,0,0,1,0,0
am,olkaiin,90,112,0.9418762019669816,0,0,5,0,0
am,okchy,90,33,0.9374264003068983,0,0,2,0,0
am,olchedy,90,22,0.9276275406930875,0,0,4,0,0
am,okedy,90,121,0.9610997560931999,0,0,3,0,0
am,otchy,90,36,0.9322322148525519,0,0,2,0,0
am,lkaiin,90,102,0.96536210874729,0,0,4,0,0
am,qokchedy,90,58,0.8888121971124701,0,0,5,0,0
am,cthdy,90,33,0.9549014845081994,0,0,1,0,0
am,otchey,90,27,0.8442512181022636,0,0,3,0,0
am,oddy,90,26,0.8949811142639593,0,0,2,0,0
am,chy,90,43,0.9367162693755271,0,0,0,0,0
am,char,90,32,0.9061719690876971,0,0,1,0,0
am,cheedy,90,73,0.9352490213857236,0,0,3,0,0
am,qoteey,90,92,0.9553490233666699,0,0,4,0,0
am,tedy,90,38,0.9316520483915135,0,0,2,0,0
am,lkdy,90,26,0.8923541844250357,0,0,2,0,0
am,lkedy,90,20,0.9299567481965384,0,0,3,0,0
am,opchdy,90,23,0.9471093528082223,0,0,3,0,0
am,okor,90,25,0.8875012994095877,0,0,2,0,0
am,lkain,90,63,0.9501146708909876,0,0,3,0,0
am,olkeey,90,94,0.951274041921937,0,0,4,0,0
am,qokal,90,215,0.9553193663656944,0,0,3,0,0
am,chckhey,90,45,0.9304669035376399,0,0,2,0,0
am,otol,90,40,0.884986700750135,0,0,2,0,0
am,qoty,90,21,0.941269687886474,0,0,2,0,0
am,kar,90,55,0.9503155368926282,0,0,1,0,0
am,oty,90,68,0.9357970884283331,0,0,1,0,0
am,tdy,90,32,0.9333049384011112,0,0,1,0,0
am,ychy,90,21,0.9363550043653232,0,0,1,0,0
am,otey,90,31,0.8996238722818588,0,0,2,0,0
am,qotaiin,90,92,0.9578608876645602,0,0,5,0,0
am,olkain,90,83,0.9665946133525353,0,0,4,0,0
am,okey,90,27,0.92224309696427,0,0,2,0,0
am,kaiin,90,22,0.9281010858465475,0,0,3,0,0
am,ky,90,30,0.9264713422174573,0,0,0,0,0
am,qokchy,90,75,0.9541118096218878,0,0,3,0,0
am,daryeey,90,20,0.7476231756619343,0,0,5,0,0
am,olkedy,90,35,0.8958075701362389,0,0,4,0,0
am,qokol,90,106,0.8958570664856803,0,0,3,0,0
am,shody,90,44,0.8061423521386583,0,0,2,0,0
am,olkar,90,63,0.9596177648688192,0,0,3,0,0
am,qotchy,90,20,0.738977366586139,0,0,3,0,0
am,taiin,90,49,0.9379182585477414,0,0,3,0,0
am,sham,90,21,0.8954718538801669,0,0,1,2,0
am,sar,90,43,0.9515270016485429,0,0,1,0,0
am,lchaiin,90,24,0.9385181658016181,0,0,4,0,0
am,qoy,90,22,0.8942151118187265,0,0,1,0,0
am,shes,90,22,0.802499788673898,0,0,1,0,0
am,okchey,90,32,0.9341863485219125,0,0,3,0,0
am,oleedy,90,26,0.9224419461909097,0,0,4,0,0
am,ody,90,28,0.9157833456348452,0,0,1,0,0
am,ykar,90,21,0.8277909163018143,0,0,2,0,0
am,dleo,90,22,0.8049731442455967,0,0,2,0,0
am,dleeol,90,22,0.908091932019028,0,0,4,0,0
am,qokeor,90,20,0.8833732174987022,0,0,4,0,0
am,olkchdy,90,21,0.8786817010782455,0,0,4,0,0
am,chal,90,29,0.8314374509367531,0,0,1,0,0
am,tchaiin,90,21,0.9228715266974585,0,0,4,0,0
am,qokeody,90,21,0.8917441014415566,0,0,5,0,0
am,ldy,90,21,0.89009543162387,0,0,1,0,0
am,laiin,90,37,0.9363684848713454,0,0,3,0,0
am,schdy,90,21,0.9337804067195613,0,0,2,0,0
am,sheckhy,90,39,0.951898830499559,0,0,2,0,0
am,cheeor,90,26,0.8745974691037782,0,0,3,0,0
am,otedal,90,22,0.9048412811884052,0,0,4,0,0
am,lsy,90,22,0.9317811190212706,0,0,1,0,0
am,qoko,90,24,0.7700426715644968,0,0,2,0,0
am,ytody,90,21,0.9438975648147561,0,0,3,0,0
am,chody,90,23,0.9463208791439826,0,0,2,0,0
am,kchy,90,24,0.9170076059398043,0,0,1,0,0
am,ykal,90,24,0.8957195080080721,0,0,2,0,0
am,lsedy,90,28,0.9149142113085877,0,0,3,0,0
am,to,90,24,0.8831537581624767,0,0,0,0,0
am,pchdy,90,30,0.9303887165870267,0,0,2,0,0
am,qoeedy,90,23,0.9351892569070694,0,0,4,0,0
am,otor,90,20,0.9077916486141938,0,0,2,0,0
shckhy,al,108,141,0.9626575185155786,0,0,1,0,0
shckhy,dy,108,157,0.9695687003564624,0,0,1,1,0
shckhy,par,108,22,0.875844845731046,0,0,0,0,0
shckhy,shey,108,297,0.9657121647867442,1,0,0,1,0
shckhy,okeedy,108,177,0.9756106335190982,0,0,3,1,0
shckhy,qokain,108,435,0.9689313405010284,0,0,3,0,0
shckhy,opchedaiin,108,22,0.9555099897595941,0,0,6,0,0
shckhy,qoteedy,108,99,0.9715926827313177,0,0,4,1,0
shckhy,qoky,108,149,0.9681880706788301,0,0,1,1,0
shckhy,oky,108,75,0.9653323098788696,1,0,0,1,0
shckhy,kody,108,21,0.9311674037396138,0,0,1,1,0
shckhy,sheey,108,211,0.9782065437308658,0,0,1,1,0
shckhy,dam,108,81,0.9667622445102886,0,0,0,0,0
shckhy,oteedy,108,189,0.9817757570833877,0,0,3,1,0
shckhy,olkeedy,108,96,0.9653518499630401,0,0,4,1,0
shckhy,dleey,108,51,0.9480794317783483,0,0,2,1,0
shckhy,shor,108,45,0.9656501324910329,0,0,0,0,0
shckhy,qokaiin,108,504,0.9857597731252418,0,0,4,0,0
shckhy,olkal,108,50,0.9626067389164974,0,0,2,0,0
shckhy,chs,108,34,0.9368337394689443,0,0,1,0,0
shckhy,okeey,108,173,0.9607298111394057,0,0,2,1,0
shckhy,kd,108,24,0.9470221693767126,0,0,1,0,0
shckhy,lchey,108,57,0.9525536068082096,0,0,1,1,1
shckhy,chol,108,136,0.9764577918102685,0,0,0,0,0
shckhy,qotedy,108,142,0.9689606581906874,0,0,3,1,0
shckhy,oteey,108,169,0.9825509123816586,0,0,2,1,0
shckhy,cheol,108,107,0.9609026773437752,0,0,1,0,0
shckhy,okol,108,39,0.9335332836264909,0,0,1,0,0
shckhy,lkar,108,20,0.8905645949757225,0,0,1,0,0
shckhy,otchdy,108,44,0.9555994288541616,0,0,2,1,0
shckhy,qotain,108,94,0.9603761584224979,0,0,3,0,0
shckhy,lchedy,108,177,0.9675670653618264,0,0,2,1,0
shckhy,daiin,108,462,0.9877075592193844,0,0,2,0,0
shckhy,aiin,108,327,0.9653094527796345,0,0,1,0,0
shckhy,dal,108,174,0.9817311267551588,0,0,0,0,0
shckhy,or,108,253,0.9702137892482134,0,0,1,0,0
shckhy,otar,108,139,0.9722244895043191,0,0,1,0,0
shckhy,araiin,108,21,0.9323354918162904,0,0,3,0,0
shckhy,shar,108,33,0.933110335218933,0,0,0,0,0
shckhy,aredy,108,27,0.9349051825064171,0,0,2,1,0
shckhy,tor,108,25,0.8942083698919931,0,0,0,0,0
shckhy,kal,108,50,0.9511124348661367,0,0,0,0,0
shckhy,olky,108,34,0.957147559981543,0,0,1,1,0
shckhy,shol,108,172,0.979648474931961,0,0,0,0,0
shckhy,otody,108,26,0.8999004820659431,0,0,2,1,0
shckhy,ofeey,108,23,0.87286649976425,0,0,2,1,0
shckhy,qokey,108,76,0.9631705071005601,0,0,2,1,0
shckhy,pcheey,108,22,0.8714781316200111,0,0,2,1,0
shckhy,chdaiin,108,33,0.948301803814863,0,0,3,0,0
shckhy,otal,108,97,0.9742990038072568,0,0,1,0,0
shckhy,air,108,59,0.9393675175335704,0,0,0,0,0
shckhy,qokeo,108,20,0.9272652703707135,0,0,2,0,0
shckhy,ytedy,108,23,0.8686982806931303,0,0,2,1,0
shckhy,ain,108,145,0.9658978547443489,0,0,0,0,0
shckhy,qotal,108,46,0.9575553993819099,0,0,2,0,0
shckhy,dair,108,89,0.9816746886515769,0,0,1,0,0
shckhy,qokor,108,45,0.9555497668089872,0,0,2,0,0
shckhy,chdy,108,244,0.9716077083238558,1,0,0,1,0
shckhy,olkaiin,108,112,0.9629957325012836,0,0,4,0,0
shckhy,okchy,108,33,0.9495576405205279,0,0,1,1,0
shckhy,olchedy,108,22,0.9244359607822586,0,0,3,1,0
shckhy,okedy,108,121,0.9791510537952368,0,0,2,1,1
shckhy,otchy,108,36,0.9523302992791506,0,0,1,1,0
shckhy,lkaiin,108,102,0.9821530460733019,0,0,3,0,1
shckhy,qokchedy,108,58,0.9091671833660049,0,0,4,1,0
shckhy,cthdy,108,33,0.9659804748760712,1,0,0,1,0
shckhy,otchey,108,27,0.8830298223020534,0,0,2,1,0
shckhy,oddy,108,26,0.9007722394308347,0,0,1,1,0
shckhy,chy,108,43,0.9595501981951904,0,0,1,1,0
shckhy,char,108,32,0.9073394242695523,0,0,0,0,0
shckhy,cheedy,108,73,0.9685133344753045,0,0,2,1,0
shckhy,qoteey,108,92,0.9667945030177901,0,0,3,1,0
shckhy,tedy,108,38,0.9403815626179673,0,0,1,1,0
shckhy,lkdy,108,26,0.8990387975648759,0,0,1,1,0
shckhy,lkedy,108,20,0.9363274517186227,0,0,2,1,0
shckhy,opchdy,108,23,0.9539895345649091,0,0,2,1,0
shckhy,okor,108,25,0.9103931605635256,0,0,1,0,0
shckhy,lkain,108,63,0.9701412328647244,0,0,2,0,0
shckhy,olkeey,108,94,0.9706053532778178,0,0,3,1,0
shckhy,qokal,108,215,0.9832806470765951,0,0,2,0,0
shckhy,chckhey,108,45,0.9613818612033037,0,0,1,1,0
shckhy,otol,108,40,0.8928522705567312,0,0,1,0,0
shckhy,qoty,108,21,0.9533222705340668,0,0,1,1,0
shckhy,kar,108,55,0.9590091556780954,0,0,0,0,0
shckhy,oty,108,68,0.9541752870727411,1,0,0,1,0
shckhy,tdy,108,32,0.9423513531674216,1,0,0,1,0
shckhy,ychy,108,21,0.9396578630512399,1,0,0,1,0
shckhy,otey,108,31,0.941256939713804,0,0,1,1,0
shckhy,qotaiin,108,92,0.9720972753539561,0,0,4,0,0
shckhy,olkain,108,83,0.9585482245003731,0,0,3,0,0
shckhy,okey,108,27,0.952335002133214,0,0,1,1,0
shckhy,kaiin,108,22,0.9235552766690066,0,0,2,0,0
shckhy,ky,108,30,0.9395962720052091,0,0,1,1,0
shckhy,qokchy,108,75,0.972306004482881,0,0,2,1,0
shckhy,daryeey,108,20,0.8099164090726734,0,0,4,1,0
shckhy,olkedy,108,35,0.9379152494322257,0,0,3,1,0
shckhy,qokol,108,106,0.9181881229690407,0,0,2,0,0
shckhy,shody,108,44,0.8285768971286718,0,0,1,1,0
shckhy,olkar,108,63,0.9773367065769664,0,0,2,0,0
shckhy,qotchy,108,20,0.7843510798777764,0,0,2,1,0
shckhy,taiin,108,49,0.9469781512845075,0,0,2,0,0
shckhy,sham,108,21,0.9059935100500227,0,0,0,0,0
shckhy,sar,108,43,0.9664331350318298,0,0,0,0,1
shckhy,lchaiin,108,24,0.9459866472417517,0,0,3,0,0
shckhy,qoy,108,22,0.9055437494333178,1,0,0,1,0
shckhy,shes,108,22,0.8156527599838475,0,0,0,0,0
shckhy,okchey,108,32,0.9555959017716579,0,0,2,1,0
shckhy,oleedy,108,26,0.9472378575552677,0,0,3,1,0
shckhy,ody,108,28,0.9254989382545146,1,0,0,1,0
shckhy,ykar,108,21,0.8345169547186484,0,0,1,0,0
shckhy,dleo,108,22,0.8456426745501606,0,0,1,0,0
shckhy,dleeol,108,22,0.9349493582812691,0,0,3,0,0
shckhy,qokeor,108,20,0.8918286381082984,0,0,3,0,0
shckhy,olkchdy,108,21,0.9090367618026736,0,0,3,1,0
shckhy,chal,108,29,0.8717215926811811,0,0,0,0,0
shckhy,tchaiin,108,21,0.9289651150460034,0,0,3,0,0
shckhy,qokeody,108,21,0.9028957155680362,0,0,4,1,0
shckhy,ldy,108,21,0.8883886968930323,1,0,0,1,0
shckhy,laiin,108,37,0.938639302632271,0,0,2,0,0
shckhy,schdy,108,21,0.9416897931338187,0,0,1,1,0
shckhy,sheckhy,108,39,0.9639366442375504,0,0,1,2,0
shckhy,cheeor,108,26,0.9025833116228994,0,0,2,0,0
shckhy,otedal,108,22,0.8849886199831389,0,0,3,0,0
shckhy,lsy,108,22,0.9418682689648971,1,0,0,1,0
shckhy,qoko,108,24,0.7671004813868684,0,0,1,0,0
shckhy,ytody,108,21,0.9421198487186231,0,0,2,1,0
shckhy,chody,108,23,0.9413372803704694,0,0,1,1,0
shckhy,kchy,108,24,0.9502502160545006,1,0,0,1,0
shckhy,ykal,108,24,0.8933650088592582,0,0,1,0,0
shckhy,lsedy,108,28,0.9235033441606522,0,0,2,1,0
shckhy,to,108,24,0.8997036240132026,0,0,1,0,0
shckhy,pchdy,108,30,0.9373232429141266,0,0,1,1,0
shckhy,qoeedy,108,23,0.9374217239617431,0,0,3,1,0
shckhy,otor,108,20,0.9317665796843217,0,0,1,0,0
al,dy,141,157,0.9566285041428493,0,0,0,0,0
al,par,141,22,0.8807844752712509,0,0,1,0,0
al,shey,141,297,0.9753695232646493,0,0,1,0,0
al,okeedy,141,177,0.9560593305027794,0,0,4,0,0
al,qokain,141,435,0.9759202125906395,0,0,4,0,0
al,opchedaiin,141,22,0.9256672029753018,0,0,7,0,0
al,qoteedy,141,99,0.9474471445373595,0,0,5,0,0
al,qoky,141,149,0.9597538148068985,0,0,2,0,0
al,oky,141,75,0.9614185658393722,0,0,1,0,0
al,kody,141,21,0.9248759940638552,0,0,2,0,0
al,sheey,141,211,0.965878376579763,0,0,2,0,0
al,dam,141,81,0.9438849628595487,0,0,1,0,0
al,oteedy,141,189,0.9676197150119064,0,0,4,0,0
al,olkeedy,141,96,0.9461414016415324,0,0,5,0,0
al,dleey,141,51,0.919793717282949,0,0,3,0,0
al,shor,141,45,0.950506305341048,0,0,1,0,0
al,qokaiin,141,504,0.9683520909434539,0,0,5,0,0
al,olkal,141,50,0.9573120085456547,0,0,3,2,0
al,chs,141,34,0.942804615248774,0,0,0,0,0
al,okeey,141,173,0.9540612764674282,0,0,3,0,0
al,kd,141,24,0.9429414823511791,0,0,0,0,0
al,lchey,141,57,0.9311960698672566,0,0,2,0,0
al,chol,141,136,0.9806811616295148,0,0,1,1,0
al,qotedy,141,142,0.9765577887284104,0,0,4,0,0
al,oteey,141,169,0.9704461035676405,0,0,3,0,0
al,cheol,141,107,0.9740697884826304,0,0,2,1,0
al,okol,141,39,0.9283369391437052,0,0,2,1,0
al,lkar,141,20,0.8649826810372794,0,0,2,0,0
al,otchdy,141,44,0.9377660894898149,0,0,3,0,0
al,qotain,141,94,0.9789563620334685,0,0,4,0,0
al,lchedy,141,177,0.9828542410960578,0,0,3,0,0
al,daiin,141,462,0.967895750901795,0,0,3,0,0
al,aiin,141,327,0.9767712868840288,0,0,2,0,1
al,dal,141,174,0.9557786382093754,0,0,1,2,0
al,or,141,253,0.9773259921953277,0,0,0,0,0
al,otar,141,139,0.9536762301523264,0,0,2,0,0
al,araiin,141,21,0.9269795205661752,0,0,4,0,0
al,shar,141,33,0.9275514262571367,0,0,1,0,0
al,aredy,141,27,0.9418271814128117,0,0,3,0,0
al,tor,141,25,0.898137252660542,0,0,1,0,0
al,kal,141,50,0.959446664893464,0,0,1,2,0
al,olky,141,34,0.9533426308135908,0,0,2,0,0
al,shol,141,172,0.9641314151809233,0,0,1,1,0
al,otody,141,26,0.9185314448958812,0,0,3,0,0
al,ofeey,141,23,0.8371303196107891,0,0,3,0,0
al,qokey,141,76,0.9403545902723178,0,0,3,0,0
al,pcheey,141,22,0.8709975345402343,0,0,3,0,0
al,chdaiin,141,33,0.9460025092225229,0,0,4,0,0
al,otal,141,97,0.9511817474583584,0,0,2,2,0
al,air,141,59,0.9651566914891195,0,0,1,0,1
al,qokeo,141,20,0.9419110748271075,0,0,3,0,0
al,ytedy,141,23,0.8877168225038046,0,0,3,0,0
al,ain,141,145,0.9812422464261618,0,0,1,0,1
al,qotal,141,46,0.9436744273762223,0,0,3,2,0
al,dair,141,89,0.9604363206770716,0,0,2,0,0
al,qokor,141,45,0.9380407707960191,0,0,3,0,0
al,chdy,141,244,0.9829372252730699,0,0,1,0,0
al,olkaiin,141,112,0.9526004515934251,0,0,5,0,0
al,okchy,141,33,0.9475065927757024,0,0,2,0,0
al,olchedy,141,22,0.9263612312329017,0,0,4,0,0
al,okedy,141,121,0.9637835393457695,0,0,3,0,0
al,otchy,141,36,0.9468376552132209,0,0,2,0,0
al,lkaiin,141,102,0.9704975062760829,0,0,4,0,0
al,qokchedy,141,58,0.8942543803675939,0,0,5,0,0
al,cthdy,141,33,0.9579775636708504,0,0,1,0,0
al,otchey,141,27,0.8569446301472877,0,0,3,0,0
al,oddy,141,26,0.8910418861631864,0,0,2,0,0
al,chy,141,43,0.9506740383168938,0,0,0,0,0
al,char,141,32,0.9105106747307229,0,0,1,0,0
al,cheedy,141,73,0.9412469600877398,0,0,3,0,0
al,qoteey,141,92,0.957417929302675,0,0,4,0,0
al,tedy,141,38,0.9394216192041178,0,0,2,0,0
al,lkdy,141,26,0.8916807787942286,0,0,2,0,0
al,lkedy,141,20,0.9413574486632834,0,0,3,0,0
al,opchdy,141,23,0.9459385910387516,0,0,3,0,0
al,okor,141,25,0.889700583636793,0,0,2,0,0
al,lkain,141,63,0.9574272273151603,0,0,3,0,0
al,olkeey,141,94,0.9565053215715387,0,0,4,0,0
al,qokal,141,215,0.9633373103487819,0,0,3,2,0
al,chckhey,141,45,0.9371461329520507,0,0,2,0,0
al,otol,141,40,0.8944335089816069,0,0,2,1,0
al,qoty,141,21,0.949134681358048,0,0,2,0,0
al,kar,141,55,0.9556912390395447,0,0,1,0,0
al,oty,141,68,0.9477743289295204,0,0,1,0,0
al,tdy,141,32,0.9395260581075227,0,0,1,0,0
al,ychy,141,21,0.9403354556916214,0,0,1,0,0
al,otey,141,31,0.9068583239651942,0,0,2,0,0
al,qotaiin,141,92,0.9686831659810733,0,0,5,0,0
al,olkain,141,83,0.9707995765112802,0,0,4,0,0
al,okey,141,27,0.9330114740141139,0,0,2,0,0
al,kaiin,141,22,0.9438898271608355,0,0,3,0,0
al,ky,141,30,0.9369903102108912,0,0,0,0,0
al,qokchy,141,75,0.9583034739877826,0,0,3,0,0
al,daryeey,141,20,0.7504017860824098,0,0,5,0,0
al,olkedy,141,35,0.9005493899718535,0,0,4,0,0
al,qokol,141,106,0.9026468725045684,0,0,3,1,0
al,shody,141,44,0.8037876159341328,0,0,2,0,0
al,olkar,141,63,0.9669967606894508,0,0,3,0,0
al,qotchy,141,20,0.741403727519283,0,0,3,0,0
al,taiin,141,49,0.9456521345115482,0,0,3,0,0
al,sham,141,21,0.9031693695480987,0,0,1,0,0
al,sar,141,43,0.9526726800310498,0,0,1,0,0
al,lchaiin,141,24,0.9461723760722278,0,0,4,0,0
al,qoy,141,22,0.902920115660702,0,0,1,0,0
al,shes,141,22,0.8022797535107746,0,0,1,0,0
al,okchey,141,32,0.9436667659474955,0,0,3,0,0
al,oleedy,141,26,0.9312714759990338,0,0,4,0,0
al,ody,141,28,0.9202898154567094,0,0,1,0,0
al,ykar,141,21,0.8363732100684159,0,0,2,0,0
al,dleo,141,22,0.815845121770465,0,0,2,0,0
al,dleeol,141,22,0.9169502538978598,0,0,4,1,0
al,qokeor,141,20,0.8797010931621223,0,0,4,0,0
al,olkchdy,141,21,0.8788121214518749,0,0,4,0,0
al,chal,141,29,0.8404831045419918,0,0,1,2,0
al,tchaiin,141,21,0.9285978440875017,0,0,4,0,0
al,qokeody,141,21,0.8996524963283851,0,0,5,0,0
al,ldy,141,21,0.8849180378797039,0,0,1,0,0
al,laiin,141,37,0.9374623710713927,0,0,3,0,0
al,schdy,141,21,0.9348361692317586,0,0,2,0,0
al,sheckhy,141,39,0.9619570041833264,0,0,2,0,0
al,cheeor,141,26,0.8824217426311138,0,0,3,0,0
al,otedal,141,22,0.895439325957812,0,0,4,2,0
al,lsy,141,22,0.9413025638165082,0,0,1,0,0
al,qoko,141,24,0.7748351167365085,0,0,2,0,0
al,ytody,141,21,0.9422636897087607,0,0,3,0,0
al,chody,141,23,0.9487991253262095,0,0,2,0,0
al,kchy,141,24,0.9263870988647547,0,0,1,0,0
al,ykal,141,24,0.9011107032437798,0,0,2,2,0
al,lsedy,141,28,0.9254829254444066,0,0,3,0,0
al,to,141,24,0.895241528898181,0,0,0,0,0
al,pchdy,141,30,0.9375745838285199,0,0,2,0,0
al,qoeedy,141,23,0.9427491051639897,0,0,4,0,0
al,otor,141,20,0.9129295732684412,0,0,2,0,0
dy,par,157,22,0.875561250023508,0,0,1,0,0
dy,shey,157,297,0.9714435619303956,0,0,1,1,0
dy,okeedy,157,177,0.9758637272555191,0,0,4,2,0
dy,qokain,157,435,0.9787796168734378,0,0,4,0,0
dy,opchedaiin,157,22,0.9220312410594412,0,0,7,0,0
dy,qoteedy,157,99,0.9308815237071505,0,0,5,2,0
dy,qoky,157,149,0.9470175620312278,0,0,2,1,0
dy,oky,157,75,0.9612849453047458,0,0,1,1,0
dy,kody,157,21,0.9407682878274799,0,0,2,2,0
dy,sheey,157,211,0.9554863060262065,0,0,2,1,0
dy,dam,157,81,0.9489216087513751,0,0,1,0,1
dy,oteedy,157,189,0.9728415170845612,0,0,4,2,0
dy,olkeedy,157,96,0.974278920589402,0,0,5,2,0
dy,dleey,157,51,0.9507581210375973,0,0,3,1,0
dy,shor,157,45,0.9373043807912262,0,0,1,0,0
dy,qokaiin,157,504,0.9759029449461258,0,0,5,0,0
dy,olkal,157,50,0.9629376692090599,0,0,3,0,0
dy,chs,157,34,0.9315999586321665,0,0,0,0,0
dy,okeey,157,173,0.9271907473435623,0,0,3,1,0
dy,kd,157,24,0.958331488476092,0,0,0,0,0
dy,lchey,157,57,0.961233390548138,0,0,2,1,0
dy,chol,157,136,0.9717704332222101,0,0,1,0,0
dy,qotedy,157,142,0.9636077754168617,0,0,4,2,0
dy,oteey,157,169,0.967372608692307,0,0,3,1,0
dy,cheol,157,107,0.9431784279173157,0,0,2,0,0
dy,okol,157,39,0.9217919920911147,0,0,2,0,0
dy,lkar,157,20,0.9242520233012033,0,0,2,0,0
dy,otchdy,157,44,0.9307356098333784,0,0,3,2,0
dy,qotain,157,94,0.960430708699563,0,0,4,0,0
dy,lchedy,157,177,0.9549253504787327,0,0,3,2,0
dy,daiin,157,462,0.9763061328402866,0,0,3,0,1
dy,aiin,157,327,0.9789365735196635,0,0,2,0,0
dy,dal,157,174,0.9800975530657294,0,0,1,0,1
dy,or,157,253,0.9779893293007399,0,0,0,0,0
dy,otar,157,139,0.9671083468645633,0,0,2,0,0
dy,araiin,157,21,0.9262467677929022,0,0,4,0,0
dy,shar,157,33,0.9058736437315908,0,0,1,0,0
dy,aredy,157,27,0.8999943353507922,0,0,3,2,0
dy,tor,157,25,0.8448974730438774,0,0,1,0,0
dy,kal,157,50,0.9434388775191336,0,0,1,0,0
dy,olky,157,34,0.9455717360151574,0,0,2,1,0
dy,shol,157,172,0.9624359411830088,0,0,1,0,0
dy,otody,157,26,0.8935597340775138,0,0,3,2,0
dy,ofeey,157,23,0.8919744497890864,0,0,3,1,0
dy,qokey,157,76,0.9307469483153685,0,0,3,1,0
dy,pcheey,157,22,0.91328710666675,0,0,3,1,0
dy,chdaiin,157,33,0.9366845288358877,0,0,4,0,0
dy,otal,157,97,0.9467359064770319,0,0,2,0,0
dy,air,157,59,0.9225245066951776,0,0,1,0,0
dy,qokeo,157,20,0.9462766820493466,0,0,3,0,0
dy,ytedy,157,23,0.8241186906914918,0,0,3,2,0
dy,ain,157,145,0.9640071805098901,0,0,1,0,0
dy,qotal,157,46,0.9737736740250518,0,0,3,0,0
dy,dair,157,89,0.9710284171622503,0,0,2,0,1
dy,qokor,157,45,0.932257882388398,0,0,3,0,0
dy,chdy,157,244,0.9677706649926805,0,0,1,2,0
dy,olkaiin,157,112,0.9602945739428375,0,0,5,0,0
dy,okchy,157,33,0.9435872347988337,0,0,2,1,0
dy,olchedy,157,22,0.890500234351988,0,0,4,2,0
dy,okedy,157,121,0.9544739611012286,0,0,3,2,0
dy,otchy,157,36,0.9443426354256085,0,0,2,1,0
dy,lkaiin,157,102,0.966667355311173,0,0,4,0,0
dy,qokchedy,157,58,0.8562131008083508,0,0,5,2,0
dy,cthdy,157,33,0.9718452891206137,0,0,1,2,0
dy,otchey,157,27,0.8232583514981257,0,0,3,1,0
dy,oddy,157,26,0.9024466415549618,0,0,2,2,0
dy,chy,157,43,0.9315104658941004,0,0,0,1,0
dy,char,157,32,0.8857023914192931,0,0,1,0,0
dy,cheedy,157,73,0.9489340759626337,0,0,3,2,0
dy,qoteey,157,92,0.9564364591185593,0,0,4,1,0
dy,tedy,157,38,0.9668988369334358,0,0,2,2,0
dy,lkdy,157,26,0.9342141785308286,0,0,2,2,0
dy,lkedy,157,20,0.9183460244528917,0,0,3,2,0
dy,opchdy,157,23,0.9496603822681544,0,0,3,2,0
dy,okor,157,25,0.8784878530519116,0,0,2,0,0
dy,lkain,157,63,0.9614547902931245,0,0,3,0,0
dy,olkeey,157,94,0.9804246112388837,0,0,4,1,0
dy,qokal,157,215,0.9651255324345428,0,0,3,0,0
dy,chckhey,157,45,0.9636139736050782,0,0,2,1,0
dy,otol,157,40,0.8765642645590704,0,0,2,0,0
dy,qoty,157,21,0.964533370200209,0,0,2,1,0
dy,kar,157,55,0.9380365631621913,0,0,1,0,0
dy,oty,157,68,0.9588856651522544,0,0,1,1,0
dy,tdy,157,32,0.9139964558758115,0,0,1,2,0
dy,ychy,157,21,0.9480736221613786,0,0,1,1,0
dy,otey,157,31,0.9136408933179374,0,0,2,1,0
dy,qotaiin,157,92,0.9581398905535907,0,0,5,0,0
dy,olkain,157,83,0.9485778688155089,0,0,4,0,0
dy,okey,157,27,0.941653253101641,0,0,2,1,0
dy,kaiin,157,22,0.9238516199528369,0,0,3,0,0
dy,ky,157,30,0.9672532966519708,0,0,0,1,0
dy,qokchy,157,75,0.9485012295319564,0,0,3,1,0
dy,daryeey,157,20,0.7930883842736264,0,0,5,1,0
dy,olkedy,157,35,0.9320966719905911,0,0,4,2,0
dy,qokol,157,106,0.9024460760037846,0,0,3,0,0
dy,shody,157,44,0.7970435930335499,0,0,2,2,0
dy,olkar,157,63,0.9649127641177652,0,0,3,0,0
dy,qotchy,157,20,0.790061214905083,0,0,3,1,0
dy,taiin,157,49,0.9522417018132803,0,0,3,0,0
dy,sham,157,21,0.888126550131115,0,0,1,0,0
dy,sar,157,43,0.9563669094100045,0,0,1,0,0
dy,lchaiin,157,24,0.9075262633766537,0,0,4,0,0
dy,qoy,157,22,0.8636811578050269,0,0,1,1,0
dy,shes,157,22,0.7308898586721506,0,0,1,0,0
dy,okchey,157,32,0.9106856055303472,0,0,3,1,0
dy,oleedy,157,26,0.9415463450706489,0,0,4,2,0
dy,ody,157,28,0.885627345206213,0,0,1,2,0
dy,ykar,157,21,0.8510494859774298,0,0,2,0,0
dy,dleo,157,22,0.7959327533869429,0,0,2,0,0
dy,dleeol,157,22,0.9170605318164028,0,0,4,0,0
dy,qokeor,157,20,0.8893448837232336,0,0,4,0,0
dy,olkchdy,157,21,0.9034928261018345,0,0,4,2,0
dy,chal,157,29,0.8926394541543586,0,0,1,0,0
dy,tchaiin,157,21,0.9508702581757996,0,0,4,0,0
dy,qokeody,157,21,0.874312083490349,0,0,5,2,0
dy,ldy,157,21,0.8770774701927029,0,0,1,2,0
dy,laiin,157,37,0.9184774789507686,0,0,3,0,0
dy,schdy,157,21,0.9458971360042963,0,0,2,2,0
dy,sheckhy,157,39,0.9583991694363732,0,0,2,1,0
dy,cheeor,157,26,0.921970113781306,0,0,3,0,0
dy,otedal,157,22,0.8505246987453455,0,0,4,0,0
dy,lsy,157,22,0.9218827977308732,0,0,1,1,0
dy,qoko,157,24,0.7108711738228765,0,0,2,0,0
dy,ytody,157,21,0.9392027578604535,0,0,3,2,0
dy,chody,157,23,0.9458182846462413,0,0,2,2,0
dy,kchy,157,24,0.9499528805991674,0,0,1,1,0
dy,ykal,157,24,0.8858109516972191,0,0,2,0,0
dy,lsedy,157,28,0.8999392070243672,0,0,3,2,0
dy,to,157,24,0.9279517191033579,0,0,0,0,0
dy,pchdy,157,30,0.9462933754940056,0,0,2,2,0
dy,qoeedy,157,23,0.9199822545490137,0,0,4,2,0
dy,otor,157,20,0.9392191033289926,0,0,2,0,0
par,shey,22,297,0.8907080489848588,0,0,0,0,0
par,okeedy,22,177,0.8685321747439606,0,0,3,0,0
par,qokain,22,435,0.8831568189080575,0,0,3,0,0
par,opchedaiin,22,22,0.8507502978444569,0,0,6,0,0
par,qoteedy,22,99,0.8672261360669824,0,0,4,0,0
par,qoky,22,149,0.8712036347125857,0,0,1,0,0
par,oky,22,75,0.8666732278798897,0,0,0,0,0
par,kody,22,21,0.8593247490851429,0,0,1,0,0
par,sheey,22,211,0.8837073619554995,0,0,1,0,0
par,dam,22,81,0.8655483110927793,0,0,0,0,0
par,oteedy,22,189,0.8761679397609102,0,0,3,0,0
par,olkeedy,22,96,0.8656447545634001,0,0,4,0,0
par,dleey,22,51,0.8426405576580682,0,0,2,0,0
par,shor,22,45,0.8609310359622913,1,0,0,1,0
par,qokaiin,22,504,0.8905681334170521,0,0,4,0,0
par,olkal,22,50,0.8670211789826232,0,0,2,0,0
par,chs,22,34,0.8488938935886288,0,0,1,0,0
par,okeey,22,173,0.8700555814682247,0,0,2,0,0
par,kd,22,24,0.8632829504713537,0,0,1,0,0
par,lchey,22,57,0.8534929117458819,0,0,1,0,0
par,chol,22,136,0.884724222048892,0,0,0,0,0
par,qotedy,22,142,0.8882921329930046,0,0,3,0,0
par,oteey,22,169,0.8850438714263325,0,0,2,0,0
par,cheol,22,107,0.8771601402458304,0,0,1,0,0
par,okol,22,39,0.8370744383433062,0,0,1,0,0
par,lkar,22,20,0.7989993924965606,0,0,1,2,0
par,otchdy,22,44,0.8583671629524368,0,0,2,0,0
par,qotain,22,94,0.8946331381599654,0,0,3,0,0
par,lchedy,22,177,0.8852140528421528,0,0,2,0,0
par,daiin,22,462,0.8830049805266189,0,0,2,0,0
par,aiin,22,327,0.8834440685163114,0,0,1,0,0
par,dal,22,174,0.8750356392567612,0,0,0,0,0
par,or,22,253,0.8875302369740715,0,0,1,1,0
par,otar,22,139,0.8734057749527867,0,0,1,2,0
par,araiin,22,21,0.8359387542393486,0,0,3,0,0
par,shar,22,33,0.836265988916716,1,0,0,2,0
par,aredy,22,27,0.8434155103263062,0,0,2,0,0
par,tor,22,25,0.8010022831253351,1,0,0,1,0
par,kal,22,50,0.8729076441816586,0,0,0,0,0
par,olky,22,34,0.8615626515599679,0,0,1,0,0
par,shol,22,172,0.8812969541287701,0,0,0,0,0
par,otody,22,26,0.8328377591478011,0,0,2,0,0
par,ofeey,22,23,0.7752911750898659,0,0,2,0,0
par,qokey,22,76,0.8514481192248323,0,0,2,0,0
par,pcheey,22,22,0.7912283602825981,0,0,2,0,0
par,chdaiin,22,33,0.8508618827850303,0,0,3,0,0
par,otal,22,97,0.8634146341463415,0,0,1,0,0
par,air,22,59,0.8782340971316632,1,0,0,1,0
par,qokeo,22,20,0.8429487227428955,0,0,2,0,0
par,ytedy,22,23,0.7937282922592667,0,0,2,0,0
par,ain,22,145,0.8887382552127472,0,0,0,0,0
par,qotal,22,46,0.863979247884985,0,0,2,0,0
par,dair,22,89,0.8833481642852835,0,0,1,1,0
par,qokor,22,45,0.8514354379996629,0,0,2,1,0
par,chdy,22,244,0.8909611837786169,0,0,0,0,0
par,olkaiin,22,112,0.8828771179476137,0,0,4,0,0
par,okchy,22,33,0.8660325013933997,0,0,1,0,0
par,olchedy,22,22,0.8407714027749384,0,0,3,0,0
par,okedy,22,121,0.8774030083979496,0,0,2,0,0
par,otchy,22,36,0.864263397068391,0,0,1,0,0
par,lkaiin,22,102,0.8782361486459671,0,0,3,0,0
par,qokchedy,22,58,0.8194565660509298,0,0,4,0,0
par,cthdy,22,33,0.8678904301977026,0,0,0,0,0
par,otchey,22,27,0.7774344226061041,0,0,2,0,0
par,oddy,22,26,0.8066755706186128,0,0,1,0,0
par,chy,22,43,0.8673485908108984,0,0,1,0,0
par,char,22,32,0.8160362409516035,1,0,0,2,0
par,cheedy,22,73,0.8751506249543378,0,0,2,0,0
par,qoteey,22,92,0.8802658695549171,0,0,3,0,0
par,tedy,22,38,0.8625528881980966,0,0,1,0,0
par,lkdy,22,26,0.823706403682677,0,0,1,0,0
par,lkedy,22,20,0.8608708671024848,0,0,2,0,0
par,opchdy,22,23,0.8504926425135648,0,0,2,0,0
par,okor,22,25,0.8037475189580228,0,0,1,1,0
par,lkain,22,63,0.8696555714811066,0,0,2,0,0
par,olkeey,22,94,0.8820363902189408,0,0,3,0,0
par,qokal,22,215,0.878160175261926,0,0,2,0,0
par,chckhey,22,45,0.8604686633118958,0,0,1,0,0
par,otol,22,40,0.8075936301394427,0,0,1,0,0
par,qoty,22,21,0.8587367057525715,0,0,1,0,0
par,kar,22,55,0.8734916709397303,1,0,0,2,0
par,oty,22,68,0.8594599529856138,0,0,0,0,0
par,tdy,22,32,0.848400990186889,0,0,0,0,0
par,ychy,22,21,0.852230867162434,0,0,0,0,0
par,otey,22,31,0.823706403682677,0,0,1,0,0
par,qotaiin,22,92,0.8919399284894721,0,0,4,0,0
par,olkain,22,83,0.8800154283180699,0,0,3,0,0
par,okey,22,27,0.8372064465508741,0,0,1,0,0
par,kaiin,22,22,0.8427788462249094,0,0,2,0,0
par,ky,22,30,0.846676491733587,0,0,1,0,0
par,qokchy,22,75,0.8707676886292804,0,0,2,0,0
par,daryeey,22,20,0.6977710881703428,0,0,4,0,0
par,olkedy,22,35,0.840569778434622,0,0,3,0,0
par,qokol,22,106,0.8136321610017577,0,0,2,0,0
par,shody,22,44,0.7332132200228391,0,0,1,0,0
par,olkar,22,63,0.879188029780966,0,0,2,2,0
par,qotchy,22,20,0.6912800532450315,0,0,2,0,0
par,taiin,22,49,0.8499621657820671,0,0,2,0,0
par,sham,22,21,0.8240428163590194,0,0,0,0,0
par,sar,22,43,0.8797279129085702,1,0,0,2,0
par,lchaiin,22,24,0.8490722393118322,0,0,3,0,0
par,qoy,22,22,0.8157607688097329,0,0,0,0,0
par,shes,22,22,0.7330465258188787,0,0,0,0,0
par,okchey,22,32,0.8584739447573134,0,0,2,0,0
par,oleedy,22,26,0.843131709840979,0,0,3,0,0
par,ody,22,28,0.8554349236488868,0,0,0,0,0
par,ykar,22,21,0.7556023817786665,0,0,1,2,0
par,dleo,22,22,0.7400330949656614,0,0,1,0,0
par,dleeol,22,22,0.8313125432268994,0,0,3,0,0
par,qokeor,22,20,0.8060073742367024,0,0,3,1,0
par,olkchdy,22,21,0.8003905296791061,0,0,3,0,0
par,chal,22,29,0.7990472410693793,0,0,0,0,0
par,tchaiin,22,21,0.8379902008444079,0,0,3,0,0
par,qokeody,22,21,0.8311060030289512,0,0,4,0,0
par,ldy,22,21,0.8142770474004251,0,0,0,0,0
par,laiin,22,37,0.8412283898054487,0,0,2,0,0
par,schdy,22,21,0.854829051282906,0,0,1,0,0
par,sheckhy,22,39,0.8700048699426415,0,0,1,0,0
par,cheeor,22,26,0.8115026712006891,0,0,2,1,0
par,otedal,22,22,0.805204477466933,0,0,3,0,1
par,lsy,22,22,0.8585847770834214,0,0,0,0,0
par,qoko,22,24,0.7103701400766586,0,0,1,0,0
par,ytody,22,21,0.8665943087438234,0,0,2,0,0
par,chody,22,23,0.8749574758237841,0,0,1,0,0
par,kchy,22,24,0.8448950819815091,0,0,0,0,0
par,ykal,22,24,0.8160155480889062,0,0,1,0,0
par,lsedy,22,28,0.8530683304613366,0,0,2,0,0
par,to,22,24,0.8248350494835058,0,0,1,0,0
par,pchdy,22,30,0.8561288299480246,0,0,1,0,0
par,qoeedy,22,23,0.846242654764608,0,0,3,0,0
par,otor,22,20,0.8392244085344068,0,0,1,1,0
shey,okeedy,297,177,0.9668798355509856,0,0,3,1,0
shey,qokain,297,435,0.9845834698160737,0,0,3,0,0
shey,opchedaiin,297,22,0.924862859116107,0,0,6,0,0
shey,qoteedy,297,99,0.9422515355105606,0,0,4,1,0
shey,qoky,297,149,0.9545006136343476,0,0,1,1,0
shey,oky,297,75,0.9624690740140243,1,0,0,1,0
shey,kody,297,21,0.9411647050684929,0,0,1,1,0
shey,sheey,297,211,0.9661097680466713,0,1,1,2,0
shey,dam,297,81,0.9429732637547472,0,0,0,0,0
shey,oteedy,297,189,0.9725577598457352,0,0,3,1,0
shey,olkeedy,297,96,0.9664395366409809,0,0,4,1,0
shey,dleey,297,51,0.9409566499765453,0,0,2,2,0
shey,shor,297,45,0.9436885715892975,0,0,0,0,0
shey,qokaiin,297,504,0.9727078534516478,0,0,4,0,0
shey,olkal,297,50,0.9622201434255125,0,0,2,0,0
shey,chs,297,34,0.939019786218378,0,0,1,0,0
shey,okeey,297,173,0.9398180195801424,0,0,2,2,0
shey,kd,297,24,0.957324198881854,0,0,1,0,0
shey,lchey,297,57,0.9443752691648462,0,0,1,2,0
shey,chol,297,136,0.9818993759625025,0,0,0,0,0
shey,qotedy,297,142,0.9841338905289738,0,0,3,1,1
shey,oteey,297,169,0.9696929867119221,0,0,2,2,0
shey,cheol,297,107,0.9660628173802408,0,0,1,0,0
shey,okol,297,39,0.9271471930181726,0,0,1,0,0
shey,lkar,297,20,0.8925582131459939,0,0,1,0,0
shey,otchdy,297,44,0.9318022989612824,0,0,2,1,0
shey,qotain,297,94,0.9770482093060506,0,0,3,0,0
shey,lchedy,297,177,0.9780460418492616,0,0,2,1,0
shey,daiin,297,462,0.9705686274396447,0,0,2,0,0
shey,aiin,297,327,0.9848865140688492,0,0,1,0,0
shey,dal,297,174,0.9651224446399292,0,0,0,0,0
shey,or,297,253,0.9851609848598712,0,0,1,0,0
shey,otar,297,139,0.9629430515007829,0,0,1,0,0
shey,araiin,297,21,0.9307309265706791,0,0,3,0,0
shey,shar,297,33,0.9143904079514915,0,0,0,0,0
shey,aredy,297,27,0.9212554262603063,0,0,2,1,0
shey,tor,297,25,0.8740912571171399,0,0,0,0,0
shey,kal,297,50,0.9578186906392321,0,0,0,0,0
shey,olky,297,34,0.9491669364595531,0,0,1,1,0
shey,shol,297,172,0.9609046565022121,0,0,0,0,0
shey,otody,297,26,0.9172190957389936,0,0,2,1,0
shey,ofeey,297,23,0.8739542343866757,0,0,2,2,0
shey,qokey,297,76,0.9346660957922266,0,0,2,2,0
shey,pcheey,297,22,0.8917138047804626,0,0,2,2,0
shey,chdaiin,297,33,0.9480570657047104,0,0,3,0,0
shey,otal,297,97,0.951321214051157,0,0,1,0,0
shey,air,297,59,0.9535179504469365,0,0,0,0,0
shey,qokeo,297,20,0.9423372239228878,0,0,2,0,0
shey,ytedy,297,23,0.8664887443889292,0,0,2,1,0
shey,ain,297,145,0.9790702345020177,0,0,0,0,0
shey,qotal,297,46,0.9608870465932167,0,0,2,0,0
shey,dair,297,89,0.9633598875647438,0,0,1,0,0
shey,qokor,297,45,0.9340683642478361,0,0,2,0,0
shey,chdy,297,244,0.9842034404401336,1,0,0,1,0
shey,olkaiin,297,112,0.9609293936702908,0,0,4,0,0
shey,okchy,297,33,0.9425272778408428,0,0,1,1,0
shey,olchedy,297,22,0.9131221906105698,0,0,3,1,0
shey,okedy,297,121,0.9629014963929304,0,0,2,1,0
shey,otchy,297,36,0.9414495612140946,0,0,1,1,0
shey,lkaiin,297,102,0.9715523313376868,0,0,3,0,0
shey,qokchedy,297,58,0.8898202603963528,0,0,4,1,0
shey,cthdy,297,33,0.9675274517952671,1,0,0,1,0
shey,otchey,297,27,0.8400278575819966,0,0,2,2,0
shey,oddy,297,26,0.9077084083046887,0,0,1,1,0
shey,chy,297,43,0.9459956164302983,0,0,1,1,0
shey,char,297,32,0.9220163523940128,0,0,0,0,0
shey,cheedy,297,73,0.9454508125939041,0,0,2,1,0
shey,qoteey,297,92,0.9561213631908454,0,0,3,2,0
shey,tedy,297,38,0.9589297560438872,0,0,1,1,0
shey,lkdy,297,26,0.9233280804004448,0,0,1,1,0
shey,lkedy,297,20,0.9340998477509416,0,0,2,1,0
shey,opchdy,297,23,0.9524981426527971,0,0,2,1,0
shey,okor,297,25,0.8886119530804003,0,0,1,0,0
shey,lkain,297,63,0.9605742231808275,0,0,2,0,0
shey,olkeey,297,94,0.9652712261871581,0,0,3,2,0
shey,qokal,297,215,0.9665005102300679,0,0,2,0,0
shey,chckhey,297,45,0.94886765816229,0,0,1,2,0
shey,otol,297,40,0.8921062164080927,0,0,1,0,0
shey,qoty,297,21,0.9593845730883587,0,0,1,1,0
shey,kar,297,55,0.9524869127020493,0,0,0,0,0
shey,oty,297,68,0.9497392279727339,1,0,0,1,0
shey,tdy,297,32,0.9293340324689364,1,0,0,1,0
shey,ychy,297,21,0.9502928946441365,1,0,0,1,0
shey,otey,297,31,0.9158754467160364,0,0,1,2,0
shey,qotaiin,297,92,0.9636959488385515,0,0,4,0,0
shey,olkain,297,83,0.9657923700425917,0,0,3,0,0
shey,okey,297,27,0.9318529939698998,0,0,1,2,0
shey,kaiin,297,22,0.9513012239279025,0,0,2,0,0
shey,ky,297,30,0.956673568162636,0,0,1,1,0
shey,qokchy,297,75,0.9556684451202563,0,0,2,1,0
shey,daryeey,297,20,0.7744368859655859,0,0,4,2,0
shey,olkedy,297,35,0.9152248670935551,0,0,3,1,0
shey,qokol,297,106,0.9060046489842561,0,0,2,0,0
shey,shody,297,44,0.8027406995212513,0,0,1,1,0
shey,olkar,297,63,0.9668211723224684,0,0,2,0,0
shey,qotchy,297,20,0.7637655067363285,0,0,2,1,0
shey,taiin,297,49,0.9482674488820103,0,0,2,0,0
shey,sham,297,21,0.9063669259340764,0,0,0,0,0
shey,sar,297,43,0.9614143845721044,0,0,0,0,0
shey,lchaiin,297,24,0.9336562776899995,0,0,3,0,0
shey,qoy,297,22,0.8973306412945952,1,0,0,1,0
shey,shes,297,22,0.7768306139665604,0,1,0,0,0
shey,okchey,297,32,0.9296228014211565,0,0,2,2,0
shey,oleedy,297,26,0.9407032045538938,0,0,3,1,0
shey,ody,297,28,0.9102469213361915,1,0,0,1,0
shey,ykar,297,21,0.8697678303082851,0,0,1,0,0
shey,dleo,297,22,0.8034266246045296,0,0,1,0,0
shey,dleeol,297,22,0.9200488447909949,0,0,3,0,0
shey,qokeor,297,20,0.8989084291607946,0,0,3,0,0
shey,olkchdy,297,21,0.8887836359237377,0,0,3,1,0
shey,chal,297,29,0.8656840296048252,0,0,0,0,0
shey,tchaiin,297,21,0.9449521034897914,0,0,3,0,0
shey,qokeody,297,21,0.8943159477819432,0,0,4,1,0
shey,ldy,297,21,0.8933251221624648,1,0,0,1,0
shey,laiin,297,37,0.9328486461565815,0,0,2,0,0
shey,schdy,297,21,0.9411326379946388,0,0,1,1,0
shey,sheckhy,297,39,0.9615577988628974,0,1,1,1,0
shey,cheeor,297,26,0.9200848283485109,0,0,2,0,0
shey,otedal,297,22,0.878299670437241,0,0,3,0,0
shey,lsy,297,22,0.9351065779475121,1,0,0,1,0
shey,qoko,297,24,0.7624958425956129,0,0,1,0,0
shey,ytody,297,21,0.9477680380658725,0,0,2,1,0
shey,chody,297,23,0.9589363256733984,0,0,1,1,0
shey,kchy,297,24,0.9383013024543972,1,0,0,1,0
shey,ykal,297,24,0.9116670891868897,0,0,1,0,0
shey,lsedy,297,28,0.9169519707507578,0,0,2,1,0
shey,to,297,24,0.9213609439191212,0,0,1,0,0
shey,pchdy,297,30,0.953294054051325,0,0,1,1,0
shey,qoeedy,297,23,0.9391580338217379,0,0,3,1,0
shey,otor,297,20,0.924747765008183,0,0,1,0,0
okeedy,qokain,177,435,0.9731423353971929,0,0,0,0,0
okeedy,opchedaiin,177,22,0.9333255715578933,0,0,3,0,0
okeedy,qoteedy,177,99,0.9572933458133286,0,0,1,4,1
okeedy,qoky,177,149,0.9583843981501933,0,0,2,1,0
okeedy,oky,177,75,0.9630168086595676,0,1,3,1,0
okeedy,kody,177,21,0.9297219604128955,0,0,2,2,0
okeedy,sheey,177,211,0.9662366810793382,0,0,2,1,0
okeedy,dam,177,81,0.9475264936927522,0,0,3,0,0
okeedy,oteedy,177,189,0.9851223042332126,1,0,0,4,1
okeedy,olkeedy,177,96,0.9807660600747348,0,0,1,5,1
okeedy,dleey,177,51,0.9547025560275059,0,0,1,1,0
okeedy,shor,177,45,0.9594545313415833,0,0,3,0,0
okeedy,qokaiin,177,504,0.9817216477954779,0,0,1,0,0
okeedy,olkal,177,50,0.9686303171664189,0,0,1,0,0
okeedy,chs,177,34,0.9506808802149628,0,0,4,0,0
okeedy,okeey,177,173,0.9376414010704845,0,1,1,1,0
okeedy,kd,177,24,0.9491647346465751,0,0,4,0,0
okeedy,lchey,177,57,0.9582647347629687,0,0,2,1,0
okeedy,chol,177,136,0.9745403104106823,0,0,3,0,0
okeedy,qotedy,177,142,0.9653187489203562,0,0,0,3,0
okeedy,oteey,177,169,0.9696893072257993,0,0,1,1,0
okeedy,cheol,177,107,0.9517868007220367,0,0,2,0,0
okeedy,okol,177,39,0.9281738240917793,0,1,2,0,0
okeedy,lkar,177,20,0.9054835824392001,0,0,2,0,0
okeedy,otchdy,177,44,0.9347233109551872,0,0,1,2,0
okeedy,qotain,177,94,0.9600405513736066,0,0,0,0,0
okeedy,lchedy,177,177,0.9592033942596673,0,0,1,3,0
okeedy,daiin,177,462,0.9774774035398373,0,0,1,0,0
okeedy,aiin,177,327,0.9672959129584727,0,0,2,0,0
okeedy,dal,177,174,0.9759791847357757,0,0,3,0,0
okeedy,or,177,253,0.9725539418677926,0,0,4,0,0
okeedy,otar,177,139,0.9708509703895496,0,0,2,0,0
okeedy,araiin,177,21,0.9237114729451853,0,0,0,0,0
okeedy,shar,177,33,0.9184824303094786,0,0,3,0,0
okeedy,aredy,177,27,0.9145317600089495,0,0,1,3,0
okeedy,tor,177,25,0.8831377329520341,0,0,3,0,0
okeedy,kal,177,50,0.9494130198243748,0,0,3,0,0
okeedy,olky,177,34,0.9479332571904809,0,0,2,1,0
okeedy,shol,177,172,0.9692233250200835,0,0,3,0,0
okeedy,otody,177,26,0.902184793253948,0,0,1,2,0
okeedy,ofeey,177,23,0.8871224900883828,0,0,1,1,0
okeedy,qokey,177,76,0.9552005286179982,0,0,1,1,0
okeedy,pcheey,177,22,0.8828396859203397,0,0,1,1,0
okeedy,chdaiin,177,33,0.9538646254994395,0,0,0,0,0
okeedy,otal,177,97,0.9634616822578964,0,0,2,0,0
okeedy,air,177,59,0.9296315075727006,0,0,3,0,0
okeedy,qokeo,177,20,0.9286183461019417,0,0,1,0,0
okeedy,ytedy,177,23,0.8471670646581059,0,0,1,3,0
okeedy,ain,177,145,0.9622431323759449,0,0,3,0,0
okeedy,qotal,177,46,0.966230204520727,0,0,1,0,0
okeedy,dair,177,89,0.9671283439338446,0,0,2,0,0
okeedy,qokor,177,45,0.9473540843025491,0,0,1,0,0
okeedy,chdy,177,244,0.9681781039026873,0,0,3,2,0
okeedy,olkaiin,177,112,0.9604234444411579,0,0,1,0,0
okeedy,okchy,177,33,0.9508797446365058,0,1,2,1,0
okeedy,olchedy,177,22,0.9005514406493141,0,0,0,3,0
okeedy,okedy,177,121,0.964147277441431,0,1,1,3,0
okeedy,otchy,177,36,0.9537156499910252,0,0,2,1,0
okeedy,lkaiin,177,102,0.976306111307427,0,0,0,0,0
okeedy,qokchedy,177,58,0.8929693947535005,0,0,1,3,0
okeedy,cthdy,177,33,0.964100848962952,0,0,3,2,0
okeedy,otchey,177,27,0.8592871299245877,0,0,1,1,0
okeedy,oddy,177,26,0.9024115041380207,0,0,2,2,0
okeedy,chy,177,43,0.939640577974123,0,0,4,1,0
okeedy,char,177,32,0.8925478728953781,0,0,3,0,0
okeedy,cheedy,177,73,0.9613309147596194,0,0,1,4,0
okeedy,qoteey,177,92,0.9587344201997577,0,0,0,1,0
okeedy,tedy,177,38,0.9561119223982971,0,0,2,3,0
okeedy,lkdy,177,26,0.9161877601438592,0,0,2,2,0
okeedy,lkedy,177,20,0.9198902509986834,0,0,1,3,0
okeedy,opchdy,177,23,0.9491849515683884,0,0,1,2,0
okeedy,okor,177,25,0.9113829802090746,0,1,2,0,0
okeedy,lkain,177,63,0.972015111720819,0,0,1,0,0
okeedy,olkeey,177,94,0.9707234512998176,0,0,0,1,0
okeedy,qokal,177,215,0.9752494453307877,0,0,1,0,0
okeedy,chckhey,177,45,0.9618075905361322,0,0,2,1,0
okeedy,otol,177,40,0.8855440780166547,0,0,2,0,0
okeedy,qoty,177,21,0.9593517815669523,0,0,2,1,0
okeedy,kar,177,55,0.9475708524177401,0,0,3,0,0
okeedy,oty,177,68,0.9579952885015125,0,0,3,1,0
okeedy,tdy,177,32,0.9280623590974267,0,0,3,2,0
okeedy,ychy,177,21,0.9434302809828259,0,0,3,1,0
okeedy,otey,177,31,0.9433665358036291,0,0,2,1,0
okeedy,qotaiin,177,92,0.961459237513224,0,0,1,0,0
okeedy,olkain,177,83,0.9501227364297645,0,0,0,0,0
okeedy,okey,177,27,0.9606781610245689,0,1,2,1,0
okeedy,kaiin,177,22,0.9262843683568451,0,0,1,0,0
okeedy,ky,177,30,0.955739812912399,0,0,4,1,0
okeedy,qokchy,177,75,0.957774322388252,0,0,1,1,0
okeedy,daryeey,177,20,0.8234193487527822,0,0,1,1,0
okeedy,olkedy,177,35,0.9448904230289035,0,0,0,3,0
okeedy,qokol,177,106,0.9136812587310419,0,0,1,0,0
okeedy,shody,177,44,0.8177338385992363,0,0,2,2,0
okeedy,olkar,177,63,0.9710634830931485,0,0,1,0,0
okeedy,qotchy,177,20,0.7969969996439964,0,0,1,1,0
okeedy,taiin,177,49,0.9560140819542378,0,0,1,0,0
okeedy,sham,177,21,0.8965516984127996,0,0,3,0,0
okeedy,sar,177,43,0.9574053664158422,0,0,3,0,0
okeedy,lchaiin,177,24,0.9267027549596519,0,0,0,0,0
okeedy,qoy,177,22,0.8892579630247968,0,0,3,1,0
okeedy,shes,177,22,0.7769587036368516,0,0,3,0,0
okeedy,okchey,177,32,0.9268983559911665,0,1,1,1,0
okeedy,oleedy,177,26,0.9439070900641662,1,0,0,4,0
okeedy,ody,177,28,0.9078411353374558,0,0,3,2,0
okeedy,ykar,177,21,0.8435481463182266,0,0,2,0,0
okeedy,dleo,177,22,0.835078393182156,0,0,2,0,0
okeedy,dleeol,177,22,0.9452783981651154,0,0,0,0,0
okeedy,qokeor,177,20,0.8885712689727999,0,0,0,0,0
okeedy,olkchdy,177,21,0.9035731119182356,0,0,0,2,0
okeedy,chal,177,29,0.8761727754865515,0,0,3,0,0
okeedy,tchaiin,177,21,0.934001640861953,0,0,0,0,0
okeedy,qokeody,177,21,0.8826047188451632,0,0,1,2,0
okeedy,ldy,177,21,0.8692983973863364,0,0,3,2,0
okeedy,laiin,177,37,0.9259868153546482,0,0,1,0,0
okeedy,schdy,177,21,0.9372844779606117,0,0,2,2,0
okeedy,sheckhy,177,39,0.9608660276310482,0,0,2,1,0
okeedy,cheeor,177,26,0.9133242996943893,0,0,1,0,0
okeedy,otedal,177,22,0.8741824949099121,0,0,0,0,0
okeedy,lsy,177,22,0.935760601445609,0,0,3,1,0
okeedy,qoko,177,24,0.7461593683104359,0,0,2,0,0
okeedy,ytody,177,21,0.9392719105983286,0,0,1,2,0
okeedy,chody,177,23,0.9452996811503163,0,0,2,2,0
okeedy,kchy,177,24,0.9425772921086006,0,0,3,1,0
okeedy,ykal,177,24,0.8956362368842358,0,0,2,0,0
okeedy,lsedy,177,28,0.9008880712716354,0,0,1,3,0
okeedy,to,177,24,0.9161182390257745,0,0,4,0,0
okeedy,pchdy,177,30,0.9416110091615567,0,0,2,2,0
okeedy,qoeedy,177,23,0.9324486974749798,1,0,0,4,0
okeedy,otor,177,20,0.9369807101808937,0,0,2,0,0
qokain,opchedaiin,435,22,0.926574677840661,0,0,3,2,0
qokain,qoteedy,435,99,0.9372939392917589,0,1,1,0,0
qokain,qoky,435,149,0.9562270003536886,0,1,2,0,0
qokain,oky,435,75,0.9680592171353298,0,0,3,0,0
qokain,kody,435,21,0.94498679610506,0,0,2,0,0
qokain,sheey,435,211,0.9618304259852115,0,0,2,0,0
qokain,dam,435,81,0.9425786997640527,0,0,3,0,0
qokain,oteedy,435,189,0.9746957094940014,0,0,0,0,0
qokain,olkeedy,435,96,0.9708908030485165,0,0,1,0,0
qokain,dleey,435,51,0.9470178107129378,0,0,1,0,0
qokain,shor,435,45,0.9457657880294614,0,0,3,0,0
qokain,qokaiin,435,504,0.9767130971996661,0,1,1,2,0
qokain,olkal,435,50,0.9654210033213413,0,0,1,0,0
qokain,chs,435,34,0.9460633975439529,0,0,4,0,0
qokain,okeey,435,173,0.934220874254604,0,0,1,0,0
qokain,kd,435,24,0.959912922674006,0,0,4,0,0
qokain,lchey,435,57,0.9531959594698246,0,0,2,0,0
qokain,chol,435,136,0.9835767083446001,0,0,3,0,0
qokain,qotedy,435,142,0.9790558372605977,0,1,0,0,0
qokain,oteey,435,169,0.970479595295714,0,0,1,0,0
qokain,cheol,435,107,0.9627597424403933,0,0,2,0,0
qokain,okol,435,39,0.9270633041879077,0,0,2,0,0
qokain,lkar,435,20,0.9128015292348188,0,0,2,0,0
qokain,otchdy,435,44,0.9325878200533472,0,0,1,0,0
qokain,qotain,435,94,0.9835838086101134,0,1,0,3,1
qokain,lchedy,435,177,0.9734453040746928,0,0,1,0,0
qokain,daiin,435,462,0.973019075635412,0,0,1,2,0
qokain,aiin,435,327,0.9885099370221169,0,0,2,2,0
qokain,dal,435,174,0.9712292046547496,0,0,3,0,0
qokain,or,435,253,0.9875802730313274,0,0,4,0,0
qokain,otar,435,139,0.9668304456215818,0,0,2,0,0
qokain,araiin,435,21,0.9318707578786167,0,0,0,2,0
qokain,shar,435,33,0.9107609784951118,0,0,3,0,0
qokain,aredy,435,27,0.9209854753806765,0,0,1,0,0
qokain,tor,435,25,0.8656493999679872,0,0,3,0,0
qokain,kal,435,50,0.9550921009635501,0,0,3,0,0
qokain,olky,435,34,0.9515009710517389,0,0,2,0,0
qokain,shol,435,172,0.9619394566075592,0,0,3,0,0
qokain,otody,435,26,0.9133770516178342,0,0,1,0,0
qokain,ofeey,435,23,0.88292300092198,0,0,1,0,0
qokain,qokey,435,76,0.9360246296333623,0,1,1,0,0
qokain,pcheey,435,22,0.9117738461714797,0,0,1,0,0
qokain,chdaiin,435,33,0.9488993226416972,0,0,0,2,0
qokain,otal,435,97,0.9469302026942565,0,0,2,0,0
qokain,air,435,59,0.9447157527653973,0,0,3,0,0
qokain,qokeo,435,20,0.9558034766663759,0,1,1,0,0
qokain,ytedy,435,23,0.8514803035152884,0,0,1,0,0
qokain,ain,435,145,0.9780124716046683,0,0,3,3,0
qokain,qotal,435,46,0.9666564370676499,0,1,1,0,0
qokain,dair,435,89,0.9662048072406789,0,0,2,0,0
qokain,qokor,435,45,0.9352353504381351,0,1,1,0,0
qokain,chdy,435,244,0.9835856126131156,0,0,3,0,0
qokain,olkaiin,435,112,0.9607566419878284,0,0,1,2,0
qokain,okchy,435,33,0.9510365128529877,0,0,2,0,0
qokain,olchedy,435,22,0.9033895095404607,0,0,0,0,0
qokain,okedy,435,121,0.960345904653579,0,0,1,0,0
qokain,otchy,435,36,0.9496969117442484,0,0,2,0,0
qokain,lkaiin,435,102,0.9719276068246899,0,0,0,2,0
qokain,qokchedy,435,58,0.8777286648144587,0,1,1,0,0
qokain,cthdy,435,33,0.970030569915469,0,0,3,0,0
qokain,otchey,435,27,0.8405278766665424,0,0,1,0,0
qokain,oddy,435,26,0.9024500309680091,0,0,2,0,0
qokain,chy,435,43,0.9433942196473709,0,0,4,0,0
qokain,char,435,32,0.9026943962291261,0,0,3,0,0
qokain,cheedy,435,73,0.9484065869018059,0,0,1,0,0
qokain,qoteey,435,92,0.9568604813511082,0,1,0,0,0
qokain,tedy,435,38,0.9654583318534966,0,0,2,0,0
qokain,lkdy,435,26,0.9316657655806315,0,0,2,0,0
qokain,lkedy,435,20,0.9307855350042274,0,0,1,0,0
qokain,opchdy,435,23,0.9531340417122302,0,0,1,0,0
qokain,okor,435,25,0.8792285049133822,0,0,2,0,0
qokain,lkain,435,63,0.9637780864259663,0,0,1,4,0
qokain,olkeey,435,94,0.9712699295365957,0,0,0,0,0
qokain,qokal,435,215,0.9667527580543291,0,1,1,0,0
qokain,chckhey,435,45,0.9570514560309539,0,0,2,0,0
qokain,otol,435,40,0.8815290070316238,0,0,2,0,0
qokain,qoty,435,21,0.9656152764828414,0,1,2,0,0
qokain,kar,435,55,0.9510119356536707,0,0,3,0,0
qokain,oty,435,68,0.9601766770855082,0,0,3,0,0
qokain,tdy,435,32,0.9266090433806052,0,0,3,0,0
qokain,ychy,435,21,0.9526554943455975,0,0,3,0,0
qokain,otey,435,31,0.9185120226521292,0,0,2,0,0
qokain,qotaiin,435,92,0.9651958192254141,0,1,1,2,0
qokain,olkain,435,83,0.9731492893525899,1,0,0,4,1
qokain,okey,435,27,0.9421384333150175,0,0,2,0,0
qokain,kaiin,435,22,0.9526430249474253,0,0,1,2,0
qokain,ky,435,30,0.9652277980056749,0,0,4,0,0
qokain,qokchy,435,75,0.9562764269520708,0,1,1,0,0
qokain,daryeey,435,20,0.783819089877507,0,0,1,0,0
qokain,olkedy,435,35,0.9328609795567072,0,0,0,0,0
qokain,qokol,435,106,0.9018457931494696,0,1,1,0,0
qokain,shody,435,44,0.7988803849489469,0,0,2,0,0
qokain,olkar,435,63,0.9727729098627526,0,0,1,0,0
qokain,qotchy,435,20,0.7810366687016783,0,1,1,0,0
qokain,taiin,435,49,0.9560683484051982,0,0,1,2,0
qokain,sham,435,21,0.8979315117741686,0,0,3,0,0
qokain,sar,435,43,0.9591728553375197,0,0,3,0,0
qokain,lchaiin,435,24,0.9256492312777829,0,0,0,2,0
qokain,qoy,435,22,0.8870157820102696,0,1,3,0,0
qokain,shes,435,22,0.7634326123424454,0,0,3,0,0
qokain,okchey,435,32,0.9277347980228788,0,0,1,0,0
qokain,oleedy,435,26,0.9448300644608024,0,0,0,0,0
qokain,ody,435,28,0.9007067988293853,0,0,3,0,0
qokain,ykar,435,21,0.8616483169441943,0,0,2,0,0
qokain,dleo,435,22,0.8052766782816929,0,0,2,0,0
qokain,dleeol,435,22,0.9239689873514437,0,0,0,0,0
qokain,qokeor,435,20,0.8974251763354819,0,1,0,0,0
qokain,olkchdy,435,21,0.8900555587866353,0,0,0,0,0
qokain,chal,435,29,0.8808402895236725,0,0,3,0,0
qokain,tchaiin,435,21,0.9481519478338232,0,0,0,2,0
qokain,qokeody,435,21,0.8840919930862742,0,1,1,0,0
qokain,ldy,435,21,0.8775670406041869,0,0,3,0,0
qokain,laiin,435,37,0.9262434780057848,0,0,1,2,0
qokain,schdy,435,21,0.9458210479262958,0,0,2,0,0
qokain,sheckhy,435,39,0.9622829295078796,0,0,2,0,0
qokain,cheeor,435,26,0.921591061370302,0,0,1,0,0
qokain,otedal,435,22,0.872886497789431,0,0,0,0,0
qokain,lsy,435,22,0.9329419689390157,0,0,3,0,0
qokain,qoko,435,24,0.7292621918305799,0,1,2,0,0
qokain,ytody,435,21,0.9467039628212498,0,0,1,0,0
qokain,chody,435,23,0.9574506083334432,0,0,2,0,0
qokain,kchy,435,24,0.947494130783697,0,0,3,0,0
qokain,ykal,435,24,0.9028773738425672,0,0,2,0,0
qokain,lsedy,435,28,0.9132748940649713,0,0,1,0,0
qokain,to,435,24,0.9233219065506137,0,0,4,0,0
qokain,pchdy,435,30,0.9494980160380111,0,0,2,0,0
qokain,qoeedy,435,23,0.9337245159784603,0,1,0,0,0
qokain,otor,435,20,0.9278604878353134,0,0,2,0,0
opchedaiin,qoteedy,22,99,0.9471873751159221,0,0,2,0,0
opchedaiin,qoky,22,149,0.9425452149364701,0,0,5,0,0
opchedaiin,oky,22,75,0.9200838532190894,0,0,6,0,0
opchedaiin,kody,22,21,0.8870158405853164,0,0,5,0,0
opchedaiin,sheey,22,211,0.9583532670522492,0,0,5,0,0
opchedaiin,dam,22,81,0.9343274588569076,0,0,6,0,0
opchedaiin,oteedy,22,189,0.9482515416518965,0,0,3,0,0
opchedaiin,olkeedy,22,96,0.92392397651672,0,0,2,0,0
opchedaiin,dleey,22,51,0.9049227033500611,0,0,4,0,0
opchedaiin,shor,22,45,0.9374437216245787,0,0,6,0,0
opchedaiin,qokaiin,22,504,0.958402516358106,0,0,2,4,0
opchedaiin,olkal,22,50,0.9316246713681893,0,0,4,0,0
opchedaiin,chs,22,34,0.9010117844597146,0,0,7,0,0
opchedaiin,okeey,22,173,0.9461919596763451,0,0,4,0,0
opchedaiin,kd,22,24,0.9013928940621128,0,0,7,0,0
opchedaiin,lchey,22,57,0.9007313392677739,0,0,5,0,0
opchedaiin,chol,22,136,0.9341061758847796,0,0,6,0,0
opchedaiin,qotedy,22,142,0.9332503042198514,0,0,3,0,0
opchedaiin,oteey,22,169,0.9552286151647846,0,0,4,0,0
opchedaiin,cheol,22,107,0.9268538927169918,0,0,5,0,0
opchedaiin,okol,22,39,0.9144539201597516,0,0,5,0,0
opchedaiin,lkar,22,20,0.8299898212378874,0,0,5,0,0
opchedaiin,otchdy,22,44,0.9379207083288917,0,0,4,0,0
opchedaiin,qotain,22,94,0.9288628049096628,0,0,3,2,0
opchedaiin,lchedy,22,177,0.9390044115573759,0,0,4,0,0
opchedaiin,daiin,22,462,0.9569490443919773,0,0,4,5,0
opchedaiin,aiin,22,327,0.9175371356061378,0,0,5,4,0
opchedaiin,dal,22,174,0.9430556044674294,0,0,6,0,0
opchedaiin,or,22,253,0.9224149610435288,0,0,7,0,0
opchedaiin,otar,22,139,0.9402807051916983,0,0,5,0,0
opchedaiin,araiin,22,21,0.9047796997761424,0,0,3,4,0
opchedaiin,shar,22,33,0.9106208416645183,0,0,6,0,0
opchedaiin,aredy,22,27,0.9134242082861376,0,0,4,0,0
opchedaiin,tor,22,25,0.8765857185141054,0,0,6,0,0
opchedaiin,kal,22,50,0.9181967311216565,0,0,6,0,0
opchedaiin,olky,22,34,0.9292888383198156,0,0,5,0,0
opchedaiin,shol,22,172,0.9446529644888476,0,0,6,0,0
opchedaiin,otody,22,26,0.8654441396047278,0,0,4,0,0
opchedaiin,ofeey,22,23,0.8212034978350684,0,0,4,0,0
opchedaiin,qokey,22,76,0.9411352172728821,0,0,4,0,0
opchedaiin,pcheey,22,22,0.8342061575481313,0,0,4,0,0
opchedaiin,chdaiin,22,33,0.9043674686023444,0,0,3,5,0
opchedaiin,otal,22,97,0.9466359667727824,0,0,5,0,0
opchedaiin,air,22,59,0.9092809088986794,0,0,6,0,0
opchedaiin,qokeo,22,20,0.8982298445664891,0,0,4,0,0
opchedaiin,ytedy,22,23,0.8516178365722221,0,0,4,0,0
opchedaiin,ain,22,145,0.9265068536877983,0,0,6,2,0
opchedaiin,qotal,22,46,0.9153066858440732,0,0,4,0,0
opchedaiin,dair,22,89,0.9471783998697788,0,0,5,0,0
opchedaiin,qokor,22,45,0.9386550899919459,0,0,4,0,0
opchedaiin,chdy,22,244,0.9268147373916882,0,0,6,0,0
opchedaiin,olkaiin,22,112,0.9279565972951168,0,0,2,4,0
opchedaiin,okchy,22,33,0.9108241173231647,0,0,5,0,0
opchedaiin,olchedy,22,22,0.9010239053216177,0,0,3,0,0
opchedaiin,okedy,22,121,0.9504424180752398,0,0,4,0,0
opchedaiin,otchy,22,36,0.9136643851522571,0,0,5,0,0
opchedaiin,lkaiin,22,102,0.9467024288174759,0,0,3,4,0
opchedaiin,qokchedy,22,58,0.8923080577008007,0,0,2,0,0
opchedaiin,cthdy,22,33,0.9379250785765508,0,0,6,0,0
opchedaiin,otchey,22,27,0.8411607160490607,0,0,4,0,0
opchedaiin,oddy,22,26,0.8690966552034927,0,0,5,0,0
opchedaiin,chy,22,43,0.9356208730193643,0,0,7,0,0
opchedaiin,char,22,32,0.885619182962149,0,0,6,0,0
opchedaiin,cheedy,22,73,0.9394899606030287,0,0,4,0,0
opchedaiin,qoteey,22,92,0.9254737396729595,0,0,3,0,0
opchedaiin,tedy,22,38,0.8920849295307296,0,0,5,0,0
opchedaiin,lkdy,22,26,0.840375576182702,0,0,5,0,0
opchedaiin,lkedy,22,20,0.9049070419984503,0,0,4,0,0
opchedaiin,opchdy,22,23,0.9171585078965545,0,1,4,0,0
opchedaiin,okor,22,25,0.9094202898550725,0,0,5,0,0
opchedaiin,lkain,22,63,0.9409908839085711,0,0,4,2,0
opchedaiin,olkeey,22,94,0.9281363629477666,0,0,3,0,0
opchedaiin,qokal,22,215,0.955114603640022,0,0,4,0,0
opchedaiin,chckhey,22,45,0.9281994004521364,0,0,5,0,0
opchedaiin,otol,22,40,0.8739363112985984,0,0,5,0,0
opchedaiin,qoty,22,21,0.9157593511172395,0,0,5,0,0
opchedaiin,kar,22,55,0.9249389270040284,0,0,6,0,0
opchedaiin,oty,22,68,0.906059765541051,0,0,6,0,0
opchedaiin,tdy,22,32,0.9231356818905264,0,0,6,0,0
opchedaiin,ychy,22,21,0.8968316246987633,0,0,6,0,0
opchedaiin,otey,22,31,0.9181881295329521,0,0,5,0,0
opchedaiin,qotaiin,22,92,0.933957746666925,0,0,2,4,0
opchedaiin,olkain,22,83,0.9226125245550794,0,0,3,2,0
opchedaiin,okey,22,27,0.9078226018502767,0,0,5,0,0
opchedaiin,kaiin,22,22,0.8868849405070591,0,0,4,4,0
opchedaiin,ky,22,30,0.8806683453943205,0,0,7,0,0
opchedaiin,qokchy,22,75,0.9513079241086732,0,0,4,0,0
opchedaiin,daryeey,22,20,0.765885455201672,0,0,2,0,0
opchedaiin,olkedy,22,35,0.9051123269706772,0,0,3,0,0
opchedaiin,qokol,22,106,0.8934754817847365,0,0,4,0,0
opchedaiin,shody,22,44,0.8355044182110838,0,0,5,0,0
opchedaiin,olkar,22,63,0.9564677927826887,0,0,4,0,0
opchedaiin,qotchy,22,20,0.7645528515426075,0,0,4,0,0
opchedaiin,taiin,22,49,0.9052888190738045,0,0,4,4,0
opchedaiin,sham,22,21,0.8620703852607454,0,0,6,0,0
opchedaiin,sar,22,43,0.9329484938259038,0,0,6,0,0
opchedaiin,lchaiin,22,24,0.935418829728266,0,0,3,4,0
opchedaiin,qoy,22,22,0.8812113540158762,0,0,6,0,0
opchedaiin,shes,22,22,0.8188663519564949,0,0,6,0,0
opchedaiin,okchey,22,32,0.9342364806849351,0,0,4,0,0
opchedaiin,oleedy,22,26,0.8976677856624627,0,0,3,0,0
opchedaiin,ody,22,28,0.9225665526474645,0,0,6,0,0
opchedaiin,ykar,22,21,0.8022462426315409,0,0,5,0,0
opchedaiin,dleo,22,22,0.8254256516185561,0,0,5,0,0
opchedaiin,dleeol,22,22,0.8918926049863544,0,0,3,0,0
opchedaiin,qokeor,22,20,0.8738711261107156,0,0,3,0,0
opchedaiin,olkchdy,22,21,0.8828295892956408,0,0,3,0,0
opchedaiin,chal,22,29,0.8115942028985508,0,0,6,0,0
opchedaiin,tchaiin,22,21,0.8752963166201106,0,0,3,4,0
opchedaiin,qokeody,22,21,0.8842835155869254,0,0,2,0,0
opchedaiin,ldy,22,21,0.881743562126089,0,0,6,0,0
opchedaiin,laiin,22,37,0.9038341400114948,0,0,4,4,0
opchedaiin,schdy,22,21,0.9094159120125513,0,0,5,0,0
opchedaiin,sheckhy,22,39,0.9315509864738583,0,0,5,0,0
opchedaiin,cheeor,22,26,0.851433857399722,0,0,4,0,0
opchedaiin,otedal,22,22,0.8555433426448613,0,0,3,0,0
opchedaiin,lsy,22,22,0.9118633123505895,0,0,6,0,0
opchedaiin,qoko,22,24,0.766619949470751,0,0,5,0,0
opchedaiin,ytody,22,21,0.9115942851876319,0,0,4,0,0
opchedaiin,chody,22,23,0.9003674844563686,0,0,5,0,0
opchedaiin,kchy,22,24,0.9143637229169589,0,0,6,0,1
opchedaiin,ykal,22,24,0.8562815250055767,0,0,5,0,0
opchedaiin,lsedy,22,28,0.8967053817706041,0,0,4,0,0
opchedaiin,to,22,24,0.8785882539782276,0,0,7,0,0
opchedaiin,pchdy,22,30,0.8977604593359629,0,0,5,0,0
opchedaiin,qoeedy,22,23,0.9151985976853646,0,0,3,0,0
opchedaiin,otor,22,20,0.880635617844197,0,0,5,0,0
qoteedy,qoky,99,149,0.9610573689630895,0,1,3,1,0
qoteedy,oky,99,75,0.9334695886690592,0,0,4,1,0
qoteedy,kody,99,21,0.8888274210425571,0,0,3,2,0
qoteedy,sheey,99,211,0.9731680021551654,0,0,3,1,0
qoteedy,dam,99,81,0.9560224119200044,0,0,4,0,0
qoteedy,oteedy,99,189,0.9743326396531246,0,0,1,6,1
qoteedy,olkeedy,99,96,0.9398776519837175,0,0,0,4,1
qoteedy,dleey,99,51,0.9062286976694063,0,0,2,1,0
qoteedy,shor,99,45,0.9597064875258606,0,0,4,0,0
qoteedy,qokaiin,99,504,0.966203736054326,0,1,0,0,0
qoteedy,olkal,99,50,0.9450359317305986,0,0,2,0,0
qoteedy,chs,99,34,0.9206310413426155,0,0,5,0,0
qoteedy,okeey,99,173,0.9712460539525384,0,0,2,1,0
qoteedy,kd,99,24,0.9156917035433402,0,0,5,0,0
qoteedy,lchey,99,57,0.9158502823585793,0,0,3,1,0
qoteedy,chol,99,136,0.9602819097918512,0,0,4,0,0
qoteedy,qotedy,99,142,0.9585778746467206,0,1,1,3,0
qoteedy,oteey,99,169,0.9738389375966302,0,0,2,1,0
qoteedy,cheol,99,107,0.9540528443849429,0,0,3,0,0
qoteedy,okol,99,39,0.923478391651323,0,0,3,0,0
qoteedy,lkar,99,20,0.8219272654264096,0,0,3,0,0
qoteedy,otchdy,99,44,0.9433172685548558,0,0,2,2,0
qoteedy,qotain,99,94,0.9471683889141017,0,1,1,0,0
qoteedy,lchedy,99,177,0.962191823508213,0,0,2,3,0
qoteedy,daiin,99,462,0.9721236822669054,0,0,2,0,0
qoteedy,aiin,99,327,0.9299946665759691,0,0,3,0,0
qoteedy,dal,99,174,0.9528418197141261,0,0,4,0,0
qoteedy,or,99,253,0.9440444999967774,0,0,5,0,0
qoteedy,otar,99,139,0.9528261900140114,0,0,3,0,0
qoteedy,araiin,99,21,0.9147512277045046,0,0,1,0,0
qoteedy,shar,99,33,0.9271957035727612,0,0,4,0,0
qoteedy,aredy,99,27,0.9534885825738542,0,0,2,3,0
qoteedy,tor,99,25,0.9376314669210649,0,0,4,0,0
qoteedy,kal,99,50,0.9473808645229428,0,0,4,0,0
qoteedy,olky,99,34,0.9444785245071478,0,0,3,1,0
qoteedy,shol,99,172,0.972815298670811,0,0,4,0,0
qoteedy,otody,99,26,0.8982953824709535,0,0,2,2,0
qoteedy,ofeey,99,23,0.820927339256106,0,0,2,1,0
qoteedy,qokey,99,76,0.9576438472859992,0,1,2,1,0
qoteedy,pcheey,99,22,0.8038732425545515,0,0,2,1,0
qoteedy,chdaiin,99,33,0.9339984969508438,0,0,1,0,0
qoteedy,otal,99,97,0.9737112755626064,0,0,3,0,0
qoteedy,air,99,59,0.9393626810192245,0,0,4,0,0
qoteedy,qokeo,99,20,0.8895681754848848,0,1,2,0,0
qoteedy,ytedy,99,23,0.8987448175592014,0,0,2,3,0
qoteedy,ain,99,145,0.9472224689576964,0,0,4,0,0
qoteedy,qotal,99,46,0.9240585672051357,0,1,2,0,0
qoteedy,dair,99,89,0.9626320235102308,0,0,3,0,0
qoteedy,qokor,99,45,0.9639829093473645,0,1,2,0,0
qoteedy,chdy,99,244,0.9539307297284113,0,0,4,2,0
qoteedy,olkaiin,99,112,0.9373067208799747,0,0,0,0,0
qoteedy,okchy,99,33,0.9304945880814501,0,0,3,1,0
qoteedy,olchedy,99,22,0.9363473186011705,0,0,1,3,0
qoteedy,okedy,99,121,0.9704444680545363,0,0,2,3,0
qoteedy,otchy,99,36,0.9315504551843008,0,0,3,1,0
qoteedy,lkaiin,99,102,0.9719266772827317,0,0,1,0,0
qoteedy,qokchedy,99,58,0.928424608256296,0,1,0,3,0
qoteedy,cthdy,99,33,0.9419524984061253,0,0,4,2,0
qoteedy,otchey,99,27,0.8812724817276207,0,0,2,1,0
qoteedy,oddy,99,26,0.8885811942642162,0,0,3,2,0
qoteedy,chy,99,43,0.9583835018284046,0,0,5,1,0
qoteedy,char,99,32,0.907535493340577,0,0,4,0,0
qoteedy,cheedy,99,73,0.9536458603861682,0,0,2,4,0
qoteedy,qoteey,99,92,0.9563707195713177,0,1,1,1,0
qoteedy,tedy,99,38,0.9047103318072586,0,0,3,3,0
qoteedy,lkdy,99,26,0.8483230117942498,0,0,3,2,0
qoteedy,lkedy,99,20,0.9340218534693707,0,0,2,3,0
qoteedy,opchdy,99,23,0.9409545641053613,0,0,2,2,0
qoteedy,okor,99,25,0.9194079913613398,0,0,3,0,0
qoteedy,lkain,99,63,0.95980562832082,0,0,2,0,0
qoteedy,olkeey,99,94,0.9419897522196864,0,0,1,1,0
qoteedy,qokal,99,215,0.9723208008529679,0,1,2,0,0
qoteedy,chckhey,99,45,0.9312756984161374,0,0,3,1,0
qoteedy,otol,99,40,0.8894608722341185,0,0,3,0,0
qoteedy,qoty,99,21,0.9246270491761306,0,1,3,1,0
qoteedy,kar,99,55,0.9540496556999831,0,0,4,0,0
qoteedy,oty,99,68,0.9232600783872964,0,0,4,1,0
qoteedy,tdy,99,32,0.9640639637706281,0,0,4,2,0
qoteedy,ychy,99,21,0.9109723124468088,0,0,4,1,0
qoteedy,otey,99,31,0.9306919430664683,0,0,3,1,0
qoteedy,qotaiin,99,92,0.9604891048433062,0,1,0,0,0
qoteedy,olkain,99,83,0.9423521085983899,0,0,1,0,0
qoteedy,okey,99,27,0.937061767675413,0,0,3,1,0
qoteedy,kaiin,99,22,0.90628483993566,0,0,2,0,0
qoteedy,ky,99,30,0.8909091785103537,0,0,5,1,0
qoteedy,qokchy,99,75,0.962034016372166,0,1,2,1,0
qoteedy,daryeey,99,20,0.7764916815998336,0,0,0,1,0
qoteedy,olkedy,99,35,0.9010437400319643,0,0,1,3,0
qoteedy,qokol,99,106,0.9090503590033392,0,1,2,0,0
qoteedy,shody,99,44,0.8293308796906809,0,0,3,2,0
qoteedy,olkar,99,63,0.9645353144876878,0,0,2,0,0
qoteedy,qotchy,99,20,0.7463478740289325,0,1,2,1,0
qoteedy,taiin,99,49,0.9348108635842953,0,0,2,0,0
qoteedy,sham,99,21,0.8865152522049494,0,0,4,0,0
qoteedy,sar,99,43,0.9488905653346285,0,0,4,0,0
qoteedy,lchaiin,99,24,0.959794770824155,0,0,1,0,0
qoteedy,qoy,99,22,0.9119901026970835,0,1,4,1,0
qoteedy,shes,99,22,0.8503767060773596,0,0,4,0,0
qoteedy,okchey,99,32,0.9531269956107232,0,0,2,1,0
qoteedy,oleedy,99,26,0.9206928941120869,0,0,1,4,0
qoteedy,ody,99,28,0.9441200407448491,0,0,4,2,0
qoteedy,ykar,99,21,0.8113330408602187,0,0,3,0,0
qoteedy,dleo,99,22,0.8465249662796522,0,0,3,0,0
qoteedy,dleeol,99,22,0.9249880941531852,0,0,1,0,0
qoteedy,qokeor,99,20,0.8695218944009823,0,1,1,0,0
qoteedy,olkchdy,99,21,0.8795903248549339,0,0,1,2,0
qoteedy,chal,99,29,0.8091865654963838,0,0,4,0,0
qoteedy,tchaiin,99,21,0.8971309229916639,0,0,1,0,0
qoteedy,qokeody,99,21,0.9172279303755728,0,1,0,2,0
qoteedy,ldy,99,21,0.8870978425954552,0,0,4,2,0
qoteedy,laiin,99,37,0.9430863057237562,0,0,2,0,0
qoteedy,schdy,99,21,0.9177974114258283,0,0,3,2,0
qoteedy,sheckhy,99,39,0.953135710678921,0,0,3,1,0
qoteedy,cheeor,99,26,0.847484457342642,0,0,2,0,0
qoteedy,otedal,99,22,0.8920317153258319,0,0,1,0,0
qoteedy,lsy,99,22,0.9393952914238366,0,0,4,1,0
qoteedy,qoko,99,24,0.815979273847379,0,1,3,0,0
qoteedy,ytody,99,21,0.9219258873459687,0,0,2,2,0
qoteedy,chody,99,23,0.9231280673229151,0,0,3,2,0
qoteedy,kchy,99,24,0.9156930787521179,0,0,4,1,0
qoteedy,ykal,99,24,0.8842600867570539,0,0,3,0,0
qoteedy,lsedy,99,28,0.915128821738612,0,0,2,3,0
qoteedy,to,99,24,0.8663321360187726,0,0,5,0,0
qoteedy,pchdy,99,30,0.912421074254923,0,0,3,2,0
qoteedy,qoeedy,99,23,0.9375168369481549,0,1,1,4,0
qoteedy,otor,99,20,0.9187001635206177,0,0,3,0,0
qoky,oky,149,75,0.9588901398037143,0,0,1,3,1
qoky,kody,149,21,0.9067850924178167,0,0,0,1,0
qoky,sheey,149,211,0.972428110936166,0,0,0,1,0
qoky,dam,149,81,0.9528854674615972,0,0,1,0,0
qoky,oteedy,149,189,0.9687146849308094,0,0,2,1,0
qoky,olkeedy,149,96,0.9476592983574853,0,0,3,1,0
qoky,dleey,149,51,0.9285921766466925,0,0,1,1,0
qoky,shor,149,45,0.9592463054891789,0,0,1,0,0
qoky,qokaiin,149,504,0.9739483287424324,0,1,3,0,0
qoky,olkal,149,50,0.9590480701629358,0,0,1,0,0
qoky,chs,149,34,0.9340056925231484,0,0,2,0,0
qoky,okeey,149,173,0.9572365860237505,0,0,1,1,0
qoky,kd,149,24,0.9282738550768292,0,0,2,0,0
qoky,lchey,149,57,0.932979163356639,0,0,0,1,0
qoky,chol,149,136,0.9661306792674056,0,0,1,0,0
qoky,qotedy,149,142,0.9603068923317126,0,1,2,1,0
qoky,oteey,149,169,0.9702645823941835,0,0,1,1,0
qoky,cheol,149,107,0.961934756100252,0,0,0,0,0
qoky,okol,149,39,0.9171396221844222,0,0,0,0,0
qoky,lkar,149,20,0.851452925981355,0,0,0,0,0
qoky,otchdy,149,44,0.9349866076785902,0,0,1,1,0
qoky,qotain,149,94,0.9608372889812156,0,1,2,0,0
qoky,lchedy,149,177,0.9661648067896897,0,0,1,1,0
qoky,daiin,149,462,0.9697600741209856,0,0,1,0,0
qoky,aiin,149,327,0.954366711897421,0,0,0,0,0
qoky,dal,149,174,0.9558447217401937,0,0,1,0,0
qoky,or,149,253,0.9573633911893944,0,0,2,0,0
qoky,otar,149,139,0.9525938759987712,0,0,0,0,0
qoky,araiin,149,21,0.9221114333152939,0,0,2,0,0
qoky,shar,149,33,0.9329879102645993,0,0,1,0,0
qoky,aredy,149,27,0.9363948794615539,0,0,1,1,0
qoky,tor,149,25,0.9050745824500194,0,0,1,0,0
qoky,kal,149,50,0.9569151427027153,0,0,1,0,0
qoky,olky,149,34,0.9543989938784677,1,0,0,2,1
qoky,shol,149,172,0.9660285009171427,0,0,1,0,0
qoky,otody,149,26,0.906120170751739,0,0,1,1,0
qoky,ofeey,149,23,0.8432299859565915,0,0,1,1,0
qoky,qokey,149,76,0.9555749566262979,0,1,1,1,0
qoky,pcheey,149,22,0.8429065847123114,0,0,1,1,0
qoky,chdaiin,149,33,0.9336820807864061,0,0,2,0,0
qoky,otal,149,97,0.9608076927564897,0,0,0,0,0
qoky,air,149,59,0.9432162755845698,0,0,1,0,0
qoky,qokeo,149,20,0.914318246438535,0,1,1,0,0
qoky,ytedy,149,23,0.8729600746485757,0,0,1,1,0
qoky,ain,149,145,0.9612270336634244,0,0,1,0,0
qoky,qotal,149,46,0.936141395646406,0,1,1,0,0
qoky,dair,149,89,0.9668927120389383,0,0,0,0,0
qoky,qokor,149,45,0.9478824685528799,0,1,1,0,0
qoky,chdy,149,244,0.9651561047861607,0,0,1,1,0
qoky,olkaiin,149,112,0.9507077028409114,0,0,3,0,0
qoky,okchy,149,33,0.9431401236367931,0,0,0,1,0
qoky,olchedy,149,22,0.9204228453516173,0,0,2,1,0
qoky,okedy,149,121,0.9723676446420345,0,0,1,1,0
qoky,otchy,149,36,0.9506929883177409,0,0,0,1,0
qoky,lkaiin,149,102,0.9746715095368594,0,0,2,0,0
qoky,qokchedy,149,58,0.9284500660101468,0,1,3,1,0
qoky,cthdy,149,33,0.9517691593464292,0,0,1,1,0
qoky,otchey,149,27,0.8863215333001917,0,0,1,1,0
qoky,oddy,149,26,0.8838990407687515,0,0,0,1,0
qoky,chy,149,43,0.9515892277868115,0,0,2,1,0
qoky,char,149,32,0.9021927485300271,0,0,1,0,0
qoky,cheedy,149,73,0.9515100657200706,0,0,1,1,0
qoky,qoteey,149,92,0.9500846885597586,0,1,2,1,0
qoky,tedy,149,38,0.9196520906849315,0,0,0,1,0
qoky,lkdy,149,26,0.8735839409642511,0,0,0,1,0
qoky,lkedy,149,20,0.941619045847342,0,0,1,1,0
qoky,opchdy,149,23,0.945116594076421,0,0,1,1,0
qoky,okor,149,25,0.8976270445371539,0,0,0,0,0
qoky,lkain,149,63,0.965989150772077,0,0,1,0,0
qoky,olkeey,149,94,0.9465448321034107,0,0,2,1,0
qoky,qokal,149,215,0.9649160428272213,0,1,1,0,0
qoky,chckhey,149,45,0.9419861484435416,0,0,0,1,0
qoky,otol,149,40,0.8900244362778444,0,0,0,0,0
qoky,qoty,149,21,0.9417307578191227,0,1,0,1,1
qoky,kar,149,55,0.9546706866488847,0,0,1,0,0
qoky,oty,149,68,0.9463541047960567,0,0,1,1,1
qoky,tdy,149,32,0.9371137912389815,0,0,1,1,0
qoky,ychy,149,21,0.9180944538256558,0,0,1,1,0
qoky,otey,149,31,0.9381064333453906,0,0,0,1,0
qoky,qotaiin,149,92,0.9625752023093451,0,1,3,0,0
qoky,olkain,149,83,0.9530241765611496,0,0,2,0,0
qoky,okey,149,27,0.9494976497051656,0,0,0,1,0
qoky,kaiin,149,22,0.9175548010118164,0,0,1,0,0
qoky,ky,149,30,0.9149004958094592,0,0,2,2,0
qoky,qokchy,149,75,0.9627758785659116,0,1,1,1,0
qoky,daryeey,149,20,0.8067957578135019,0,0,3,1,0
qoky,olkedy,149,35,0.912584852704985,0,0,2,1,0
qoky,qokol,149,106,0.9013463416287028,0,1,1,0,0
qoky,shody,149,44,0.8190586235634678,0,0,0,1,0
qoky,olkar,149,63,0.962547675973942,0,0,1,0,0
qoky,qotchy,149,20,0.7627986091023558,0,1,1,1,0
qoky,taiin,149,49,0.9299604729690535,0,0,1,0,0
qoky,sham,149,21,0.8972289347580348,0,0,1,0,0
qoky,sar,149,43,0.9538920296307926,0,0,1,0,0
qoky,lchaiin,149,24,0.9470238904673537,0,0,2,0,0
qoky,qoy,149,22,0.9102503422463387,0,1,1,1,0
qoky,shes,149,22,0.8243309978429024,0,0,1,0,0
qoky,okchey,149,32,0.9525183971617324,0,0,1,1,0
qoky,oleedy,149,26,0.9298488077742502,0,0,2,1,0
qoky,ody,149,28,0.9282738550768292,0,0,1,1,0
qoky,ykar,149,21,0.8409130988802012,0,0,0,0,0
qoky,dleo,149,22,0.8528352238165454,0,0,0,0,0
qoky,dleeol,149,22,0.93831275332932,0,0,2,0,0
qoky,qokeor,149,20,0.8685062642075693,0,1,2,0,0
qoky,olkchdy,149,21,0.8899790059034076,0,0,2,1,0
qoky,chal,149,29,0.8438725127478084,0,0,1,0,0
qoky,tchaiin,149,21,0.9065500370380376,0,0,2,0,0
qoky,qokeody,149,21,0.9022603271287817,0,1,3,1,0
qoky,ldy,149,21,0.8757626998016393,0,0,1,1,0
qoky,laiin,149,37,0.9352513681548204,0,0,1,0,0
qoky,schdy,149,21,0.9194327053802082,0,0,0,1,0
qoky,sheckhy,149,39,0.9595870186835604,0,0,0,1,0
qoky,cheeor,149,26,0.8736869254255685,0,0,1,0,0
qoky,otedal,149,22,0.8821724768106054,0,0,2,0,0
qoky,lsy,149,22,0.9325968681698643,0,0,1,1,0
qoky,qoko,149,24,0.7864443423161742,0,1,0,0,0
qoky,ytody,149,21,0.9293456113480291,0,0,1,1,0
qoky,chody,149,23,0.9315720499742498,0,0,0,1,0
qoky,kchy,149,24,0.9239432198875801,0,0,1,1,0
qoky,ykal,149,24,0.9006541662209944,0,0,0,0,0
qoky,lsedy,149,28,0.9176099681279893,0,0,1,1,0
qoky,to,149,24,0.8787082584638787,0,0,2,0,0
qoky,pchdy,149,30,0.9159126078789035,0,0,0,1,0
qoky,qoeedy,149,23,0.9339654191612076,0,1,2,1,0
qoky,otor,149,20,0.9152432646368042,0,0,0,0,0
oky,kody,75,21,0.930523312413718,0,0,1,1,0
oky,sheey,75,211,0.9551381761615859,0,0,1,1,0
oky,dam,75,81,0.9311362655948555,0,0,0,0,0
oky,oteedy,75,189,0.9636412952998784,0,0,3,1,0
oky,olkeedy,75,96,0.9566680098461062,0,0,4,1,0
oky,dleey,75,51,0.9356227955755589,0,0,2,1,0
oky,shor,75,45,0.9363860182159659,0,0,0,0,0
oky,qokaiin,75,504,0.9715014334961858,0,0,4,0,0
oky,olkal,75,50,0.9485381370690716,0,0,2,0,0
oky,chs,75,34,0.9322597135014715,0,0,1,0,0
oky,okeey,75,173,0.9230492301012468,0,1,2,1,0
oky,kd,75,24,0.9418020014543546,0,0,1,0,0
oky,lchey,75,57,0.9430887439857268,0,0,1,1,0
oky,chol,75,136,0.9655337173259768,0,0,0,0,0
oky,qotedy,75,142,0.9593434006125626,0,0,3,1,0
oky,oteey,75,169,0.9577140487070559,0,0,2,1,0
oky,cheol,75,107,0.9492032775045147,0,0,1,0,0
oky,okol,75,39,0.9128848716552435,0,1,1,0,0
oky,lkar,75,20,0.9001455888587847,0,0,1,0,0
oky,otchdy,75,44,0.9312129084263066,0,0,2,1,0
oky,qotain,75,94,0.9561791683409032,0,0,3,0,0
oky,lchedy,75,177,0.9557736945546792,0,0,2,1,0
oky,daiin,75,462,0.9612628402514632,0,0,2,0,0
oky,aiin,75,327,0.9726192717335619,0,0,1,0,0
oky,dal,75,174,0.9597920221919801,0,0,0,0,0
oky,or,75,253,0.9648945228193524,0,0,1,0,0
oky,otar,75,139,0.9594607827705061,0,0,1,0,0
oky,araiin,75,21,0.9166176751280787,0,0,3,0,0
oky,shar,75,33,0.9117023900648292,0,0,0,0,0
oky,aredy,75,27,0.9131642199540616,0,0,2,1,0
oky,tor,75,25,0.8711991658846499,0,0,0,0,0
oky,kal,75,50,0.9457272180254149,0,0,0,0,0
oky,olky,75,34,0.9561418014902229,0,0,1,2,1
oky,shol,75,172,0.9530350432587416,0,0,0,0,0
oky,otody,75,26,0.893729237564713,0,0,2,1,0
oky,ofeey,75,23,0.8830540508283679,0,0,2,1,0
oky,qokey,75,76,0.9348311758418814,0,0,2,1,0
oky,pcheey,75,22,0.8856399048079904,0,0,2,1,0
oky,chdaiin,75,33,0.930909822111465,0,0,3,0,0
oky,otal,75,97,0.9437793869439368,0,0,1,0,0
oky,air,75,59,0.9369014590107928,0,0,0,0,0
oky,qokeo,75,20,0.9455543458656173,0,0,2,0,0
oky,ytedy,75,23,0.8341577227054603,0,0,2,1,0
oky,ain,75,145,0.9658338387870099,0,0,0,0,0
oky,qotal,75,46,0.9558270386268416,0,0,2,0,0
oky,dair,75,89,0.9511724230394495,0,0,1,0,0
oky,qokor,75,45,0.9281059036528523,0,0,2,0,0
oky,chdy,75,244,0.9672096549769151,1,0,0,1,0
oky,olkaiin,75,112,0.95498989076834,0,0,4,0,0
oky,okchy,75,33,0.9381792407939303,0,1,1,1,0
oky,olchedy,75,22,0.8972285647011116,0,0,3,1,0
oky,okedy,75,121,0.9548323862172371,0,1,2,1,0
oky,otchy,75,36,0.9398909967668762,0,0,1,1,0
oky,lkaiin,75,102,0.9600530989606125,0,0,3,0,0
oky,qokchedy,75,58,0.8818401732837434,0,0,4,1,0
oky,cthdy,75,33,0.9561731322354762,1,0,0,1,0
oky,otchey,75,27,0.8705744771777768,0,0,2,1,0
oky,oddy,75,26,0.8888367053732613,0,0,1,1,0
oky,chy,75,43,0.9349532993304508,0,0,1,1,0
oky,char,75,32,0.8879868216621609,0,0,0,0,0
oky,cheedy,75,73,0.9456945661461063,0,0,2,1,0
oky,qoteey,75,92,0.9430029011794308,0,0,3,1,0
oky,tedy,75,38,0.9402874993588909,0,0,1,1,0
oky,lkdy,75,26,0.9047714965868352,0,0,1,1,0
oky,lkedy,75,20,0.9236661336029672,0,0,2,1,0
oky,opchdy,75,23,0.9439730071914084,0,0,2,1,0
oky,okor,75,25,0.8879879048509817,0,1,1,0,0
oky,lkain,75,63,0.9527859804515293,0,0,2,0,0
oky,olkeey,75,94,0.9560324456175371,0,0,3,1,0
oky,qokal,75,215,0.9635092590530439,0,0,2,0,0
oky,chckhey,75,45,0.9441239804546504,0,0,1,1,0
oky,otol,75,40,0.8774767611396741,0,0,1,0,0
oky,qoty,75,21,0.9486220296253209,0,0,1,1,1
oky,kar,75,55,0.9382997822785113,0,0,0,0,0
oky,oty,75,68,0.9584013334895867,1,0,0,1,1
oky,tdy,75,32,0.9109439020882186,1,0,0,1,0
oky,ychy,75,21,0.9347973479117361,1,0,0,1,0
oky,otey,75,31,0.9108986173312156,0,0,1,1,0
oky,qotaiin,75,92,0.9556068216665675,0,0,4,0,0
oky,olkain,75,83,0.9477777048402308,0,0,3,0,0
oky,okey,75,27,0.9310322026182427,0,1,1,1,0
oky,kaiin,75,22,0.9184423508028077,0,0,2,0,0
oky,ky,75,30,0.949865056719597,0,0,1,2,0
oky,qokchy,75,75,0.950212360294726,0,0,2,1,0
oky,daryeey,75,20,0.7922059658263986,0,0,4,1,0
oky,olkedy,75,35,0.9272763307966759,0,0,3,1,0
oky,qokol,75,106,0.9018429974468283,0,0,2,0,0
oky,shody,75,44,0.7952476921041608,0,0,1,1,0
oky,olkar,75,63,0.9557315189588647,0,0,2,0,0
oky,qotchy,75,20,0.7734344655362494,0,0,2,1,0
oky,taiin,75,49,0.9349708813721106,0,0,2,0,0
oky,sham,75,21,0.8857305440442691,0,0,0,0,0
oky,sar,75,43,0.9519892457734149,0,0,0,0,0
oky,lchaiin,75,24,0.9169094093887968,0,0,3,0,0
oky,qoy,75,22,0.8827933233492133,1,0,0,1,0
oky,shes,75,22,0.7714254068389973,0,0,0,0,0
oky,okchey,75,32,0.9195463126617693,0,1,2,1,0
oky,oleedy,75,26,0.9289442257949843,0,0,3,1,0
oky,ody,75,28,0.8901964123335679,1,0,0,1,0
oky,ykar,75,21,0.8383074378617996,0,0,1,0,0
oky,dleo,75,22,0.813864334394871,0,0,1,0,0
oky,dleeol,75,22,0.9172124985137124,0,0,3,0,0
oky,qokeor,75,20,0.8783602769729539,0,0,3,0,0
oky,olkchdy,75,21,0.8919880374980905,0,0,3,1,0
oky,chal,75,29,0.8665906059389098,0,0,0,0,0
oky,tchaiin,75,21,0.9229814304470747,0,0,3,0,0
oky,qokeody,75,21,0.8762997648344241,0,0,4,1,0
oky,ldy,75,21,0.8580722657004841,1,0,0,1,0
oky,laiin,75,37,0.920015391610734,0,0,2,0,0
oky,schdy,75,21,0.9279875214011329,0,0,1,1,0
oky,sheckhy,75,39,0.9581192961645271,0,0,1,1,0
oky,cheeor,75,26,0.9087379887455391,0,0,2,0,0
oky,otedal,75,22,0.8586021449108636,0,0,3,0,0
oky,lsy,75,22,0.9300964154213526,1,0,0,1,0
oky,qoko,75,24,0.7291138141150049,0,0,1,0,0
oky,ytody,75,21,0.931164715730732,0,0,2,1,0
oky,chody,75,23,0.9356227955755588,0,0,1,1,0
oky,kchy,75,24,0.9336697271193389,1,0,0,1,0
oky,ykal,75,24,0.896075727256045,0,0,1,0,0
oky,lsedy,75,28,0.8949928058102541,0,0,2,1,0
oky,to,75,24,0.8976446051700332,0,0,1,0,0
oky,pchdy,75,30,0.9275334445616567,0,0,1,1,0
oky,qoeedy,75,23,0.9231682630546058,0,0,3,1,0
oky,otor,75,20,0.9201923006387339,0,0,1,0,0
kody,sheey,21,211,0.9268617848374416,0,0,0,1,0
kody,dam,21,81,0.895350895351343,0,0,1,0,0
kody,oteedy,21,189,0.9321401787487528,0,0,2,2,0
kody,olkeedy,21,96,0.9310403687853538,0,0,3,2,0
kody,dleey,21,51,0.9177600742433919,0,0,1,1,0
kody,shor,21,45,0.8992515540891549,0,0,1,0,0
kody,qokaiin,21,504,0.9463508935943068,0,0,3,0,0
kody,olkal,21,50,0.9238982900268111,0,0,1,0,0
kody,chs,21,34,0.8964615756647669,0,0,2,0,0
kody,okeey,21,173,0.8800370372813443,0,0,1,1,0
kody,kd,21,24,0.9216805029374059,0,0,2,0,0
kody,lchey,21,57,0.9188289594700271,0,0,0,1,0
kody,chol,21,136,0.9351198440879209,0,0,1,0,0
kody,qotedy,21,142,0.9312724557215403,0,0,2,2,0
kody,oteey,21,169,0.9258385446789374,0,0,1,1,0
kody,cheol,21,107,0.9094472331425336,0,0,0,0,0
kody,okol,21,39,0.8917362127857504,0,0,0,0,0
kody,lkar,21,20,0.8928458168657177,0,0,0,0,0
kody,otchdy,21,44,0.8918535416345149,0,0,1,2,0
kody,qotain,21,94,0.9255044445496915,0,0,2,0,0
kody,lchedy,21,177,0.9200041326741666,0,0,1,2,0
kody,daiin,21,462,0.9274158601770731,0,0,1,0,0
kody,aiin,21,327,0.9439326588116942,0,0,0,0,0
kody,dal,21,174,0.927007661945782,0,0,1,0,0
kody,or,21,253,0.9427408678638148,0,0,2,0,0
kody,otar,21,139,0.9332041607426866,0,0,0,0,0
kody,araiin,21,21,0.8811039019443198,0,0,2,0,0
kody,shar,21,33,0.8713146327183936,0,0,1,0,0
kody,aredy,21,27,0.8665956656992723,0,0,1,2,0
kody,tor,21,25,0.8101126377706414,0,0,1,0,0
kody,kal,21,50,0.9058454240119502,0,0,1,0,0
kody,olky,21,34,0.9061148204265341,0,0,0,1,0
kody,shol,21,172,0.918719156542216,0,0,1,0,0
kody,otody,21,26,0.8534326114124198,0,0,1,3,0
kody,ofeey,21,23,0.862850047274515,0,0,1,1,0
kody,qokey,21,76,0.8854889365764317,0,0,1,1,0
kody,pcheey,21,22,0.8847811067363536,0,0,1,1,0
kody,chdaiin,21,33,0.8986215762639961,0,0,2,0,0
kody,otal,21,97,0.9057480401276736,0,0,0,0,0
kody,air,21,59,0.8961179362244125,0,0,1,0,0
kody,qokeo,21,20,0.9036217450153112,0,0,1,0,0
kody,ytedy,21,23,0.7862137594011556,0,0,1,2,0
kody,ain,21,145,0.9244594892673399,0,0,1,0,0
kody,qotal,21,46,0.9397432892361773,0,0,1,0,0
kody,dair,21,89,0.9214941165726837,0,0,0,0,0
kody,qokor,21,45,0.8880175331301561,0,0,1,0,0
kody,chdy,21,244,0.9297041702223635,0,0,1,2,0
kody,olkaiin,21,112,0.9474042410771019,0,0,3,0,0
kody,okchy,21,33,0.9144185531377743,0,0,0,1,0
kody,olchedy,21,22,0.8553684424935217,0,0,2,2,0
kody,okedy,21,121,0.9172829353100895,0,0,1,2,0
kody,otchy,21,36,0.9075,0,0,0,1,0
kody,lkaiin,21,102,0.9260847615949683,0,0,2,0,0
kody,qokchedy,21,58,0.8253576133249259,0,0,3,2,0
kody,cthdy,21,33,0.9303586847672782,0,0,1,2,0
kody,otchey,21,27,0.8041618363195344,0,0,1,1,0
kody,oddy,21,26,0.8749640242864962,1,0,0,2,0
kody,chy,21,43,0.9016829321284412,0,0,2,1,0
kody,char,21,32,0.837769146517788,0,0,1,0,0
kody,cheedy,21,73,0.932294445082039,0,0,1,2,0
kody,qoteey,21,92,0.9101409170895952,0,0,2,1,0
kody,tedy,21,38,0.92418607654343,1,0,0,2,0
kody,lkdy,21,26,0.8960758180297881,1,0,0,2,0
kody,lkedy,21,20,0.891637738738585,0,0,1,2,0
kody,opchdy,21,23,0.9101340280665184,0,0,1,2,0
kody,okor,21,25,0.8413326213277035,0,0,0,0,0
kody,lkain,21,63,0.9223170550304272,0,0,1,0,0
kody,olkeey,21,94,0.9370636072531346,0,0,2,1,0
kody,qokal,21,215,0.9302663188339839,0,0,1,0,0
kody,chckhey,21,45,0.9285270745738674,0,0,0,1,0
kody,otol,21,40,0.8503312831710007,0,0,0,0,0
kody,qoty,21,21,0.9261637116510346,0,0,0,1,0
kody,kar,21,55,0.9048224353511198,0,0,1,0,0
kody,oty,21,68,0.9245918394651602,0,0,1,1,0
kody,tdy,21,32,0.865762447432675,0,0,1,2,0
kody,ychy,21,21,0.9151687465087879,0,0,1,1,0
kody,otey,21,31,0.8633723210214017,0,0,0,1,0
kody,qotaiin,21,92,0.9357472645497633,0,0,3,0,0
kody,olkain,21,83,0.9173108749620534,0,0,2,0,0
kody,okey,21,27,0.9019511014870397,0,0,0,1,0
kody,kaiin,21,22,0.8935142120071866,0,0,1,0,0
kody,ky,21,30,0.9297264674880596,0,0,2,1,0
kody,qokchy,21,75,0.9132967873159531,0,0,1,1,0
kody,daryeey,21,20,0.7617259448740995,0,0,3,1,0
kody,olkedy,21,35,0.8980329380900997,0,0,2,2,0
kody,qokol,21,106,0.8688383828628831,0,0,1,0,0
kody,shody,21,44,0.7581658308030277,1,0,0,3,0
kody,olkar,21,63,0.9314055924511757,0,0,1,0,0
kody,qotchy,21,20,0.748554161923727,0,0,1,1,0
kody,taiin,21,49,0.9030845164410783,0,0,1,0,0
kody,sham,21,21,0.8533490173748051,0,0,1,0,0
kody,sar,21,43,0.9306012293236282,0,0,1,0,0
kody,lchaiin,21,24,0.867227382716513,0,0,2,0,0
kody,qoy,21,22,0.8270184979549103,0,0,1,1,0
kody,shes,21,22,0.7245426318143438,0,0,1,0,0
kody,okchey,21,32,0.8889072695332152,0,0,1,1,0
kody,oleedy,21,26,0.9060053610689698,0,0,2,2,0
kody,ody,21,28,0.8517599130593958,0,0,1,3,0
kody,ykar,21,21,0.8140638795573724,0,0,0,0,0
kody,dleo,21,22,0.7537671712495896,0,0,0,0,0
kody,dleeol,21,22,0.8701866502087643,0,0,2,0,0
kody,qokeor,21,20,0.8651141746678687,0,0,2,0,0
kody,olkchdy,21,21,0.8643558937793571,0,0,2,2,0
kody,chal,21,29,0.8641742309565099,0,0,1,0,0
kody,tchaiin,21,21,0.9036217450153112,0,0,2,0,0
kody,qokeody,21,21,0.853281833651959,0,0,3,3,0
kody,ldy,21,21,0.8165413192407334,0,0,1,2,0
kody,laiin,21,37,0.868120508911683,0,0,1,0,0
kody,schdy,21,21,0.8988517264985967,1,0,0,2,0
kody,sheckhy,21,39,0.9199036256110589,0,0,0,1,0
kody,cheeor,21,26,0.9019164780251735,0,0,1,0,0
kody,otedal,21,22,0.8063943481077941,0,0,2,0,0
kody,lsy,21,22,0.8962941947720567,0,0,1,1,0
kody,qoko,21,24,0.6904271541389532,0,0,0,0,0
kody,ytody,21,21,0.9074130791654931,0,0,1,3,0
kody,chody,21,23,0.9185079230652983,1,0,0,3,0
kody,kchy,21,24,0.9169118129500092,0,0,1,1,0
kody,ykal,21,24,0.8613308940766661,0,0,0,0,0
kody,lsedy,21,28,0.8628393844040086,0,0,1,2,0
kody,to,21,24,0.8786073182441239,0,0,2,0,0
kody,pchdy,21,30,0.9089312941916873,1,0,0,2,0
kody,qoeedy,21,23,0.8968225564036726,0,0,2,2,0
kody,otor,21,20,0.8945991796931698,0,0,0,0,0
sheey,dam,211,81,0.9686803312981983,0,0,1,0,0
sheey,oteedy,211,189,0.9805759995134167,0,0,2,1,0
sheey,olkeedy,211,96,0.9571406426197304,0,0,3,1,0
sheey,dleey,211,51,0.9377813123108029,0,0,1,3,0
sheey,shor,211,45,0.9704685790481968,0,0,1,0,0
sheey,qokaiin,211,504,0.9863516988608307,0,0,3,0,1
sheey,olkal,211,50,0.9640463440176645,0,0,1,0,0
sheey,chs,211,34,0.942700222440244,0,0,2,0,0
sheey,okeey,211,173,0.9720472885476186,0,0,1,3,0
sheey,kd,211,24,0.9383908687184417,0,0,2,0,0
sheey,lchey,211,57,0.9451522275797754,1,0,0,2,0
sheey,chol,211,136,0.9753966940762726,0,0,1,0,0
sheey,qotedy,211,142,0.9710504106863542,0,0,2,1,0
sheey,oteey,211,169,0.9848366076574435,0,0,1,3,0
sheey,cheol,211,107,0.9693824395008503,0,0,0,0,0
sheey,okol,211,39,0.9393979091914474,0,0,0,0,0
sheey,lkar,211,20,0.8547558644078058,0,0,0,0,0
sheey,otchdy,211,44,0.951240443796657,0,0,1,1,0
sheey,qotain,211,94,0.9647386943844005,0,0,2,0,0
sheey,lchedy,211,177,0.9742591765772842,0,0,1,1,0
sheey,daiin,211,462,0.9829390933221525,0,0,1,0,0
sheey,aiin,211,327,0.9567427651535582,0,0,0,0,0
sheey,dal,211,174,0.968214778643946,0,0,1,0,0
sheey,or,211,253,0.9679214550700955,0,0,2,0,0
sheey,otar,211,139,0.9658466505823402,0,0,0,0,0
sheey,araiin,211,21,0.9296346935548372,0,0,2,0,0
sheey,shar,211,33,0.9308431306271618,0,0,1,0,0
sheey,aredy,211,27,0.9474734450333923,0,0,1,1,0
sheey,tor,211,25,0.9150747963109858,0,0,1,0,0
sheey,kal,211,50,0.9593683669487086,0,0,1,0,0
sheey,olky,211,34,0.9574412102037605,0,0,0,1,0
sheey,shol,211,172,0.9817213537790982,0,0,1,0,0
sheey,otody,211,26,0.9140198347750499,0,0,1,1,0
sheey,ofeey,211,23,0.8517535573675922,0,0,1,3,0
sheey,qokey,211,76,0.9655305670002118,0,0,1,2,0
sheey,pcheey,211,22,0.8455699260689329,0,0,1,3,0
sheey,chdaiin,211,33,0.9494265830384742,0,0,2,0,0
sheey,otal,211,97,0.9709348803477437,0,0,0,0,0
sheey,air,211,59,0.9510216474037143,0,0,1,0,0
sheey,qokeo,211,20,0.9143225416324438,0,0,1,0,0
sheey,ytedy,211,23,0.8883610863102241,0,0,1,1,0
sheey,ain,211,145,0.9668481750402431,0,0,1,0,0
sheey,qotal,211,46,0.9468942918039845,0,0,1,0,0
sheey,dair,211,89,0.9783869546176928,0,0,0,0,0
sheey,qokor,211,45,0.9560185160350316,0,0,1,0,0
sheey,chdy,211,244,0.9701862463586689,0,0,1,1,0
sheey,olkaiin,211,112,0.9695877351146854,0,0,3,0,1
sheey,okchy,211,33,0.9518721639677371,0,0,0,1,0
sheey,olchedy,211,22,0.9395581773491639,0,0,2,1,0
sheey,okedy,211,121,0.9845137012443475,0,0,1,1,0
sheey,otchy,211,36,0.9513990848356357,0,0,0,1,0
sheey,lkaiin,211,102,0.98421296667036,0,0,2,0,0
sheey,qokchedy,211,58,0.9295321713106324,0,0,3,1,0
sheey,cthdy,211,33,0.9627528866509546,0,0,1,1,0
sheey,otchey,211,27,0.8820200269616824,0,0,1,2,0
sheey,oddy,211,26,0.9021438513049256,0,0,0,1,0
sheey,chy,211,43,0.9610776239037109,0,0,2,1,0
sheey,char,211,32,0.914625451844734,0,0,1,0,0
sheey,cheedy,211,73,0.9648030659865222,0,0,1,1,0
sheey,qoteey,211,92,0.9672921356274782,0,0,2,3,0
sheey,tedy,211,38,0.9259500390686536,0,0,0,1,0
sheey,lkdy,211,26,0.8777803509998553,0,0,0,1,0
sheey,lkedy,211,20,0.9424940408268078,0,0,1,1,0
sheey,opchdy,211,23,0.9575677589043625,0,0,1,1,0
sheey,okor,211,25,0.9125285591104406,0,0,0,0,0
sheey,lkain,211,63,0.9776302037088467,0,0,1,0,0
sheey,olkeey,211,94,0.9606073974186682,0,0,2,3,0
sheey,qokal,211,215,0.9771768550169692,0,0,1,0,0
sheey,chckhey,211,45,0.9537001506849394,1,0,0,2,0
sheey,otol,211,40,0.9102304124842071,0,0,0,0,0
sheey,qoty,211,21,0.9447431584153786,0,0,0,1,0
sheey,kar,211,55,0.9636510477203646,0,0,1,0,0
sheey,oty,211,68,0.9481413223013767,0,0,1,1,0
sheey,tdy,211,32,0.9489333126172576,0,0,1,1,0
sheey,ychy,211,21,0.9326648990748935,0,0,1,1,0
sheey,otey,211,31,0.936450447767849,1,0,0,2,0
sheey,qotaiin,211,92,0.9777774821836519,0,0,3,0,1
sheey,olkain,211,83,0.9598069030999984,0,0,2,0,0
sheey,okey,211,27,0.9466772811558509,1,0,0,2,0
sheey,kaiin,211,22,0.9258715929385003,0,0,1,0,0
sheey,ky,211,30,0.9265005479829067,0,0,2,1,0
sheey,qokchy,211,75,0.9777877105389837,0,0,1,1,0
sheey,daryeey,211,20,0.7849410613384459,0,0,3,3,0
sheey,olkedy,211,35,0.9167579144323945,0,0,2,1,0
sheey,qokol,211,106,0.9198568736704943,0,0,1,0,0
sheey,shody,211,44,0.8405681042354737,0,0,0,1,0
sheey,olkar,211,63,0.9758476496395588,0,0,1,0,0
sheey,qotchy,211,20,0.7727084424571654,0,0,1,1,0
sheey,taiin,211,49,0.940508929348492,0,0,1,0,0
sheey,sham,211,21,0.9104341043034665,0,0,1,0,0
sheey,sar,211,43,0.9651382615848284,0,0,1,0,0
sheey,lchaiin,211,24,0.9597221994967073,0,0,2,0,0
sheey,qoy,211,22,0.9150696508037425,0,0,1,1,0
sheey,shes,211,22,0.8269527739779744,0,1,1,0,0
sheey,okchey,211,32,0.9669823131626227,0,0,1,2,0
sheey,oleedy,211,26,0.9378965089203355,0,0,2,1,0
sheey,ody,211,28,0.9457479119855404,0,0,1,1,0
sheey,ykar,211,21,0.8406416925944833,0,0,0,0,0
sheey,dleo,211,22,0.8571838964278244,0,0,0,0,0
sheey,dleeol,211,22,0.9301522890742415,0,0,2,0,0
sheey,qokeor,211,20,0.8907272471625038,0,0,2,0,0
sheey,olkchdy,211,21,0.9064805098974517,0,0,2,1,0
sheey,chal,211,29,0.8336571867875198,0,0,1,0,0
sheey,tchaiin,211,21,0.916181865560522,0,0,2,0,0
sheey,qokeody,211,21,0.9157295798653325,0,0,3,1,0
sheey,ldy,211,21,0.8814698717251929,0,0,1,1,0
sheey,laiin,211,37,0.944188604270859,0,0,1,0,0
sheey,schdy,211,21,0.9344394137170545,0,0,0,1,0
sheey,sheckhy,211,39,0.9664694850062125,0,1,0,1,0
sheey,cheeor,211,26,0.883719245129225,0,0,1,0,0
sheey,otedal,211,22,0.9037556280143811,0,0,2,0,0
sheey,lsy,211,22,0.9506415027252227,0,0,1,1,0
sheey,qoko,211,24,0.8024437083588141,0,0,0,0,0
sheey,ytody,211,21,0.95196450959473,0,0,1,1,0
sheey,chody,211,23,0.9436499110974851,0,0,0,1,0
sheey,kchy,211,24,0.9352282346403799,0,0,1,1,0
sheey,ykal,211,24,0.8982163476817374,0,0,0,0,0
sheey,lsedy,211,28,0.9259674719405633,0,0,1,1,0
sheey,to,211,24,0.8899199832741658,0,0,2,0,0
sheey,pchdy,211,30,0.9254840627459008,0,0,0,1,0
sheey,qoeedy,211,23,0.9531446647817706,0,0,2,1,0
sheey,otor,211,20,0.9242706998691478,0,0,0,0,0
dam,oteedy,81,189,0.9627089192178834,0,0,3,0,0
dam,olkeedy,81,96,0.9396893866974647,0,0,4,0,0
dam,dleey,81,51,0.9328155777688205,0,0,2,0,0
dam,shor,81,45,0.9527170126045823,0,0,0,0,0
dam,qokaiin,81,504,0.964879009770927,0,0,4,0,0
dam,olkal,81,50,0.9453253410901468,0,0,2,0,0
dam,chs,81,34,0.9176906505790294,0,0,1,0,0
dam,okeey,81,173,0.9681382044373428,0,0,2,0,0
dam,kd,81,24,0.9172557646752143,0,0,1,0,0
dam,lchey,81,57,0.9315607575709993,0,0,1,0,0
dam,chol,81,136,0.953993728504857,0,0,0,0,0
dam,qotedy,81,142,0.9507599874719705,0,0,3,0,0
dam,oteey,81,169,0.9739711485776502,0,0,2,0,0
dam,cheol,81,107,0.9474411559052975,0,0,1,0,0
dam,okol,81,39,0.9179332314497631,0,0,1,0,0
dam,lkar,81,20,0.8383501842818527,0,0,1,0,0
dam,otchdy,81,44,0.9401632153034032,0,0,2,0,0
dam,qotain,81,94,0.9444249088446223,0,0,3,0,0
dam,lchedy,81,177,0.9535270758635249,0,0,2,0,0
dam,daiin,81,462,0.977664908140501,0,1,2,0,1
dam,aiin,81,327,0.9424488795965056,0,0,1,0,0
dam,dal,81,174,0.9653303130979973,0,1,0,0,1
dam,or,81,253,0.9483555141285855,0,0,1,0,0
dam,otar,81,139,0.9500894296813984,0,0,1,0,0
dam,araiin,81,21,0.9187604190409239,0,0,3,0,0
dam,shar,81,33,0.9123988520453106,0,0,0,0,0
dam,aredy,81,27,0.9338777321245143,0,0,2,0,0
dam,tor,81,25,0.8911668110053028,0,0,0,0,0
dam,kal,81,50,0.9382275744245673,0,0,0,0,0
dam,olky,81,34,0.9399583677948371,0,0,1,0,0
dam,shol,81,172,0.9744929665607109,0,0,0,0,0
dam,otody,81,26,0.8874403660110388,0,0,2,0,0
dam,ofeey,81,23,0.8333400537363426,0,0,2,0,0
dam,qokey,81,76,0.9449169347027856,0,0,2,0,0
dam,pcheey,81,22,0.8335659311452409,0,0,2,0,0
dam,chdaiin,81,33,0.9263021722341551,0,0,3,0,0
dam,otal,81,97,0.9561800001890883,0,0,1,0,0
dam,air,81,59,0.9288341434116489,0,0,0,0,0
dam,qokeo,81,20,0.9015041555399371,0,0,2,0,0
dam,ytedy,81,23,0.8729913471909314,0,0,2,0,0
dam,ain,81,145,0.9546541146171857,0,0,0,0,0
dam,qotal,81,46,0.9323297752444237,0,0,2,0,0
dam,dair,81,89,0.9740486089315478,0,1,1,0,1
dam,qokor,81,45,0.9388001687141861,0,0,2,0,0
dam,chdy,81,244,0.9509491111582645,0,0,0,0,0
dam,olkaiin,81,112,0.9410994690247468,0,0,4,0,0
dam,okchy,81,33,0.9340993647942669,0,0,1,0,0
dam,olchedy,81,22,0.928117210963073,0,0,3,0,0
dam,okedy,81,121,0.9701824747687419,0,0,2,0,0
dam,otchy,81,36,0.928688428688893,0,0,1,0,0
dam,lkaiin,81,102,0.9636155725787979,0,0,3,0,0
dam,qokchedy,81,58,0.9051034680158221,0,0,4,0,0
dam,cthdy,81,33,0.9503508609314224,0,0,0,0,0
dam,otchey,81,27,0.8659257451696409,0,0,2,0,0
dam,oddy,81,26,0.8782890017075059,0,0,1,0,0
dam,chy,81,43,0.936375101979428,0,0,1,0,0
dam,char,81,32,0.889094266543632,0,0,0,0,0
dam,cheedy,81,73,0.9511298005348365,0,0,2,0,0
dam,qoteey,81,92,0.9680660759057055,0,0,3,0,0
dam,tedy,81,38,0.912273310484504,0,0,1,0,0
dam,lkdy,81,26,0.862858103802055,0,0,1,0,0
dam,lkedy,81,20,0.9271034512565453,0,0,2,0,0
dam,opchdy,81,23,0.9416952056177956,0,0,2,0,0
dam,okor,81,25,0.8811445245882091,0,0,1,0,0
dam,lkain,81,63,0.9582472422176553,0,0,2,0,0
dam,olkeey,81,94,0.9527776425764197,0,0,3,0,0
dam,qokal,81,215,0.9603230147318281,0,0,2,0,0
dam,chckhey,81,45,0.9370430510941714,0,0,1,0,0
dam,otol,81,40,0.8818296433007918,0,0,1,0,0
dam,qoty,81,21,0.9256511029488639,0,0,1,0,0
dam,kar,81,55,0.9398712812835394,0,0,0,0,0
dam,oty,81,68,0.9300039927145931,0,0,0,0,0
dam,tdy,81,32,0.9380570305454948,0,0,0,0,0
dam,ychy,81,21,0.9098667188299839,0,0,0,0,0
dam,otey,81,31,0.9095832718779785,0,0,1,0,0
dam,qotaiin,81,92,0.9568776855673464,0,0,4,0,0
dam,olkain,81,83,0.9435256919337222,0,0,3,0,0
dam,okey,81,27,0.919885599479105,0,0,1,0,0
dam,kaiin,81,22,0.8997754635045666,0,0,2,0,0
dam,ky,81,30,0.9016157815885184,0,0,1,0,0
dam,qokchy,81,75,0.9589213604013853,0,0,2,0,0
dam,daryeey,81,20,0.7684532448570603,0,1,4,0,0
dam,olkedy,81,35,0.8974311732992571,0,0,3,0,0
dam,qokol,81,106,0.8936112945622883,0,0,2,0,0
dam,shody,81,44,0.8235085778878046,0,0,1,0,0
dam,olkar,81,63,0.9541538031573094,0,0,2,0,0
dam,qotchy,81,20,0.757440196408275,0,0,2,0,0
dam,taiin,81,49,0.9289334637835943,0,0,2,0,0
dam,sham,81,21,0.8915241673163387,1,0,0,2,0
dam,sar,81,43,0.9384993232671589,0,0,0,0,0
dam,lchaiin,81,24,0.931342282318338,0,0,3,0,0
dam,qoy,81,22,0.8933381844311756,0,0,0,0,0
dam,shes,81,22,0.8067463222226446,0,0,0,0,0
dam,okchey,81,32,0.9514384846487721,0,0,2,0,0
dam,oleedy,81,26,0.9209317061396419,0,0,3,0,0
dam,ody,81,28,0.918264846924582,0,0,0,0,0
dam,ykar,81,21,0.8248900219951122,0,0,1,0,0
dam,dleo,81,22,0.8347412173244069,0,0,1,0,0
dam,dleeol,81,22,0.9063633024946604,0,0,3,0,0
dam,qokeor,81,20,0.8644648766399456,0,0,3,0,0
dam,olkchdy,81,21,0.9002749978115508,0,0,3,0,0
dam,chal,81,29,0.821918075061704,0,0,0,0,0
dam,tchaiin,81,21,0.9027792674996825,0,0,3,0,0
dam,qokeody,81,21,0.9015524144890525,0,0,4,0,0
dam,ldy,81,21,0.8724831234511222,0,0,0,0,0
dam,laiin,81,37,0.9421484544568958,0,0,2,0,0
dam,schdy,81,21,0.9307173558089582,0,0,1,0,0
dam,sheckhy,81,39,0.9464863347010649,0,0,1,0,0
dam,cheeor,81,26,0.8602356516351122,0,0,2,0,0
dam,otedal,81,22,0.8814163430575571,0,0,3,0,0
dam,lsy,81,22,0.9236378863565222,0,0,0,0,0
dam,qoko,81,24,0.756581859743637,0,0,1,0,0
dam,ytody,81,21,0.938184627535112,0,0,2,0,0
dam,chody,81,23,0.9152923405750776,0,0,1,0,0
dam,kchy,81,24,0.9215225760326384,0,0,0,0,0
dam,ykal,81,24,0.8772791849396894,0,0,1,0,0
dam,lsedy,81,28,0.9121229713282129,0,0,2,0,0
dam,to,81,24,0.8728689013733186,0,0,1,0,0
dam,pchdy,81,30,0.9093929161826295,0,0,1,0,0
dam,qoeedy,81,23,0.9278457017665015,0,0,3,0,0
dam,otor,81,20,0.9064074796860235,0,0,1,0,0
oteedy,olkeedy,189,96,0.9790024790280147,0,0,1,4,1
oteedy,dleey,189,51,0.9479203026648153,0,0,1,1,0
oteedy,shor,189,45,0.9642843481959618,0,0,3,0,0
oteedy,qokaiin,189,504,0.9861607514282905,0,0,1,0,0
oteedy,olkal,189,50,0.9724946975296217,0,0,1,0,0
oteedy,chs,189,34,0.9509349534548452,0,0,4,0,0
oteedy,okeey,189,173,0.9588551169258008,0,0,1,1,0
oteedy,kd,189,24,0.9544132020215454,0,0,4,0,0
oteedy,lchey,189,57,0.9544661509065024,0,0,2,1,0
oteedy,chol,189,136,0.980839059000252,0,0,3,0,0
oteedy,qotedy,189,142,0.9771289670198138,0,0,0,3,0
oteedy,oteey,189,169,0.9839677893936113,0,1,1,1,0
oteedy,cheol,189,107,0.9653816589774298,0,0,2,0,0
oteedy,okol,189,39,0.9409811879073959,0,0,2,0,0
oteedy,lkar,189,20,0.8899793399492135,0,0,2,0,0
oteedy,otchdy,189,44,0.9464403111608537,0,1,1,2,0
oteedy,qotain,189,94,0.968746861386516,0,0,0,0,0
oteedy,lchedy,189,177,0.9716582875097184,0,0,1,3,0
oteedy,daiin,189,462,0.9841447387744674,0,0,1,0,0
oteedy,aiin,189,327,0.9686077004883087,0,0,2,0,0
oteedy,dal,189,174,0.9748377572196587,0,0,3,0,0
oteedy,or,189,253,0.9746812927863363,0,0,4,0,0
oteedy,otar,189,139,0.9767371151745454,0,1,2,0,0
oteedy,araiin,189,21,0.9329479194275112,0,0,0,0,0
oteedy,shar,189,33,0.9277560514037252,0,0,3,0,0
oteedy,aredy,189,27,0.9441728506796088,0,0,1,3,0
oteedy,tor,189,25,0.9019515384341807,0,0,3,0,0
oteedy,kal,189,50,0.9593898045488161,0,0,3,0,0
oteedy,olky,189,34,0.9557768848562059,0,0,2,1,0
oteedy,shol,189,172,0.9801698771138696,0,0,3,0,0
oteedy,otody,189,26,0.9132180179815178,0,1,1,2,0
oteedy,ofeey,189,23,0.8772875188698037,0,0,1,1,0
oteedy,qokey,189,76,0.9605873147588144,0,0,1,1,0
oteedy,pcheey,189,22,0.8692607588306288,0,0,1,1,0
oteedy,chdaiin,189,33,0.951100879137231,0,0,0,0,0
oteedy,otal,189,97,0.9724980060661153,0,1,2,0,0
oteedy,air,189,59,0.9445642698555002,0,0,3,0,0
oteedy,qokeo,189,20,0.9304786406901522,0,0,1,0,0
oteedy,ytedy,189,23,0.8733360155635933,0,0,1,3,0
oteedy,ain,189,145,0.9698079542426709,0,0,3,0,0
oteedy,qotal,189,46,0.9644238588177803,0,0,1,0,0
oteedy,dair,189,89,0.9757085934472571,0,0,2,0,0
oteedy,qokor,189,45,0.962450851021322,0,0,1,0,0
oteedy,chdy,189,244,0.9745434215200841,0,0,3,2,0
oteedy,olkaiin,189,112,0.9664136560363559,0,0,1,0,0
oteedy,okchy,189,33,0.9554333895145986,0,0,2,1,0
oteedy,olchedy,189,22,0.9269260765564348,0,0,0,3,0
oteedy,okedy,189,121,0.976809579986661,0,0,1,3,0
oteedy,otchy,189,36,0.9535201026698433,0,1,2,1,0
oteedy,lkaiin,189,102,0.9848791246477432,0,0,0,0,0
oteedy,qokchedy,189,58,0.9075501196223371,0,0,1,3,0
oteedy,cthdy,189,33,0.9698875625200047,0,0,3,2,0
oteedy,otchey,189,27,0.8714040898907339,0,1,1,1,0
oteedy,oddy,189,26,0.9086381640312277,0,0,2,2,0
oteedy,chy,189,43,0.9599004129597091,0,0,4,1,0
oteedy,char,189,32,0.9035544943451232,0,0,3,0,0
oteedy,cheedy,189,73,0.9704144964334442,0,0,1,4,0
oteedy,qoteey,189,92,0.9682548427748365,0,0,0,1,0
oteedy,tedy,189,38,0.9490579999077261,0,0,2,3,0
oteedy,lkdy,189,26,0.9031478043530276,0,0,2,2,0
oteedy,lkedy,189,20,0.939708899909522,0,0,1,3,0
oteedy,opchdy,189,23,0.9598655841415159,0,0,1,2,0
oteedy,okor,189,25,0.9109371671648568,0,0,2,0,0
oteedy,lkain,189,63,0.976178376327314,0,0,1,0,0
oteedy,olkeey,189,94,0.9736748629991724,0,0,0,1,0
oteedy,qokal,189,215,0.9828717774977631,0,0,1,0,0
oteedy,chckhey,189,45,0.9613978942232908,0,0,2,1,0
oteedy,otol,189,40,0.8972725591483227,0,1,2,0,0
oteedy,qoty,189,21,0.9603391253168808,0,0,2,1,0
oteedy,kar,189,55,0.9569071080387529,0,0,3,0,0
oteedy,oty,189,68,0.9596307622297557,0,1,3,1,0
oteedy,tdy,189,32,0.9519317121180172,0,0,3,2,0
oteedy,ychy,189,21,0.9478569559457747,0,0,3,1,0
oteedy,otey,189,31,0.9364047998105702,0,1,2,1,0
oteedy,qotaiin,189,92,0.9739796680848514,0,0,1,0,0
oteedy,olkain,189,83,0.9599840497510559,0,0,0,0,0
oteedy,okey,189,27,0.9556159389938288,0,0,2,1,0
oteedy,kaiin,189,22,0.9331157329464189,0,0,1,0,0
oteedy,ky,189,30,0.9446809031851244,0,0,4,1,0
oteedy,qokchy,189,75,0.9725808553433516,0,0,1,1,0
oteedy,daryeey,189,20,0.7925308168909302,0,0,1,1,0
oteedy,olkedy,189,35,0.9363734894823716,0,0,0,3,0
oteedy,qokol,189,106,0.9162228067986085,0,0,1,0,0
oteedy,shody,189,44,0.8204916792328918,0,0,2,2,0
oteedy,olkar,189,63,0.9799418361988997,0,0,1,0,0
oteedy,qotchy,189,20,0.7851582769576495,0,0,1,1,0
oteedy,taiin,189,49,0.9622649645089245,0,0,1,0,0
oteedy,sham,189,21,0.9024286396103353,0,0,3,0,0
oteedy,sar,189,43,0.9647901018550107,0,0,3,0,0
oteedy,lchaiin,189,24,0.9462163850515263,0,0,0,0,0
oteedy,qoy,189,22,0.901481469826167,0,0,3,1,0
oteedy,shes,189,22,0.8032608344694363,0,0,3,0,0
oteedy,okchey,189,32,0.9491193240825704,0,0,1,1,0
oteedy,oleedy,189,26,0.9485105810656994,1,0,0,4,0
oteedy,ody,189,28,0.9298811613331092,0,0,3,2,0
oteedy,ykar,189,21,0.8523876401988503,0,0,2,0,0
oteedy,dleo,189,22,0.8406289051620364,0,0,2,0,0
oteedy,dleeol,189,22,0.9378364919037421,0,0,0,0,0
oteedy,qokeor,189,20,0.8960778974885137,0,0,0,0,0
oteedy,olkchdy,189,21,0.9053311998094905,0,0,0,2,0
oteedy,chal,189,29,0.8614956209695293,0,0,3,0,0
oteedy,tchaiin,189,21,0.9329389226591901,0,0,0,0,0
oteedy,qokeody,189,21,0.9048949656135487,0,0,1,2,0
oteedy,ldy,189,21,0.8837176103544159,0,0,3,2,0
oteedy,laiin,189,37,0.9434079312818479,0,0,1,0,0
oteedy,schdy,189,21,0.9440273896966992,0,0,2,2,0
oteedy,sheckhy,189,39,0.9695835943702732,0,0,2,1,0
oteedy,cheeor,189,26,0.9032675562264926,0,0,1,0,0
oteedy,otedal,189,22,0.8865031077974829,0,1,0,0,0
oteedy,lsy,189,22,0.9462069135606249,0,0,3,1,0
oteedy,qoko,189,24,0.7683760855355802,0,0,2,0,0
oteedy,ytody,189,21,0.9450062583339077,0,0,1,2,0
oteedy,chody,189,23,0.9529781255336361,0,0,2,2,0
oteedy,kchy,189,24,0.9482902205501892,0,0,3,1,0
oteedy,ykal,189,24,0.905373840766007,0,0,2,0,0
oteedy,lsedy,189,28,0.9133699588314659,0,0,1,3,0
oteedy,to,189,24,0.9132708483613364,0,0,4,0,0
oteedy,pchdy,189,30,0.944482568297711,0,0,2,2,0
oteedy,qoeedy,189,23,0.9467196776959745,1,0,0,4,0
oteedy,otor,189,20,0.9370343959936599,0,1,2,0,0
olkeedy,dleey,96,51,0.9594335212264702,0,0,2,1,0
olkeedy,shor,96,45,0.9369299240632895,0,0,4,0,0
olkeedy,qokaiin,96,504,0.9754732700338834,0,0,0,0,0
olkeedy,olkal,96,50,0.9639397429525589,0,1,2,0,0
olkeedy,chs,96,34,0.9407911852750733,0,0,5,0,0
olkeedy,okeey,96,173,0.9222790055511539,0,0,2,1,0
olkeedy,kd,96,24,0.9525163513084016,0,0,5,0,0
olkeedy,lchey,96,57,0.9562330166964914,0,0,3,1,0
olkeedy,chol,96,136,0.9643720385967315,0,0,4,0,0
olkeedy,qotedy,96,142,0.9637790695793405,0,0,1,3,0
olkeedy,oteey,96,169,0.9598249031608154,0,0,2,1,0
olkeedy,cheol,96,107,0.9405466086402127,0,0,3,0,0
olkeedy,okol,96,39,0.9213747514653248,0,0,3,0,0
olkeedy,lkar,96,20,0.9209217006291637,0,0,3,0,0
olkeedy,otchdy,96,44,0.9246948925664242,0,0,2,2,0
olkeedy,qotain,96,94,0.9513702692990382,0,0,1,0,0
olkeedy,lchedy,96,177,0.9474069999722892,0,0,2,3,0
olkeedy,daiin,96,462,0.9658384617444145,0,0,2,0,0
olkeedy,aiin,96,327,0.9672524436300372,0,0,3,0,0
olkeedy,dal,96,174,0.9675071628829202,0,0,4,0,0
olkeedy,or,96,253,0.9661841750961568,0,0,5,0,0
olkeedy,otar,96,139,0.9725893513786927,0,0,3,0,0
olkeedy,araiin,96,21,0.9126626378654599,0,0,1,0,0
olkeedy,shar,96,33,0.89908424998292,0,0,4,0,0
olkeedy,aredy,96,27,0.9054224293357203,0,0,2,3,0
olkeedy,tor,96,25,0.8555670650256334,0,0,4,0,0
olkeedy,kal,96,50,0.9346136761785498,0,0,4,0,0
olkeedy,olky,96,34,0.9349517170094974,0,1,3,1,0
olkeedy,shol,96,172,0.9560648883984864,0,0,4,0,0
olkeedy,otody,96,26,0.8886028585855897,0,0,2,2,0
olkeedy,ofeey,96,23,0.8976244386966018,0,0,2,1,0
olkeedy,qokey,96,76,0.9369295654210275,0,0,2,1,0
olkeedy,pcheey,96,22,0.8968190497653906,0,0,2,1,0
olkeedy,chdaiin,96,33,0.940022393400977,0,0,1,0,0
olkeedy,otal,96,97,0.9436812857440142,0,0,3,0,0
olkeedy,air,96,59,0.9142840980757798,0,0,4,0,0
olkeedy,qokeo,96,20,0.9271871307319376,0,0,2,0,0
olkeedy,ytedy,96,23,0.8250704490677749,0,0,2,3,0
olkeedy,ain,96,145,0.955741341947491,0,0,4,0,0
olkeedy,qotal,96,46,0.9632627203135294,0,0,2,0,0
olkeedy,dair,96,89,0.958641332208188,0,0,3,0,0
olkeedy,qokor,96,45,0.9372777966135627,0,0,2,0,0
olkeedy,chdy,96,244,0.9608804229265593,0,0,4,2,0
olkeedy,olkaiin,96,112,0.9617308356787153,0,1,0,0,0
olkeedy,okchy,96,33,0.9411107078942631,0,0,3,1,0
olkeedy,olchedy,96,22,0.8898721663518592,0,1,1,3,0
olkeedy,okedy,96,121,0.953581409665856,0,0,2,3,0
olkeedy,otchy,96,36,0.9479533226390512,0,0,3,1,0
olkeedy,lkaiin,96,102,0.9652414866945498,0,0,1,0,0
olkeedy,qokchedy,96,58,0.8736049373452581,0,0,0,3,0
olkeedy,cthdy,96,33,0.9601638801535265,0,0,4,2,0
olkeedy,otchey,96,27,0.8461214647676433,0,0,2,1,0
olkeedy,oddy,96,26,0.8956571368922479,0,0,3,2,0
olkeedy,chy,96,43,0.9311736593985489,0,0,5,1,0
olkeedy,char,96,32,0.8749648688594012,0,0,4,0,0
olkeedy,cheedy,96,73,0.9541140130272386,0,0,2,4,0
olkeedy,qoteey,96,92,0.9473211786319801,0,0,1,1,0
olkeedy,tedy,96,38,0.9547413397621163,0,0,3,3,0
olkeedy,lkdy,96,26,0.9136029943069275,0,0,3,2,0
olkeedy,lkedy,96,20,0.9076225075389707,0,0,2,3,0
olkeedy,opchdy,96,23,0.9497977057199952,0,0,2,2,0
olkeedy,okor,96,25,0.8743958881069542,0,0,3,0,0
olkeedy,lkain,96,63,0.9648614632375073,0,0,2,0,0
olkeedy,olkeey,96,94,0.9746591374393355,0,1,1,1,0
olkeedy,qokal,96,215,0.9633686321637231,0,0,2,0,0
olkeedy,chckhey,96,45,0.9624880256484247,0,0,3,1,0
olkeedy,otol,96,40,0.8658603885493196,0,0,3,0,0
olkeedy,qoty,96,21,0.9504798775258992,0,0,3,1,0
olkeedy,kar,96,55,0.9314314225065098,0,0,4,0,0
olkeedy,oty,96,68,0.9580609178496756,0,0,4,1,0
olkeedy,tdy,96,32,0.9159877012107578,0,0,4,2,0
olkeedy,ychy,96,21,0.9383788985388359,0,0,4,1,0
olkeedy,otey,96,31,0.926753926485774,0,0,3,1,0
olkeedy,qotaiin,96,92,0.95236191546695,0,0,0,0,0
olkeedy,olkain,96,83,0.9421722569470421,0,1,1,0,0
olkeedy,okey,96,27,0.9470366342734512,0,0,3,1,0
olkeedy,kaiin,96,22,0.9207145535478141,0,0,2,0,0
olkeedy,ky,96,30,0.9545549327784759,0,0,5,1,0
olkeedy,qokchy,96,75,0.9523569994687553,0,0,2,1,0
olkeedy,daryeey,96,20,0.8050080992747679,0,0,0,1,0
olkeedy,olkedy,96,35,0.9443201183660003,0,1,1,3,0
olkeedy,qokol,96,106,0.8943568987509997,0,0,2,0,0
olkeedy,shody,96,44,0.7939828922490233,0,0,3,2,0
olkeedy,olkar,96,63,0.9643477903753379,0,1,2,0,0
olkeedy,qotchy,96,20,0.8191129770469697,0,0,2,1,0
olkeedy,taiin,96,49,0.9569123375297669,0,0,2,0,0
olkeedy,sham,96,21,0.8863589409570684,0,0,4,0,0
olkeedy,sar,96,43,0.9535513641827945,0,0,4,0,0
olkeedy,lchaiin,96,24,0.9062067118647933,0,0,1,0,0
olkeedy,qoy,96,22,0.8622469699198176,0,0,4,1,0
olkeedy,shes,96,22,0.7486270575910955,0,0,4,0,0
olkeedy,okchey,96,32,0.911369398127408,0,0,2,1,0
olkeedy,oleedy,96,26,0.9500048801377067,0,1,1,4,0
olkeedy,ody,96,28,0.8923732509890077,0,0,4,2,0
olkeedy,ykar,96,21,0.8685801707276074,0,0,3,0,0
olkeedy,dleo,96,22,0.8216824061495386,0,0,3,0,0
olkeedy,dleeol,96,22,0.9304628821583542,0,0,1,0,0
olkeedy,qokeor,96,20,0.8901136904255894,0,0,1,0,0
olkeedy,olkchdy,96,21,0.9075980435710085,0,1,1,2,0
olkeedy,chal,96,29,0.8861025271856261,0,0,4,0,0
olkeedy,tchaiin,96,21,0.9366869988746829,0,0,1,0,0
olkeedy,qokeody,96,21,0.8645453806819905,0,0,0,2,0
olkeedy,ldy,96,21,0.8580255582576019,0,0,4,2,0
olkeedy,laiin,96,37,0.9116268822324153,0,0,2,0,0
olkeedy,schdy,96,21,0.9299674211687107,0,0,3,2,0
olkeedy,sheckhy,96,39,0.9506121150573945,0,0,3,1,0
olkeedy,cheeor,96,26,0.9328386803628057,0,0,2,0,0
olkeedy,otedal,96,22,0.8484655480536207,0,0,1,0,0
olkeedy,lsy,96,22,0.9175077335989086,0,0,4,1,0
olkeedy,qoko,96,24,0.7065726785268778,0,0,3,0,0
olkeedy,ytody,96,21,0.9319579285586093,0,0,2,2,0
olkeedy,chody,96,23,0.9382409303563964,0,0,3,2,0
olkeedy,kchy,96,24,0.9552760819641876,0,0,4,1,0
olkeedy,ykal,96,24,0.8896120614759538,0,0,3,0,0
olkeedy,lsedy,96,28,0.8852160955371154,0,0,2,3,0
olkeedy,to,96,24,0.926136453419303,0,0,5,0,0
olkeedy,pchdy,96,30,0.9383291545552442,0,0,3,2,0
olkeedy,qoeedy,96,23,0.9259895477730822,0,0,1,4,0
olkeedy,otor,96,20,0.9283992599833368,0,0,3,0,0
dleey,shor,51,45,0.9196352664834976,0,0,2,0,0
dleey,qokaiin,51,504,0.9541318183816206,0,0,2,0,0
dleey,olkal,51,50,0.9326976258119911,0,0,0,0,0
dleey,chs,51,34,0.9165342137830781,0,0,3,0,0
dleey,okeey,51,173,0.8979249533566687,1,0,0,3,0
dleey,kd,51,24,0.9300495017831701,0,0,3,0,0
dleey,lchey,51,57,0.940215687521399,0,0,1,2,0
dleey,chol,51,136,0.9368126273255211,0,0,2,0,0
dleey,qotedy,51,142,0.9367811389086846,0,0,1,1,0
dleey,oteey,51,169,0.9355572543664632,1,0,0,3,0
dleey,cheol,51,107,0.9145434965519832,0,0,1,0,0
dleey,okol,51,39,0.8868909660859807,0,0,1,0,0
dleey,lkar,51,20,0.888214492995705,0,0,1,0,0
dleey,otchdy,51,44,0.9034752055144123,0,0,0,1,0
dleey,qotain,51,94,0.9256981801267199,0,0,1,0,0
dleey,lchedy,51,177,0.9221894187283528,0,0,0,1,0
dleey,daiin,51,462,0.9477860216155147,0,0,0,0,0
dleey,aiin,51,327,0.9422326108530574,0,0,1,0,0
dleey,dal,51,174,0.9476790370029485,0,0,2,0,0
dleey,or,51,253,0.9418813844883532,0,0,3,0,0
dleey,otar,51,139,0.9411773371191333,0,0,1,0,0
dleey,araiin,51,21,0.8949343974086497,0,0,1,0,0
dleey,shar,51,33,0.8870524244827462,0,0,2,0,0
dleey,aredy,51,27,0.8726948703700061,0,0,0,1,0
dleey,tor,51,25,0.8170065521769879,0,0,2,0,0
dleey,kal,51,50,0.9119905674074761,0,0,2,0,0
dleey,olky,51,34,0.9138362000695178,0,0,1,1,0
dleey,shol,51,172,0.9340846753858456,0,0,2,0,0
dleey,otody,51,26,0.8568840579710145,0,0,0,1,0
dleey,ofeey,51,23,0.8827854845869321,1,0,0,3,1
dleey,qokey,51,76,0.9256724897189814,0,0,0,2,0
dleey,pcheey,51,22,0.868226394091663,1,0,0,3,0
dleey,chdaiin,51,33,0.926769953290735,0,0,1,0,0
dleey,otal,51,97,0.9218631741900233,0,0,1,0,0
dleey,air,51,59,0.8907009951525091,0,0,2,0,0
dleey,qokeo,51,20,0.8980265101338746,0,0,0,0,0
dleey,ytedy,51,23,0.8129240369729276,0,0,0,1,0
dleey,ain,51,145,0.9359463281801502,0,0,2,0,0
dleey,qotal,51,46,0.9358834222451212,0,0,0,0,0
dleey,dair,51,89,0.9464165842088361,0,0,1,0,0
dleey,qokor,51,45,0.9017249218272868,0,0,0,0,0
dleey,chdy,51,244,0.9354199028691254,0,0,2,1,0
dleey,olkaiin,51,112,0.9432864455491277,0,0,2,0,0
dleey,okchy,51,33,0.9138487399361533,0,0,1,1,0
dleey,olchedy,51,22,0.8699422908077104,0,0,1,1,0
dleey,okedy,51,121,0.9348349586265225,0,0,0,1,0
dleey,otchy,51,36,0.9175170233762724,0,0,1,1,0
dleey,lkaiin,51,102,0.9454777013695393,0,0,1,0,0
dleey,qokchedy,51,58,0.8625042553040665,0,0,2,1,0
dleey,cthdy,51,33,0.9368811998490747,0,0,2,1,0
dleey,otchey,51,27,0.8094672611511027,0,0,0,2,0
dleey,oddy,51,26,0.8599295554844789,0,0,1,1,0
dleey,chy,51,43,0.9099349709600938,0,0,3,1,0
dleey,char,51,32,0.8609836415008096,0,0,2,0,0
dleey,cheedy,51,73,0.9370368601259369,0,0,0,1,0
dleey,qoteey,51,92,0.9216685403306092,0,0,1,3,0
dleey,tedy,51,38,0.9272402936686853,0,0,1,1,0
dleey,lkdy,51,26,0.8870652449194324,0,0,1,1,0
dleey,lkedy,51,20,0.8894490044184532,0,0,0,1,0
dleey,opchdy,51,23,0.9264747745776309,0,0,0,1,0
dleey,okor,51,25,0.8494059730831862,0,0,1,0,0
dleey,lkain,51,63,0.9471970140181183,0,0,0,0,0
dleey,olkeey,51,94,0.9455930225729807,0,0,1,3,0
dleey,qokal,51,215,0.9387970670240506,0,0,0,0,0
dleey,chckhey,51,45,0.9440315327501304,0,0,1,2,0
dleey,otol,51,40,0.8487076122202832,0,0,1,0,0
dleey,qoty,51,21,0.9284481976814165,0,0,1,1,0
dleey,kar,51,55,0.9131569481432817,0,0,2,0,0
dleey,oty,51,68,0.9322110906981805,0,0,2,1,0
dleey,tdy,51,32,0.8814909640013967,0,0,2,1,0
dleey,ychy,51,21,0.9161205330189615,0,0,2,1,0
dleey,otey,51,31,0.9093213621754755,0,0,1,2,0
dleey,qotaiin,51,92,0.9285913835969176,0,0,2,0,0
dleey,olkain,51,83,0.9165167703859457,0,0,1,0,0
dleey,okey,51,27,0.9241936577488409,0,0,1,2,0
dleey,kaiin,51,22,0.8947752268304809,0,0,0,0,0
dleey,ky,51,30,0.9284569557869972,0,0,3,1,0
dleey,qokchy,51,75,0.938471863377872,0,0,0,1,0
dleey,daryeey,51,20,0.8301355821246857,0,0,2,3,1
dleey,olkedy,51,35,0.916853045574943,0,0,1,1,0
dleey,qokol,51,106,0.864820605691196,0,0,0,0,0
dleey,shody,51,44,0.7667576697538113,0,0,1,1,0
dleey,olkar,51,63,0.9345300375143677,0,0,0,0,0
dleey,qotchy,51,20,0.7839550505284326,0,0,0,1,0
dleey,taiin,51,49,0.9103664774626047,0,0,0,0,0
dleey,sham,51,21,0.8736594572398384,0,0,2,0,0
dleey,sar,51,43,0.9246756699665668,0,0,2,0,0
dleey,lchaiin,51,24,0.8756629998355323,0,0,1,0,0
dleey,qoy,51,22,0.8564670077861112,0,0,2,1,0
dleey,shes,51,22,0.7337529788647982,0,0,2,0,0
dleey,okchey,51,32,0.9039624758684569,0,0,0,2,0
dleey,oleedy,51,26,0.933407915953222,0,0,1,1,0
dleey,ody,51,28,0.8605275290585146,0,0,2,1,0
dleey,ykar,51,21,0.8559854497052625,0,0,1,0,0
dleey,dleo,51,22,0.807862383562836,0,1,1,0,1
dleey,dleeol,51,22,0.9110752856760802,0,1,1,0,1
dleey,qokeor,51,20,0.8746064828863398,0,0,1,0,0
dleey,olkchdy,51,21,0.8915694197569511,0,0,1,1,0
dleey,chal,51,29,0.8679115498388111,0,0,2,0,0
dleey,tchaiin,51,21,0.9019309732214131,0,0,1,0,0
dleey,qokeody,51,21,0.8318679014832521,0,0,2,1,0
dleey,ldy,51,21,0.8370986397288469,0,0,2,1,0
dleey,laiin,51,37,0.8913043478260869,0,0,0,0,0
dleey,schdy,51,21,0.9053574604251853,0,0,1,1,0
dleey,sheckhy,51,39,0.9180244490074888,0,0,1,1,0
dleey,cheeor,51,26,0.901696224154967,0,0,0,0,0
dleey,otedal,51,22,0.8203937250802701,0,0,1,0,0
dleey,lsy,51,22,0.8920380481546653,0,0,2,1,0
dleey,qoko,51,24,0.6758970328325229,0,0,1,0,0
dleey,ytody,51,21,0.921775598037597,0,0,0,1,0
dleey,chody,51,23,0.9163879598662207,0,0,1,1,0
dleey,kchy,51,24,0.9389456545818401,0,0,2,1,0
dleey,ykal,51,24,0.8788437779133286,0,0,1,0,0
dleey,lsedy,51,28,0.8790305113307638,0,0,0,1,0
dleey,to,51,24,0.8856757765028986,0,0,3,0,0
dleey,pchdy,51,30,0.9079593845004518,0,0,1,1,0
dleey,qoeedy,51,23,0.9116762356840497,0,0,1,1,0
dleey,otor,51,20,0.8931810937271643,0,0,1,0,0
shor,qokaiin,45,504,0.9649762905101741,0,0,4,0,0
shor,olkal,45,50,0.9518961343021506,0,0,2,0,0
shor,chs,45,34,0.9433937746209845,0,0,1,0,0
shor,okeey,45,173,0.9562422960085708,0,0,2,0,0
shor,kd,45,24,0.9143206919978124,0,0,1,0,0
shor,lchey,45,57,0.9302862086622932,0,0,1,0,0
shor,chol,45,136,0.9623964031788862,0,0,0,0,0
shor,qotedy,45,142,0.9496430183748934,0,0,3,0,0
shor,oteey,45,169,0.9703535030388384,0,0,2,0,0
shor,cheol,45,107,0.9569998347916217,0,0,1,0,0
shor,okol,45,39,0.9163117652588294,0,0,1,0,0
shor,lkar,45,20,0.8356875433334531,0,0,1,1,0
shor,otchdy,45,44,0.9387714302346958,0,0,2,0,0
shor,qotain,45,94,0.9501134763924008,0,0,3,0,0
shor,lchedy,45,177,0.9572328774089517,0,0,2,0,0
shor,daiin,45,462,0.9659505304303613,0,0,2,0,0
shor,aiin,45,327,0.9359747331623003,0,0,1,0,0
shor,dal,45,174,0.9547574946215733,0,0,0,0,0
shor,or,45,253,0.950277180402148,0,0,1,2,0
shor,otar,45,139,0.9482796084415732,0,0,1,1,0
shor,araiin,45,21,0.9188530500255863,0,0,3,0,0
shor,shar,45,33,0.9161449811720349,1,0,0,1,0
shor,aredy,45,27,0.9317310717938576,0,0,2,0,0
shor,tor,45,25,0.9078009452601391,1,0,0,2,0
shor,kal,45,50,0.9418299145437548,0,0,0,0,0
shor,olky,45,34,0.9388129603515164,0,0,1,0,0
shor,shol,45,172,0.9673208606342231,0,1,0,0,0
shor,otody,45,26,0.9123806747539366,0,0,2,0,0
shor,ofeey,45,23,0.821948353768547,0,0,2,0,0
shor,qokey,45,76,0.9607768031075051,0,0,2,0,1
shor,pcheey,45,22,0.8211780439519618,0,0,2,0,0
shor,chdaiin,45,33,0.9369994670245793,0,0,3,0,0
shor,otal,45,97,0.9597264007448492,0,0,1,0,0
shor,air,45,59,0.930865362909923,1,0,0,1,0
shor,qokeo,45,20,0.8952188441253428,0,0,2,0,0
shor,ytedy,45,23,0.8813549974388648,0,0,2,0,0
shor,ain,45,145,0.9516363711042077,0,0,0,0,0
shor,qotal,45,46,0.9283520547761154,0,0,2,0,0
shor,dair,45,89,0.9633429677975213,0,0,1,1,0
shor,qokor,45,45,0.9422589383884801,0,0,2,2,0
shor,chdy,45,244,0.9556039776056395,0,0,0,0,0
shor,olkaiin,45,112,0.9378685771739785,0,0,4,0,0
shor,okchy,45,33,0.9414073920247883,0,0,1,0,0
shor,olchedy,45,22,0.9216183791696706,0,0,3,0,0
shor,okedy,45,121,0.9646790020148276,0,0,2,0,0
shor,otchy,45,36,0.9466432541060358,0,0,1,0,0
shor,lkaiin,45,102,0.9679429094897537,0,0,3,0,0
shor,qokchedy,45,58,0.9193855666258418,0,0,4,0,0
shor,cthdy,45,33,0.938775804446299,0,0,0,0,0
shor,otchey,45,27,0.8798644401860838,0,0,2,0,0
shor,oddy,45,26,0.8717047946465383,0,0,1,0,0
shor,chy,45,43,0.9436103439415514,0,0,1,0,0
shor,char,45,32,0.8974682286470419,1,0,0,1,0
shor,cheedy,45,73,0.9514433668392404,0,0,2,0,0
shor,qoteey,45,92,0.9520166322860437,0,0,3,0,0
shor,tedy,45,38,0.902281982040903,0,0,1,0,0
shor,lkdy,45,26,0.852041460190202,0,0,1,0,0
shor,lkedy,45,20,0.9238423759201355,0,0,2,0,0
shor,opchdy,45,23,0.9349902200534471,0,0,2,0,0
shor,okor,45,25,0.9102451610358578,0,0,1,2,0
shor,lkain,45,63,0.9645311532468959,0,0,2,0,0
shor,olkeey,45,94,0.9402712856555715,0,0,3,0,0
shor,qokal,45,215,0.9626392937324209,0,0,2,0,0
shor,chckhey,45,45,0.9361254977996359,0,0,1,0,0
shor,otol,45,40,0.895099398768874,0,0,1,0,0
shor,qoty,45,21,0.9389039600973907,0,0,1,0,0
shor,kar,45,55,0.95060716569023,1,0,0,1,0
shor,oty,45,68,0.927921241482731,0,0,0,0,0
shor,tdy,45,32,0.9346069536201465,0,0,0,0,0
shor,ychy,45,21,0.9216561599090911,0,0,0,0,0
shor,otey,45,31,0.9392705676319777,0,0,1,0,1
shor,qotaiin,45,92,0.9592834601776926,0,0,4,0,0
shor,olkain,45,83,0.9482602552067892,0,0,3,0,0
shor,okey,45,27,0.9457336166921014,0,0,1,0,1
shor,kaiin,45,22,0.9150871915641885,0,0,2,0,0
shor,ky,45,30,0.9034514724970113,0,0,1,0,0
shor,qokchy,45,75,0.9618374971301916,0,0,2,0,0
shor,daryeey,45,20,0.8016906766109791,0,0,4,0,0
shor,olkedy,45,35,0.9135037638826793,0,0,3,0,0
shor,qokol,45,106,0.8995463957901392,0,0,2,0,0
shor,shody,45,44,0.8150202900696647,0,1,1,0,0
shor,olkar,45,63,0.9573353374442902,0,0,2,1,0
shor,qotchy,45,20,0.7710436442931445,0,0,2,0,0
shor,taiin,45,49,0.9299085503374255,0,0,2,0,0
shor,sham,45,21,0.9014535961667174,0,0,0,0,0
shor,sar,45,43,0.9471640132473421,1,0,0,1,0
shor,lchaiin,45,24,0.9464125934650814,0,0,3,0,0
shor,qoy,45,22,0.9162634791989245,0,0,0,0,0
shor,shes,45,22,0.8387812304393731,0,0,0,0,0
shor,okchey,45,32,0.9506685919017567,0,0,2,0,0
shor,oleedy,45,26,0.9242449216177042,0,0,3,0,0
shor,ody,45,28,0.9234033478785854,0,0,0,0,0
shor,ykar,45,21,0.8112236356602546,0,0,1,1,0
shor,dleo,45,22,0.8715922981147087,0,0,1,0,0
shor,dleeol,45,22,0.943338012085324,0,0,3,0,0
shor,qokeor,45,20,0.8569682436887223,0,0,3,2,0
shor,olkchdy,45,21,0.8911612823363173,0,0,3,0,0
shor,chal,45,29,0.8250230045245325,0,0,0,0,0
shor,tchaiin,45,21,0.8913931225692515,0,0,3,0,0
shor,qokeody,45,21,0.8941170725490728,0,0,4,0,0
shor,ldy,45,21,0.8700780284269345,0,0,0,0,0
shor,laiin,45,37,0.9334725603456389,0,0,2,0,0
shor,schdy,45,21,0.9121692554496699,0,0,1,0,0
shor,sheckhy,45,39,0.951740244771094,0,0,1,0,0
shor,cheeor,45,26,0.8574237217365118,0,0,2,2,0
shor,otedal,45,22,0.9024934282097958,0,0,3,0,0
shor,lsy,45,22,0.9255711107074616,0,0,0,0,0
shor,qoko,45,24,0.7741663259397411,0,0,1,0,0
shor,ytody,45,21,0.9271971789065406,0,0,2,0,0
shor,chody,45,23,0.9224848606162219,0,0,1,0,0
shor,kchy,45,24,0.9184042817204173,0,0,0,0,0
shor,ykal,45,24,0.8854914081021913,0,0,1,0,0
shor,lsedy,45,28,0.9164138511031507,0,0,2,0,0
shor,to,45,24,0.8620288735433456,0,0,1,0,0
shor,pchdy,45,30,0.9030378743471519,0,0,1,0,0
shor,qoeedy,45,23,0.9306461893770646,0,0,3,0,0
shor,otor,45,20,0.9064988652263763,0,0,1,2,0
qokaiin,olkal,504,50,0.9734576575210261,0,0,2,0,0
qokaiin,chs,504,34,0.9495060141354819,0,0,5,0,0
qokaiin,okeey,504,173,0.959544903831444,0,0,2,0,0
qokaiin,kd,504,24,0.9543724327815629,0,0,5,0,0
qokaiin,lchey,504,57,0.9621379493748174,0,0,3,0,0
qokaiin,chol,504,136,0.9803707097121462,0,0,4,0,0
qokaiin,qotedy,504,142,0.9733970176460521,0,1,1,0,0
qokaiin,oteey,504,169,0.9838913431319892,0,0,2,0,0
qokaiin,cheol,504,107,0.9666112836954689,0,0,3,0,0
qokaiin,okol,504,39,0.9401237419816002,0,0,3,0,0
qokaiin,lkar,504,20,0.9018067237402205,0,0,3,0,0
qokaiin,otchdy,504,44,0.9529736797433381,0,0,2,0,0
qokaiin,qotain,504,94,0.9699647490780287,0,1,1,2,0
qokaiin,lchedy,504,177,0.9706383388136527,0,0,2,0,0
qokaiin,daiin,504,462,0.9879813325869348,0,0,2,4,0
qokaiin,aiin,504,327,0.9730524855263171,0,0,3,4,0
qokaiin,dal,504,174,0.9802832967713202,0,0,4,0,0
qokaiin,or,504,253,0.9782654651970398,0,0,5,0,0
qokaiin,otar,504,139,0.9798874819938762,0,0,3,0,0
qokaiin,araiin,504,21,0.9332151697084101,0,0,1,4,0
qokaiin,shar,504,33,0.9339828884328819,0,0,4,0,0
qokaiin,aredy,504,27,0.9350260395472041,0,0,2,0,0
qokaiin,tor,504,25,0.8930068193871488,0,0,4,0,0
qokaiin,kal,504,50,0.9611683280894564,0,0,4,0,0
qokaiin,olky,504,34,0.9624478651012242,0,0,3,0,0
qokaiin,shol,504,172,0.979518588191174,0,0,4,0,0
qokaiin,otody,504,26,0.9092469636245677,0,0,2,0,0
qokaiin,ofeey,504,23,0.8855350939736071,0,0,2,0,0
qokaiin,qokey,504,76,0.9657469272960797,0,1,2,0,0
qokaiin,pcheey,504,22,0.8867222495841613,0,0,2,0,0
qokaiin,chdaiin,504,33,0.9518059334709815,0,0,1,4,0
qokaiin,otal,504,97,0.9740439895220248,0,0,3,0,0
qokaiin,air,504,59,0.9446690213288045,0,0,4,0,0
qokaiin,qokeo,504,20,0.9373584875082738,0,1,2,0,0
qokaiin,ytedy,504,23,0.8646788143992271,0,0,2,0,0
qokaiin,ain,504,145,0.9702548029366188,0,0,4,2,0
qokaiin,qotal,504,46,0.9684378431565732,0,1,2,0,0
qokaiin,dair,504,89,0.9823253324003496,0,0,3,0,0
qokaiin,qokor,504,45,0.9551932416484048,0,1,2,0,0
qokaiin,chdy,504,244,0.9744973152977684,0,0,4,0,0
qokaiin,olkaiin,504,112,0.9797131385159988,1,0,0,5,1
qokaiin,okchy,504,33,0.9613730448723901,0,0,3,0,0
qokaiin,olchedy,504,22,0.92241976606285,0,0,1,0,0
qokaiin,okedy,504,121,0.9817277390748199,0,0,2,0,0
qokaiin,otchy,504,36,0.9612734505508612,0,0,3,0,0
qokaiin,lkaiin,504,102,0.9845012418359541,0,0,1,5,0
qokaiin,qokchedy,504,58,0.913268153311454,0,1,0,0,0
qokaiin,cthdy,504,33,0.9748118165525197,0,0,4,0,0
qokaiin,otchey,504,27,0.8774611094038518,0,0,2,0,0
qokaiin,oddy,504,26,0.9139192141695439,0,0,3,0,0
qokaiin,chy,504,43,0.9570598142467949,0,0,5,0,0
qokaiin,char,504,32,0.9043651182248549,0,0,4,0,0
qokaiin,cheedy,504,73,0.9760798704565509,0,0,2,0,0
qokaiin,qoteey,504,92,0.9682298202070637,0,1,1,0,0
qokaiin,tedy,504,38,0.9481608737347708,0,0,3,0,0
qokaiin,lkdy,504,26,0.9073377775198886,0,0,3,0,0
qokaiin,lkedy,504,20,0.9399714998384848,0,0,2,0,0
qokaiin,opchdy,504,23,0.9614538599095753,0,0,2,0,0
qokaiin,okor,504,25,0.9115211348750221,0,0,3,0,0
qokaiin,lkain,504,63,0.981725707227118,0,0,2,2,0
qokaiin,olkeey,504,94,0.974422604612432,0,0,1,0,0
qokaiin,qokal,504,215,0.9842470257915963,0,1,2,0,0
qokaiin,chckhey,504,45,0.968964553756523,0,0,3,0,0
qokaiin,otol,504,40,0.9007594021132255,0,0,3,0,0
qokaiin,qoty,504,21,0.9596351893326058,0,1,3,0,0
qokaiin,kar,504,55,0.9624951031573779,0,0,4,0,0
qokaiin,oty,504,68,0.9643813929200005,0,0,4,0,0
qokaiin,tdy,504,32,0.9404327393698267,0,0,4,0,0
qokaiin,ychy,504,21,0.9464750732459812,0,0,4,0,0
qokaiin,otey,504,31,0.9427152644066519,0,0,3,0,0
qokaiin,qotaiin,504,92,0.9816788921217707,0,1,0,4,1
qokaiin,olkain,504,83,0.9615868894228743,0,0,1,2,0
qokaiin,okey,504,27,0.9573355211641241,0,0,3,0,0
qokaiin,kaiin,504,22,0.932644279661188,0,0,2,5,0
qokaiin,ky,504,30,0.9516961831910069,0,0,5,0,0
qokaiin,qokchy,504,75,0.9757817955553476,0,1,2,0,0
qokaiin,daryeey,504,20,0.8110737371548971,0,0,0,0,0
qokaiin,olkedy,504,35,0.9420872223038848,0,0,1,0,0
qokaiin,qokol,504,106,0.92185055631353,0,1,2,0,0
qokaiin,shody,504,44,0.8373645096983686,0,0,3,0,0
qokaiin,olkar,504,63,0.982329698252861,0,0,2,0,0
qokaiin,qotchy,504,20,0.7997079721801271,0,1,2,0,0
qokaiin,taiin,504,49,0.9490234872153638,0,0,2,4,0
qokaiin,sham,504,21,0.9114732537911403,0,0,4,0,0
qokaiin,sar,504,43,0.9716141335164763,0,0,4,0,0
qokaiin,lchaiin,504,24,0.9438670167793011,0,0,1,4,0
qokaiin,qoy,504,22,0.9034086450520915,0,1,4,0,0
qokaiin,shes,504,22,0.8025919355759331,0,0,4,0,0
qokaiin,okchey,504,32,0.9529765108994567,0,0,2,0,0
qokaiin,oleedy,504,26,0.9480528874619333,0,0,1,0,0
qokaiin,ody,504,28,0.9308891612769667,0,0,4,0,0
qokaiin,ykar,504,21,0.8476132206675486,0,0,3,0,0
qokaiin,dleo,504,22,0.8473269391682869,0,0,3,0,0
qokaiin,dleeol,504,22,0.9368875563235094,0,0,1,0,0
qokaiin,qokeor,504,20,0.8950449040949484,0,1,1,0,0
qokaiin,olkchdy,504,21,0.9206234312358446,0,0,1,0,0
qokaiin,chal,504,29,0.8688682701531574,0,0,4,0,0
qokaiin,tchaiin,504,21,0.9327036967571464,0,0,1,4,0
qokaiin,qokeody,504,21,0.9095431874877082,0,1,0,0,0
qokaiin,ldy,504,21,0.8839627530929707,0,0,4,0,0
qokaiin,laiin,504,37,0.937958688338715,0,0,2,4,0
qokaiin,schdy,504,21,0.9477479811362518,0,0,3,0,0
qokaiin,sheckhy,504,39,0.9710728596908265,0,0,3,0,0
qokaiin,cheeor,504,26,0.9116847224192408,0,0,2,0,0
qokaiin,otedal,504,22,0.882500960226425,0,0,1,0,0
qokaiin,lsy,504,22,0.9503997317079456,0,0,4,0,0
qokaiin,qoko,504,24,0.7719794378293717,0,1,3,0,0
qokaiin,ytody,504,21,0.9522805198764968,0,0,2,0,0
qokaiin,chody,504,23,0.9479559975227085,0,0,3,0,0
qokaiin,kchy,504,24,0.9513791665697542,0,0,4,0,0
qokaiin,ykal,504,24,0.8986450013714774,0,0,3,0,0
qokaiin,lsedy,504,28,0.9176793902530109,0,0,2,0,0
qokaiin,to,504,24,0.9111833282638608,0,0,5,0,0
qokaiin,pchdy,504,30,0.9426128539664201,0,0,3,0,0
qokaiin,qoeedy,504,23,0.9450869467953634,0,1,1,0,0
qokaiin,otor,504,20,0.9369107289014261,0,0,3,0,0
olkal,chs,50,34,0.9425718789208137,0,0,3,0,0
olkal,okeey,50,173,0.943097807571815,0,0,0,0,0
olkal,kd,50,24,0.9412073584134736,0,0,3,0,0
olkal,lchey,50,57,0.9423169237482176,0,0,1,0,0
olkal,chol,50,136,0.967418624608232,0,0,2,1,0
olkal,qotedy,50,142,0.9624172588257272,0,0,1,0,0
olkal,oteey,50,169,0.9702674577483472,0,0,0,0,0
olkal,cheol,50,107,0.9525556245911428,0,0,1,1,0
olkal,okol,50,39,0.9352061715669965,0,0,1,1,0
olkal,lkar,50,20,0.8898385253587692,0,0,1,0,0
olkal,otchdy,50,44,0.93605539743827,0,0,0,0,0
olkal,qotain,50,94,0.9599069869324904,0,0,1,0,0
olkal,lchedy,50,177,0.9596543073142393,0,0,0,0,0
olkal,daiin,50,462,0.9710977888901199,0,0,0,0,0
olkal,aiin,50,327,0.9629037239101,0,0,1,0,0
olkal,dal,50,174,0.962540708639167,0,0,2,2,0
olkal,or,50,253,0.9676124282940778,0,0,3,0,0
olkal,otar,50,139,0.9651173940825079,0,0,1,0,0
olkal,araiin,50,21,0.9272065995110135,0,0,1,0,0
olkal,shar,50,33,0.9081208123509334,0,0,2,0,0
olkal,aredy,50,27,0.9235511375939253,0,0,0,0,0
olkal,tor,50,25,0.8777485245634062,0,0,2,0,0
olkal,kal,50,50,0.9517305083120838,0,0,2,3,0
olkal,olky,50,34,0.944242930986086,0,1,1,0,0
olkal,shol,50,172,0.9648199979501298,0,0,2,1,0
olkal,otody,50,26,0.9004439879508094,0,0,0,0,0
olkal,ofeey,50,23,0.8591830503767393,0,0,0,0,0
olkal,qokey,50,76,0.9443225428009898,0,0,0,0,0
olkal,pcheey,50,22,0.8688140936738027,0,0,0,0,0
olkal,chdaiin,50,33,0.9380896787152078,0,0,1,0,0
olkal,otal,50,97,0.9563506337868934,0,0,1,2,1
olkal,air,50,59,0.9282639982197581,0,0,2,0,0
olkal,qokeo,50,20,0.9293966589815732,0,0,0,0,0
olkal,ytedy,50,23,0.8511591716274881,0,0,0,0,0
olkal,ain,50,145,0.9573560752576404,0,0,2,0,0
olkal,qotal,50,46,0.9582974311168548,0,0,0,2,1
olkal,dair,50,89,0.9616058342049623,0,0,1,0,0
olkal,qokor,50,45,0.940230603472411,0,0,0,0,0
olkal,chdy,50,244,0.9667614978082575,0,0,2,0,0
olkal,olkaiin,50,112,0.9586406188758513,0,1,2,0,0
olkal,okchy,50,33,0.9542997536845166,0,0,1,0,0
olkal,olchedy,50,22,0.9056857917709347,0,1,1,0,0
olkal,okedy,50,121,0.9611055615863475,0,0,0,0,0
olkal,otchy,50,36,0.9498330548860089,0,0,1,0,0
olkal,lkaiin,50,102,0.9718150104462001,0,0,1,0,0
olkal,qokchedy,50,58,0.8911562722845168,0,0,2,0,0
olkal,cthdy,50,33,0.9603588309327986,0,0,2,0,0
olkal,otchey,50,27,0.8509118332241646,0,0,0,0,0
olkal,oddy,50,26,0.8892839749798156,0,0,1,0,0
olkal,chy,50,43,0.939062490174306,0,0,3,0,0
olkal,char,50,32,0.8841814642300931,0,0,2,0,0
olkal,cheedy,50,73,0.9542678336852779,0,0,0,0,0
olkal,qoteey,50,92,0.9528303752053322,0,0,1,0,0
olkal,tedy,50,38,0.9378870632127998,0,0,1,0,0
olkal,lkdy,50,26,0.9061511805405816,0,0,1,0,0
olkal,lkedy,50,20,0.9217168733451528,0,0,0,0,0
olkal,opchdy,50,23,0.9446391733823424,0,0,0,0,0
olkal,okor,50,25,0.879305169896425,0,0,1,0,0
olkal,lkain,50,63,0.9623956830398569,0,0,0,0,0
olkal,olkeey,50,94,0.9652183078505074,0,1,1,0,0
olkal,qokal,50,215,0.9669951634987334,1,0,0,3,1
olkal,chckhey,50,45,0.9542211289855195,0,0,1,0,0
olkal,otol,50,40,0.8967140076211899,0,0,1,1,0
olkal,qoty,50,21,0.9490028814512079,0,0,1,0,0
olkal,kar,50,55,0.9409323307017069,0,0,2,0,0
olkal,oty,50,68,0.9508028359099724,0,0,2,0,0
olkal,tdy,50,32,0.9238023274506256,0,0,2,0,0
olkal,ychy,50,21,0.9352215933994363,0,0,2,0,0
olkal,otey,50,31,0.9249991250958257,0,0,1,0,0
olkal,qotaiin,50,92,0.9663935183624821,0,0,2,0,0
olkal,olkain,50,83,0.9507760549810594,0,1,1,0,0
olkal,okey,50,27,0.9464344489557331,0,0,1,0,0
olkal,kaiin,50,22,0.9231490389794604,0,0,0,0,0
olkal,ky,50,30,0.946151115777129,0,0,3,0,0
olkal,qokchy,50,75,0.9576802477675052,0,0,0,0,0
olkal,daryeey,50,20,0.7843248939934538,0,0,2,0,0
olkal,olkedy,50,35,0.9277823531902923,0,1,1,0,0
olkal,qokol,50,106,0.9090936818939892,0,0,0,1,0
olkal,shody,50,44,0.8262446043580233,0,0,1,0,0
olkal,olkar,50,63,0.9673760063488782,0,1,0,0,0
olkal,qotchy,50,20,0.7797267061701371,0,0,0,0,0
olkal,taiin,50,49,0.9541457884520301,0,0,0,0,0
olkal,sham,50,21,0.8961195807649239,0,0,2,0,0
olkal,sar,50,43,0.9495645058285165,0,0,2,0,0
olkal,lchaiin,50,24,0.932164626234541,0,0,1,0,0
olkal,qoy,50,22,0.8906998359870344,0,0,2,0,0
olkal,shes,50,22,0.7829517827737256,0,0,2,0,0
olkal,okchey,50,32,0.9307992650134345,0,0,0,0,0
olkal,oleedy,50,26,0.9367041395784073,0,1,1,0,0
olkal,ody,50,28,0.9073915251770613,0,0,2,0,0
olkal,ykar,50,21,0.8344175336994504,0,0,1,0,0
olkal,dleo,50,22,0.8313915976171949,0,0,1,0,0
olkal,dleeol,50,22,0.92517195831628,0,0,1,1,0
olkal,qokeor,50,20,0.880002435996274,0,0,1,0,0
olkal,olkchdy,50,21,0.8902257946211203,0,1,1,0,0
olkal,chal,50,29,0.8556770079414348,0,0,2,2,0
olkal,tchaiin,50,21,0.9276162056118767,0,0,1,0,0
olkal,qokeody,50,21,0.893172562071722,0,0,2,0,0
olkal,ldy,50,21,0.8678638899858152,0,0,2,0,0
olkal,laiin,50,37,0.9260043515591272,0,0,0,0,0
olkal,schdy,50,21,0.9333937205215286,0,0,1,0,0
olkal,sheckhy,50,39,0.9632840179989318,0,0,1,0,0
olkal,cheeor,50,26,0.8935829933686831,0,0,0,0,0
olkal,otedal,50,22,0.8654192682517481,0,0,1,2,0
olkal,lsy,50,22,0.9282999645486268,0,0,2,0,0
olkal,qoko,50,24,0.7460860789582893,0,0,1,0,0
olkal,ytody,50,21,0.9352215933994363,0,0,0,0,0
olkal,chody,50,23,0.9425113076419482,0,0,1,0,0
olkal,kchy,50,24,0.9325447947246803,0,0,2,0,0
olkal,ykal,50,24,0.8903607590766801,0,0,1,3,0
olkal,lsedy,50,28,0.9013449242329253,0,0,0,0,0
olkal,to,50,24,0.8992889499640112,0,0,3,0,0
olkal,pchdy,50,30,0.9374609466734135,0,0,1,0,0
olkal,qoeedy,50,23,0.9327438346823452,0,0,1,0,0
olkal,otor,50,20,0.9215165058407853,0,0,1,0,0
chs,okeey,34,173,0.9171717933000002,0,0,3,0,0
chs,kd,34,24,0.9160957786143935,0,0,0,0,0
chs,lchey,34,57,0.9162953959684795,0,0,2,0,0
chs,chol,34,136,0.9522781678974394,0,0,1,0,0
chs,qotedy,34,142,0.9411824732952142,0,0,4,0,0
chs,oteey,34,169,0.9445658533791915,0,0,3,0,0
chs,cheol,34,107,0.940632705490467,0,0,2,0,0
chs,okol,34,39,0.8921509844052951,0,0,2,0,0
chs,lkar,34,20,0.8648096997363595,0,0,2,0,0
chs,otchdy,34,44,0.900665526513836,0,0,3,0,0
chs,qotain,34,94,0.9467429285929515,0,0,4,0,0
chs,lchedy,34,177,0.9427433254517182,0,0,3,0,0
chs,daiin,34,462,0.9393042084960246,0,0,3,0,0
chs,aiin,34,327,0.9377024903336014,0,0,2,0,0
chs,dal,34,174,0.931211275973457,0,0,1,0,0
chs,or,34,253,0.9499601285582587,0,0,0,0,0
chs,otar,34,139,0.941292252447303,0,0,2,0,0
chs,araiin,34,21,0.8982829030142218,0,0,4,0,0
chs,shar,34,33,0.8825252851056897,0,0,1,0,0
chs,aredy,34,27,0.9088225372126592,0,0,3,0,0
chs,tor,34,25,0.8733592110266686,0,0,1,0,0
chs,kal,34,50,0.923852754145862,0,0,1,0,0
chs,olky,34,34,0.9261007916564721,0,0,2,0,0
chs,shol,34,172,0.9407643457258201,0,0,1,0,0
chs,otody,34,26,0.901751403883351,0,0,3,0,0
chs,ofeey,34,23,0.8332554313999226,0,0,3,0,0
chs,qokey,34,76,0.9397026059820528,0,0,3,0,0
chs,pcheey,34,22,0.8364028103181641,0,0,3,0,0
chs,chdaiin,34,33,0.9292618583751445,0,0,4,0,1
chs,otal,34,97,0.9279063252226472,0,0,2,0,0
chs,air,34,59,0.9151547609253895,0,0,1,0,0
chs,qokeo,34,20,0.9000690814904135,0,0,3,0,0
chs,ytedy,34,23,0.8471417214296744,0,0,3,0,0
chs,ain,34,145,0.940522860836314,0,0,1,0,0
chs,qotal,34,46,0.930090220402275,0,0,3,0,0
chs,dair,34,89,0.9341166940657271,0,0,2,0,0
chs,qokor,34,45,0.9092657174588533,0,0,3,0,0
chs,chdy,34,244,0.947538233544648,0,0,1,0,0
chs,olkaiin,34,112,0.9284879120176885,0,0,5,0,0
chs,okchy,34,33,0.9236900174650252,0,0,2,0,0
chs,olchedy,34,22,0.8921571371494884,0,0,4,0,0
chs,okedy,34,121,0.9358136801432219,0,0,3,0,0
chs,otchy,34,36,0.9420779832760272,0,0,2,0,0
chs,lkaiin,34,102,0.9463854304532915,0,0,4,0,0
chs,qokchedy,34,58,0.8775661130538887,0,0,5,0,0
chs,cthdy,34,33,0.9248784821010297,0,0,1,0,0
chs,otchey,34,27,0.8626567606080241,0,0,3,0,0
chs,oddy,34,26,0.8512489810431596,0,0,2,0,0
chs,chy,34,43,0.9231905257183697,0,0,0,0,0
chs,char,34,32,0.866237426909646,0,0,1,0,0
chs,cheedy,34,73,0.9254264665901126,0,0,3,0,0
chs,qoteey,34,92,0.933082285102333,0,0,4,0,0
chs,tedy,34,38,0.913583651961599,0,0,2,0,0
chs,lkdy,34,26,0.8648208984627165,0,0,2,0,0
chs,lkedy,34,20,0.9051550664420402,0,0,3,0,0
chs,opchdy,34,23,0.9131626223129928,0,0,3,0,0
chs,okor,34,25,0.8758438575194991,0,0,2,0,0
chs,lkain,34,63,0.9446840131045854,0,0,3,0,0
chs,olkeey,34,94,0.9323162965781041,0,0,4,0,0
chs,qokal,34,215,0.9449134473640808,0,0,3,0,0
chs,chckhey,34,45,0.9242958822936027,0,0,2,0,0
chs,otol,34,40,0.8598723609454015,0,0,2,0,0
chs,qoty,34,21,0.926779094283696,0,0,2,0,0
chs,kar,34,55,0.9280479741814148,0,0,1,0,0
chs,oty,34,68,0.930476322090896,0,0,1,0,0
chs,tdy,34,32,0.9085630527769861,0,0,1,0,0
chs,ychy,34,21,0.9203555082292634,0,0,1,0,0
chs,otey,34,31,0.9080619433858523,0,0,2,0,0
chs,qotaiin,34,92,0.9353163683556645,0,0,5,0,0
chs,olkain,34,83,0.9348598298703792,0,0,4,0,0
chs,okey,34,27,0.9308933263180253,0,0,2,0,0
chs,kaiin,34,22,0.9152183845864251,0,0,3,0,0
chs,ky,34,30,0.9183408336931054,0,0,0,0,0
chs,qokchy,34,75,0.9300000450677781,0,0,3,0,0
chs,daryeey,34,20,0.7878631405742358,0,0,5,0,0
chs,olkedy,34,35,0.9036791441564667,0,0,4,0,0
chs,qokol,34,106,0.8701117465610956,0,0,3,0,0
chs,shody,34,44,0.77279271253514,0,0,2,0,0
chs,olkar,34,63,0.9442862933152624,0,0,3,0,0
chs,qotchy,34,20,0.7805340218295159,0,0,3,0,0
chs,taiin,34,49,0.9322567478604866,0,0,3,0,0
chs,sham,34,21,0.8856292905641443,0,0,1,0,0
chs,sar,34,43,0.9278370237815069,0,0,1,0,0
chs,lchaiin,34,24,0.9112935873421926,0,0,4,0,0
chs,qoy,34,22,0.8854940647148309,0,0,1,0,0
chs,shes,34,22,0.7683965778661035,0,0,1,1,0
chs,okchey,34,32,0.9157450083802298,0,0,3,0,0
chs,oleedy,34,26,0.9297395250367623,0,0,4,0,1
chs,ody,34,28,0.8950844075452561,0,0,1,0,0
chs,ykar,34,21,0.8320853125527257,0,0,2,0,0
chs,dleo,34,22,0.8465453508655166,0,0,2,0,0
chs,dleeol,34,22,0.924103224572041,0,0,4,0,0
chs,qokeor,34,20,0.8526368275743422,0,0,4,0,0
chs,olkchdy,34,21,0.8710854270907196,0,0,4,0,0
chs,chal,34,29,0.8456423451912405,0,0,1,0,0
chs,tchaiin,34,21,0.9027241525272583,0,0,4,0,0
chs,qokeody,34,21,0.8649700429144741,0,0,5,0,0
chs,ldy,34,21,0.8408757563109366,0,0,1,0,0
chs,laiin,34,37,0.9130559055713775,0,0,3,0,0
chs,schdy,34,21,0.8993864697730204,0,0,2,0,0
chs,sheckhy,34,39,0.9303564076214128,0,0,2,0,0
chs,cheeor,34,26,0.871462212001408,0,0,3,0,1
chs,otedal,34,22,0.8710429373827346,0,0,4,0,0
chs,lsy,34,22,0.9118067537614475,0,0,1,0,0
chs,qoko,34,24,0.7322162136653194,0,0,2,0,0
chs,ytody,34,21,0.9126645151242835,0,0,3,0,0
chs,chody,34,23,0.9233570491214137,0,0,2,0,0
chs,kchy,34,24,0.9092657174588532,0,0,1,0,0
chs,ykal,34,24,0.8907949120497699,0,0,2,0,0
chs,lsedy,34,28,0.8829636158063715,0,0,3,0,0
chs,to,34,24,0.87261901531549,0,0,0,0,0
chs,pchdy,34,30,0.8961893668216342,0,0,2,0,0
chs,qoeedy,34,23,0.9197778090844775,0,0,4,0,1
chs,otor,34,20,0.8900382960132062,0,0,2,0,0
okeey,kd,173,24,0.9064648441198113,0,0,3,0,0
okeey,lchey,173,57,0.9042118592580928,0,0,1,2,0
okeey,chol,173,136,0.9580357341328006,0,0,2,0,0
okeey,qotedy,173,142,0.9544456663615618,0,0,1,1,0
okeey,oteey,173,169,0.9789255824420171,1,0,0,3,1
okeey,cheol,173,107,0.9578832640888543,0,0,1,0,0
okeey,okol,173,39,0.923881213802502,0,1,1,0,0
okeey,lkar,173,20,0.7971522643726252,0,0,1,0,0
okeey,otchdy,173,44,0.9448170239891789,0,0,0,1,0
okeey,qotain,173,94,0.951739777546041,0,0,1,0,0
okeey,lchedy,173,177,0.9674258689851579,0,0,0,1,0
okeey,daiin,173,462,0.9747804985203291,0,0,0,0,0
okeey,aiin,173,327,0.9299771174171755,0,0,1,0,0
okeey,dal,173,174,0.9520196709014253,0,0,2,0,0
okeey,or,173,253,0.9439470810427412,0,0,3,0,0
okeey,otar,173,139,0.9451713607092694,0,0,1,0,0
okeey,araiin,173,21,0.9192644843417028,0,0,1,0,0
okeey,shar,173,33,0.9228157097695779,0,0,2,0,0
okeey,aredy,173,27,0.9587975431500384,0,0,0,1,0
okeey,tor,173,25,0.927684947240323,0,0,2,0,0
okeey,kal,173,50,0.9510005257567913,0,0,2,0,0
okeey,olky,173,34,0.947580224489427,0,0,1,1,0
okeey,shol,173,172,0.9767903720237296,0,0,2,0,1
okeey,otody,173,26,0.9000692517527442,0,0,0,1,0
okeey,ofeey,173,23,0.789640264775898,1,0,0,3,0
okeey,qokey,173,76,0.94801953829151,0,0,0,2,0
okeey,pcheey,173,22,0.8019074279941828,1,0,0,3,0
okeey,chdaiin,173,33,0.9206952099142541,0,0,1,0,0
okeey,otal,173,97,0.9623713379995951,0,0,1,0,0
okeey,air,173,59,0.9432998905260165,0,0,2,0,0
okeey,qokeo,173,20,0.8929899980040504,0,0,0,0,0
okeey,ytedy,173,23,0.9113491430965897,0,0,0,1,0
okeey,ain,173,145,0.9513622808198973,0,0,2,0,0
okeey,qotal,173,46,0.9105958407325385,0,0,0,0,0
okeey,dair,173,89,0.9663274176823113,0,0,1,0,0
okeey,qokor,173,45,0.9500993553090586,0,0,0,0,0
okeey,chdy,173,244,0.9551197718829842,0,0,2,1,0
okeey,olkaiin,173,112,0.9380891173798862,0,0,2,0,0
okeey,okchy,173,33,0.9309129666834297,0,1,1,1,0
okeey,olchedy,173,22,0.9461651086842383,0,0,1,1,0
okeey,okedy,173,121,0.9755539532932468,0,1,0,1,0
okeey,otchy,173,36,0.9315241665771747,0,0,1,1,0
okeey,lkaiin,173,102,0.9680879077665778,0,0,1,0,0
okeey,qokchedy,173,58,0.9293445226116143,0,0,2,1,0
okeey,cthdy,173,33,0.9411357478724771,0,0,2,1,0
okeey,otchey,173,27,0.8810804701028705,0,0,0,2,0
okeey,oddy,173,26,0.8759010266933669,0,0,1,1,0
okeey,chy,173,43,0.9489114729259702,0,0,3,1,0
okeey,char,173,32,0.9135047655123201,0,0,2,0,0
okeey,cheedy,173,73,0.940632319048728,0,0,0,1,0
okeey,qoteey,173,92,0.9636497129753868,0,0,1,3,1
okeey,tedy,173,38,0.8966263373157831,0,0,1,1,0
okeey,lkdy,173,26,0.8362693512324474,0,0,1,1,0
okeey,lkedy,173,20,0.9442719158655445,0,0,0,1,0
okeey,opchdy,173,23,0.9343255136399461,0,0,0,1,0
okeey,okor,173,25,0.9026345927028916,0,1,1,0,0
okeey,lkain,173,63,0.9578412564485732,0,0,0,0,0
okeey,olkeey,173,94,0.9407435506470146,0,0,1,4,1
okeey,qokal,173,215,0.9595045289867289,0,0,0,0,0
okeey,chckhey,173,45,0.9156092685999112,0,0,1,2,0
okeey,otol,173,40,0.8996001106917054,0,0,1,0,0
okeey,qoty,173,21,0.9175497152690776,0,0,1,1,0
okeey,kar,173,55,0.9508748822877325,0,0,2,0,0
okeey,oty,173,68,0.9157048691972628,0,0,2,1,0
okeey,tdy,173,32,0.9616049840169049,0,0,2,1,0
okeey,ychy,173,21,0.8975278746754575,0,0,2,1,0
okeey,otey,173,31,0.9124577719107674,0,0,1,2,0
okeey,qotaiin,173,92,0.9629706019320524,0,0,2,0,0
okeey,olkain,173,83,0.9438339612477996,0,0,1,0,0
okeey,okey,173,27,0.9204318530182619,0,1,1,2,0
okeey,kaiin,173,22,0.9097760209496785,0,0,0,0,0
okeey,ky,173,30,0.8780541105074453,0,0,3,1,0
okeey,qokchy,173,75,0.9578765324333965,0,0,0,1,0
okeey,daryeey,173,20,0.7519658203568821,0,0,2,3,0
okeey,olkedy,173,35,0.8808012924445645,0,0,1,1,0
okeey,qokol,173,106,0.9065198314218995,0,0,0,0,0
okeey,shody,173,44,0.8409613507010998,0,0,1,1,0
okeey,olkar,173,63,0.9598025972927492,0,0,0,0,0
okeey,qotchy,173,20,0.7214805722861775,0,0,0,1,0
okeey,taiin,173,49,0.9260261934345236,0,0,0,0,0
okeey,sham,173,21,0.8950737924295673,0,0,2,0,0
okeey,sar,173,43,0.9375727524091112,0,0,2,0,0
okeey,lchaiin,173,24,0.9630926709122462,0,0,1,0,0
okeey,qoy,173,22,0.9188542395624499,0,0,2,1,0
okeey,shes,173,22,0.8434184538173584,0,0,2,0,0
okeey,okchey,173,32,0.9581130714149472,0,1,0,2,0
okeey,oleedy,173,26,0.9078058936982508,0,0,1,1,0
okeey,ody,173,28,0.9480859945264726,0,0,2,1,0
okeey,ykar,173,21,0.8102055663187765,0,0,1,0,0
okeey,dleo,173,22,0.8544169473707566,0,0,1,0,0
okeey,dleeol,173,22,0.9091656648445633,0,0,1,0,0
okeey,qokeor,173,20,0.86332815158878,0,0,1,0,0
okeey,olkchdy,173,21,0.8740221700417767,0,0,1,1,0
okeey,chal,173,29,0.7856069681838539,0,0,2,0,0
okeey,tchaiin,173,21,0.8880074127703018,0,0,1,0,0
okeey,qokeody,173,21,0.915516554590592,0,0,2,1,0
okeey,ldy,173,21,0.8882182507434183,0,0,2,1,0
okeey,laiin,173,37,0.9522892244571742,0,0,0,0,0
okeey,schdy,173,21,0.9293031136548946,0,0,1,1,0
okeey,sheckhy,173,39,0.9520479722932765,0,0,1,1,0
okeey,cheeor,173,26,0.828528154871894,0,0,0,0,0
okeey,otedal,173,22,0.9123771290160035,0,0,1,0,0
okeey,lsy,173,22,0.9335822515188291,0,0,2,1,0
okeey,qoko,173,24,0.8056884708526905,0,0,1,0,0
okeey,ytody,173,21,0.9365508257483035,0,0,0,1,0
okeey,chody,173,23,0.9147700667181473,0,0,1,1,0
okeey,kchy,173,24,0.9019703703594314,0,0,2,1,0
okeey,ykal,173,24,0.8852209815550895,0,0,1,0,0
okeey,lsedy,173,28,0.9292118736770368,0,0,0,1,0
okeey,to,173,24,0.8573030525969478,0,0,3,0,0
okeey,pchdy,173,30,0.8981739259787771,0,0,1,1,0
okeey,qoeedy,173,23,0.9406020803402536,0,0,1,1,0
okeey,otor,173,20,0.8995169084916865,0,0,1,0,0
kd,lchey,24,57,0.9382540518410505,0,0,2,0,0
kd,chol,24,136,0.9519048832202536,0,0,1,0,0
kd,qotedy,24,142,0.9529337949540756,0,0,4,0,0
kd,oteey,24,169,0.9453736926553156,0,0,3,0,0
kd,cheol,24,107,0.9349539027148059,0,0,2,0,0
kd,okol,24,39,0.9161150548988092,0,0,2,0,0
kd,lkar,24,20,0.9046385101737583,0,0,2,0,0
kd,otchdy,24,44,0.9094939953192617,0,0,3,0,0
kd,qotain,24,94,0.9449244651999803,0,0,4,0,0
kd,lchedy,24,177,0.9423065607610913,0,0,3,0,0
kd,daiin,24,462,0.9509018338302647,0,0,3,0,0
kd,aiin,24,327,0.9590930233555593,0,0,2,0,0
kd,dal,24,174,0.9488287997104332,0,0,1,0,0
kd,or,24,253,0.9586342905197867,0,0,0,0,0
kd,otar,24,139,0.9471147379588757,0,0,2,0,0
kd,araiin,24,21,0.8953693187778982,0,0,4,0,0
kd,shar,24,33,0.8804028623926663,0,0,1,0,0
kd,aredy,24,27,0.8904121043890186,0,0,3,0,0
kd,tor,24,25,0.8439910838445422,0,0,1,0,0
kd,kal,24,50,0.9362490226934477,0,0,1,0,1
kd,olky,24,34,0.9268392459561405,0,0,2,0,0
kd,shol,24,172,0.9350896650760991,0,0,1,0,0
kd,otody,24,26,0.8764918339063984,0,0,3,0,0
kd,ofeey,24,23,0.8686398260454619,0,0,3,0,0
kd,qokey,24,76,0.9078285744263341,0,0,3,0,0
kd,pcheey,24,22,0.880398456250412,0,0,3,0,0
kd,chdaiin,24,33,0.9262724917368921,0,0,4,0,0
kd,otal,24,97,0.9237127570043485,0,0,2,0,0
kd,air,24,59,0.9142572184009138,0,0,1,0,0
kd,qokeo,24,20,0.9221984955354281,0,0,3,0,0
kd,ytedy,24,23,0.814510110453206,0,0,3,0,0
kd,ain,24,145,0.9490725969206204,0,0,1,0,0
kd,qotal,24,46,0.9489905222504945,0,0,3,0,0
kd,dair,24,89,0.944693666054153,0,0,2,0,0
kd,qokor,24,45,0.910667824255402,0,0,3,0,0
kd,chdy,24,244,0.9516446517392035,0,0,1,0,0
kd,olkaiin,24,112,0.9396286515439356,0,0,5,0,0
kd,okchy,24,33,0.9228579903300745,0,0,2,0,0
kd,olchedy,24,22,0.8775867372319263,0,0,4,0,0
kd,okedy,24,121,0.9342056344056446,0,0,3,0,0
kd,otchy,24,36,0.9196941225431442,0,0,2,0,0
kd,lkaiin,24,102,0.9500900942011516,0,0,4,0,0
kd,qokchedy,24,58,0.8446691865272263,0,0,5,0,0
kd,cthdy,24,33,0.9472948190581642,0,0,1,0,0
kd,otchey,24,27,0.8077273771099184,0,0,3,0,0
kd,oddy,24,26,0.8773542180599032,0,0,2,0,0
kd,chy,24,43,0.9172398819389441,0,0,0,0,0
kd,char,24,32,0.8729475303326433,0,0,1,0,0
kd,cheedy,24,73,0.9335711389019038,0,0,3,0,0
kd,qoteey,24,92,0.9268250612832973,0,0,4,0,0
kd,tedy,24,38,0.946603882544013,0,0,2,0,0
kd,lkdy,24,26,0.9094621939375468,0,0,2,0,0
kd,lkedy,24,20,0.9099084302119919,0,0,3,0,0
kd,opchdy,24,23,0.930168068637745,0,0,3,0,0
kd,okor,24,25,0.8499711517834017,0,0,2,0,0
kd,lkain,24,63,0.9381128748680864,0,0,3,0,0
kd,olkeey,24,94,0.9525928432899423,0,0,4,0,0
kd,qokal,24,215,0.943453436141733,0,0,3,0,0
kd,chckhey,24,45,0.9335996439272172,0,0,2,0,0
kd,otol,24,40,0.8695271058466615,0,0,2,0,0
kd,qoty,24,21,0.9391844480835343,0,0,2,0,0
kd,kar,24,55,0.9260273972957487,0,0,1,0,0
kd,oty,24,68,0.9379625070979439,0,0,1,0,0
kd,tdy,24,32,0.9027369245433329,0,0,1,0,0
kd,ychy,24,21,0.9274234744191967,0,0,1,0,0
kd,otey,24,31,0.8860760232362956,0,0,2,0,0
kd,qotaiin,24,92,0.9384279895162219,0,0,5,0,0
kd,olkain,24,83,0.9357966586329568,0,0,4,0,0
kd,okey,24,27,0.9202987345234972,0,0,2,0,0
kd,kaiin,24,22,0.9079965932911872,0,0,3,0,0
kd,ky,24,30,0.9465346680454636,0,0,0,0,0
kd,qokchy,24,75,0.935297602516094,0,0,3,0,0
kd,daryeey,24,20,0.756538741349171,0,0,5,0,0
kd,olkedy,24,35,0.9177015568469443,0,0,4,0,0
kd,qokol,24,106,0.8965610877830577,0,0,3,0,0
kd,shody,24,44,0.8038247365468547,0,0,2,0,0
kd,olkar,24,63,0.9462938558698524,0,0,3,0,0
kd,qotchy,24,20,0.7688429804709987,0,0,3,0,0
kd,taiin,24,49,0.9219312294205149,0,0,3,0,0
kd,sham,24,21,0.8825757575757576,0,0,1,0,0
kd,sar,24,43,0.9401330525927855,0,0,1,0,0
kd,lchaiin,24,24,0.8969834772161652,0,0,4,0,0
kd,qoy,24,22,0.8535278823413377,0,0,1,0,0
kd,shes,24,22,0.7395977681914132,0,0,1,0,0
kd,okchey,24,32,0.9077688840304362,0,0,3,0,0
kd,oleedy,24,26,0.9293824851759386,0,0,4,0,0
kd,ody,24,28,0.8712121212121212,0,0,1,0,0
kd,ykar,24,21,0.8394848709088499,0,0,2,0,0
kd,dleo,24,22,0.7684774806317038,0,0,2,0,0
kd,dleeol,24,22,0.8947641748024477,0,0,4,0,0
kd,qokeor,24,20,0.877145358906713,0,0,4,0,0
kd,olkchdy,24,21,0.8835957459153906,0,0,4,0,0
kd,chal,24,29,0.8741696187380892,0,0,1,0,0
kd,tchaiin,24,21,0.9253894937898759,0,0,4,0,0
kd,qokeody,24,21,0.8625373063964602,0,0,5,0,0
kd,ldy,24,21,0.8442518423892316,0,0,1,0,0
kd,laiin,24,37,0.9113285522651583,0,0,3,0,0
kd,schdy,24,21,0.9232926761266105,0,0,2,0,0
kd,sheckhy,24,39,0.9374382551085685,0,0,2,0,0
kd,cheeor,24,26,0.9110063995014853,0,0,3,0,0
kd,otedal,24,22,0.8367904166706223,0,0,4,0,0
kd,lsy,24,22,0.9086083447099672,0,0,1,0,0
kd,qoko,24,24,0.69334465333845,0,0,2,0,0
kd,ytody,24,21,0.9212611921971423,0,0,3,0,0
kd,chody,24,23,0.9457365110133489,0,0,2,0,0
kd,kchy,24,24,0.9374521720276198,0,0,1,0,0
kd,ykal,24,24,0.8707113185112817,0,0,2,0,1
kd,lsedy,24,28,0.8852007336803376,0,0,3,0,0
kd,to,24,24,0.9136415331705832,0,0,0,0,0
kd,pchdy,24,30,0.9256979681614256,0,0,2,0,0
kd,qoeedy,24,23,0.9184867253768266,0,0,4,0,0
kd,otor,24,20,0.9094131858827111,0,0,2,0,0
lchey,chol,57,136,0.9455869867363627,0,0,1,0,0
lchey,qotedy,57,142,0.9304995696001956,0,0,2,1,0
lchey,oteey,57,169,0.9462683449764914,0,0,1,2,0
lchey,cheol,57,107,0.9214433220079701,0,0,0,0,0
lchey,okol,57,39,0.90727395084562,0,0,0,0,0
lchey,lkar,57,20,0.9261809346269689,0,0,0,0,0
lchey,otchdy,57,44,0.9139958791465237,0,0,1,1,0
lchey,qotain,57,94,0.9323265357160566,0,0,2,0,0
lchey,lchedy,57,177,0.9228753104659089,0,1,1,1,0
lchey,daiin,57,462,0.953137790247583,0,0,1,0,0
lchey,aiin,57,327,0.9511581903965001,0,0,0,0,0
lchey,dal,57,174,0.9522242563335501,0,0,1,0,0
lchey,or,57,253,0.9533603658271763,0,0,2,0,0
lchey,otar,57,139,0.9495278494226865,0,0,0,0,0
lchey,araiin,57,21,0.9013584610823159,0,0,2,0,0
lchey,shar,57,33,0.8842217586948738,0,0,1,0,0
lchey,aredy,57,27,0.8734741478468491,0,0,1,1,0
lchey,tor,57,25,0.8301000901211918,0,0,1,0,0
lchey,kal,57,50,0.9251987062966116,0,0,1,0,0
lchey,olky,57,34,0.9347521347279703,0,0,0,1,0
lchey,shol,57,172,0.9435972124632684,0,0,1,0,0
lchey,otody,57,26,0.8769480543593084,0,0,1,1,0
lchey,ofeey,57,23,0.8936390123626047,0,0,1,2,0
lchey,qokey,57,76,0.9285489484321435,0,0,1,2,0
lchey,pcheey,57,22,0.8873580307712664,0,0,1,2,0
lchey,chdaiin,57,33,0.9315637896273099,0,0,2,0,0
lchey,otal,57,97,0.9267102587884214,0,0,0,0,0
lchey,air,57,59,0.9038891072638875,0,0,1,0,0
lchey,qokeo,57,20,0.9104107429317363,0,0,1,0,0
lchey,ytedy,57,23,0.8012228171660389,0,0,1,1,0
lchey,ain,57,145,0.9382750826908115,0,0,1,0,0
lchey,qotal,57,46,0.964740583488742,0,0,1,0,0
lchey,dair,57,89,0.9506842021420746,0,0,0,0,0
lchey,qokor,57,45,0.9206607653913792,0,0,1,0,0
lchey,chdy,57,244,0.9408867895015639,0,0,1,1,0
lchey,olkaiin,57,112,0.9470993153312758,0,0,3,0,0
lchey,okchy,57,33,0.9264724539240111,0,0,0,1,0
lchey,olchedy,57,22,0.8768585835582431,0,0,2,1,0
lchey,okedy,57,121,0.9395875021248618,0,0,1,1,1
lchey,otchy,57,36,0.9373606880146852,0,0,0,1,0
lchey,lkaiin,57,102,0.9475070191755766,0,0,2,0,1
lchey,qokchedy,57,58,0.8605759513730934,0,0,3,1,0
lchey,cthdy,57,33,0.9444766858392104,0,0,1,1,0
lchey,otchey,57,27,0.8386339450921599,0,0,1,3,0
lchey,oddy,57,26,0.8743729421678179,0,0,0,1,0
lchey,chy,57,43,0.9138068772159383,0,0,2,1,0
lchey,char,57,32,0.8520368308631103,0,0,1,0,0
lchey,cheedy,57,73,0.9412552987300001,0,0,1,1,0
lchey,qoteey,57,92,0.9338712697652027,0,0,2,2,0
lchey,tedy,57,38,0.9372246300445668,0,0,0,1,0
lchey,lkdy,57,26,0.9076690695097077,0,0,0,1,0
lchey,lkedy,57,20,0.8905582269766229,0,0,1,1,0
lchey,opchdy,57,23,0.9275342561489422,0,0,1,1,0
lchey,okor,57,25,0.8498703711123987,0,0,0,0,0
lchey,lkain,57,63,0.9473855558359738,0,0,1,0,0
lchey,olkeey,57,94,0.9551929812262511,0,0,2,2,0
lchey,qokal,57,215,0.9484359071339917,0,0,1,0,0
lchey,chckhey,57,45,0.942271344337563,1,0,0,2,0
lchey,otol,57,40,0.8662948054005711,0,0,0,0,0
lchey,qoty,57,21,0.9334188860582967,0,0,0,1,0
lchey,kar,57,55,0.9195157728484922,0,0,1,0,0
lchey,oty,57,68,0.9453036426323614,0,0,1,1,0
lchey,tdy,57,32,0.8916344550159473,0,0,1,1,0
lchey,ychy,57,21,0.9258623340266239,0,0,1,1,0
lchey,otey,57,31,0.9161256136355745,1,0,0,2,0
lchey,qotaiin,57,92,0.9394529492893077,0,0,3,0,0
lchey,olkain,57,83,0.9275561836373833,0,0,2,0,0
lchey,okey,57,27,0.9340328146372124,1,0,0,2,0
lchey,kaiin,57,22,0.89906671107645,0,0,1,0,0
lchey,ky,57,30,0.9557701612468585,0,0,2,1,0
lchey,qokchy,57,75,0.9413693521535017,0,0,1,1,0
lchey,daryeey,57,20,0.7995239549176058,0,0,3,2,0
lchey,olkedy,57,35,0.932743215410333,0,0,2,1,0
lchey,qokol,57,106,0.8845437979079673,0,0,1,0,0
lchey,shody,57,44,0.7991646238706005,0,0,0,1,0
lchey,olkar,57,63,0.9433991677798571,0,0,1,0,0
lchey,qotchy,57,20,0.8078231762452889,0,0,1,1,0
lchey,taiin,57,49,0.9227613752423948,0,0,1,0,0
lchey,sham,57,21,0.8937383486515116,0,0,1,0,0
lchey,sar,57,43,0.9323984602536526,0,0,1,0,1
lchey,lchaiin,57,24,0.8799502455529039,0,1,2,0,0
lchey,qoy,57,22,0.8484358000270419,0,0,1,1,0
lchey,shes,57,22,0.7481144126738349,0,0,1,0,0
lchey,okchey,57,32,0.9072012345641386,0,0,1,3,0
lchey,oleedy,57,26,0.9193329099750496,0,0,2,1,0
lchey,ody,57,28,0.8560712151834402,0,0,1,1,0
lchey,ykar,57,21,0.8111561160933092,0,0,0,0,0
lchey,dleo,57,22,0.8160422790204436,0,0,0,0,0
lchey,dleeol,57,22,0.909562206953789,0,0,2,0,0
lchey,qokeor,57,20,0.8646196426081588,0,0,2,0,0
lchey,olkchdy,57,21,0.9062940310561928,0,0,2,1,0
lchey,chal,57,29,0.8810432225624674,0,0,1,0,0
lchey,tchaiin,57,21,0.9225264752521206,0,0,2,0,0
lchey,qokeody,57,21,0.8560152305276097,0,0,3,1,0
lchey,ldy,57,21,0.839158469201531,0,0,1,1,0
lchey,laiin,57,37,0.9013234689277959,0,0,1,0,0
lchey,schdy,57,21,0.9108629975934187,0,0,0,1,0
lchey,sheckhy,57,39,0.9416811439051478,0,0,0,1,0
lchey,cheeor,57,26,0.9111615955441992,0,0,1,0,0
lchey,otedal,57,22,0.8393945192925976,0,0,2,0,0
lchey,lsy,57,22,0.897426393811892,0,0,1,1,0
lchey,qoko,57,24,0.6922255944964334,0,0,0,0,0
lchey,ytody,57,21,0.9275335656764915,0,0,1,1,0
lchey,chody,57,23,0.9266145967448313,0,0,0,1,0
lchey,kchy,57,24,0.9312454585913251,0,0,1,1,0
lchey,ykal,57,24,0.8563514675718302,0,0,0,0,0
lchey,lsedy,57,28,0.8804919757763955,0,0,1,1,0
lchey,to,57,24,0.8969034114234046,0,0,2,0,0
lchey,pchdy,57,30,0.9207498216765229,0,0,0,1,0
lchey,qoeedy,57,23,0.8949845565754293,0,0,2,1,0
lchey,otor,57,20,0.9203960873423755,0,0,0,0,0
chol,qotedy,136,142,0.9793957183269358,0,0,3,0,0
chol,oteey,136,169,0.98064597599472,0,0,2,0,0
chol,cheol,136,107,0.9752295116986822,0,0,1,2,1
chol,okol,136,39,0.937685558729716,0,0,1,2,0
chol,lkar,136,20,0.8835145808062939,0,0,1,0,0
chol,otchdy,136,44,0.943713388240538,0,0,2,0,0
chol,qotain,136,94,0.9794588226271289,0,0,3,0,0
chol,lchedy,136,177,0.9830890784273247,0,0,2,0,0
chol,daiin,136,462,0.9791864652438451,0,0,2,0,0
chol,aiin,136,327,0.9803580455902174,0,0,1,0,0
chol,dal,136,174,0.9722944447772852,1,0,0,1,0
chol,or,136,253,0.9855212032067812,0,0,1,0,1
chol,otar,136,139,0.9665405916359852,0,0,1,0,0
chol,araiin,136,21,0.9367116883125334,0,0,3,0,0
chol,shar,136,33,0.9243562982665788,0,0,0,0,0
chol,aredy,136,27,0.9421959867334657,0,0,2,0,0
chol,tor,136,25,0.9010477334966494,0,0,0,0,0
chol,kal,136,50,0.9629665533971786,1,0,0,1,0
chol,olky,136,34,0.9579010065702738,0,0,1,0,0
chol,shol,136,172,0.9770999381950437,1,0,0,2,0
chol,otody,136,26,0.9206088808505893,0,0,2,0,0
chol,ofeey,136,23,0.8579025585903121,0,0,2,0,0
chol,qokey,136,76,0.9510335050210155,0,0,2,0,0
chol,pcheey,136,22,0.8782563701800764,0,0,2,0,0
chol,chdaiin,136,33,0.9530069088543042,0,0,3,0,0
chol,otal,136,97,0.9646928254836254,0,0,1,1,0
chol,air,136,59,0.9548609594181983,0,0,0,0,0
chol,qokeo,136,20,0.9382179857702919,0,0,2,0,0
chol,ytedy,136,23,0.8853045643347321,0,0,2,0,0
chol,ain,136,145,0.9800574865908405,0,0,0,0,0
chol,qotal,136,46,0.9565906731113726,0,0,2,1,0
chol,dair,136,89,0.9758130969481384,0,0,1,0,0
chol,qokor,136,45,0.9468984333436775,0,0,2,0,0
chol,chdy,136,244,0.9863375061009572,0,0,0,0,1
chol,olkaiin,136,112,0.9630635679106921,0,0,4,0,0
chol,okchy,136,33,0.9568109925142748,0,0,1,0,0
chol,olchedy,136,22,0.9260324044359007,0,0,3,0,0
chol,okedy,136,121,0.9728588840941143,0,0,2,0,0
chol,otchy,136,36,0.9578024607026598,0,0,1,0,0
chol,lkaiin,136,102,0.9818648332500352,0,0,3,0,0
chol,qokchedy,136,58,0.9058679183760573,0,0,4,0,0
chol,cthdy,136,33,0.9675759944813194,0,0,0,0,0
chol,otchey,136,27,0.867309016776518,0,0,2,0,0
chol,oddy,136,26,0.9058792615586041,0,0,1,0,0
chol,chy,136,43,0.9553047337026386,0,0,1,0,0
chol,char,136,32,0.913831340728827,0,0,0,0,0
chol,cheedy,136,73,0.9570119730879492,0,0,2,0,0
chol,qoteey,136,92,0.9682233488698139,0,0,3,0,0
chol,tedy,136,38,0.9510817453772497,0,0,1,0,0
chol,lkdy,136,26,0.907487797513702,0,0,1,0,0
chol,lkedy,136,20,0.9438229237041893,0,0,2,0,0
chol,opchdy,136,23,0.9549466581446657,0,0,2,0,0
chol,okor,136,25,0.902591122717277,0,0,1,0,0
chol,lkain,136,63,0.9731050711676328,0,0,2,0,0
chol,olkeey,136,94,0.9680861248848412,0,0,3,0,0
chol,qokal,136,215,0.9753960695952367,0,0,2,1,0
chol,chckhey,136,45,0.9512450441263239,0,0,1,0,0
chol,otol,136,40,0.9038654283885518,0,0,1,2,0
chol,qoty,136,21,0.9600266005205246,0,0,1,0,0
chol,kar,136,55,0.9651231745752574,0,0,0,0,0
chol,oty,136,68,0.9583354349484337,0,0,0,0,0
chol,tdy,136,32,0.9421917910489923,0,0,0,0,0
chol,ychy,136,21,0.9470082944730832,0,0,0,0,0
chol,otey,136,31,0.9275218360029663,0,0,1,0,0
chol,qotaiin,136,92,0.9751661679795991,0,0,4,0,0
chol,olkain,136,83,0.9697345190578647,0,0,3,0,0
chol,okey,136,27,0.9491772753284815,0,0,1,0,0
chol,kaiin,136,22,0.9498383980741885,0,0,2,0,0
chol,ky,136,30,0.9494268107460794,0,0,1,0,0
chol,qokchy,136,75,0.9641826481143425,0,0,2,0,0
chol,daryeey,136,20,0.7912782806601953,0,0,4,0,0
chol,olkedy,136,35,0.9210526315789473,0,0,3,0,0
chol,qokol,136,106,0.9199426741743546,0,0,2,2,0
chol,shody,136,44,0.8231144506501351,0,0,1,0,0
chol,olkar,136,63,0.9767374422876131,0,0,2,0,0
chol,qotchy,136,20,0.7677956980330957,0,0,2,0,0
chol,taiin,136,49,0.9550320838025734,0,0,2,0,0
chol,sham,136,21,0.9179646593575083,0,0,0,0,0
chol,sar,136,43,0.9648544883764787,0,0,0,0,0
chol,lchaiin,136,24,0.9506761694149944,0,0,3,0,0
chol,qoy,136,22,0.9071386922332547,0,0,0,0,0
chol,shes,136,22,0.7939020767320644,0,0,0,0,0
chol,okchey,136,32,0.9471459942733964,0,0,2,0,0
chol,oleedy,136,26,0.9431232773560023,0,0,3,0,0
chol,ody,136,28,0.9240160171004783,0,0,0,0,0
chol,ykar,136,21,0.8469264175388238,0,0,1,0,0
chol,dleo,136,22,0.8367522333727345,0,0,1,0,0
chol,dleeol,136,22,0.9381094736782714,0,0,3,2,0
chol,qokeor,136,20,0.886644603033237,0,0,3,0,0
chol,olkchdy,136,21,0.890937167428794,0,0,3,0,0
chol,chal,136,29,0.8584700482827732,1,0,0,1,0
chol,tchaiin,136,21,0.9388829170146366,0,0,3,0,0
chol,qokeody,136,21,0.9065141007741825,0,0,4,0,0
chol,ldy,136,21,0.8882802749762037,0,0,0,0,0
chol,laiin,136,37,0.9486293057053699,0,0,2,0,0
chol,schdy,136,21,0.9458770351841788,0,0,1,0,0
chol,sheckhy,136,39,0.9679621568134623,0,0,1,0,0
chol,cheeor,136,26,0.9062407490957562,0,0,2,0,0
chol,otedal,136,22,0.8973752391710857,0,0,3,1,0
chol,lsy,136,22,0.9498644578132244,0,0,0,0,0
chol,qoko,136,24,0.7739850505269474,0,0,1,0,0
chol,ytody,136,21,0.9489344130381132,0,0,2,0,0
chol,chody,136,23,0.954592999157922,0,1,1,0,0
chol,kchy,136,24,0.9387657590256364,0,0,0,0,0
chol,ykal,136,24,0.9149476414543461,0,0,1,1,0
chol,lsedy,136,28,0.9228255462347335,0,0,2,0,0
chol,to,136,24,0.9056554745101528,0,0,1,0,0
chol,pchdy,136,30,0.9380974062902474,0,0,1,0,0
chol,qoeedy,136,23,0.945666862305899,0,0,3,0,0
chol,otor,136,20,0.9286273231479333,0,0,1,0,0
qotedy,oteey,142,169,0.9757780699571247,0,0,1,1,0
qotedy,cheol,142,107,0.9692285188829114,0,0,2,0,0
qotedy,okol,142,39,0.9326629324043473,0,0,2,0,0
qotedy,lkar,142,20,0.866983998868445,0,0,2,0,0
qotedy,otchdy,142,44,0.9371645611110158,0,0,1,2,0
qotedy,qotain,142,94,0.9801254876599026,0,1,0,0,0
qotedy,lchedy,142,177,0.9817689837412709,0,0,1,3,0
qotedy,daiin,142,462,0.9728933242772929,0,0,1,0,0
qotedy,aiin,142,327,0.9755765323686639,0,0,2,0,0
qotedy,dal,142,174,0.9654634047625353,0,0,3,0,0
qotedy,or,142,253,0.9800485783710782,0,0,4,0,0
qotedy,otar,142,139,0.965338629658324,0,0,2,0,0
qotedy,araiin,142,21,0.931525764597818,0,0,0,0,0
qotedy,shar,142,33,0.9190581666213683,0,0,3,0,0
qotedy,aredy,142,27,0.9385013554965114,0,0,1,3,0
qotedy,tor,142,25,0.8999134176949323,0,0,3,0,0
qotedy,kal,142,50,0.9627908369411975,0,0,3,0,0
qotedy,olky,142,34,0.948864977667768,0,0,2,1,0
qotedy,shol,142,172,0.9678545365040849,0,0,3,0,0
qotedy,otody,142,26,0.9200709888632865,0,0,1,2,0
qotedy,ofeey,142,23,0.8525492818298848,0,0,1,1,0
qotedy,qokey,142,76,0.9389371342212119,0,1,1,1,0
qotedy,pcheey,142,22,0.8721402574504654,0,0,1,1,0
qotedy,chdaiin,142,33,0.9439928515341856,0,0,0,0,0
qotedy,otal,142,97,0.95722909003223,0,0,2,0,0
qotedy,air,142,59,0.9564827069586602,0,0,3,0,0
qotedy,qokeo,142,20,0.9371118135785707,0,1,1,0,0
qotedy,ytedy,142,23,0.8815857572643767,0,0,1,4,0
qotedy,ain,142,145,0.9770768472226097,0,0,3,0,0
qotedy,qotal,142,46,0.9487091956819507,0,1,1,0,0
qotedy,dair,142,89,0.9643432180940581,0,0,2,0,0
qotedy,qokor,142,45,0.946444255472488,0,1,1,0,0
qotedy,chdy,142,244,0.9850108940830483,0,0,3,2,0
qotedy,olkaiin,142,112,0.9578085807895894,0,0,1,0,0
qotedy,okchy,142,33,0.9500771232148272,0,0,2,1,0
qotedy,olchedy,142,22,0.9256333972837109,0,0,0,3,0
qotedy,okedy,142,121,0.9697764873820348,0,0,1,3,0
qotedy,otchy,142,36,0.9409949123808256,0,0,2,1,0
qotedy,lkaiin,142,102,0.9767500699866664,0,0,0,0,0
qotedy,qokchedy,142,58,0.9010397625820563,0,1,1,3,0
qotedy,cthdy,142,33,0.9647599137737831,0,0,3,2,0
qotedy,otchey,142,27,0.8528356669360665,0,0,1,1,0
qotedy,oddy,142,26,0.9048093366670992,0,0,2,2,0
qotedy,chy,142,43,0.9534057412913308,0,0,4,1,0
qotedy,char,142,32,0.9139666571298936,0,0,3,0,0
qotedy,cheedy,142,73,0.9525971042195953,0,0,1,3,0
qotedy,qoteey,142,92,0.9608788152136052,0,1,0,1,0
qotedy,tedy,142,38,0.9482686836207334,0,0,2,4,0
qotedy,lkdy,142,26,0.9056134642364451,0,0,2,2,0
qotedy,lkedy,142,20,0.9420175612338381,0,0,1,3,0
qotedy,opchdy,142,23,0.9542757359038436,0,0,1,2,0
qotedy,okor,142,25,0.8942547178537245,0,0,2,0,0
qotedy,lkain,142,63,0.9630254281916039,0,0,1,0,0
qotedy,olkeey,142,94,0.9670037196858996,0,0,0,1,0
qotedy,qokal,142,215,0.9678004889132683,0,1,1,0,0
qotedy,chckhey,142,45,0.9502699199491978,0,0,2,1,0
qotedy,otol,142,40,0.8923347623803658,0,0,2,0,0
qotedy,qoty,142,21,0.9541408061800453,0,1,2,1,0
qotedy,kar,142,55,0.9590309574534467,0,0,3,0,0
qotedy,oty,142,68,0.9491236869636953,0,0,3,1,0
qotedy,tdy,142,32,0.9479410897029502,0,0,3,2,0
qotedy,ychy,142,21,0.9371657351406529,0,0,3,1,0
qotedy,otey,142,31,0.911291291598429,0,0,2,1,0
qotedy,qotaiin,142,92,0.968362848081399,0,1,1,0,0
qotedy,olkain,142,83,0.9681282974408475,0,0,0,0,0
qotedy,okey,142,27,0.9333589463582296,0,0,2,1,0
qotedy,kaiin,142,22,0.9440820998303152,0,0,1,0,0
qotedy,ky,142,30,0.939105598899742,0,0,4,1,0
qotedy,qokchy,142,75,0.9612839038829829,0,1,1,1,0
qotedy,daryeey,142,20,0.7678874120694017,0,0,1,1,0
qotedy,olkedy,142,35,0.9133974625955833,0,0,0,3,0
qotedy,qokol,142,106,0.9092163974773365,0,1,1,0,0
qotedy,shody,142,44,0.8081135490793809,0,0,2,2,0
qotedy,olkar,142,63,0.9719245046292604,0,0,1,0,0
qotedy,qotchy,142,20,0.7554611728292977,0,1,1,1,0
qotedy,taiin,142,49,0.9587279351279879,0,0,1,0,0
qotedy,sham,142,21,0.9038248732685442,0,0,3,0,0
qotedy,sar,142,43,0.9619023651726508,0,0,3,0,0
qotedy,lchaiin,142,24,0.9440623187733952,0,0,0,0,0
qotedy,qoy,142,22,0.9012958545930584,0,1,3,1,0
qotedy,shes,142,22,0.8001748823694714,0,0,3,0,0
qotedy,okchey,142,32,0.9406427526891175,0,0,1,1,0
qotedy,oleedy,142,26,0.9402567807455505,0,0,0,3,0
qotedy,ody,142,28,0.928655226929768,0,0,3,2,0
qotedy,ykar,142,21,0.8680510234857445,0,0,2,0,0
qotedy,dleo,142,22,0.8175152747258877,0,0,2,0,0
qotedy,dleeol,142,22,0.9194548666316104,0,0,0,0,0
qotedy,qokeor,142,20,0.9057896003918164,0,1,0,0,0
qotedy,olkchdy,142,21,0.8839218404988778,0,0,0,2,0
qotedy,chal,142,29,0.8519544207786037,0,0,3,0,0
qotedy,tchaiin,142,21,0.9385063252059197,0,0,0,0,0
qotedy,qokeody,142,21,0.9069630160428555,0,1,1,2,0
qotedy,ldy,142,21,0.8887516323172296,0,0,3,2,0
qotedy,laiin,142,37,0.9367414237570616,0,0,1,0,0
qotedy,schdy,142,21,0.9391382505270665,0,0,2,2,0
qotedy,sheckhy,142,39,0.9624867607566051,0,0,2,1,0
qotedy,cheeor,142,26,0.8964101524872394,0,0,1,0,0
qotedy,otedal,142,22,0.8851517518964311,0,0,0,0,0
qotedy,lsy,142,22,0.9417111124959215,0,0,3,1,0
qotedy,qoko,142,24,0.7808114957085879,0,1,2,0,0
qotedy,ytody,142,21,0.9391854888801802,0,0,1,2,0
qotedy,chody,142,23,0.9508296100424226,0,0,2,2,0
qotedy,kchy,142,24,0.9387523056930296,0,0,3,1,0
qotedy,ykal,142,24,0.9061248938511073,0,0,2,0,0
qotedy,lsedy,142,28,0.9286583308296422,0,0,1,3,0
qotedy,to,142,24,0.9152380255885034,0,0,4,0,0
qotedy,pchdy,142,30,0.9457416960540961,0,0,2,2,0
qotedy,qoeedy,142,23,0.9472372010542246,0,1,0,3,0
qotedy,otor,142,20,0.9212376680601192,0,0,2,0,0
oteey,cheol,169,107,0.965937463076386,0,0,1,0,0
oteey,okol,169,39,0.9445789901069656,0,0,1,0,0
oteey,lkar,169,20,0.8697503460388626,0,0,1,0,0
oteey,otchdy,169,44,0.9555661850760037,0,1,0,1,0
oteey,qotain,169,94,0.9703022241364794,0,0,1,0,0
oteey,lchedy,169,177,0.9781167459605646,0,0,0,1,0
oteey,daiin,169,462,0.9908955908882928,0,0,0,0,0
oteey,aiin,169,327,0.9658782346374565,0,0,1,0,0
oteey,dal,169,174,0.9778338928691706,0,0,2,0,0
oteey,or,169,253,0.9732996551067079,0,0,3,0,0
oteey,otar,169,139,0.9724861028390847,0,1,1,0,0
oteey,araiin,169,21,0.9414847704108239,0,0,1,0,0
oteey,shar,169,33,0.9261267567539977,0,0,2,0,0
oteey,aredy,169,27,0.949889760095809,0,0,0,1,0
oteey,tor,169,25,0.9074881965148021,0,0,2,0,0
oteey,kal,169,50,0.9625367168200708,0,0,2,0,0
oteey,olky,169,34,0.9619328945998117,0,0,1,1,0
oteey,shol,169,172,0.9874825623733072,0,0,2,0,1
oteey,otody,169,26,0.9133104295725397,0,1,0,1,0
oteey,ofeey,169,23,0.8519932278934149,1,0,0,3,0
oteey,qokey,169,76,0.9578190214328455,0,0,0,2,0
oteey,pcheey,169,22,0.8596395214143369,1,0,0,3,0
oteey,chdaiin,169,33,0.945174733551847,0,0,1,0,0
oteey,otal,169,97,0.9733466540424449,0,1,1,0,0
oteey,air,169,59,0.9486901854519306,0,0,2,0,0
oteey,qokeo,169,20,0.9284713060588704,0,0,0,0,0
oteey,ytedy,169,23,0.8948678241391401,0,0,0,1,0
oteey,ain,169,145,0.9726324969888756,0,0,2,0,0
oteey,qotal,169,46,0.9564331484720404,0,0,0,0,0
oteey,dair,169,89,0.981515732602825,0,0,1,0,0
oteey,qokor,169,45,0.9632719436507837,0,0,0,0,0
oteey,chdy,169,244,0.9760998462479764,0,0,2,1,0
oteey,olkaiin,169,112,0.965119677873232,0,0,2,0,0
oteey,okchy,169,33,0.9502079040645607,0,0,1,1,0
oteey,olchedy,169,22,0.938483384881893,0,0,1,1,0
oteey,okedy,169,121,0.9826656422207733,0,0,0,1,0
oteey,otchy,169,36,0.9501275188448972,0,1,1,1,0
oteey,lkaiin,169,102,0.9839484764758564,0,0,1,0,0
oteey,qokchedy,169,58,0.9171008540957765,0,0,2,1,0
oteey,cthdy,169,33,0.9708850120339096,0,0,2,1,0
oteey,otchey,169,27,0.8769441374366973,0,1,0,2,0
oteey,oddy,169,26,0.9009988350928635,0,0,1,1,0
oteey,chy,169,43,0.9629034535639102,0,0,3,1,0
oteey,char,169,32,0.9171078884898235,0,0,2,0,0
oteey,cheedy,169,73,0.965813566120877,0,0,0,1,0
oteey,qoteey,169,92,0.9764998545083743,0,0,1,5,1
oteey,tedy,169,38,0.9375115807985709,0,0,1,1,0
oteey,lkdy,169,26,0.8882305044092934,0,0,1,1,0
oteey,lkedy,169,20,0.9481948554081605,0,0,0,1,0
oteey,opchdy,169,23,0.9557872178807834,0,0,0,1,0
oteey,okor,169,25,0.9127509869416217,0,0,1,0,0
oteey,lkain,169,63,0.9747530640291403,0,0,0,0,0
oteey,olkeey,169,94,0.9718159435778545,0,0,1,3,1
oteey,qokal,169,215,0.9817740807638519,0,0,0,0,0
oteey,chckhey,169,45,0.9526634561793061,0,0,1,2,0
oteey,otol,169,40,0.9078538272284775,0,1,1,0,0
oteey,qoty,169,21,0.9508311453437657,0,0,1,1,0
oteey,kar,169,55,0.9611592952720968,0,0,2,0,0
oteey,oty,169,68,0.9503239127403407,0,1,2,1,0
oteey,tdy,169,32,0.9583180371578414,0,0,2,1,0
oteey,ychy,169,21,0.9387200152811085,0,0,2,1,0
oteey,otey,169,31,0.9296159938431934,0,1,1,2,0
oteey,qotaiin,169,92,0.9765457844533946,0,0,2,0,0
oteey,olkain,169,83,0.9645098307997121,0,0,1,0,0
oteey,okey,169,27,0.9474119700217659,0,0,1,2,0
oteey,kaiin,169,22,0.9324832698642274,0,0,0,0,0
oteey,ky,169,30,0.9340234157135234,0,0,3,1,0
oteey,qokchy,169,75,0.9733129026570562,0,0,0,1,0
oteey,daryeey,169,20,0.7807192571615377,0,0,2,3,0
oteey,olkedy,169,35,0.9274773373403473,0,0,1,1,0
oteey,qokol,169,106,0.9218808095722472,0,0,0,0,0
oteey,shody,169,44,0.8377818133378546,0,0,1,1,0
oteey,olkar,169,63,0.979912372131764,0,0,0,0,0
oteey,qotchy,169,20,0.762691138777295,0,0,0,1,0
oteey,taiin,169,49,0.9561369985614508,0,0,0,0,0
oteey,sham,169,21,0.9049379926263714,0,0,2,0,0
oteey,sar,169,43,0.9627948213314234,0,0,2,0,0
oteey,lchaiin,169,24,0.9560552874249588,0,0,1,0,0
oteey,qoy,169,22,0.9131206424575365,0,0,2,1,0
oteey,shes,169,22,0.8263797658105372,0,0,2,0,0
oteey,okchey,169,32,0.9587432507318636,0,0,0,2,0
oteey,oleedy,169,26,0.9379596410805284,0,0,1,1,0
oteey,ody,169,28,0.9375892798155189,0,0,2,1,0
oteey,ykar,169,21,0.8445372104221849,0,0,1,0,0
oteey,dleo,169,22,0.8421625773529583,0,0,1,0,0
oteey,dleeol,169,22,0.9311954972571522,0,0,1,0,0
oteey,qokeor,169,20,0.8940821422152047,0,0,1,0,0
oteey,olkchdy,169,21,0.9043463471158218,0,0,1,1,0
oteey,chal,169,29,0.8454084056122172,0,0,2,0,0
oteey,tchaiin,169,21,0.9240994576489405,0,0,1,0,0
oteey,qokeody,169,21,0.9191911014548301,0,0,2,1,0
oteey,ldy,169,21,0.8917207018104241,0,0,2,1,0
oteey,laiin,169,37,0.9532530322180514,0,0,0,0,0
oteey,schdy,169,21,0.9481715177117295,0,0,1,1,0
oteey,sheckhy,169,39,0.9715472961223508,0,0,1,1,0
oteey,cheeor,169,26,0.8859142022409882,0,0,0,0,0
oteey,otedal,169,22,0.8988122251813232,0,1,1,0,0
oteey,lsy,169,22,0.9457246621489148,0,0,2,1,0
oteey,qoko,169,24,0.7789877905605217,0,0,1,0,0
oteey,ytody,169,21,0.9529670306900967,0,0,0,1,0
oteey,chody,169,23,0.9497835535485499,0,0,1,1,0
oteey,kchy,169,24,0.9385020936711922,0,0,2,1,0
oteey,ykal,169,24,0.9028159027815059,0,0,1,0,0
oteey,lsedy,169,28,0.9284747519113419,0,0,0,1,0
oteey,to,169,24,0.9013414311309642,0,0,3,0,0
oteey,pchdy,169,30,0.9380183902167201,0,0,1,1,0
oteey,qoeedy,169,23,0.9474961733040026,0,0,1,1,0
oteey,otor,169,20,0.9308803847023588,0,1,1,0,0
cheol,okol,107,39,0.9200712613653687,1,0,0,2,0
cheol,lkar,107,20,0.8425439916564652,0,0,0,0,0
cheol,otchdy,107,44,0.9322179311659367,0,0,1,0,0
cheol,qotain,107,94,0.9707542179617263,0,0,2,0,0
cheol,lchedy,107,177,0.9778574128780242,0,0,1,0,0
cheol,daiin,107,462,0.9662379023897477,0,0,1,0,0
cheol,aiin,107,327,0.9602313957894715,0,0,0,0,0
cheol,dal,107,174,0.950191954851076,0,0,1,1,0
cheol,or,107,253,0.9714588079161521,0,0,2,0,1
cheol,otar,107,139,0.948710065080282,0,0,0,0,0
cheol,araiin,107,21,0.9239626853424081,0,0,2,0,0
cheol,shar,107,33,0.9190417199286852,0,0,1,0,0
cheol,aredy,107,27,0.940302835328412,0,0,1,0,0
cheol,tor,107,25,0.9129209771196142,0,0,1,0,0
cheol,kal,107,50,0.9535921006161873,0,0,1,1,0
cheol,olky,107,34,0.946824083506503,0,0,0,0,0
cheol,shol,107,172,0.9653517543585246,0,0,1,2,0
cheol,otody,107,26,0.9252528928026984,0,0,1,0,0
cheol,ofeey,107,23,0.8295101354235855,0,0,1,0,0
cheol,qokey,107,76,0.9552317315944877,0,0,1,0,0
cheol,pcheey,107,22,0.8446316883180544,0,0,1,0,0
cheol,chdaiin,107,33,0.9419714747304943,0,0,2,0,0
cheol,otal,107,97,0.9528879033685423,0,0,0,1,0
cheol,air,107,59,0.9511615512520077,0,0,1,0,0
cheol,qokeo,107,20,0.9198636010200346,0,0,1,0,0
cheol,ytedy,107,23,0.8957271359916759,0,0,1,0,0
cheol,ain,107,145,0.9706048449858913,0,0,1,0,0
cheol,qotal,107,46,0.9289678874056877,0,0,1,1,0
cheol,dair,107,89,0.9633466728717602,0,0,0,0,0
cheol,qokor,107,45,0.9342608612168419,0,0,1,0,0
cheol,chdy,107,244,0.9788983057272468,0,0,1,0,1
cheol,olkaiin,107,112,0.9462679611673123,0,0,3,0,0
cheol,okchy,107,33,0.9507506962610546,0,0,0,0,0
cheol,olchedy,107,22,0.9340889407741444,0,0,2,0,0
cheol,okedy,107,121,0.9681894708305511,0,0,1,0,0
cheol,otchy,107,36,0.9547513566751361,0,0,0,0,0
cheol,lkaiin,107,102,0.9700560648184036,0,0,2,0,0
cheol,qokchedy,107,58,0.9123035134545358,0,0,3,0,0
cheol,cthdy,107,33,0.949068693640592,0,0,1,0,0
cheol,otchey,107,27,0.8815774039367748,0,0,1,0,0
cheol,oddy,107,26,0.8934987161410168,0,0,0,0,0
cheol,chy,107,43,0.9450848652367778,0,0,2,0,0
cheol,char,107,32,0.9245359869630136,0,0,1,0,0
cheol,cheedy,107,73,0.9404257906911285,0,1,1,0,0
cheol,qoteey,107,92,0.9565348389314206,0,0,2,0,0
cheol,tedy,107,38,0.9242678787890651,0,0,0,0,0
cheol,lkdy,107,26,0.8732420324722613,0,0,0,0,0
cheol,lkedy,107,20,0.9394509231644792,0,0,1,0,0
cheol,opchdy,107,23,0.9384451019086315,0,0,1,0,0
cheol,okor,107,25,0.8893405564865904,0,0,0,0,0
cheol,lkain,107,63,0.9633445380021857,0,0,1,0,0
cheol,olkeey,107,94,0.9454529746809084,0,0,2,0,0
cheol,qokal,107,215,0.9597869636060186,0,0,1,1,0
cheol,chckhey,107,45,0.9360563159268243,0,0,0,0,0
cheol,otol,107,40,0.8948691785772875,1,0,0,2,0
cheol,qoty,107,21,0.9354159506316757,0,0,0,0,0
cheol,kar,107,55,0.9571152898573186,0,0,1,0,0
cheol,oty,107,68,0.9360918653456725,0,0,1,0,0
cheol,tdy,107,32,0.9432051747664673,0,0,1,0,0
cheol,ychy,107,21,0.9264072390716401,0,0,1,0,0
cheol,otey,107,31,0.9180438289177328,0,0,0,0,0
cheol,qotaiin,107,92,0.9678756463110902,0,0,3,0,0
cheol,olkain,107,83,0.9621751275634337,0,0,2,0,0
cheol,okey,107,27,0.9380591046109806,0,0,0,0,0
cheol,kaiin,107,22,0.9354874469209855,0,0,1,0,0
cheol,ky,107,30,0.9181020934558719,0,0,2,0,0
cheol,qokchy,107,75,0.9597111389161306,0,0,1,0,0
cheol,daryeey,107,20,0.7706797437743935,0,0,3,0,0
cheol,olkedy,107,35,0.8983508020282949,0,0,2,0,0
cheol,qokol,107,106,0.9020707565282284,0,0,1,2,0
cheol,shody,107,44,0.8106713628460499,0,0,0,0,0
cheol,olkar,107,63,0.9614720766250887,0,0,1,0,0
cheol,qotchy,107,20,0.7576598190819934,0,0,1,0,0
cheol,taiin,107,49,0.936239699724346,0,0,1,0,0
cheol,sham,107,21,0.9108925890419983,0,0,1,0,0
cheol,sar,107,43,0.9522452141034695,0,0,1,0,0
cheol,lchaiin,107,24,0.952194096954397,0,0,2,0,0
cheol,qoy,107,22,0.922532446044645,0,0,1,0,0
cheol,shes,107,22,0.8150565221095836,0,0,1,0,0
cheol,okchey,107,32,0.9489291721053797,0,0,1,0,0
cheol,oleedy,107,26,0.9254353310134847,0,0,2,0,0
cheol,ody,107,28,0.9349539027148059,0,0,1,0,0
cheol,ykar,107,21,0.827012379761329,0,0,0,0,0
cheol,dleo,107,22,0.8621495389242353,0,0,0,0,0
cheol,dleeol,107,22,0.9236264016596818,0,0,2,3,0
cheol,qokeor,107,20,0.8712301683230108,0,0,2,0,0
cheol,olkchdy,107,21,0.8740257316963173,0,0,2,0,0
cheol,chal,107,29,0.8298681941701003,0,0,1,1,0
cheol,tchaiin,107,21,0.914072224728198,0,0,2,0,0
cheol,qokeody,107,21,0.9080394023906694,0,0,3,0,0
cheol,ldy,107,21,0.8881465785971426,0,0,1,0,0
cheol,laiin,107,37,0.9433248558020337,0,0,1,0,0
cheol,schdy,107,21,0.9371039055979722,0,0,0,0,0
cheol,sheckhy,107,39,0.9575677474756463,0,0,0,0,0
cheol,cheeor,107,26,0.8767206477948781,0,1,1,0,0
cheol,otedal,107,22,0.9076190144339522,0,0,2,1,0
cheol,lsy,107,22,0.9405858094641746,0,0,1,0,0
cheol,qoko,107,24,0.7870502360219064,0,0,0,0,0
cheol,ytody,107,21,0.9319992344785112,0,0,1,0,0
cheol,chody,107,23,0.9367591280471731,0,0,0,0,0
cheol,kchy,107,24,0.9138904559177631,0,0,1,0,0
cheol,ykal,107,24,0.8987618445962011,0,0,0,1,0
cheol,lsedy,107,28,0.9176938378021299,0,0,1,0,0
cheol,to,107,24,0.876771151551166,0,0,2,0,0
cheol,pchdy,107,30,0.9263595973498532,0,0,0,0,0
cheol,qoeedy,107,23,0.9383884189780448,0,0,2,0,0
cheol,otor,107,20,0.9021909600335581,0,0,0,0,0
okol,lkar,39,20,0.8518202601123521,0,0,0,0,0
okol,otchdy,39,44,0.9249239113492589,0,0,1,0,0
okol,qotain,39,94,0.9256617473063687,0,0,2,0,0
okol,lchedy,39,177,0.9335711761188827,0,0,1,0,0
okol,daiin,39,462,0.9392227953433726,0,0,1,0,0
okol,aiin,39,327,0.9253978806544204,0,0,0,0,0
okol,dal,39,174,0.9282272191894996,0,0,1,1,0
okol,or,39,253,0.93167760534382,0,0,2,0,0
okol,otar,39,139,0.922031327425809,0,0,0,0,0
okol,araiin,39,21,0.891148092730485,0,0,2,0,0
okol,shar,39,33,0.8732138125925188,0,0,1,0,0
okol,aredy,39,27,0.9035645649330368,0,0,1,0,0
okol,tor,39,25,0.860068549133983,0,0,1,0,0
okol,kal,39,50,0.9342071912230748,0,0,1,1,0
okol,olky,39,34,0.9163849456287068,0,0,0,0,0
okol,shol,39,172,0.9343635382756943,0,0,1,2,0
okol,otody,39,26,0.8710598748767536,0,0,1,0,0
okol,ofeey,39,23,0.8047153030701544,0,0,1,0,0
okol,qokey,39,76,0.908969175610571,0,0,1,0,0
okol,pcheey,39,22,0.8279847481995372,0,0,1,0,0
okol,chdaiin,39,33,0.8996712363979866,0,0,2,0,0
okol,otal,39,97,0.9255803980662292,0,0,0,1,0
okol,air,39,59,0.9043817691637454,0,0,1,0,0
okol,qokeo,39,20,0.8909889901423749,0,0,1,0,0
okol,ytedy,39,23,0.8394048075961476,0,0,1,0,0
okol,ain,39,145,0.9270964293717835,0,0,1,0,0
okol,qotal,39,46,0.9166382220236201,0,0,1,1,0
okol,dair,39,89,0.9264674286262161,0,0,0,0,0
okol,qokor,39,45,0.915018021743355,0,0,1,0,0
okol,chdy,39,244,0.9324825298711155,0,0,1,0,0
okol,olkaiin,39,112,0.9354271960564081,0,0,3,0,0
okol,okchy,39,33,0.9243423046375012,0,1,0,0,0
okol,olchedy,39,22,0.8875800856756891,0,0,2,0,0
okol,okedy,39,121,0.9323747303475979,0,1,1,0,0
okol,otchy,39,36,0.904151426402017,0,0,0,0,0
okol,lkaiin,39,102,0.9435644747115998,0,0,2,0,0
okol,qokchedy,39,58,0.8643524833420946,0,0,3,0,0
okol,cthdy,39,33,0.9275201454351701,0,0,1,0,0
okol,otchey,39,27,0.8272091377978441,0,0,1,0,0
okol,oddy,39,26,0.8641618658286032,0,0,0,0,0
okol,chy,39,43,0.9144808114493707,0,0,2,0,0
okol,char,39,32,0.8715816434076324,0,0,1,0,0
okol,cheedy,39,73,0.933223423450682,0,0,1,0,0
okol,qoteey,39,92,0.9315960867894141,0,0,2,0,0
okol,tedy,39,38,0.899617691559402,0,0,0,0,0
okol,lkdy,39,26,0.8544092011186791,0,0,0,0,0
okol,lkedy,39,20,0.898728613215981,0,0,1,0,0
okol,opchdy,39,23,0.9093551499333076,0,0,1,0,0
okol,okor,39,25,0.8548602939021498,0,1,0,0,0
okol,lkain,39,63,0.9232601526333515,0,0,1,0,0
okol,olkeey,39,94,0.9270572310816546,0,0,2,0,0
okol,qokal,39,215,0.926325383738271,0,0,1,1,0
okol,chckhey,39,45,0.9026392774575748,0,0,0,0,0
okol,otol,39,40,0.9370157862569799,1,0,0,2,1
okol,qoty,39,21,0.9142792340005867,0,0,0,0,0
okol,kar,39,55,0.9145234456883092,0,0,1,0,0
okol,oty,39,68,0.9167746430929499,0,0,1,0,0
okol,tdy,39,32,0.9078819287535626,0,0,1,0,0
okol,ychy,39,21,0.9000859722955239,0,0,1,0,0
okol,otey,39,31,0.8720622837864205,0,0,0,0,0
okol,qotaiin,39,92,0.9317032611306957,0,0,3,0,0
okol,olkain,39,83,0.9155603378906979,0,0,2,0,0
okol,okey,39,27,0.9019278279856208,0,1,0,0,0
okol,kaiin,39,22,0.8901031944080762,0,0,1,0,0
okol,ky,39,30,0.9135491394688106,0,0,2,0,0
okol,qokchy,39,75,0.9318884287279553,0,0,1,0,0
okol,daryeey,39,20,0.7195536115070729,0,0,3,0,0
okol,olkedy,39,35,0.8965746783431673,0,0,2,0,0
okol,qokol,39,106,0.9499073599778047,0,0,1,4,1
okol,shody,39,44,0.9046618108258527,0,0,0,0,1
okol,olkar,39,63,0.929104078801697,0,0,1,0,0
okol,qotchy,39,20,0.7194300817867172,0,0,1,0,0
okol,taiin,39,49,0.9130217647215855,0,0,1,0,0
okol,sham,39,21,0.8800880583578449,0,0,1,0,0
okol,sar,39,43,0.9242424242424242,0,0,1,0,0
okol,lchaiin,39,24,0.9181767482163812,0,0,2,0,0
okol,qoy,39,22,0.8661477410366077,0,0,1,0,0
okol,shes,39,22,0.7686245435093487,0,0,1,0,0
okol,okchey,39,32,0.9110786450885655,0,1,1,0,0
okol,oleedy,39,26,0.9014658577232377,0,0,2,0,0
okol,ody,39,28,0.8955281997325438,0,0,1,0,0
okol,ykar,39,21,0.7947049415071886,0,0,0,0,0
okol,dleo,39,22,0.784341996688745,0,0,0,0,0
okol,dleeol,39,22,0.8756765487165958,0,0,2,2,0
okol,qokeor,39,20,0.8652052117499139,0,0,2,0,0
okol,olkchdy,39,21,0.8677106929569595,0,0,2,0,0
okol,chal,39,29,0.7973216202741205,0,0,1,1,0
okol,tchaiin,39,21,0.8844854208712626,0,0,2,0,0
okol,qokeody,39,21,0.8725709173253646,0,0,3,0,0
okol,ldy,39,21,0.836318375653568,0,0,1,0,0
okol,laiin,39,37,0.8960284434950112,0,0,1,0,0
okol,schdy,39,21,0.9113758113644973,0,0,0,0,0
okol,sheckhy,39,39,0.9394016331429902,0,0,0,0,0
okol,cheeor,39,26,0.8455767262643882,0,0,1,0,0
okol,otedal,39,22,0.8444055885486869,0,0,2,1,0
okol,lsy,39,22,0.919660531480803,0,0,1,0,0
okol,qoko,39,24,0.7272572373293489,0,0,0,0,0
okol,ytody,39,21,0.9042724186782937,0,0,1,0,0
okol,chody,39,23,0.9043300601847127,0,0,0,0,0
okol,kchy,39,24,0.887983398373665,0,0,1,0,0
okol,ykal,39,24,0.870035183540059,0,0,0,1,0
okol,lsedy,39,28,0.8761880092431606,0,0,1,0,0
okol,to,39,24,0.8742214017884866,0,0,2,0,0
okol,pchdy,39,30,0.917198482274803,0,0,0,0,0
okol,qoeedy,39,23,0.9000901185433772,0,0,2,0,0
okol,otor,39,20,0.8829447333709829,0,0,0,0,0
lkar,otchdy,20,44,0.8485537547465374,0,0,1,0,0
lkar,qotain,20,94,0.8690834392607315,0,0,2,0,0
lkar,lchedy,20,177,0.8476424931140745,0,0,1,0,0
lkar,daiin,20,462,0.8832684483289863,0,0,1,0,0
lkar,aiin,20,327,0.9137831477965476,0,0,0,0,0
lkar,dal,20,174,0.8966756935503318,0,0,1,0,0
lkar,or,20,253,0.9008663021410396,0,0,2,1,0
lkar,otar,20,139,0.9073194658536987,1,0,0,2,0
lkar,araiin,20,21,0.830501918331981,0,0,2,0,0
lkar,shar,20,33,0.7964966176649917,0,0,1,2,0
lkar,aredy,20,27,0.7766083004465294,0,0,1,0,0
lkar,tor,20,25,0.703785802523818,0,0,1,1,0
lkar,kal,20,50,0.8506032151929237,0,0,1,0,0
lkar,olky,20,34,0.867284311241081,0,0,0,0,0
lkar,shol,20,172,0.8621905875750554,0,0,1,0,0
lkar,otody,20,26,0.8060658672230593,0,0,1,0,0
lkar,ofeey,20,23,0.9145650236322312,0,0,1,0,0
lkar,qokey,20,76,0.8508190770445143,0,0,1,0,0
lkar,pcheey,20,22,0.8942497894381808,0,0,1,0,0
lkar,chdaiin,20,33,0.8667539743516706,0,0,2,0,0
lkar,otal,20,97,0.8485629911754917,0,0,0,0,0
lkar,air,20,59,0.819027815867973,0,0,1,1,0
lkar,qokeo,20,20,0.8860150656407594,0,0,1,0,0
lkar,ytedy,20,23,0.6802012269802244,0,0,1,0,0
lkar,ain,20,145,0.873338371850999,0,0,1,0,0
lkar,qotal,20,46,0.9318928186088538,0,0,1,0,0
lkar,dair,20,89,0.872467265408394,0,0,0,1,0
lkar,qokor,20,45,0.8432724325234342,0,0,1,1,0
lkar,chdy,20,244,0.8770728451367192,0,0,1,0,0
lkar,olkaiin,20,112,0.9003869185895541,0,0,3,0,0
lkar,okchy,20,33,0.862368818286105,0,0,0,0,0
lkar,olchedy,20,22,0.7651778285012029,0,0,2,0,0
lkar,okedy,20,121,0.8540201386289783,0,0,1,0,0
lkar,otchy,20,36,0.8824638887626279,0,0,0,0,0
lkar,lkaiin,20,102,0.8759546604879715,0,1,2,0,0
lkar,qokchedy,20,58,0.7436826300300422,0,0,3,0,0
lkar,cthdy,20,33,0.8923567329068349,0,0,1,0,0
lkar,otchey,20,27,0.7580822857661417,0,0,1,0,0
lkar,oddy,20,26,0.8131798194546535,0,0,0,0,0
lkar,chy,20,43,0.8523664670713949,0,0,2,0,0
lkar,char,20,32,0.7649325285671948,0,0,1,2,0
lkar,cheedy,20,73,0.8908014018031261,0,0,1,0,0
lkar,qoteey,20,92,0.861042174529006,0,0,2,0,0
lkar,tedy,20,38,0.9094628815687661,0,0,0,0,0
lkar,lkdy,20,26,0.9025715678063032,0,1,0,0,0
lkar,lkedy,20,20,0.8189375328037729,0,1,1,0,0
lkar,opchdy,20,23,0.8522578784389303,0,0,1,0,0
lkar,okor,20,25,0.7608240028013968,0,0,0,1,0
lkar,lkain,20,63,0.8678825509569189,0,1,1,0,0
lkar,olkeey,20,94,0.9123838576723524,0,0,2,0,0
lkar,qokal,20,215,0.8913233891358697,0,0,1,0,0
lkar,chckhey,20,45,0.9062683744639745,0,0,0,0,0
lkar,otol,20,40,0.7835572407416602,0,0,0,0,0
lkar,qoty,20,21,0.8948151018018354,0,0,0,0,0
lkar,kar,20,55,0.837581749714764,0,0,1,3,0
lkar,oty,20,68,0.9027109433540758,0,0,1,0,0
lkar,tdy,20,32,0.7833628155478464,0,0,1,0,0
lkar,ychy,20,21,0.9024813342347388,0,0,1,0,0
lkar,otey,20,31,0.8403252527851789,0,0,0,0,0
lkar,qotaiin,20,92,0.8716528838794527,0,0,3,0,0
lkar,olkain,20,83,0.8606724027292305,0,0,2,0,0
lkar,okey,20,27,0.8729620362145878,0,0,0,0,0
lkar,kaiin,20,22,0.846023633253795,0,0,1,0,0
lkar,ky,20,30,0.9469802923203935,0,0,2,0,0
lkar,qokchy,20,75,0.8570915990840752,0,0,1,0,0
lkar,daryeey,20,20,0.7493642091032803,0,0,3,0,0
lkar,olkedy,20,35,0.9213303799847733,0,0,2,0,0
lkar,qokol,20,106,0.8169794564189158,0,0,1,0,0
lkar,shody,20,44,0.7290425978524934,0,0,0,0,0
lkar,olkar,20,63,0.8826741968825387,0,0,1,4,0
lkar,qotchy,20,20,0.784514829311483,0,0,1,0,0
lkar,taiin,20,49,0.8741742063362097,0,0,1,0,0
lkar,sham,20,21,0.8125248624812935,0,0,1,0,0
lkar,sar,20,43,0.8742365827468876,0,0,1,2,0
lkar,lchaiin,20,24,0.7818822292131222,0,0,2,0,0
lkar,qoy,20,22,0.7388355304717837,0,0,1,0,0
lkar,shes,20,22,0.6442581757209207,0,0,1,0,0
lkar,okchey,20,32,0.8067922817003625,0,0,1,0,0
lkar,oleedy,20,26,0.8891321784726677,0,0,2,0,0
lkar,ody,20,28,0.7616561316660518,0,0,1,0,0
lkar,ykar,20,21,0.7692311530783627,1,0,0,3,0
lkar,dleo,20,22,0.6953431297056805,0,0,0,0,0
lkar,dleeol,20,22,0.8482351411935285,0,0,2,0,0
lkar,qokeor,20,20,0.8127479088643748,0,0,2,1,0
lkar,olkchdy,20,21,0.8572418597578464,0,0,2,0,0
lkar,chal,20,29,0.9057428604778534,0,0,1,0,0
lkar,tchaiin,20,21,0.8860150656407594,0,0,2,0,0
lkar,qokeody,20,21,0.7710359268267023,0,0,3,0,0
lkar,ldy,20,21,0.7607809344476333,0,0,1,0,0
lkar,laiin,20,37,0.8056865421090719,0,0,1,0,0
lkar,schdy,20,21,0.8652244962320156,0,0,0,0,0
lkar,sheckhy,20,39,0.8749238235517047,0,0,0,0,0
lkar,cheeor,20,26,0.9224630744655827,0,0,1,1,0
lkar,otedal,20,22,0.728159506218338,0,0,2,0,0
lkar,lsy,20,22,0.8255746000959163,0,0,1,0,0
lkar,qoko,20,24,0.5599972714602711,0,0,0,0,0
lkar,ytody,20,21,0.8588669946620562,0,0,1,0,0
lkar,chody,20,23,0.8690630149998768,0,0,0,0,0
lkar,kchy,20,24,0.9041013728141563,0,0,1,0,0
lkar,ykal,20,24,0.7968364231432236,0,0,0,0,0
lkar,lsedy,20,28,0.792256831925564,0,0,1,0,0
lkar,to,20,24,0.8757332957813923,0,0,2,0,0
lkar,pchdy,20,30,0.8863570062423888,0,0,0,0,0
lkar,qoeedy,20,23,0.8083475160635324,0,0,2,0,0
lkar,otor,20,20,0.8612335828338495,0,0,0,1,0
otchdy,qotain,44,94,0.9299875931748011,0,0,1,0,0
otchdy,lchedy,44,177,0.9403289441537871,0,0,0,2,0
otchdy,daiin,44,462,0.9568544494967297,0,0,0,0,0
otchdy,aiin,44,327,0.9309353734730529,0,0,1,0,0
otchdy,dal,44,174,0.9439134475155561,0,0,2,0,0
otchdy,or,44,253,0.9353502676236898,0,0,3,0,0
otchdy,otar,44,139,0.94033873645478,0,1,1,0,0
otchdy,araiin,44,21,0.8982766105453707,0,0,1,0,0
otchdy,shar,44,33,0.910120399210383,0,0,2,0,0
otchdy,aredy,44,27,0.918462656074305,0,0,0,2,0
otchdy,tor,44,25,0.8714463699141564,0,0,2,0,0
otchdy,kal,44,50,0.9244530382955809,0,0,2,0,0
otchdy,olky,44,34,0.9310087750473843,0,0,1,1,0
otchdy,shol,44,172,0.9496626832800047,0,0,2,0,0
otchdy,otody,44,26,0.8745541373278154,0,1,0,2,0
otchdy,ofeey,44,23,0.8195439112902058,0,0,0,1,0
otchdy,qokey,44,76,0.9265390021879784,0,0,0,1,0
otchdy,pcheey,44,22,0.8274785548238465,0,0,0,1,0
otchdy,chdaiin,44,33,0.9131809103564608,0,0,1,0,0
otchdy,otal,44,97,0.9433368417093446,0,1,1,0,0
otchdy,air,44,59,0.9131322061718592,0,0,2,0,0
otchdy,qokeo,44,20,0.8977927467813612,0,0,0,0,0
otchdy,ytedy,44,23,0.8566443214130061,0,0,0,2,0
otchdy,ain,44,145,0.9392875068539147,0,0,2,0,0
otchdy,qotal,44,46,0.9208599945373863,0,0,0,0,0
otchdy,dair,44,89,0.947997829304575,0,0,1,0,0
otchdy,qokor,44,45,0.9333822254759692,0,0,0,0,0
otchdy,chdy,44,244,0.9390899865797797,0,0,2,3,0
otchdy,olkaiin,44,112,0.9355597177594314,0,0,2,0,0
otchdy,okchy,44,33,0.920677429317946,0,0,1,1,0
otchdy,olchedy,44,22,0.8990757864169759,0,0,1,2,0
otchdy,okedy,44,121,0.9429801322710362,0,0,0,2,0
otchdy,otchy,44,36,0.9129209481298185,0,1,1,1,0
otchdy,lkaiin,44,102,0.9464046027225551,0,0,1,0,0
otchdy,qokchedy,44,58,0.875862109489053,0,0,2,2,0
otchdy,cthdy,44,33,0.9329608882928091,0,0,2,2,0
otchdy,otchey,44,27,0.8435285156743021,0,1,0,1,0
otchdy,oddy,44,26,0.8630790864393918,0,0,1,2,0
otchdy,chy,44,43,0.9350162419059227,0,0,3,1,0
otchdy,char,44,32,0.8889275793224518,0,0,2,0,0
otchdy,cheedy,44,73,0.9403301686310489,0,0,0,2,0
otchdy,qoteey,44,92,0.937094839580661,0,0,1,1,0
otchdy,tedy,44,38,0.8958446828946973,0,0,1,2,0
otchdy,lkdy,44,26,0.8573946768098368,0,0,1,2,0
otchdy,lkedy,44,20,0.9075710308979924,0,0,0,2,0
otchdy,opchdy,44,23,0.91902308879886,1,0,0,3,0
otchdy,okor,44,25,0.8822247042713566,0,0,1,0,0
otchdy,lkain,44,63,0.9316729104682913,0,0,0,0,0
otchdy,olkeey,44,94,0.9392957885562704,0,0,1,1,0
otchdy,qokal,44,215,0.9524471710988882,0,0,0,0,0
otchdy,chckhey,44,45,0.9213824100915018,0,0,1,1,0
otchdy,otol,44,40,0.892180352377656,0,1,1,0,0
otchdy,qoty,44,21,0.9152778263332588,0,0,1,1,0
otchdy,kar,44,55,0.9239139357434506,0,0,2,0,0
otchdy,oty,44,68,0.9199191008708136,0,1,2,1,0
otchdy,tdy,44,32,0.9232918611718708,0,0,2,2,0
otchdy,ychy,44,21,0.910001533638618,0,0,2,1,0
otchdy,otey,44,31,0.9033265344960781,0,1,1,1,0
otchdy,qotaiin,44,92,0.9453983156754228,0,0,2,0,0
otchdy,olkain,44,83,0.927159328773429,0,0,1,0,0
otchdy,okey,44,27,0.9037612664971187,0,0,1,1,0
otchdy,kaiin,44,22,0.893176298431939,0,0,0,0,0
otchdy,ky,44,30,0.9003708821913231,0,0,3,1,0
otchdy,qokchy,44,75,0.9516473289338576,0,0,0,1,0
otchdy,daryeey,44,20,0.7477371739887577,0,0,2,1,0
otchdy,olkedy,44,35,0.908445249296025,0,0,1,2,0
otchdy,qokol,44,106,0.9070216755412173,0,0,0,0,0
otchdy,shody,44,44,0.8324207237286196,0,0,1,2,0
otchdy,olkar,44,63,0.946347895587664,0,0,0,0,0
otchdy,qotchy,44,20,0.7514656742417934,0,0,0,1,0
otchdy,taiin,44,49,0.9129452286034054,0,0,0,0,0
otchdy,sham,44,21,0.8704359709803977,0,0,2,0,0
otchdy,sar,44,43,0.9438772701883831,0,0,2,0,0
otchdy,lchaiin,44,24,0.9224152115100687,0,0,1,0,0
otchdy,qoy,44,22,0.8864125080103908,0,0,2,1,0
otchdy,shes,44,22,0.8009011744116252,0,0,2,0,0
otchdy,okchey,44,32,0.9286892464401821,0,0,0,1,0
otchdy,oleedy,44,26,0.9060872635450257,0,0,1,2,0
otchdy,ody,44,28,0.9001944657147702,0,0,2,2,0
otchdy,ykar,44,21,0.793991419619396,0,0,1,0,0
otchdy,dleo,44,22,0.8024992735371663,0,0,1,0,0
otchdy,dleeol,44,22,0.8917429447167243,0,0,1,0,0
otchdy,qokeor,44,20,0.8634539759980234,0,0,1,0,0
otchdy,olkchdy,44,21,0.8975327673645964,0,0,1,3,1
otchdy,chal,44,29,0.8153894994023144,0,0,2,0,0
otchdy,tchaiin,44,21,0.8836912900256331,0,0,1,0,0
otchdy,qokeody,44,21,0.8794027735400297,0,0,2,2,0
otchdy,ldy,44,21,0.869922336451973,0,0,2,2,0
otchdy,laiin,44,37,0.9113734181570781,0,0,0,0,0
otchdy,schdy,44,21,0.9145995038343848,0,0,1,3,0
otchdy,sheckhy,44,39,0.9388145117506017,0,0,1,1,1
otchdy,cheeor,44,26,0.8568845555572299,0,0,0,0,0
otchdy,otedal,44,22,0.858715284839864,0,1,1,0,0
otchdy,lsy,44,22,0.9179038818368441,0,0,2,1,0
otchdy,qoko,44,24,0.7547727736557486,0,0,1,0,0
otchdy,ytody,44,21,0.9236175166855799,0,0,0,2,0
otchdy,chody,44,23,0.9079391888007169,0,0,1,2,0
otchdy,kchy,44,24,0.9114003977020786,0,0,2,1,0
otchdy,ykal,44,24,0.8658779979578226,0,0,1,0,0
otchdy,lsedy,44,28,0.9015378067210361,0,0,0,2,0
otchdy,to,44,24,0.8672109285061783,0,0,3,0,0
otchdy,pchdy,44,30,0.9084541857928761,0,0,1,3,0
otchdy,qoeedy,44,23,0.9099639585509633,0,0,1,2,0
otchdy,otor,44,20,0.8930713276141684,0,1,1,0,0
qotain,lchedy,94,177,0.9826004569009795,0,0,1,0,0
qotain,daiin,94,462,0.9685128465401859,0,0,1,2,0
qotain,aiin,94,327,0.9740938698489242,0,0,2,2,0
qotain,dal,94,174,0.9589521052912453,0,0,3,0,0
qotain,or,94,253,0.9786848447952758,0,0,4,0,0
qotain,otar,94,139,0.9523138975474251,0,0,2,0,0
qotain,araiin,94,21,0.9294753304861594,0,0,0,2,0
qotain,shar,94,33,0.9149469152281064,0,0,3,0,0
qotain,aredy,94,27,0.9400438316718384,0,0,1,0,0
qotain,tor,94,25,0.8969871669297996,0,0,3,0,0
qotain,kal,94,50,0.9628780829160274,0,0,3,0,0
qotain,olky,94,34,0.9495438113145973,0,0,2,0,0
qotain,shol,94,172,0.9651109200465354,0,0,3,0,0
qotain,otody,94,26,0.923499646948919,0,0,1,0,0
qotain,ofeey,94,23,0.8441582499515127,0,0,1,0,0
qotain,qokey,94,76,0.9405903960253855,0,1,1,0,0
qotain,pcheey,94,22,0.871983046577473,0,0,1,0,0
qotain,chdaiin,94,33,0.9423559450874083,0,0,0,2,0
qotain,otal,94,97,0.9484757107325363,0,0,2,0,0
qotain,air,94,59,0.9545136414337335,0,0,3,0,0
qotain,qokeo,94,20,0.9426127778081513,0,1,1,0,0
qotain,ytedy,94,23,0.8809553805525592,0,0,1,0,0
qotain,ain,94,145,0.9768836846763213,0,0,3,3,0
qotain,qotal,94,46,0.9458095011761003,0,1,1,0,0
qotain,dair,94,89,0.9622312423499347,0,0,2,0,0
qotain,qokor,94,45,0.9395390299390388,0,1,1,0,0
qotain,chdy,94,244,0.9823141065170108,0,0,3,0,0
qotain,olkaiin,94,112,0.9530825022665458,0,0,1,2,0
qotain,okchy,94,33,0.9477404643855654,0,0,2,0,0
qotain,olchedy,94,22,0.9202120938245206,0,0,0,0,0
qotain,okedy,94,121,0.9657841173729189,0,0,1,0,0
qotain,otchy,94,36,0.9479993442436077,0,0,2,0,0
qotain,lkaiin,94,102,0.9715401042593101,0,0,0,2,0
qotain,qokchedy,94,58,0.8999555605790398,0,1,1,0,0
qotain,cthdy,94,33,0.959129468006511,0,0,3,0,0
qotain,otchey,94,27,0.8577948913546546,0,0,1,0,0
qotain,oddy,94,26,0.89313776755583,0,0,2,0,0
qotain,chy,94,43,0.9498102686543851,0,0,4,0,0
qotain,char,94,32,0.9101722018374577,0,0,3,0,0
qotain,cheedy,94,73,0.941873901320152,0,0,1,0,0
qotain,qoteey,94,92,0.9577608915272021,0,1,0,0,0
qotain,tedy,94,38,0.9467058635394754,0,0,2,0,0
qotain,lkdy,94,26,0.9014777382532071,0,0,2,0,0
qotain,lkedy,94,20,0.9395180218903766,0,0,1,0,0
qotain,opchdy,94,23,0.9464607642985805,0,0,1,0,0
qotain,okor,94,25,0.8862710470260002,0,0,2,0,0
qotain,lkain,94,63,0.9627194914042441,0,0,1,3,0
qotain,olkeey,94,94,0.9587400106597735,0,0,0,0,0
qotain,qokal,94,215,0.9620011441862691,0,1,1,0,0
qotain,chckhey,94,45,0.9412646751629611,0,0,2,0,0
qotain,otol,94,40,0.8911004032196108,0,0,2,0,0
qotain,qoty,94,21,0.9547772322247805,0,1,2,0,0
qotain,kar,94,55,0.9563806574793291,0,0,3,0,0
qotain,oty,94,68,0.9427292135860051,0,0,3,0,0
qotain,tdy,94,32,0.942450299551454,0,0,3,0,0
qotain,ychy,94,21,0.9360076210161526,0,0,3,0,0
qotain,otey,94,31,0.9115979546584676,0,0,2,0,0
qotain,qotaiin,94,92,0.9678506982987591,0,1,1,2,0
qotain,olkain,94,83,0.9744445549540582,0,0,0,3,1
qotain,okey,94,27,0.9360371155571904,0,0,2,0,0
qotain,kaiin,94,22,0.9475347572273035,0,0,1,2,0
qotain,ky,94,30,0.9375729846780935,0,0,4,0,0
qotain,qokchy,94,75,0.9565702257605513,0,1,1,0,0
qotain,daryeey,94,20,0.7662325594366686,0,0,1,0,0
qotain,olkedy,94,35,0.9061531164430608,0,0,0,0,0
qotain,qokol,94,106,0.9011103257299488,0,1,1,0,0
qotain,shody,94,44,0.8073870603162563,0,0,2,0,0
qotain,olkar,94,63,0.9678051865712656,0,0,1,0,0
qotain,qotchy,94,20,0.7533099677143368,0,1,1,0,0
qotain,taiin,94,49,0.9523937053118627,0,0,1,2,0
qotain,sham,94,21,0.8987752319115906,0,0,3,0,0
qotain,sar,94,43,0.954958093556487,0,0,3,0,0
qotain,lchaiin,94,24,0.9445348056725914,0,0,0,2,0
qotain,qoy,94,22,0.9030090432535939,0,1,3,0,0
qotain,shes,94,22,0.790492293178687,0,0,3,0,0
qotain,okchey,94,32,0.9417996456848123,0,0,1,0,0
qotain,oleedy,94,26,0.93348257421228,0,0,0,0,0
qotain,ody,94,28,0.9237412105758014,0,0,3,0,0
qotain,ykar,94,21,0.8493371101896114,0,0,2,0,0
qotain,dleo,94,22,0.8225570707195702,0,0,2,0,0
qotain,dleeol,94,22,0.9232272733491131,0,0,0,0,0
qotain,qokeor,94,20,0.8869010887930008,0,1,0,0,0
qotain,olkchdy,94,21,0.8744475799391571,0,0,0,0,0
qotain,chal,94,29,0.8509289500587057,0,0,3,0,0
qotain,tchaiin,94,21,0.9340088072196387,0,0,0,2,0
qotain,qokeody,94,21,0.8993537883090759,0,1,1,0,0
qotain,ldy,94,21,0.8796512441333817,0,0,3,0,0
qotain,laiin,94,37,0.9324231051411699,0,0,1,2,0
qotain,schdy,94,21,0.93874209267266,0,0,2,0,0
qotain,sheckhy,94,39,0.9624266515833386,0,0,2,0,0
qotain,cheeor,94,26,0.8900647003147856,0,0,1,0,0
qotain,otedal,94,22,0.8873991348404974,0,0,0,0,0
qotain,lsy,94,22,0.9398655840086088,0,0,3,0,0
qotain,qoko,94,24,0.7692500276147922,0,1,2,0,0
qotain,ytody,94,21,0.9406230432105124,0,0,1,0,0
qotain,chody,94,23,0.949089861062999,0,0,2,0,0
qotain,kchy,94,24,0.9252097987601249,0,0,3,0,0
qotain,ykal,94,24,0.9043751317713546,0,0,2,0,0
qotain,lsedy,94,28,0.92701550025597,0,0,1,0,0
qotain,to,94,24,0.905972861511602,0,0,4,0,0
qotain,pchdy,94,30,0.9345996142627949,0,0,2,0,0
qotain,qoeedy,94,23,0.9399647910583895,0,1,0,0,0
qotain,otor,94,20,0.9154827678909752,0,0,2,0,0
lchedy,daiin,177,462,0.9739214150247357,0,0,0,0,0
lchedy,aiin,177,327,0.9706208068431394,0,0,1,0,0
lchedy,dal,177,174,0.9594374169249517,0,0,2,0,0
lchedy,or,177,253,0.977415055879045,0,0,3,0,0
lchedy,otar,177,139,0.9561013949791981,0,0,1,0,0
lchedy,araiin,177,21,0.9323592335975106,0,0,1,0,0
lchedy,shar,177,33,0.9266097648186747,0,0,2,0,0
lchedy,aredy,177,27,0.9559557748875754,1,0,0,3,0
lchedy,tor,177,25,0.9206586848011878,0,0,2,0,0
lchedy,kal,177,50,0.9656976934232048,0,0,2,0,0
lchedy,olky,177,34,0.95716215166522,0,0,1,1,0
lchedy,shol,177,172,0.9706911701275251,0,0,2,0,0
lchedy,otody,177,26,0.9236672863865714,0,0,0,2,0
lchedy,ofeey,177,23,0.8312310045766008,0,0,0,1,0
lchedy,qokey,177,76,0.9487893116909237,0,0,0,1,0
lchedy,pcheey,177,22,0.856390028782453,0,0,0,1,0
lchedy,chdaiin,177,33,0.9470603888729021,0,0,1,0,0
lchedy,otal,177,97,0.9596347033023338,0,0,1,0,0
lchedy,air,177,59,0.9651376607969164,0,0,2,0,0
lchedy,qokeo,177,20,0.9337928264927646,0,0,0,0,0
lchedy,ytedy,177,23,0.9094896916697941,1,0,0,3,0
lchedy,ain,177,145,0.9794949971426437,0,0,2,0,0
lchedy,qotal,177,46,0.9387894654783472,0,0,0,0,0
lchedy,dair,177,89,0.9645884160794239,0,0,1,0,0
lchedy,qokor,177,45,0.9479691190957401,0,0,0,0,0
lchedy,chdy,177,244,0.9834699210369425,0,0,2,2,0
lchedy,olkaiin,177,112,0.9515126750571802,0,0,2,0,0
lchedy,okchy,177,33,0.943326825303491,0,0,1,1,0
lchedy,olchedy,177,22,0.9369147214350033,0,0,1,5,0
lchedy,okedy,177,121,0.9723840313095987,1,0,0,3,0
lchedy,otchy,177,36,0.9428059592382891,0,0,1,1,0
lchedy,lkaiin,177,102,0.9774980907611844,0,0,1,0,0
lchedy,qokchedy,177,58,0.9125141252021615,0,0,2,4,0
lchedy,cthdy,177,33,0.9592361942342736,0,0,2,2,0
lchedy,otchey,177,27,0.8649225811907746,0,0,0,1,0
lchedy,oddy,177,26,0.8944453570511308,0,0,1,2,0
lchedy,chy,177,43,0.9583209111341869,0,0,3,1,0
lchedy,char,177,32,0.9322860092260402,0,0,2,0,0
lchedy,cheedy,177,73,0.9431092628383898,1,0,0,3,0
lchedy,qoteey,177,92,0.9609432139171509,0,0,1,1,0
lchedy,tedy,177,38,0.9388029759479177,0,0,1,3,0
lchedy,lkdy,177,26,0.8861935692709217,0,0,1,2,0
lchedy,lkedy,177,20,0.9490299185764846,1,0,0,3,0
lchedy,opchdy,177,23,0.9492348766184746,0,0,0,2,0
lchedy,okor,177,25,0.8982437698981329,0,0,1,0,0
lchedy,lkain,177,63,0.9638806498653201,0,0,0,0,0
lchedy,olkeey,177,94,0.9559020703926403,0,0,1,1,0
lchedy,qokal,177,215,0.9659276530281118,0,0,0,0,0
lchedy,chckhey,177,45,0.936676256477864,0,0,1,1,0
lchedy,otol,177,40,0.9038605832501778,0,0,1,0,0
lchedy,qoty,177,21,0.95081431791146,0,0,1,1,0
lchedy,kar,177,55,0.9639648573592225,0,0,2,0,0
lchedy,oty,177,68,0.9382699776994848,0,0,2,1,0
lchedy,tdy,177,32,0.9565116964741859,0,0,2,2,0
lchedy,ychy,177,21,0.9370136279934274,0,0,2,1,0
lchedy,otey,177,31,0.916021547943943,0,0,1,1,0
lchedy,qotaiin,177,92,0.9696627757007547,0,0,2,0,0
lchedy,olkain,177,83,0.9688586526523917,0,0,1,0,0
lchedy,okey,177,27,0.9340639510178237,0,0,1,1,0
lchedy,kaiin,177,22,0.9458836567228827,0,0,0,0,0
lchedy,ky,177,30,0.9273811166704222,0,0,3,1,0
lchedy,qokchy,177,75,0.961597652294817,0,0,0,1,0
lchedy,daryeey,177,20,0.7592227488043439,0,0,2,1,0
lchedy,olkedy,177,35,0.8992244891901584,0,0,1,3,0
lchedy,qokol,177,106,0.9135443736566975,0,0,0,0,0
lchedy,shody,177,44,0.8243920182998951,0,0,1,2,0
lchedy,olkar,177,63,0.9728291672059065,0,0,0,0,0
lchedy,qotchy,177,20,0.73607107289944,0,0,0,1,0
lchedy,taiin,177,49,0.946917808219178,0,0,0,0,0
lchedy,sham,177,21,0.906177107249966,0,0,2,0,0
lchedy,sar,177,43,0.9589725318738753,0,0,2,0,0
lchedy,lchaiin,177,24,0.962121314959268,0,1,1,0,0
lchedy,qoy,177,22,0.9214881122770571,0,0,2,1,0
lchedy,shes,177,22,0.8180636625443111,0,0,2,0,0
lchedy,okchey,177,32,0.9497296923012518,0,0,0,1,0
lchedy,oleedy,177,26,0.9379700054582889,0,0,1,3,0
lchedy,ody,177,28,0.9414663409119953,0,0,2,2,0
lchedy,ykar,177,21,0.8501686808788333,0,0,1,0,0
lchedy,dleo,177,22,0.828302087159638,0,0,1,0,0
lchedy,dleeol,177,22,0.9233243665989077,0,0,1,0,0
lchedy,qokeor,177,20,0.8895812398619013,0,0,1,0,0
lchedy,olkchdy,177,21,0.8736285629996888,0,0,1,2,0
lchedy,chal,177,29,0.8373544163083996,0,0,2,0,0
lchedy,tchaiin,177,21,0.9295459006190055,0,0,1,0,0
lchedy,qokeody,177,21,0.9073379898244083,0,0,2,2,0
lchedy,ldy,177,21,0.8939158133982577,0,0,2,2,0
lchedy,laiin,177,37,0.9454875676932095,0,0,0,0,0
lchedy,schdy,177,21,0.9360637575185051,0,0,1,2,0
lchedy,sheckhy,177,39,0.9666022205551966,0,0,1,1,0
lchedy,cheeor,177,26,0.879423931031331,0,0,0,0,0
lchedy,otedal,177,22,0.8999231166489882,0,0,1,0,0
lchedy,lsy,177,22,0.9488309595336943,0,0,2,1,0
lchedy,qoko,177,24,0.7884175635448256,0,0,1,0,0
lchedy,ytody,177,21,0.9426521126257729,0,0,0,2,0
lchedy,chody,177,23,0.9499278578518388,0,0,1,2,0
lchedy,kchy,177,24,0.9228248938712693,0,0,2,1,0
lchedy,ykal,177,24,0.9136549441404263,0,0,1,0,0
lchedy,lsedy,177,28,0.9347183660875273,1,0,0,3,0
lchedy,to,177,24,0.8996701980495181,0,0,3,0,0
lchedy,pchdy,177,30,0.9335104162748723,0,0,1,2,0
lchedy,qoeedy,177,23,0.9501713243606008,0,0,1,3,0
lchedy,otor,177,20,0.9152948036799354,0,0,1,0,0
daiin,aiin,462,327,0.9691126124700046,0,0,1,4,0
daiin,dal,462,174,0.9866954269115151,0,1,2,0,1
daiin,or,462,253,0.9762014450585014,0,0,3,0,0
daiin,otar,462,139,0.9756315102795521,0,0,1,0,0
daiin,araiin,462,21,0.9368496588465615,0,0,1,4,0
daiin,shar,462,33,0.9331120324452282,0,0,2,0,0
daiin,aredy,462,27,0.9418291197239507,0,0,0,0,0
daiin,tor,462,25,0.8991268794092497,0,0,2,0,0
daiin,kal,462,50,0.9620188850248743,0,0,2,0,0
daiin,olky,462,34,0.9652259631008795,0,0,1,0,0
daiin,shol,462,172,0.9873965729281621,0,0,2,0,0
daiin,otody,462,26,0.9068743947831903,0,0,0,0,0
daiin,ofeey,462,23,0.8655707193227221,0,0,0,0,0
daiin,qokey,462,76,0.961794263420527,0,0,0,0,0
daiin,pcheey,462,22,0.8720259522398358,0,0,0,0,0
daiin,chdaiin,462,33,0.9493607936620161,0,0,1,5,0
daiin,otal,462,97,0.9744680319489895,0,0,1,0,0
daiin,air,462,59,0.945067605249139,0,0,2,0,0
daiin,qokeo,462,20,0.9360465610936204,0,0,0,0,0
daiin,ytedy,462,23,0.879951236703418,0,0,0,0,0
daiin,ain,462,145,0.972768413170811,0,0,2,2,0
daiin,qotal,462,46,0.9609813717614609,0,0,0,0,0
daiin,dair,462,89,0.9881999408526511,0,1,1,0,1
daiin,qokor,462,45,0.9587284523052161,0,0,0,0,0
daiin,chdy,462,244,0.9764767742879938,0,0,2,0,0
daiin,olkaiin,462,112,0.9668675264251481,0,0,2,4,0
daiin,okchy,462,33,0.9532816336680219,0,0,1,0,0
daiin,olchedy,462,22,0.930855582060779,0,0,1,0,0
daiin,okedy,462,121,0.983974706468305,0,0,0,0,0
daiin,otchy,462,36,0.9533101160275892,0,0,1,0,0
daiin,lkaiin,462,102,0.9853145620365229,0,0,1,4,0
daiin,qokchedy,462,58,0.9118167177207459,0,0,2,0,0
daiin,cthdy,462,33,0.9753244470992527,0,0,2,0,0
daiin,otchey,462,27,0.8682908530032647,0,0,0,0,0
daiin,oddy,462,26,0.9083938350569751,0,0,1,0,0
daiin,chy,462,43,0.957232556280262,0,0,3,0,0
daiin,char,462,32,0.9203590172306124,0,0,2,0,0
daiin,cheedy,462,73,0.9672175864740021,0,0,0,0,0
daiin,qoteey,462,92,0.9761224860926,0,0,1,0,0
daiin,tedy,462,38,0.9456288651771525,0,0,1,0,0
daiin,lkdy,462,26,0.9011829246354771,0,0,1,0,0
daiin,lkedy,462,20,0.9451845226978619,0,0,0,0,0
daiin,opchdy,462,23,0.9583078125952293,0,0,0,0,0
daiin,okor,462,25,0.9097400741470031,0,0,1,0,0
daiin,lkain,462,63,0.9772553509004019,0,0,0,2,0
daiin,olkeey,462,94,0.9759569564208757,0,0,1,0,0
daiin,qokal,462,215,0.9842432201814282,0,0,0,0,0
daiin,chckhey,462,45,0.96130227719227,0,0,1,0,0
daiin,otol,462,40,0.9025554330521085,0,0,1,0,0
daiin,qoty,462,21,0.9542267941611976,0,0,1,0,0
daiin,kar,462,55,0.9619144372437058,0,0,2,0,0
daiin,oty,462,68,0.9542073879139974,0,0,2,0,0
daiin,tdy,462,32,0.9482179065246947,0,0,2,0,0
daiin,ychy,462,21,0.9396901413098818,0,0,2,0,0
daiin,otey,462,31,0.9365853523277229,0,0,1,0,0
daiin,qotaiin,462,92,0.9773655185833089,0,0,2,4,0
daiin,olkain,462,83,0.9618520052027758,0,0,1,2,0
daiin,okey,462,27,0.9502679094072112,0,0,1,0,0
daiin,kaiin,462,22,0.9298528074215066,1,0,0,4,0
daiin,ky,462,30,0.9422348443164592,0,0,3,0,0
daiin,qokchy,462,75,0.9743569736411575,0,0,0,0,0
daiin,daryeey,462,20,0.793306430213866,0,1,2,0,0
daiin,olkedy,462,35,0.9343536461972067,0,0,1,0,0
daiin,qokol,462,106,0.919950306646035,0,0,0,0,0
daiin,shody,462,44,0.8372097851018144,0,0,1,0,0
daiin,olkar,462,63,0.9808787514399153,0,0,0,0,0
daiin,qotchy,462,20,0.7785035187986018,0,0,0,0,0
daiin,taiin,462,49,0.9509593023646734,1,0,0,4,0
daiin,sham,462,21,0.9037363275488927,0,0,2,0,0
daiin,sar,462,43,0.9646813405612324,0,0,2,0,0
daiin,lchaiin,462,24,0.9526383940801325,0,0,1,4,0
daiin,qoy,462,22,0.913270515205207,0,0,2,0,0
daiin,shes,462,22,0.8126706803342119,0,0,2,0,0
daiin,okchey,462,32,0.9555037036487505,0,0,0,0,0
daiin,oleedy,462,26,0.9410180651335951,0,0,1,0,0
daiin,ody,462,28,0.9315187490570982,0,0,2,0,0
daiin,ykar,462,21,0.8430129479468113,0,0,1,0,0
daiin,dleo,462,22,0.8441742064826063,0,0,1,0,0
daiin,dleeol,462,22,0.9317348948283316,0,0,1,0,0
daiin,qokeor,462,20,0.8958059557156965,0,0,1,0,0
daiin,olkchdy,462,21,0.91018855569453,0,0,1,0,0
daiin,chal,462,29,0.8580810780182813,0,0,2,0,0
daiin,tchaiin,462,21,0.931556150203071,0,0,1,4,0
daiin,qokeody,462,21,0.9126183802500393,0,0,2,0,0
daiin,ldy,462,21,0.8943562026413024,0,0,2,0,0
daiin,laiin,462,37,0.9492567010114479,1,0,0,4,0
daiin,schdy,462,21,0.9537708991974836,0,0,1,0,0
daiin,sheckhy,462,39,0.9706489181899955,0,0,1,0,0
daiin,cheeor,462,26,0.8950470729834699,0,0,0,0,0
daiin,otedal,462,22,0.8920022263188092,0,0,1,0,0
daiin,lsy,462,22,0.9436384130116454,0,0,2,0,0
daiin,qoko,462,24,0.7688010743027365,0,0,1,0,0
daiin,ytody,462,21,0.9534859277804547,0,0,0,0,0
daiin,chody,462,23,0.9474363495913067,0,0,1,0,0
daiin,kchy,462,24,0.9455365132724246,0,0,2,0,0
daiin,ykal,462,24,0.8991276152278311,0,0,1,0,0
daiin,lsedy,462,28,0.9245879141405922,0,0,0,0,0
daiin,to,462,24,0.9033558246983717,0,0,3,0,0
daiin,pchdy,462,30,0.9392882358016089,0,0,1,0,0
daiin,qoeedy,462,23,0.9446832234726141,0,0,1,0,0
daiin,otor,462,20,0.9329466264357376,0,0,1,0,0
aiin,dal,327,174,0.9674465088972816,0,0,1,0,0
aiin,or,327,253,0.9863365991404488,0,0,2,0,0
aiin,otar,327,139,0.9639179902775835,0,0,0,0,0
aiin,araiin,327,21,0.9360461510231047,0,0,2,4,0
aiin,shar,327,33,0.9112722715707954,0,0,1,0,0
aiin,aredy,327,27,0.9205522989569951,0,0,1,0,0
aiin,tor,327,25,0.8581551139536046,0,0,1,0,0
aiin,kal,327,50,0.9541551369090502,0,0,1,0,0
aiin,olky,327,34,0.9520170558831071,0,0,0,0,0
aiin,shol,327,172,0.9594497736928908,0,0,1,0,0
aiin,otody,327,26,0.90901244160034,0,0,1,0,0
aiin,ofeey,327,23,0.8778978078746678,0,0,1,0,0
aiin,qokey,327,76,0.9260881000721186,0,0,1,0,0
aiin,pcheey,327,22,0.9175064427261014,0,0,1,0,0
aiin,chdaiin,327,33,0.9441971574049417,0,0,2,4,0
aiin,otal,327,97,0.9415456714804141,0,0,0,0,0
aiin,air,327,59,0.9455876552473363,0,1,1,0,1
aiin,qokeo,327,20,0.955208911380716,0,0,1,0,0
aiin,ytedy,327,23,0.8438202201588184,0,0,1,0,0
aiin,ain,327,145,0.9822836706828981,0,1,1,2,1
aiin,qotal,327,46,0.965888905092888,0,0,1,0,0
aiin,dair,327,89,0.9634344350793507,0,0,0,0,0
aiin,qokor,327,45,0.9281376159981959,0,0,1,0,0
aiin,chdy,327,244,0.9816686400602033,0,0,1,0,0
aiin,olkaiin,327,112,0.9597139198996884,0,0,3,4,0
aiin,okchy,327,33,0.9499952807571004,0,0,0,0,0
aiin,olchedy,327,22,0.9025540676987055,0,0,2,0,0
aiin,okedy,327,121,0.9572864938126529,0,0,1,0,0
aiin,otchy,327,36,0.9447601859818975,0,0,0,0,0
aiin,lkaiin,327,102,0.9668032756612351,0,0,2,4,0
aiin,qokchedy,327,58,0.8642489540239809,0,0,3,0,0
aiin,cthdy,327,33,0.9677574734261799,0,0,1,0,0
aiin,otchey,327,27,0.8323553759061375,0,0,1,0,0
aiin,oddy,327,26,0.902699264716225,0,0,0,0,0
aiin,chy,327,43,0.9372875250995413,0,0,2,0,0
aiin,char,327,32,0.8959822113022632,0,0,1,0,0
aiin,cheedy,327,73,0.9446135230996179,0,0,1,0,0
aiin,qoteey,327,92,0.9551271324286732,0,0,2,0,0
aiin,tedy,327,38,0.9677662875500022,0,0,0,0,0
aiin,lkdy,327,26,0.9361553935248723,0,0,0,0,0
aiin,lkedy,327,20,0.9322260666888234,0,0,1,0,0
aiin,opchdy,327,23,0.9527728185832943,0,0,1,0,0
aiin,okor,327,25,0.8723822322229459,0,0,0,0,0
aiin,lkain,327,63,0.9566409654943498,0,0,1,2,0
aiin,olkeey,327,94,0.9710842345595572,0,0,2,0,0
aiin,qokal,327,215,0.9635611894129091,0,0,1,0,0
aiin,chckhey,327,45,0.9531504372666888,0,0,0,0,0
aiin,otol,327,40,0.8783758761439331,0,0,0,0,0
aiin,qoty,327,21,0.9672271638006756,0,0,0,0,0
aiin,kar,327,55,0.9463559527927673,0,0,1,0,0
aiin,oty,327,68,0.9649144758500207,0,0,1,0,0
aiin,tdy,327,32,0.9177915597064389,0,0,1,0,0
aiin,ychy,327,21,0.9514722729081694,0,0,1,0,0
aiin,otey,327,31,0.9043563305311342,0,0,0,0,0
aiin,qotaiin,327,92,0.9627963561127844,0,0,3,4,0
aiin,olkain,327,83,0.9616664365133406,0,0,2,2,0
aiin,okey,327,27,0.9323150901760751,0,0,0,0,0
aiin,kaiin,327,22,0.9411840256979771,0,0,1,4,0
aiin,ky,327,30,0.9674770852611133,0,0,2,0,0
aiin,qokchy,327,75,0.9524201203850726,0,0,1,0,0
aiin,daryeey,327,20,0.7684495517179974,0,0,3,0,0
aiin,olkedy,327,35,0.924000930698839,0,0,2,0,0
aiin,qokol,327,106,0.8989246202083155,0,0,1,0,0
aiin,shody,327,44,0.7939656486628675,0,0,0,0,0
aiin,olkar,327,63,0.9653687573565074,0,0,1,0,0
aiin,qotchy,327,20,0.774311134200639,0,0,1,0,0
aiin,taiin,327,49,0.9492175606516697,0,0,1,4,0
aiin,sham,327,21,0.8975059256492266,0,0,1,0,0
aiin,sar,327,43,0.9548795830469505,0,0,1,0,0
aiin,lchaiin,327,24,0.9191010210836853,0,0,2,4,0
aiin,qoy,327,22,0.8774821399855086,0,0,1,0,0
aiin,shes,327,22,0.7508613059354023,0,0,1,0,0
aiin,okchey,327,32,0.9240064989158137,0,0,1,0,0
aiin,oleedy,327,26,0.9388119713800293,0,0,2,0,0
aiin,ody,327,28,0.8915883041614294,0,0,1,0,0
aiin,ykar,327,21,0.8576025968889105,0,0,0,0,0
aiin,dleo,327,22,0.7875318663422214,0,0,0,0,0
aiin,dleeol,327,22,0.9131624104473794,0,0,2,0,0
aiin,qokeor,327,20,0.8912218075907559,0,0,2,0,0
aiin,olkchdy,327,21,0.8890091238721352,0,0,2,0,0
aiin,chal,327,29,0.8755325743194476,0,0,1,0,0
aiin,tchaiin,327,21,0.9491159580463071,0,0,2,4,0
aiin,qokeody,327,21,0.8829692810685539,0,0,3,0,0
aiin,ldy,327,21,0.8803723292734201,0,0,1,0,0
aiin,laiin,327,37,0.9279246896743479,0,0,1,4,0
aiin,schdy,327,21,0.9476499331439124,0,0,0,0,0
aiin,sheckhy,327,39,0.9612191603982001,0,0,0,0,0
aiin,cheeor,327,26,0.9251444250579343,0,0,1,0,0
aiin,otedal,327,22,0.8639214577859676,0,0,2,0,0
aiin,lsy,327,22,0.931131018803475,0,0,1,0,0
aiin,qoko,327,24,0.730054792733781,0,0,0,0,0
aiin,ytody,327,21,0.9469261715480123,0,0,1,0,0
aiin,chody,327,23,0.9593648630082273,0,0,0,0,0
aiin,kchy,327,24,0.9428826103270637,0,0,1,0,0
aiin,ykal,327,24,0.8983196211251954,0,0,0,0,0
aiin,lsedy,327,28,0.9114508590020372,0,0,1,0,0
aiin,to,327,24,0.9250336560123106,0,0,2,0,0
aiin,pchdy,327,30,0.9511919098944159,0,0,0,0,0
aiin,qoeedy,327,23,0.9293273661441827,0,0,2,0,0
aiin,otor,327,20,0.9232645239695088,0,0,0,0,0
dal,or,174,253,0.9729840320409208,0,0,1,0,0
dal,otar,174,139,0.9678002765580738,0,0,1,0,0
dal,araiin,174,21,0.9298389031384949,0,0,3,0,0
dal,shar,174,33,0.9172253858119259,0,0,0,0,0
dal,aredy,174,27,0.9156256940545313,0,0,2,0,0
dal,tor,174,25,0.8705108660122085,0,0,0,0,0
dal,kal,174,50,0.9479724437616343,1,0,0,2,0
dal,olky,174,34,0.9476282661010619,0,0,1,0,0
dal,shol,174,172,0.9746216239491114,1,0,0,1,0
dal,otody,174,26,0.89215026531911,0,0,2,0,0
dal,ofeey,174,23,0.8775799051241803,0,0,2,0,0
dal,qokey,174,76,0.9492740979727491,0,0,2,0,0
dal,pcheey,174,22,0.8864134937942999,0,0,2,0,0
dal,chdaiin,174,33,0.9371121944668855,0,0,3,0,0
dal,otal,174,97,0.9628135090254645,0,0,1,2,0
dal,air,174,59,0.9296088959949331,0,0,0,0,0
dal,qokeo,174,20,0.9391030220510879,0,0,2,0,0
dal,ytedy,174,23,0.8456235602808118,0,0,2,0,0
dal,ain,174,145,0.9614848355496739,0,0,0,0,0
dal,qotal,174,46,0.9589593851584198,0,0,2,2,0
dal,dair,174,89,0.9819121876817478,0,1,1,0,1
dal,qokor,174,45,0.9409866153980633,0,0,2,0,0
dal,chdy,174,244,0.9678710246695625,0,0,0,0,0
dal,olkaiin,174,112,0.957497745280463,0,0,4,0,0
dal,okchy,174,33,0.9467783387264697,0,0,1,0,0
dal,olchedy,174,22,0.9057934668640848,0,0,3,0,0
dal,okedy,174,121,0.97077841599191,0,0,2,0,0
dal,otchy,174,36,0.9490858851706742,0,0,1,0,0
dal,lkaiin,174,102,0.9752672637473244,0,0,3,0,0
dal,qokchedy,174,58,0.8893885022305458,0,0,4,0,0
dal,cthdy,174,33,0.968101925611921,0,0,0,0,0
dal,otchey,174,27,0.8548562932876618,0,0,2,0,0
dal,oddy,174,26,0.910414138254409,0,0,1,0,0
dal,chy,174,43,0.9374000184192922,0,0,1,0,0
dal,char,174,32,0.9076952467534881,0,0,0,0,0
dal,cheedy,174,73,0.9594927908253288,0,0,2,0,0
dal,qoteey,174,92,0.9685229966094147,0,0,3,0,0
dal,tedy,174,38,0.9466579506424303,0,0,1,0,0
dal,lkdy,174,26,0.9064038200897782,0,0,1,0,0
dal,lkedy,174,20,0.9294545535803691,0,0,2,0,0
dal,opchdy,174,23,0.9485802994236124,0,0,2,0,0
dal,okor,174,25,0.89865164102838,0,0,1,0,0
dal,lkain,174,63,0.9688421462630258,0,0,2,0,0
dal,olkeey,174,94,0.9743790430780078,0,0,3,0,0
dal,qokal,174,215,0.9730383865710001,0,0,2,2,0
dal,chckhey,174,45,0.9627138154424728,0,0,1,0,0
dal,otol,174,40,0.8824127984333396,0,0,1,1,0
dal,qoty,174,21,0.9512698888862349,0,0,1,0,0
dal,kar,174,55,0.9498023481371134,0,0,0,0,0
dal,oty,174,68,0.9496743356447098,0,0,0,0,0
dal,tdy,174,32,0.9266006340569949,0,0,0,0,0
dal,ychy,174,21,0.9369262813273176,0,0,0,0,0
dal,otey,174,31,0.9331963177778027,0,0,1,0,0
dal,qotaiin,174,92,0.963941351079634,0,0,4,0,0
dal,olkain,174,83,0.9544289531909957,0,0,3,0,0
dal,okey,174,27,0.9483252042345576,0,0,1,0,0
dal,kaiin,174,22,0.9244049453560886,0,0,2,0,0
dal,ky,174,30,0.9470296985602424,0,0,1,0,0
dal,qokchy,174,75,0.9622272010180498,0,0,2,0,0
dal,daryeey,174,20,0.813752682925267,0,1,4,0,0
dal,olkedy,174,35,0.9372576355972847,0,0,3,0,0
dal,qokol,174,106,0.9105815965302663,0,0,2,1,0
dal,shody,174,44,0.8164628172821082,0,0,1,0,0
dal,olkar,174,63,0.9722062186439432,0,0,2,0,0
dal,qotchy,174,20,0.7909717311637827,0,0,2,0,0
dal,taiin,174,49,0.9520588233834031,0,0,2,0,0
dal,sham,174,21,0.8943263081921826,0,0,0,0,0
dal,sar,174,43,0.9633055734030562,0,0,0,0,0
dal,lchaiin,174,24,0.9299833228052808,0,0,3,0,0
dal,qoy,174,22,0.8887393009558361,0,0,0,0,0
dal,shes,174,22,0.7839011558528955,0,0,0,0,0
dal,okchey,174,32,0.9363322238904672,0,0,2,0,0
dal,oleedy,174,26,0.9379041404310998,0,0,3,0,0
dal,ody,174,28,0.9069038062348559,0,0,0,0,0
dal,ykar,174,21,0.8409726201323244,0,0,1,0,0
dal,dleo,174,22,0.8322811481285868,0,0,1,0,0
dal,dleeol,174,22,0.9305649574060881,0,0,3,1,0
dal,qokeor,174,20,0.8932138303955928,0,0,3,0,0
dal,olkchdy,174,21,0.9082126085077142,0,0,3,0,0
dal,chal,174,29,0.8796213709830731,1,0,0,2,0
dal,tchaiin,174,21,0.9307380901444571,0,0,3,0,0
dal,qokeody,174,21,0.8945537630075746,0,0,4,0,0
dal,ldy,174,21,0.8838002873145632,0,0,0,0,0
dal,laiin,174,37,0.9318446813821686,0,0,2,0,0
dal,schdy,174,21,0.9484559400104335,0,0,1,0,0
dal,sheckhy,174,39,0.9581521948207421,0,0,1,0,0
dal,cheeor,174,26,0.9111385903213574,0,0,2,0,0
dal,otedal,174,22,0.8774301077494236,0,0,3,3,0
dal,lsy,174,22,0.9264498853772907,0,0,0,0,0
dal,qoko,174,24,0.7476565174549438,0,0,1,0,0
dal,ytody,174,21,0.9396185982276835,0,0,2,0,0
dal,chody,174,23,0.9357785310156005,0,0,1,0,0
dal,kchy,174,24,0.9464699086373073,0,0,0,0,0
dal,ykal,174,24,0.8869465817728654,0,0,1,2,0
dal,lsedy,174,28,0.9084525386380923,0,0,2,0,0
dal,to,174,24,0.9074142781131237,0,0,1,0,0
dal,pchdy,174,30,0.933789729277142,0,0,1,0,0
dal,qoeedy,174,23,0.9261612800700126,0,0,3,0,0
dal,otor,174,20,0.9280049459974223,0,0,1,0,0
or,otar,253,139,0.9647568875432515,0,0,2,1,0
or,araiin,253,21,0.9325085479761172,0,0,4,0,0
or,shar,253,33,0.9145350524515501,0,0,1,1,0
or,aredy,253,27,0.926102060218088,0,0,3,0,0
or,tor,253,25,0.8805252421234353,0,0,1,2,0
or,kal,253,50,0.9638612082594031,0,0,1,0,0
or,olky,253,34,0.9568192682956331,0,0,2,0,0
or,shol,253,172,0.9674037287185875,0,0,1,0,0
or,otody,253,26,0.9247825287252337,0,0,3,0,0
or,ofeey,253,23,0.8690067434856501,0,0,3,0,0
or,qokey,253,76,0.9427017786691892,0,0,3,0,0
or,pcheey,253,22,0.895183589252866,0,0,3,0,0
or,chdaiin,253,33,0.9514954101764338,0,0,4,0,0
or,otal,253,97,0.95010703554899,0,0,2,0,0
or,air,253,59,0.9524687175427676,0,0,1,1,0
or,qokeo,253,20,0.9496140221422592,0,0,3,0,0
or,ytedy,253,23,0.8672117414006132,0,0,3,0,0
or,ain,253,145,0.9784225745910154,0,0,1,0,0
or,qotal,253,46,0.9626843860127376,0,0,3,0,0
or,dair,253,89,0.9709022730796453,0,0,2,1,0
or,qokor,253,45,0.9373495878252284,0,0,3,2,0
or,chdy,253,244,0.9887680663309498,0,0,1,0,1
or,olkaiin,253,112,0.9662733249433402,0,0,5,0,0
or,okchy,253,33,0.9545501218423792,0,0,2,0,0
or,olchedy,253,22,0.9153509852775928,0,0,4,0,0
or,okedy,253,121,0.9661303738575286,0,0,3,0,0
or,otchy,253,36,0.9536673073652866,0,0,2,0,0
or,lkaiin,253,102,0.9761441613499662,0,0,4,0,0
or,qokchedy,253,58,0.884578822077274,0,0,5,0,0
or,cthdy,253,33,0.9670112762736544,0,0,1,0,0
or,otchey,253,27,0.8481958643924487,0,0,3,0,0
or,oddy,253,26,0.9096621401091353,0,0,2,0,0
or,chy,253,43,0.9461331851930888,0,0,0,0,0
or,char,253,32,0.9177172754584197,0,0,1,1,0
or,cheedy,253,73,0.9534880886000506,0,0,3,0,0
or,qoteey,253,92,0.9628490746969108,0,0,4,0,0
or,tedy,253,38,0.961570378400136,0,0,2,0,0
or,lkdy,253,26,0.9265576335595923,0,0,2,0,0
or,lkedy,253,20,0.9428937924938317,0,0,3,0,0
or,opchdy,253,23,0.9540859490940377,0,0,3,0,0
or,okor,253,25,0.886291906793802,0,0,2,2,0
or,lkain,253,63,0.967285360743683,0,0,3,0,0
or,olkeey,253,94,0.9718461587958385,0,0,4,0,0
or,qokal,253,215,0.9676704710193147,0,0,3,0,0
or,chckhey,253,45,0.9547167714166829,0,0,2,0,0
or,otol,253,40,0.8936154845454259,0,0,2,0,0
or,qoty,253,21,0.9636795761157587,0,0,2,0,0
or,kar,253,55,0.9589557497541883,0,0,1,1,0
or,oty,253,68,0.9607868930338007,0,0,1,0,0
or,tdy,253,32,0.936079094525507,0,0,1,0,0
or,ychy,253,21,0.9526022383394209,0,0,1,0,0
or,otey,253,31,0.9221693362423277,0,0,2,0,0
or,qotaiin,253,92,0.9705777810219878,0,0,5,0,0
or,olkain,253,83,0.9655429043129181,0,0,4,0,0
or,okey,253,27,0.9453346900416146,0,0,2,0,0
or,kaiin,253,22,0.9515933714453346,0,0,3,0,0
or,ky,253,30,0.9620987557475514,0,0,0,0,0
or,qokchy,253,75,0.9591249833770857,0,0,3,0,0
or,daryeey,253,20,0.7801295982394459,0,0,5,0,0
or,olkedy,253,35,0.9275045614619017,0,0,4,0,0
or,qokol,253,106,0.910728262691379,0,0,3,0,0
or,shody,253,44,0.8092373835538823,0,0,2,0,0
or,olkar,253,63,0.9714757490998024,0,0,3,1,0
or,qotchy,253,20,0.7827885199733106,0,0,3,0,0
or,taiin,253,49,0.9565613048812628,0,0,3,0,0
or,sham,253,21,0.9092861001593782,0,0,1,0,0
or,sar,253,43,0.9616849915665774,0,0,1,1,0
or,lchaiin,253,24,0.9332799045881497,0,0,4,0,0
or,qoy,253,22,0.8977779388874292,0,0,1,0,0
or,shes,253,22,0.7706408765804591,0,0,1,0,0
or,okchey,253,32,0.9340437528690542,0,0,3,0,0
or,oleedy,253,26,0.9461339773477623,0,0,4,0,0
or,ody,253,28,0.9086768632413484,0,0,1,0,0
or,ykar,253,21,0.8555052446852025,0,0,2,1,0
or,dleo,253,22,0.8173320566231184,0,0,2,0,0
or,dleeol,253,22,0.9261226700390984,0,0,4,0,0
or,qokeor,253,20,0.8907293928315527,0,0,4,2,0
or,olkchdy,253,21,0.8931097373674144,0,0,4,0,0
or,chal,253,29,0.8797240787483971,0,0,1,0,0
or,tchaiin,253,21,0.9469195356586776,0,0,4,0,0
or,qokeody,253,21,0.8964393125346993,0,0,5,0,0
or,ldy,253,21,0.8809512851404797,0,0,1,0,0
or,laiin,253,37,0.9341747035449501,0,0,3,0,0
or,schdy,253,21,0.9488285850474032,0,0,2,0,0
or,sheckhy,253,39,0.9640205028936578,0,0,2,0,0
or,cheeor,253,26,0.9183474261147393,0,0,3,2,0
or,otedal,253,22,0.884818566218729,0,0,4,0,0
or,lsy,253,22,0.9394136795087169,0,0,1,0,0
or,qoko,253,24,0.7463030397485948,0,0,2,0,0
or,ytody,253,21,0.9440537203988019,0,0,3,0,0
or,chody,253,23,0.9571775312913283,0,0,2,0,0
or,kchy,253,24,0.941826784497429,0,0,1,0,0
or,ykal,253,24,0.9027930045976046,0,0,2,0,0
or,lsedy,253,28,0.9204695025166498,0,0,3,0,0
or,to,253,24,0.9135143105118965,0,0,0,0,0
or,pchdy,253,30,0.9496095204684347,0,0,2,0,0
or,qoeedy,253,23,0.9386615406016535,0,0,4,0,0
or,otor,253,20,0.9343543352557817,0,0,2,2,0
otar,araiin,139,21,0.9227524399315236,0,0,2,0,0
otar,shar,139,33,0.9113807734944129,0,0,1,2,0
otar,aredy,139,27,0.9195476742725904,0,0,1,0,0
otar,tor,139,25,0.8668168752142805,0,0,1,1,0
otar,kal,139,50,0.9412633270247358,0,0,1,0,0
otar,olky,139,34,0.9541679922945112,0,0,0,0,0
otar,shol,139,172,0.9685161185929886,0,0,1,0,0
otar,otody,139,26,0.8939239870216178,0,1,1,0,0
otar,ofeey,139,23,0.887043537947215,0,0,1,0,0
otar,qokey,139,76,0.9458846355985804,0,0,1,0,0
otar,pcheey,139,22,0.8847162538919909,0,0,1,0,0
otar,chdaiin,139,33,0.9303223999773456,0,0,2,0,0
otar,otal,139,97,0.9554670174350951,0,1,0,0,0
otar,air,139,59,0.9279204305072867,0,0,1,1,0
otar,qokeo,139,20,0.9294276956746568,0,0,1,0,0
otar,ytedy,139,23,0.8406942117240208,0,0,1,0,0
otar,ain,139,145,0.9560097119481559,0,0,1,0,0
otar,qotal,139,46,0.9653715207663703,0,0,1,0,0
otar,dair,139,89,0.9635265671272499,0,0,0,1,0
otar,qokor,139,45,0.9360182640606283,0,0,1,1,0
otar,chdy,139,244,0.9614647362944421,0,0,1,0,0
otar,olkaiin,139,112,0.9599924082533204,0,0,3,0,0
otar,okchy,139,33,0.9421353191314323,0,0,0,0,0
otar,olchedy,139,22,0.9040959374052931,0,0,2,0,0
otar,okedy,139,121,0.9580376587193721,0,0,1,0,0
otar,otchy,139,36,0.9470821968952104,0,1,0,0,0
otar,lkaiin,139,102,0.9707544540022621,0,0,2,0,0
otar,qokchedy,139,58,0.8837919245761522,0,0,3,0,0
otar,cthdy,139,33,0.9637350891066807,0,0,1,0,0
otar,otchey,139,27,0.8586400913797452,0,1,1,0,0
otar,oddy,139,26,0.8949802413044974,0,0,0,0,0
otar,chy,139,43,0.9419132257270592,0,0,2,0,0
otar,char,139,32,0.8828945560935623,0,0,1,2,0
otar,cheedy,139,73,0.9647245008584807,0,0,1,0,0
otar,qoteey,139,92,0.9534826178407018,0,0,2,0,0
otar,tedy,139,38,0.9479361150471355,0,0,0,0,0
otar,lkdy,139,26,0.9107872513345537,0,0,0,0,0
otar,lkedy,139,20,0.9280239327129866,0,0,1,0,0
otar,opchdy,139,23,0.9417932291375248,0,0,1,0,0
otar,okor,139,25,0.8874479244899628,0,0,0,1,0
otar,lkain,139,63,0.9620399333361028,0,0,1,0,0
otar,olkeey,139,94,0.9718749050645403,0,0,2,0,0
otar,qokal,139,215,0.9761512493690043,0,0,1,0,0
otar,chckhey,139,45,0.9619371450062941,0,0,0,0,0
otar,otol,139,40,0.879455074826904,0,1,0,0,0
otar,qoty,139,21,0.9482188906955834,0,0,0,0,0
otar,kar,139,55,0.9409838192381343,0,0,1,2,0
otar,oty,139,68,0.9581217917143451,0,1,1,0,0
otar,tdy,139,32,0.9272074464540252,0,0,1,0,0
otar,ychy,139,21,0.9337927459589013,0,0,1,0,0
otar,otey,139,31,0.9230537463020225,0,1,0,0,0
otar,qotaiin,139,92,0.9592902084606163,0,0,3,0,0
otar,olkain,139,83,0.946660387047792,0,0,2,0,0
otar,okey,139,27,0.9412929496936787,0,0,0,0,0
otar,kaiin,139,22,0.917682632945702,0,0,1,0,0
otar,ky,139,30,0.9488912487667884,0,0,2,0,0
otar,qokchy,139,75,0.9553652324087181,0,0,1,0,0
otar,daryeey,139,20,0.7960702701703585,0,0,3,0,0
otar,olkedy,139,35,0.9424453879894443,0,0,2,0,0
otar,qokol,139,106,0.9001556501273008,0,0,1,0,0
otar,shody,139,44,0.8113034360260681,0,0,0,0,0
otar,olkar,139,63,0.976471742419764,0,0,1,2,1
otar,qotchy,139,20,0.7989368495835846,0,0,1,0,0
otar,taiin,139,49,0.9446979869287307,0,0,1,0,0
otar,sham,139,21,0.8922786423690605,0,0,1,0,0
otar,sar,139,43,0.9568555233672317,0,0,1,2,0
otar,lchaiin,139,24,0.9239133996255882,0,0,2,0,0
otar,qoy,139,22,0.880866280921587,0,0,1,0,0
otar,shes,139,22,0.7841493210098254,0,0,1,0,0
otar,okchey,139,32,0.9266022404143477,0,0,1,0,0
otar,oleedy,139,26,0.9402285173105784,0,0,2,0,0
otar,ody,139,28,0.916716467577565,0,0,1,0,0
otar,ykar,139,21,0.8543044540260947,1,0,0,2,0
otar,dleo,139,22,0.8294388671283447,0,0,0,0,0
otar,dleeol,139,22,0.9200988328015737,0,0,2,0,0
otar,qokeor,139,20,0.892841896494369,0,0,2,1,0
otar,olkchdy,139,21,0.9093537701973998,0,0,2,0,0
otar,chal,139,29,0.8674571426028196,0,0,1,0,0
otar,tchaiin,139,21,0.927921329879398,0,0,2,0,0
otar,qokeody,139,21,0.8979200373176343,0,0,3,0,0
otar,ldy,139,21,0.8854344190492115,0,0,1,0,0
otar,laiin,139,37,0.9260333847065685,0,0,1,0,0
otar,schdy,139,21,0.9347369921333408,0,0,0,0,0
otar,sheckhy,139,39,0.9578078953900776,0,0,0,0,0
otar,cheeor,139,26,0.9073639934556424,0,0,1,1,0
otar,otedal,139,22,0.8602870981240849,0,1,2,0,0
otar,lsy,139,22,0.928128317120137,0,0,1,0,0
otar,qoko,139,24,0.7454288496460741,0,0,0,0,0
otar,ytody,139,21,0.9367017576285551,0,0,1,0,0
otar,chody,139,23,0.9374185744697737,0,0,0,0,0
otar,kchy,139,24,0.962209435092815,0,0,1,0,0
otar,ykal,139,24,0.8812447537185188,0,0,0,0,0
otar,lsedy,139,28,0.8958877429061044,0,0,1,0,0
otar,to,139,24,0.9134757120523225,0,0,2,0,0
otar,pchdy,139,30,0.9378333964374959,0,0,0,0,0
otar,qoeedy,139,23,0.9260099026577324,0,0,2,0,0
otar,otor,139,20,0.9211124356608382,0,1,0,1,0
araiin,shar,21,33,0.8767393556263775,0,0,3,0,0
araiin,aredy,21,27,0.903234986275344,0,1,1,0,0
araiin,tor,21,25,0.8495684786066695,0,0,3,0,0
araiin,kal,21,50,0.9157139207695207,0,0,3,0,0
araiin,olky,21,34,0.9116422934588381,0,0,2,0,0
araiin,shol,21,172,0.9403534404328766,0,0,3,0,0
araiin,otody,21,26,0.8943708367049918,0,0,1,0,0
araiin,ofeey,21,23,0.8065591326174432,0,0,1,0,0
araiin,qokey,21,76,0.9098954561267153,0,0,1,0,0
araiin,pcheey,21,22,0.8532093410055253,0,0,1,0,0
araiin,chdaiin,21,33,0.9045483514620974,1,0,0,4,0
araiin,otal,21,97,0.9183875080821337,0,0,2,0,0
araiin,air,21,59,0.9055107223374722,0,0,3,0,0
araiin,qokeo,21,20,0.8939617071323238,0,0,1,0,0
araiin,ytedy,21,23,0.8460282776728169,0,0,1,0,0
araiin,ain,21,145,0.9323030798360143,0,0,3,2,0
araiin,qotal,21,46,0.9153404828073398,0,0,1,0,0
araiin,dair,21,89,0.9236959892566398,0,0,2,0,0
araiin,qokor,21,45,0.9111592963861955,0,0,1,0,0
araiin,chdy,21,244,0.9364846815503747,0,0,3,0,0
araiin,olkaiin,21,112,0.9140208713094299,0,0,1,4,0
araiin,okchy,21,33,0.9020970289282134,0,0,2,0,0
araiin,olchedy,21,22,0.900204422052641,0,0,0,0,0
araiin,okedy,21,121,0.9332311401721893,0,0,1,0,0
araiin,otchy,21,36,0.9013924786338271,0,0,2,0,0
araiin,lkaiin,21,102,0.9341817821990509,1,0,0,4,0
araiin,qokchedy,21,58,0.857660809757509,0,0,1,0,0
araiin,cthdy,21,33,0.9321310382543274,0,0,3,0,0
araiin,otchey,21,27,0.8223614364578213,0,0,1,0,0
araiin,oddy,21,26,0.8504905162322993,0,0,2,0,0
araiin,chy,21,43,0.9087959245914399,0,0,4,0,0
araiin,char,21,32,0.8637203953233658,0,0,3,0,0
araiin,cheedy,21,73,0.9091881043743052,0,0,1,0,0
araiin,qoteey,21,92,0.9300409521583071,0,0,0,0,0
araiin,tedy,21,38,0.9064184119010819,0,0,2,0,0
araiin,lkdy,21,26,0.8796212482295752,0,0,2,0,0
araiin,lkedy,21,20,0.8916427993991933,0,0,1,0,0
araiin,opchdy,21,23,0.9310247408146791,0,0,1,0,0
araiin,okor,21,25,0.856230545154008,0,0,2,0,0
araiin,lkain,21,63,0.9153353602284726,0,0,1,2,0
araiin,olkeey,21,94,0.9262333688822105,0,0,0,0,0
araiin,qokal,21,215,0.9306742713965244,0,0,1,0,0
araiin,chckhey,21,45,0.9139039966326032,0,0,2,0,0
araiin,otol,21,40,0.854579772591699,0,0,2,0,0
araiin,qoty,21,21,0.9149814395776998,0,0,2,0,0
araiin,kar,21,55,0.9108630281179755,0,0,3,0,0
araiin,oty,21,68,0.9094569082008015,0,0,3,0,0
araiin,tdy,21,32,0.9001837878698745,0,0,3,0,0
araiin,ychy,21,21,0.8991511524156837,0,0,3,0,0
araiin,otey,21,31,0.8834127191271165,0,0,2,0,0
araiin,qotaiin,21,92,0.9252191653142515,0,0,1,4,0
araiin,olkain,21,83,0.9191311111758539,0,0,0,2,0
araiin,okey,21,27,0.8914563350403267,0,0,2,0,0
araiin,kaiin,21,22,0.8847328488242885,0,0,1,4,0
araiin,ky,21,30,0.9046002689960387,0,0,4,0,0
araiin,qokchy,21,75,0.923533406294998,0,0,1,0,0
araiin,daryeey,21,20,0.7549122287513161,0,0,1,0,0
araiin,olkedy,21,35,0.8845015286360971,0,0,0,0,0
araiin,qokol,21,106,0.8728383912898277,0,0,1,0,0
araiin,shody,21,44,0.7810109345709757,0,0,2,0,0
araiin,olkar,21,63,0.9285507956299724,0,0,1,0,0
araiin,qotchy,21,20,0.7337785115566562,0,0,1,0,0
araiin,taiin,21,49,0.9161149734460746,0,0,1,4,0
araiin,sham,21,21,0.8622074921564946,0,0,3,0,0
araiin,sar,21,43,0.9186835675058652,0,0,3,0,0
araiin,lchaiin,21,24,0.9101675768346986,1,0,0,4,0
araiin,qoy,21,22,0.8702166809440054,0,0,3,0,0
araiin,shes,21,22,0.7699967916867186,0,0,3,0,0
araiin,okchey,21,32,0.9041040676646057,0,0,1,0,0
araiin,oleedy,21,26,0.881844526878323,0,0,0,0,0
araiin,ody,21,28,0.8843153765707636,0,0,3,0,0
araiin,ykar,21,21,0.8032193289024988,0,0,2,0,0
araiin,dleo,21,22,0.7949130196383751,0,0,2,0,0
araiin,dleeol,21,22,0.8764656570636428,0,0,0,0,0
araiin,qokeor,21,20,0.8614446762173703,0,0,0,0,0
araiin,olkchdy,21,21,0.8493312078320044,0,0,0,0,0
araiin,chal,21,29,0.8076813905318735,0,0,3,0,0
araiin,tchaiin,21,21,0.8986177576903046,1,0,0,4,0
araiin,qokeody,21,21,0.8573499465049372,0,0,1,0,0
araiin,ldy,21,21,0.8738353147551893,0,0,3,0,0
araiin,laiin,21,37,0.9088576618519609,0,0,1,4,0
araiin,schdy,21,21,0.9059535345723643,0,0,2,0,0
araiin,sheckhy,21,39,0.9275853535837704,0,0,2,0,0
araiin,cheeor,21,26,0.8509008509012763,0,0,1,0,0
araiin,otedal,21,22,0.8480432578337754,0,0,0,0,0
araiin,lsy,21,22,0.8913108787910422,0,0,3,0,0
araiin,qoko,21,24,0.733741080561577,0,0,2,0,0
araiin,ytody,21,21,0.9081426639398406,0,0,1,0,0
araiin,chody,21,23,0.9133151465125668,0,0,2,0,0
araiin,kchy,21,24,0.8910601942600295,0,0,3,0,0
araiin,ykal,21,24,0.8601643435688404,0,0,2,0,0
araiin,lsedy,21,28,0.8891826296486629,0,0,1,0,0
araiin,to,21,24,0.8730951162199988,0,0,4,0,0
araiin,pchdy,21,30,0.9089192909559171,0,0,2,0,0
araiin,qoeedy,21,23,0.8974084691433006,0,0,0,0,0
araiin,otor,21,20,0.8744607223907404,0,0,2,0,0
shar,aredy,33,27,0.9026032245827855,0,0,2,0,0
shar,tor,33,25,0.870378311921598,1,0,0,1,0
shar,kal,33,50,0.9125894555766486,0,0,0,0,0
shar,olky,33,34,0.9096243177544769,0,0,1,0,0
shar,shol,33,172,0.9264512973195761,0,0,0,0,0
shar,otody,33,26,0.8669405752189483,0,0,2,0,0
shar,ofeey,33,23,0.8058066296105564,0,0,2,0,0
shar,qokey,33,76,0.9157041763366552,0,0,2,0,0
shar,pcheey,33,22,0.7952562055290311,0,0,2,0,0
shar,chdaiin,33,33,0.8958776905737771,0,0,3,0,0
shar,otal,33,97,0.9361307623504598,0,0,1,0,0
shar,air,33,59,0.9114404713701233,1,0,0,1,0
shar,qokeo,33,20,0.8748209431937444,0,0,2,0,0
shar,ytedy,33,23,0.8533537640444747,0,0,2,0,0
shar,ain,33,145,0.9221995395689162,0,0,0,0,0
shar,qotal,33,46,0.8989495956259991,0,0,2,0,0
shar,dair,33,89,0.9244939102110201,0,0,1,1,0
shar,qokor,33,45,0.908869751969019,0,0,2,1,0
shar,chdy,33,244,0.9171229609522172,0,0,0,0,0
shar,olkaiin,33,112,0.9133815655014544,0,0,4,0,0
shar,okchy,33,33,0.9080461074290711,0,0,1,0,1
shar,olchedy,33,22,0.8771790866445678,0,0,3,0,0
shar,okedy,33,121,0.9303697261463652,0,0,2,0,0
shar,otchy,33,36,0.906249417520782,0,0,1,0,1
shar,lkaiin,33,102,0.9291471479999583,0,0,3,0,0
shar,qokchedy,33,58,0.8957280952851993,0,0,4,0,0
shar,cthdy,33,33,0.9101470659546372,0,0,0,0,0
shar,otchey,33,27,0.8356252105544069,0,0,2,0,0
shar,oddy,33,26,0.8668280145826273,0,0,1,0,0
shar,chy,33,43,0.9172307771423008,0,0,1,0,0
shar,char,33,32,0.8673553172851906,1,0,0,2,0
shar,cheedy,33,73,0.9083398506571264,0,0,2,0,0
shar,qoteey,33,92,0.9042407056965821,0,0,3,0,0
shar,tedy,33,38,0.8658869394132948,0,0,1,0,0
shar,lkdy,33,26,0.8252807446917053,0,0,1,0,0
shar,lkedy,33,20,0.8961791481824746,0,0,2,0,0
shar,opchdy,33,23,0.8977506751576874,0,0,2,0,0
shar,okor,33,25,0.8855865917218511,0,0,1,1,0
shar,lkain,33,63,0.9206832558799241,0,0,2,0,0
shar,olkeey,33,94,0.9032990121339183,0,0,3,0,0
shar,qokal,33,215,0.9300750446678386,0,0,2,0,0
shar,chckhey,33,45,0.8959827369847486,0,0,1,0,0
shar,otol,33,40,0.8499285554889372,0,0,1,0,0
shar,qoty,33,21,0.906452823734761,0,0,1,0,0
shar,kar,33,55,0.9136304481640541,1,0,0,2,0
shar,oty,33,68,0.8952339611729152,0,0,0,0,0
shar,tdy,33,32,0.9053686032176661,0,0,0,0,0
shar,ychy,33,21,0.882954021052067,0,0,0,0,0
shar,otey,33,31,0.9032388606397818,0,0,1,0,0
shar,qotaiin,33,92,0.9293920337215134,0,0,4,0,0
shar,olkain,33,83,0.9096339100512943,0,0,3,0,0
shar,okey,33,27,0.9040803662712171,0,0,1,0,0
shar,kaiin,33,22,0.8731612521963185,0,0,2,0,0
shar,ky,33,30,0.8599850911298762,0,0,1,0,0
shar,qokchy,33,75,0.9248519054118703,0,0,2,0,1
shar,daryeey,33,20,0.7574212133559579,0,0,4,0,0
shar,olkedy,33,35,0.8557644881478574,0,0,3,0,0
shar,qokol,33,106,0.8662467800027077,0,0,2,0,0
shar,shody,33,44,0.7891401419591165,0,0,1,0,0
shar,olkar,33,63,0.9230686152096972,0,0,2,2,0
shar,qotchy,33,20,0.7303652739783247,0,0,2,0,1
shar,taiin,33,49,0.8746726790326373,0,0,2,0,0
shar,sham,33,21,0.8581968554777177,0,1,0,0,0
shar,sar,33,43,0.9140347835063968,1,0,0,2,0
shar,lchaiin,33,24,0.9204603452877518,0,0,3,0,0
shar,qoy,33,22,0.8830076045552664,0,0,0,0,0
shar,shes,33,22,0.7940938328655764,0,0,0,0,0
shar,okchey,33,32,0.9032605572486387,0,0,2,0,0
shar,oleedy,33,26,0.883674322858998,0,0,3,0,0
shar,ody,33,28,0.8986901622049769,0,0,0,0,0
shar,ykar,33,21,0.7783095565170493,0,0,1,2,0
shar,dleo,33,22,0.8174145950669561,0,0,1,0,0
shar,dleeol,33,22,0.8868289211018913,0,0,3,0,0
shar,qokeor,33,20,0.850725747628435,0,0,3,1,0
shar,olkchdy,33,21,0.85779415410156,0,0,3,0,0
shar,chal,33,29,0.7854495919511825,0,0,0,0,0
shar,tchaiin,33,21,0.8550136765553954,0,0,3,0,0
shar,qokeody,33,21,0.880638313069098,0,0,4,0,0
shar,ldy,33,21,0.8518985917717657,0,0,0,0,0
shar,laiin,33,37,0.8887447343545735,0,0,2,0,0
shar,schdy,33,21,0.8786342969267319,0,0,1,0,0
shar,sheckhy,33,39,0.9130626907785273,0,0,1,0,0
shar,cheeor,33,26,0.8164083062552233,0,0,2,1,0
shar,otedal,33,22,0.8475813366737244,0,0,3,0,0
shar,lsy,33,22,0.9114096817054415,0,0,0,0,0
shar,qoko,33,24,0.7803504840213756,0,0,1,0,0
shar,ytody,33,21,0.882954021052067,0,0,2,0,0
shar,chody,33,23,0.9020517863381718,0,0,1,0,0
shar,kchy,33,24,0.8811603083114269,0,0,0,0,0
shar,ykal,33,24,0.8447045628655019,0,0,1,0,0
shar,lsedy,33,28,0.8722954912265557,0,0,2,0,0
shar,to,33,24,0.8320400539078902,0,0,1,0,0
shar,pchdy,33,30,0.8780784437968956,0,0,1,0,0
shar,qoeedy,33,23,0.9053623684622252,0,0,3,0,0
shar,otor,33,20,0.8723340736018145,0,0,1,1,0
aredy,tor,27,25,0.9204034460129956,0,0,2,0,0
aredy,kal,27,50,0.9302938717550338,0,0,2,0,0
aredy,olky,27,34,0.9316013193956321,0,0,1,1,0
aredy,shol,27,172,0.9488747672373226,0,0,2,0,0
aredy,otody,27,26,0.8889321176960727,0,0,0,2,0
aredy,ofeey,27,23,0.7683111720376133,0,0,0,1,0
aredy,qokey,27,76,0.916692479011259,0,0,0,1,0
aredy,pcheey,27,22,0.7819428390019797,0,0,0,1,0
aredy,chdaiin,27,33,0.9105256963504889,0,0,1,0,0
aredy,otal,27,97,0.935424475089176,0,0,1,0,0
aredy,air,27,59,0.9338174230519029,0,0,2,0,0
aredy,qokeo,27,20,0.8870878655018783,0,0,0,0,0
aredy,ytedy,27,23,0.9012131941880547,1,0,0,3,0
aredy,ain,27,145,0.9435174427320521,0,0,2,0,0
aredy,qotal,27,46,0.8881099807738975,0,0,0,0,0
aredy,dair,27,89,0.9337575631378723,0,0,1,0,0
aredy,qokor,27,45,0.9270926450040049,0,0,0,0,0
aredy,chdy,27,244,0.938319233452243,0,0,2,2,0
aredy,olkaiin,27,112,0.9151820577105388,0,0,2,0,0
aredy,okchy,27,33,0.9078320379479847,0,0,1,1,0
aredy,olchedy,27,22,0.9318183722027361,0,0,1,3,0
aredy,okedy,27,121,0.9486288969036379,1,0,0,3,0
aredy,otchy,27,36,0.9050561410906488,0,0,1,1,0
aredy,lkaiin,27,102,0.9464007992936669,0,0,1,0,0
aredy,qokchedy,27,58,0.8978353397873656,0,0,2,3,0
aredy,cthdy,27,33,0.9207927143172062,0,0,2,2,0
aredy,otchey,27,27,0.856595368293622,0,0,0,1,0
aredy,oddy,27,26,0.8520399194354178,0,0,1,2,0
aredy,chy,27,43,0.934067742124046,0,0,3,1,0
aredy,char,27,32,0.8878393603500215,0,0,2,0,0
aredy,cheedy,27,73,0.9133438817887066,1,0,0,3,0
aredy,qoteey,27,92,0.9352292666578214,0,0,1,1,0
aredy,tedy,27,38,0.8747451581954209,0,0,1,3,0
aredy,lkdy,27,26,0.8216036090228779,0,0,1,2,0
aredy,lkedy,27,20,0.9184908807429545,1,0,0,3,0
aredy,opchdy,27,23,0.9243775335042675,0,0,0,2,0
aredy,okor,27,25,0.8784991650281382,0,0,1,0,0
aredy,lkain,27,63,0.9299686419265972,0,0,0,0,0
aredy,olkeey,27,94,0.9108097330922363,0,0,1,1,0
aredy,qokal,27,215,0.937495433984914,0,0,0,0,0
aredy,chckhey,27,45,0.8876729527642611,0,0,1,1,0
aredy,otol,27,40,0.878809617746233,0,0,1,0,0
aredy,qoty,27,21,0.9104493911570993,0,0,1,1,0
aredy,kar,27,55,0.9315184737775684,0,0,2,0,0
aredy,oty,27,68,0.9029398007528846,0,0,2,1,0
aredy,tdy,27,32,0.9400820250986488,0,0,2,2,0
aredy,ychy,27,21,0.8866502346069686,0,0,2,1,0
aredy,otey,27,31,0.8793004916789788,0,0,1,1,0
aredy,qotaiin,27,92,0.9402343888655189,0,0,2,0,0
aredy,olkain,27,83,0.9279783416189816,0,0,1,0,0
aredy,okey,27,27,0.8952268526104008,0,0,1,1,0
aredy,kaiin,27,22,0.8984662607734922,0,0,0,0,0
aredy,ky,27,30,0.8655001988128938,0,0,3,1,0
aredy,qokchy,27,75,0.9354355479408744,0,0,0,1,0
aredy,daryeey,27,20,0.7066149362417787,0,0,2,1,0
aredy,olkedy,27,35,0.8524630356159928,0,0,1,3,0
aredy,qokol,27,106,0.8833321927135462,0,0,0,0,0
aredy,shody,27,44,0.8017245687869039,0,0,1,2,0
aredy,olkar,27,63,0.9403850146473027,0,0,0,0,0
aredy,qotchy,27,20,0.6957468972405988,0,0,0,1,0
aredy,taiin,27,49,0.9115534574747646,0,0,0,0,0
aredy,sham,27,21,0.8747121428506732,0,0,2,0,0
aredy,sar,27,43,0.9248966119972232,0,0,2,0,0
aredy,lchaiin,27,24,0.9448414653884675,0,0,1,0,0
aredy,qoy,27,22,0.8944676838894946,0,0,2,1,0
aredy,shes,27,22,0.8131208180359085,0,0,2,0,0
aredy,okchey,27,32,0.9390242882066626,0,0,0,1,0
aredy,oleedy,27,26,0.8922482841502986,0,0,1,3,0
aredy,ody,27,28,0.9352691373557198,0,0,2,2,0
aredy,ykar,27,21,0.7985711010629268,0,0,1,0,0
aredy,dleo,27,22,0.8139186371317308,0,0,1,0,0
aredy,dleeol,27,22,0.8836197379974439,0,0,1,0,0
aredy,qokeor,27,20,0.846471632596732,0,0,1,0,0
aredy,olkchdy,27,21,0.840572803709201,0,0,1,2,0
aredy,chal,27,29,0.7602913263087556,0,0,2,0,0
aredy,tchaiin,27,21,0.8729171328261295,0,0,1,0,0
aredy,qokeody,27,21,0.8932014134226608,0,0,2,2,0
aredy,ldy,27,21,0.8643458893954219,0,0,2,2,0
aredy,laiin,27,37,0.9300835175058805,0,0,0,0,0
aredy,schdy,27,21,0.9057586504898003,0,0,1,2,0
aredy,sheckhy,27,39,0.9329175495339591,0,0,1,1,0
aredy,cheeor,27,26,0.8117047134473653,0,0,0,0,0
aredy,otedal,27,22,0.8831467423316943,0,0,1,0,0
aredy,lsy,27,22,0.9269571559077715,0,0,2,1,0
aredy,qoko,27,24,0.7816017033601099,0,0,1,0,0
aredy,ytody,27,21,0.9112794077904955,0,0,0,2,0
aredy,chody,27,23,0.9103765429295237,0,0,1,2,0
aredy,kchy,27,24,0.8825731668164959,0,0,2,1,0
aredy,ykal,27,24,0.8726393623476884,0,0,1,0,0
aredy,lsedy,27,28,0.9028561563777129,1,0,0,3,0
aredy,to,27,24,0.831469297452782,0,0,3,0,0
aredy,pchdy,27,30,0.881690587287402,0,0,1,2,0
aredy,qoeedy,27,23,0.9264663492156837,0,0,1,3,0
aredy,otor,27,20,0.8757959035089888,0,0,1,0,0
tor,kal,25,50,0.9020402571342142,0,0,0,0,0
tor,olky,25,34,0.888379230824978,0,0,1,0,0
tor,shol,25,172,0.9105980640316474,0,0,0,0,0
tor,otody,25,26,0.867524790653265,0,0,2,0,0
tor,ofeey,25,23,0.7099241331832946,0,0,2,0,0
tor,qokey,25,76,0.8984482564448397,0,0,2,0,0
tor,pcheey,25,22,0.7087949386826414,0,0,2,0,0
tor,chdaiin,25,33,0.8725284774260345,0,0,3,0,0
tor,otal,25,97,0.912229543165537,0,0,1,0,0
tor,air,25,59,0.9039732691024087,1,0,0,1,0
tor,qokeo,25,20,0.8167476518538763,0,0,2,0,0
tor,ytedy,25,23,0.876075792595368,0,0,2,0,0
tor,ain,25,145,0.894460669982226,0,0,0,0,0
tor,qotal,25,46,0.8374504899369216,0,0,2,0,0
tor,dair,25,89,0.8935294000959426,0,0,1,1,0
tor,qokor,25,45,0.8984252966076136,0,0,2,2,0
tor,chdy,25,244,0.8984503616093834,0,0,0,0,0
tor,olkaiin,25,112,0.8617798205025818,0,0,4,0,0
tor,okchy,25,33,0.8710646617668756,0,0,1,0,0
tor,olchedy,25,22,0.8967832745842934,0,0,3,0,0
tor,okedy,25,121,0.9160688901191435,0,0,2,0,0
tor,otchy,25,36,0.8760813536056986,0,0,1,0,0
tor,lkaiin,25,102,0.907845210979689,0,0,3,0,0
tor,qokchedy,25,58,0.89656889315995,0,0,4,0,0
tor,cthdy,25,33,0.8687129186141589,0,0,0,0,0
tor,otchey,25,27,0.8415499487866956,0,0,2,0,0
tor,oddy,25,26,0.8155616656940868,0,0,1,0,0
tor,chy,25,43,0.9035326351179949,0,0,1,0,0
tor,char,25,32,0.8599428660652686,1,0,0,1,0
tor,cheedy,25,73,0.869880326494488,0,0,2,0,0
tor,qoteey,25,92,0.8947975371323046,0,0,3,0,0
tor,tedy,25,38,0.8245051215223275,0,0,1,0,0
tor,lkdy,25,26,0.7475348976570946,0,0,1,0,0
tor,lkedy,25,20,0.8913496151344447,0,0,2,0,0
tor,opchdy,25,23,0.8758231015984115,0,0,2,0,0
tor,okor,25,25,0.8669880646617611,0,0,1,2,0
tor,lkain,25,63,0.9012319265343947,0,0,2,0,0
tor,olkeey,25,94,0.858513672627155,0,0,3,0,0
tor,qokal,25,215,0.9006661812928689,0,0,2,0,0
tor,chckhey,25,45,0.8481547871465054,0,0,1,0,0
tor,otol,25,40,0.8498961911445115,0,0,1,0,0
tor,qoty,25,21,0.8540280185582324,0,0,1,0,0
tor,kar,25,55,0.9043224303610021,1,0,0,1,0
tor,oty,25,68,0.8448384552181976,0,0,0,0,0
tor,tdy,25,32,0.9193487292913085,0,0,0,0,0
tor,ychy,25,21,0.8342524984761072,0,0,0,0,0
tor,otey,25,31,0.8602147903186419,0,0,1,0,0
tor,qotaiin,25,92,0.9037143372940013,0,0,4,0,0
tor,olkain,25,83,0.8915263699511433,0,0,3,0,0
tor,okey,25,27,0.8697556401798955,0,0,1,0,0
tor,kaiin,25,22,0.8540037759393752,0,0,2,0,0
tor,ky,25,30,0.8016280957646887,0,0,1,0,0
tor,qokchy,25,75,0.8964866003904771,0,0,2,0,0
tor,daryeey,25,20,0.6814270471553205,0,0,4,0,0
tor,olkedy,25,35,0.7969736592756034,0,0,3,0,0
tor,qokol,25,106,0.8531215060104258,0,0,2,0,0
tor,shody,25,44,0.7831060251422285,0,0,1,0,0
tor,olkar,25,63,0.8958718994769075,0,0,2,1,0
tor,qotchy,25,20,0.6648594462599002,0,0,2,0,0
tor,taiin,25,49,0.8662278503957123,0,0,2,0,0
tor,sham,25,21,0.8373139391938734,0,0,0,0,0
tor,sar,25,43,0.8800279458438434,1,0,0,1,0
tor,lchaiin,25,24,0.9256889213310919,0,0,3,0,0
tor,qoy,25,22,0.8800790743345452,0,0,0,0,0
tor,shes,25,22,0.8245261555879589,0,0,0,0,0
tor,okchey,25,32,0.900533309739694,0,0,2,0,0
tor,oleedy,25,26,0.8551274395393398,0,0,3,0,0
tor,ody,25,28,0.9107625303512308,0,0,0,0,0
tor,ykar,25,21,0.7520374084136268,0,0,1,1,0
tor,dleo,25,22,0.8166035759155305,0,0,1,0,0
tor,dleeol,25,22,0.8636325917014454,0,0,3,0,0
tor,qokeor,25,20,0.7894551517468984,0,0,3,2,0
tor,olkchdy,25,21,0.7972410051791008,0,0,3,0,0
tor,chal,25,29,0.7038279491719094,0,0,0,0,0
tor,tchaiin,25,21,0.8302476130415437,0,0,3,0,0
tor,qokeody,25,21,0.8724337998370286,0,0,4,0,0
tor,ldy,25,21,0.8137549989765102,0,0,0,0,0
tor,laiin,25,37,0.8975537863798486,0,0,2,0,0
tor,schdy,25,21,0.8506354238141485,0,0,1,0,0
tor,sheckhy,25,39,0.8976318336215868,0,0,1,0,0
tor,cheeor,25,26,0.7579397687362863,0,0,2,2,0
tor,otedal,25,22,0.8702271348933253,0,0,3,0,0
tor,lsy,25,22,0.8960661137112955,0,0,0,0,0
tor,qoko,25,24,0.7977906370990442,0,0,1,0,0
tor,ytody,25,21,0.8603228890534855,0,0,2,0,0
tor,chody,25,23,0.8586110396801545,0,0,1,0,0
tor,kchy,25,24,0.8243659140494184,0,0,0,0,0
tor,ykal,25,24,0.8456663143057757,0,0,1,0,0
tor,lsedy,25,28,0.8723433894412859,0,0,2,0,0
tor,to,25,24,0.7825845899090166,0,0,1,0,0
tor,pchdy,25,30,0.8294563250902303,0,0,1,0,0
tor,qoeedy,25,23,0.902671439249572,0,0,3,0,0
tor,otor,25,20,0.8512922533724188,0,0,1,3,0
kal,olky,50,34,0.9515979394273198,0,0,1,0,0
kal,shol,50,172,0.9585161413550165,1,0,0,1,0
kal,otody,50,26,0.9143026141518031,0,0,2,0,0
kal,ofeey,50,23,0.8255083441664788,0,0,2,0,0
kal,qokey,50,76,0.9316098736480473,0,0,2,0,0
kal,pcheey,50,22,0.8373436749375905,0,0,2,0,0
kal,chdaiin,50,33,0.9306542409799694,0,0,3,0,0
kal,otal,50,97,0.9501963418435763,0,0,1,2,0
kal,air,50,59,0.9437096010081598,0,0,0,0,0
kal,qokeo,50,20,0.9168849252232772,0,0,2,0,0
kal,ytedy,50,23,0.873720454174842,0,0,2,0,0
kal,ain,50,145,0.9560589925240646,0,0,0,0,0
kal,qotal,50,46,0.9350878515856902,0,0,2,2,0
kal,dair,50,89,0.9522757242738148,0,0,1,0,0
kal,qokor,50,45,0.934523499908583,0,0,2,0,0
kal,chdy,50,244,0.9671547778214942,0,0,0,0,0
kal,olkaiin,50,112,0.9435942250879413,0,0,4,0,0
kal,okchy,50,33,0.9359037348916524,0,0,1,0,0
kal,olchedy,50,22,0.921217208658702,0,0,3,0,0
kal,okedy,50,121,0.9624086082480972,0,0,2,0,0
kal,otchy,50,36,0.9309310823496795,0,0,1,0,0
kal,lkaiin,50,102,0.9662503602535067,0,0,3,0,0
kal,qokchedy,50,58,0.9033605692863823,0,0,4,0,0
kal,cthdy,50,33,0.9516273230422486,0,0,0,0,0
kal,otchey,50,27,0.8398112242225652,0,0,2,0,0
kal,oddy,50,26,0.8828510382332422,0,0,1,0,0
kal,chy,50,43,0.9444223646553175,0,0,1,0,0
kal,char,50,32,0.9059939430952197,0,0,0,0,0
kal,cheedy,50,73,0.9421780717701032,0,0,2,0,0
kal,qoteey,50,92,0.9458085526950397,0,0,3,0,0
kal,tedy,50,38,0.9294090393684917,0,0,1,0,0
kal,lkdy,50,26,0.8806007709262033,0,0,1,0,0
kal,lkedy,50,20,0.9453034794608934,0,0,2,0,0
kal,opchdy,50,23,0.9364164363146084,0,0,2,0,0
kal,okor,50,25,0.8813987705232695,0,0,1,0,0
kal,lkain,50,63,0.9513742661803936,0,0,2,0,0
kal,olkeey,50,94,0.9409291066334814,0,0,3,0,0
kal,qokal,50,215,0.95445763914297,0,0,2,3,0
kal,chckhey,50,45,0.923238974025832,0,0,1,0,0
kal,otol,50,40,0.9043811277336647,0,0,1,1,0
kal,qoty,50,21,0.938858341653454,0,0,1,0,0
kal,kar,50,55,0.9520727846735466,0,1,0,0,0
kal,oty,50,68,0.9352897937586068,0,0,0,0,0
kal,tdy,50,32,0.9328769760327429,0,0,0,0,0
kal,ychy,50,21,0.9263722475177414,0,0,0,0,0
kal,otey,50,31,0.9046855783361507,0,0,1,0,0
kal,qotaiin,50,92,0.9596187244048935,0,0,4,0,0
kal,olkain,50,83,0.9479629421135223,0,0,3,0,0
kal,okey,50,27,0.9273822904164469,0,0,1,0,0
kal,kaiin,50,22,0.9231584157760495,0,1,2,0,0
kal,ky,50,30,0.9256886142025619,0,0,1,0,0
kal,qokchy,50,75,0.9464364307493568,0,0,2,0,0
kal,daryeey,50,20,0.7634310648158976,0,0,4,0,0
kal,olkedy,50,35,0.8986468500838501,0,0,3,0,0
kal,qokol,50,106,0.910823998403973,0,0,2,1,0
kal,shody,50,44,0.8330001201489053,0,0,1,0,0
kal,olkar,50,63,0.9532660911249039,0,0,2,0,0
kal,qotchy,50,20,0.7367206906420424,0,0,2,0,0
kal,taiin,50,49,0.925054670539718,0,0,2,0,0
kal,sham,50,21,0.908454129832236,0,0,0,0,0
kal,sar,50,43,0.9451394030352598,0,0,0,0,0
kal,lchaiin,50,24,0.9454115326680201,0,0,3,0,0
kal,qoy,50,22,0.9061508699303338,0,0,0,0,0
kal,shes,50,22,0.8129008344033709,0,0,0,0,0
kal,okchey,50,32,0.9362820254880305,0,0,2,0,0
kal,oleedy,50,26,0.9242967354728736,0,0,3,0,0
kal,ody,50,28,0.9157685753220286,0,0,0,0,0
kal,ykar,50,21,0.8371030554380559,0,0,1,0,0
kal,dleo,50,22,0.8088520609319588,0,0,1,0,0
kal,dleeol,50,22,0.9043773750340757,0,0,3,1,0
kal,qokeor,50,20,0.8672477408836512,0,0,3,0,0
kal,olkchdy,50,21,0.8636300561137132,0,0,3,0,0
kal,chal,50,29,0.8288302553827166,1,0,0,2,0
kal,tchaiin,50,21,0.9131878085893125,0,0,3,0,0
kal,qokeody,50,21,0.9033360376697928,0,0,4,0,0
kal,ldy,50,21,0.8601036379041297,0,0,0,0,0
kal,laiin,50,37,0.9347863831257371,0,0,2,0,0
kal,schdy,50,21,0.9336880685112965,0,0,1,0,0
kal,sheckhy,50,39,0.9608735614264768,0,0,1,0,0
kal,cheeor,50,26,0.8706189758613946,0,0,2,0,0
kal,otedal,50,22,0.882296676133455,0,0,3,2,0
kal,lsy,50,22,0.9371351216746951,0,0,0,0,0
kal,qoko,50,24,0.7702111460042523,0,0,1,0,0
kal,ytody,50,21,0.9281571651430165,0,0,2,0,0
kal,chody,50,23,0.929477213751667,0,0,1,0,0
kal,kchy,50,24,0.9077024981322694,0,0,0,0,0
kal,ykal,50,24,0.896940957735847,0,0,1,3,1
kal,lsedy,50,28,0.9221277206567796,0,0,2,0,0
kal,to,50,24,0.8833695498490111,0,0,1,0,0
kal,pchdy,50,30,0.9186877515168591,0,0,1,0,0
kal,qoeedy,50,23,0.9401704510041087,0,0,3,0,0
kal,otor,50,20,0.9163959933829896,0,0,1,0,0
olky,shol,34,172,0.9549933337923361,0,0,1,0,0
olky,otody,34,26,0.8903152544767774,0,0,1,1,0
olky,ofeey,34,23,0.8439716438324337,0,0,1,1,0
olky,qokey,34,76,0.9394237450007613,0,0,1,1,0
olky,pcheey,34,22,0.8477672185481401,0,0,1,1,0
olky,chdaiin,34,33,0.9189292642723255,0,0,2,0,0
olky,otal,34,97,0.9451470879053379,0,0,0,0,0
olky,air,34,59,0.9362676073700166,0,0,1,0,0
olky,qokeo,34,20,0.92806096616351,0,0,1,0,0
olky,ytedy,34,23,0.8652218734580174,0,0,1,1,0
olky,ain,34,145,0.9537275547320568,0,0,1,0,0
olky,qotal,34,46,0.9503732151605717,0,0,1,0,0
olky,dair,34,89,0.9517486363938833,0,0,0,0,0
olky,qokor,34,45,0.9391748008893647,0,0,1,0,0
olky,chdy,34,244,0.9573531132319152,0,0,1,1,0
olky,olkaiin,34,112,0.9476843913185504,0,1,3,0,0
olky,okchy,34,33,0.9205820418572421,0,0,0,1,0
olky,olchedy,34,22,0.9189860496432602,0,1,2,1,0
olky,okedy,34,121,0.9547043770634723,0,0,1,1,0
olky,otchy,34,36,0.9292233521256303,0,0,0,1,0
olky,lkaiin,34,102,0.9623203348849182,0,0,2,0,0
olky,qokchedy,34,58,0.8937861657675104,0,0,3,1,0
olky,cthdy,34,33,0.9480443388956772,0,0,1,1,0
olky,otchey,34,27,0.8444573154054403,0,0,1,1,0
olky,oddy,34,26,0.877957348354762,0,0,0,1,0
olky,chy,34,43,0.938276449834869,0,0,2,1,0
olky,char,34,32,0.9000961350165637,0,0,1,0,0
olky,cheedy,34,73,0.9361892944567541,0,0,1,1,0
olky,qoteey,34,92,0.9390048701289964,0,0,2,1,0
olky,tedy,34,38,0.9266256664898005,0,0,0,1,0
olky,lkdy,34,26,0.8834587771131905,0,0,0,1,0
olky,lkedy,34,20,0.9352525522882807,0,0,1,1,0
olky,opchdy,34,23,0.9293282977299656,0,0,1,1,0
olky,okor,34,25,0.8871610776493172,0,0,0,0,0
olky,lkain,34,63,0.9480135528185678,0,0,1,0,0
olky,olkeey,34,94,0.9414708065946723,0,1,2,1,0
olky,qokal,34,215,0.9565843243872305,0,0,1,0,0
olky,chckhey,34,45,0.9253014676222308,0,0,0,1,0
olky,otol,34,40,0.8892324130891244,0,0,0,0,0
olky,qoty,34,21,0.9406823783838948,0,0,0,1,1
olky,kar,34,55,0.9428675447195165,0,0,1,0,0
olky,oty,34,68,0.9479015986468697,0,0,1,1,1
olky,tdy,34,32,0.9301217483499595,0,0,1,1,0
olky,ychy,34,21,0.9188287156713129,0,0,1,1,0
olky,otey,34,31,0.9026181240867296,0,0,0,1,0
olky,qotaiin,34,92,0.951867706352995,0,0,3,0,0
olky,olkain,34,83,0.937029476822617,0,1,2,0,0
olky,okey,34,27,0.9229190977636931,0,0,0,1,0
olky,kaiin,34,22,0.9086380635919757,0,0,1,0,0
olky,ky,34,30,0.9271154781369103,0,0,2,2,0
olky,qokchy,34,75,0.9479061044173994,0,0,1,1,0
olky,daryeey,34,20,0.7757517991300656,0,0,3,1,0
olky,olkedy,34,35,0.9053069819070995,0,1,2,1,0
olky,qokol,34,106,0.9022688721514187,0,0,1,0,0
olky,shody,34,44,0.8189746771879738,0,0,0,1,0
olky,olkar,34,63,0.9550702273408321,0,1,1,0,0
olky,qotchy,34,20,0.7487277344529072,0,0,1,1,0
olky,taiin,34,49,0.9191303581524524,0,0,1,0,0
olky,sham,34,21,0.9061508699303339,0,0,1,0,0
olky,sar,34,43,0.9374674213716985,0,0,1,0,0
olky,lchaiin,34,24,0.9369000486672622,0,0,2,0,0
olky,qoy,34,22,0.9011396843424434,0,0,1,1,0
olky,shes,34,22,0.7991628316528411,0,0,1,0,0
olky,okchey,34,32,0.9300668030205014,0,0,1,1,0
olky,oleedy,34,26,0.9176477983628544,0,1,2,1,0
olky,ody,34,28,0.9082197075329145,0,0,1,1,0
olky,ykar,34,21,0.8155359403830692,0,0,0,0,0
olky,dleo,34,22,0.8217087756007925,0,0,0,0,0
olky,dleeol,34,22,0.9047713637166909,0,0,2,0,0
olky,qokeor,34,20,0.8602588894554275,0,0,2,0,0
olky,olkchdy,34,21,0.8851409923120647,0,1,2,1,0
olky,chal,34,29,0.8326427991345547,0,0,1,0,0
olky,tchaiin,34,21,0.9071469162217971,0,0,2,0,0
olky,qokeody,34,21,0.8979599808531915,0,0,3,1,0
olky,ldy,34,21,0.8688358784074699,0,0,1,1,0
olky,laiin,34,37,0.933268434729624,0,0,1,0,0
olky,schdy,34,21,0.9224591124353599,0,0,0,1,0
olky,sheckhy,34,39,0.9570325153128637,0,0,0,1,0
olky,cheeor,34,26,0.8723272334737046,0,0,1,0,0
olky,otedal,34,22,0.8691265411578488,0,0,2,0,0
olky,lsy,34,22,0.9279679210153737,0,0,1,1,0
olky,qoko,34,24,0.758412781669179,0,0,0,0,0
olky,ytody,34,21,0.9314499892382265,0,0,1,1,0
olky,chody,34,23,0.9293166982381789,0,0,0,1,0
olky,kchy,34,24,0.9194257980669247,0,0,1,1,0
olky,ykal,34,24,0.8798768999205897,0,0,0,0,0
olky,lsedy,34,28,0.9038216536189154,0,0,1,1,0
olky,to,34,24,0.8802895530097434,0,0,2,0,0
olky,pchdy,34,30,0.9108777208857141,0,0,0,1,0
olky,qoeedy,34,23,0.9256159461565401,0,0,2,1,0
olky,otor,34,20,0.9220295693346878,0,0,0,0,0
shol,otody,172,26,0.9135637505095554,0,0,2,0,0
shol,ofeey,172,23,0.8455853459346816,0,0,2,0,0
shol,qokey,172,76,0.9584466398149636,0,0,2,0,0
shol,pcheey,172,22,0.8502107250817629,0,0,2,0,0
shol,chdaiin,172,33,0.9423070208998993,0,0,3,0,0
shol,otal,172,97,0.9713348305970982,0,0,1,1,0
shol,air,172,59,0.9455598106811101,0,0,0,0,0
shol,qokeo,172,20,0.9189679454859548,0,0,2,0,0
shol,ytedy,172,23,0.8820479697892976,0,0,2,0,0
shol,ain,172,145,0.9698340411450885,0,0,0,0,0
shol,qotal,172,46,0.951582040848641,0,0,2,1,0
shol,dair,172,89,0.981370432610141,0,0,1,0,0
shol,qokor,172,45,0.9521178176714084,0,0,2,0,0
shol,chdy,172,244,0.971203093454212,0,0,0,0,0
shol,olkaiin,172,112,0.9591155959632307,0,0,4,0,0
shol,okchy,172,33,0.9505328341764443,0,0,1,0,0
shol,olchedy,172,22,0.9394325789601478,0,0,3,0,0
shol,okedy,172,121,0.9818134045395974,0,0,2,0,0
shol,otchy,172,36,0.9537793112700732,0,0,1,0,0
shol,lkaiin,172,102,0.981287322926282,0,0,3,0,0
shol,qokchedy,172,58,0.9193054217503752,0,0,4,0,0
shol,cthdy,172,33,0.9631873213425558,0,0,0,0,0
shol,otchey,172,27,0.8815386671918253,0,0,2,0,0
shol,oddy,172,26,0.8923240796149787,0,0,1,0,0
shol,chy,172,43,0.9553363429369574,0,0,1,0,0
shol,char,172,32,0.9047527856047597,0,0,0,0,0
shol,cheedy,172,73,0.964111093384101,0,0,2,0,0
shol,qoteey,172,92,0.9757131531378291,0,0,3,0,1
shol,tedy,172,38,0.9301620379526208,0,0,1,0,0
shol,lkdy,172,26,0.8817040527928093,0,0,1,0,0
shol,lkedy,172,20,0.945780769421897,0,0,2,0,0
shol,opchdy,172,23,0.9520479531811835,0,0,2,0,0
shol,okor,172,25,0.9081525327583096,0,0,1,0,0
shol,lkain,172,63,0.9747137726982961,0,0,2,0,0
shol,olkeey,172,94,0.9686208444573396,0,0,3,0,1
shol,qokal,172,215,0.9803619299804538,0,0,2,1,0
shol,chckhey,172,45,0.9553600123569718,0,0,1,0,0
shol,otol,172,40,0.9043547741948611,0,0,1,2,0
shol,qoty,172,21,0.9437424085106885,0,0,1,0,0
shol,kar,172,55,0.9577975680843639,0,0,0,0,0
shol,oty,172,68,0.94688868199211,0,0,0,0,0
shol,tdy,172,32,0.9499640502374935,0,0,0,0,0
shol,ychy,172,21,0.9295050053029711,0,0,0,0,0
shol,otey,172,31,0.9350555719108455,0,0,1,0,0
shol,qotaiin,172,92,0.9737118905148285,0,0,4,0,0
shol,olkain,172,83,0.958341079972927,0,0,3,0,0
shol,okey,172,27,0.9485370693396384,0,0,1,0,0
shol,kaiin,172,22,0.923037359275257,0,0,2,0,0
shol,ky,172,30,0.9284936211851204,0,0,1,0,0
shol,qokchy,172,75,0.9687782509551547,0,0,2,0,0
shol,daryeey,172,20,0.7955608191637837,0,0,4,0,0
shol,olkedy,172,35,0.9208053345783749,0,0,3,0,0
shol,qokol,172,106,0.9165614451016668,0,0,2,2,0
shol,shody,172,44,0.8343744962649149,0,1,1,0,0
shol,olkar,172,63,0.9737273576352499,0,0,2,0,0
shol,qotchy,172,20,0.7681295045627504,0,0,2,0,0
shol,taiin,172,49,0.9504510977907014,0,0,2,0,0
shol,sham,172,21,0.9100751069150167,0,0,0,0,0
shol,sar,172,43,0.957537237141659,0,0,0,0,0
shol,lchaiin,172,24,0.9523238245344304,0,0,3,0,0
shol,qoy,172,22,0.9101261324102778,0,0,0,0,0
shol,shes,172,22,0.8179514518195559,0,0,0,0,0
shol,okchey,172,32,0.9567689389478954,0,0,2,0,0
shol,oleedy,172,26,0.9361052628293458,0,0,3,0,0
shol,ody,172,28,0.939182956411549,0,0,0,0,0
shol,ykar,172,21,0.8328132933925683,0,0,1,0,0
shol,dleo,172,22,0.8512324486145724,0,0,1,0,0
shol,dleeol,172,22,0.9336635301063215,0,0,3,2,0
shol,qokeor,172,20,0.8802722342725846,0,0,3,0,0
shol,olkchdy,172,21,0.9020438985939289,0,0,3,0,0
shol,chal,172,29,0.8433234077443691,1,0,0,1,0
shol,tchaiin,172,21,0.919542659648235,0,0,3,0,0
shol,qokeody,172,21,0.916480201755765,0,0,4,0,0
shol,ldy,172,21,0.893597109842035,0,0,0,0,0
shol,laiin,172,37,0.9539386190547907,0,0,2,0,0
shol,schdy,172,21,0.9484872689100959,0,0,1,0,0
shol,sheckhy,172,39,0.9697238548282503,0,0,1,0,0
shol,cheeor,172,26,0.8815200504743946,0,0,2,0,0
shol,otedal,172,22,0.9004764037050847,0,0,3,1,0
shol,lsy,172,22,0.9459329468739379,0,0,0,0,0
shol,qoko,172,24,0.7862990178253951,0,0,1,0,0
shol,ytody,172,21,0.9467077845055932,0,0,2,0,0
shol,chody,172,23,0.9407626712777909,0,0,1,0,0
shol,kchy,172,24,0.9334420845656649,0,0,0,0,0
shol,ykal,172,24,0.8939310531961969,0,0,1,1,0
shol,lsedy,172,28,0.925350038670692,0,0,2,0,0
shol,to,172,24,0.8876496615578906,0,0,1,0,0
shol,pchdy,172,30,0.9292665417743297,0,0,1,0,0
shol,qoeedy,172,23,0.941793800737552,0,0,3,0,0
shol,otor,172,20,0.9224936958663712,0,0,1,0,0
otody,ofeey,26,23,0.7828682220279634,0,0,0,1,0
otody,qokey,26,76,0.9035775689822366,0,0,0,1,0
otody,pcheey,26,22,0.7896773626817498,0,0,0,1,0
otody,chdaiin,26,33,0.8966400914865642,0,0,1,0,0
otody,otal,26,97,0.8972561493581283,0,1,1,0,0
otody,air,26,59,0.9112523739654953,0,0,2,0,0
otody,qokeo,26,20,0.8568669617527385,0,0,0,0,0
otody,ytedy,26,23,0.8417810807096289,0,0,0,2,0
otody,ain,26,145,0.9228367234136202,0,0,2,0,0
otody,qotal,26,46,0.8840877808934645,0,0,0,0,0
otody,dair,26,89,0.9008186007220754,0,0,1,0,0
otody,qokor,26,45,0.884792219504985,0,0,0,0,0
otody,chdy,26,244,0.9274628996584451,0,0,2,2,0
otody,olkaiin,26,112,0.8844660403535757,0,0,2,0,0
otody,okchy,26,33,0.8863550530221629,0,0,1,1,0
otody,olchedy,26,22,0.8897901620983736,0,0,1,2,0
otody,okedy,26,121,0.9136602993240498,0,0,0,2,0
otody,otchy,26,36,0.9014149034296027,0,1,1,1,0
otody,lkaiin,26,102,0.9169903941226573,0,0,1,0,0
otody,qokchedy,26,58,0.8752923676996074,0,0,2,2,0
otody,cthdy,26,33,0.8967743467367435,0,0,2,2,0
otody,otchey,26,27,0.8340524475186382,0,1,0,1,0
otody,oddy,26,26,0.8258790691262022,0,0,1,2,0
otody,chy,26,43,0.9099349709600938,0,0,3,1,0
otody,char,26,32,0.8615707825547518,0,0,2,0,0
otody,cheedy,26,73,0.8839425477574924,0,0,0,2,0
otody,qoteey,26,92,0.9040540941347268,0,0,1,1,0
otody,tedy,26,38,0.8794233669285952,0,0,1,2,0
otody,lkdy,26,26,0.8318223824446112,0,0,1,2,0
otody,lkedy,26,20,0.8897913635425557,0,0,0,2,0
otody,opchdy,26,23,0.90117310704469,0,0,0,2,0
otody,okor,26,25,0.8335220197012747,0,0,1,0,0
otody,lkain,26,63,0.9023513282309642,0,0,0,0,0
otody,olkeey,26,94,0.8932271132677999,0,0,1,1,0
otody,qokal,26,215,0.9081662129508267,0,0,0,0,0
otody,chckhey,26,45,0.8809411686449293,0,0,1,1,0
otody,otol,26,40,0.8485037919483763,0,1,1,0,0
otody,qoty,26,21,0.8931204517947965,0,0,1,1,0
otody,kar,26,55,0.8985259233712471,0,0,2,0,0
otody,oty,26,68,0.8827251696801807,0,1,2,1,0
otody,tdy,26,32,0.8828978123251564,0,0,2,2,0
otody,ychy,26,21,0.8887877187622231,0,0,2,1,0
otody,otey,26,31,0.8622920667832416,0,1,1,1,0
otody,qotaiin,26,92,0.9070656611683597,0,0,2,0,0
otody,olkain,26,83,0.9162079709350069,0,0,1,0,0
otody,okey,26,27,0.8887084063847643,0,0,1,1,0
otody,kaiin,26,22,0.8825031360458268,0,0,0,0,0
otody,ky,26,30,0.8662214924100207,0,0,3,1,0
otody,qokchy,26,75,0.8970052189546383,0,0,0,1,0
otody,daryeey,26,20,0.7154196038994219,0,0,2,1,0
otody,olkedy,26,35,0.849033391454699,0,0,1,2,0
otody,qokol,26,106,0.8446504061878792,0,0,0,0,0
otody,shody,26,44,0.7632395604059825,0,0,1,3,0
otody,olkar,26,63,0.9052908305644595,0,0,0,0,0
otody,qotchy,26,20,0.7144345083117604,0,0,0,1,0
otody,taiin,26,49,0.8914005091821338,0,0,0,0,0
otody,sham,26,21,0.8528028654224418,0,0,2,0,0
otody,sar,26,43,0.9052585304723767,0,0,2,0,0
otody,lchaiin,26,24,0.8987132505350318,0,0,1,0,0
otody,qoy,26,22,0.8542821429703302,0,0,2,1,0
otody,shes,26,22,0.7969372631559336,0,0,2,0,0
otody,okchey,26,32,0.8942424492462154,0,0,0,1,0
otody,oleedy,26,26,0.888216511571684,0,0,1,2,0
otody,ody,26,28,0.8853751970878821,0,0,2,3,0
otody,ykar,26,21,0.8068715304598786,0,0,1,0,0
otody,dleo,26,22,0.803815714064115,0,0,1,0,0
otody,dleeol,26,22,0.8767823608826004,0,0,1,0,0
otody,qokeor,26,20,0.8208573135840819,0,0,1,0,0
otody,olkchdy,26,21,0.8298683751425454,0,0,1,2,0
otody,chal,26,29,0.7767715843173582,0,0,2,0,0
otody,tchaiin,26,21,0.8606087388782964,0,0,1,0,0
otody,qokeody,26,21,0.847998304005088,0,0,2,3,0
otody,ldy,26,21,0.8339181737724303,0,0,2,2,0
otody,laiin,26,37,0.8897058823529411,0,0,0,0,0
otody,schdy,26,21,0.878951201162784,0,0,1,2,0
otody,sheckhy,26,39,0.9062612325013892,0,0,1,1,0
otody,cheeor,26,26,0.8164965809277259,0,0,0,0,0
otody,otedal,26,22,0.8662686570527743,0,1,1,0,0
otody,lsy,26,22,0.8782662326743829,0,0,2,1,0
otody,qoko,26,24,0.7236759610155116,0,0,1,0,0
otody,ytody,26,21,0.8887877187622231,1,0,0,4,0
otody,chody,26,23,0.8974358974358975,0,0,1,3,0
otody,kchy,26,24,0.8542821429703302,0,0,2,1,0
otody,ykal,26,24,0.8501708087439864,0,0,1,0,0
otody,lsedy,26,28,0.8778252592585553,0,0,0,2,0
otody,to,26,24,0.8261386826379815,0,0,3,0,0
otody,pchdy,26,30,0.8730378697119727,0,0,1,2,0
otody,qoeedy,26,23,0.8895749936068605,0,0,1,2,0
otody,otor,26,20,0.8539223384141763,0,1,1,0,0
ofeey,qokey,23,76,0.8449029160379897,0,0,0,2,0
ofeey,pcheey,23,22,0.8358282902317844,1,0,0,3,0
ofeey,chdaiin,23,33,0.8571702870309275,0,0,1,0,0
ofeey,otal,23,97,0.8466848948103715,0,0,1,0,0
ofeey,air,23,59,0.8053178542348866,0,0,2,0,0
ofeey,qokeo,23,20,0.8527151384298505,0,0,0,0,0
ofeey,ytedy,23,23,0.6917085541701841,0,0,0,1,0
ofeey,ain,23,145,0.8461844915322116,0,0,2,0,0
ofeey,qotal,23,46,0.9061663839543199,0,0,0,0,0
ofeey,dair,23,89,0.8560601639447413,0,0,1,0,0
ofeey,qokor,23,45,0.8288721727702815,0,0,0,0,0
ofeey,chdy,23,244,0.8516512187050652,0,0,2,1,0
ofeey,olkaiin,23,112,0.8742683531344965,0,0,2,0,0
ofeey,okchy,23,33,0.8274672843376415,0,0,1,1,0
ofeey,olchedy,23,22,0.7690805353212321,0,0,1,1,0
ofeey,okedy,23,121,0.8554440198959354,0,0,0,1,0
ofeey,otchy,23,36,0.847038658973673,0,0,1,1,0
ofeey,lkaiin,23,102,0.8644455165828228,0,0,1,0,0
ofeey,qokchedy,23,58,0.7968348326046494,0,0,2,1,0
ofeey,cthdy,23,33,0.8846912674700802,0,0,2,1,0
ofeey,otchey,23,27,0.7796881870752873,0,0,0,2,0
ofeey,oddy,23,26,0.8069345103767364,0,0,1,1,0
ofeey,chy,23,43,0.8466068268482454,0,0,3,1,0
ofeey,char,23,32,0.7628241064556186,0,0,2,0,0
ofeey,cheedy,23,73,0.8686583801839846,0,0,0,1,0
ofeey,qoteey,23,92,0.8368530945016931,0,0,1,3,0
ofeey,tedy,23,38,0.870625939623872,0,0,1,1,0
ofeey,lkdy,23,26,0.8679686224916393,0,0,1,1,0
ofeey,lkedy,23,20,0.8017837257372732,0,0,0,1,0
ofeey,opchdy,23,23,0.8464989719746504,0,0,0,1,0
ofeey,okor,23,25,0.7696095607983102,0,0,1,0,0
ofeey,lkain,23,63,0.8574466227610636,0,0,0,0,0
ofeey,olkeey,23,94,0.8801748449623913,0,0,1,3,0
ofeey,qokal,23,215,0.8736102144889829,0,0,0,0,0
ofeey,chckhey,23,45,0.8878852216173445,0,0,1,2,0
ofeey,otol,23,40,0.7529381439520302,0,0,1,0,0
ofeey,qoty,23,21,0.862844364622973,0,0,1,1,0
ofeey,kar,23,55,0.8368586933748806,0,0,2,0,0
ofeey,oty,23,68,0.8704700847667806,0,0,2,1,0
ofeey,tdy,23,32,0.7844645405527362,0,0,2,1,0
ofeey,ychy,23,21,0.8715337754107729,0,0,2,1,0
ofeey,otey,23,31,0.8310337874919951,0,0,1,2,0
ofeey,qotaiin,23,92,0.8520259428031174,0,0,2,0,0
ofeey,olkain,23,83,0.8437205738748231,0,0,1,0,0
ofeey,okey,23,27,0.8500963488705563,0,0,1,2,0
ofeey,kaiin,23,22,0.8228887278018441,0,0,0,0,0
ofeey,ky,23,30,0.8985978320078698,0,0,3,1,0
ofeey,qokchy,23,75,0.8437945130335879,0,0,0,1,0
ofeey,daryeey,23,20,0.756215421406727,0,0,2,3,1
ofeey,olkedy,23,35,0.8586505119979758,0,0,1,1,0
ofeey,qokol,23,106,0.7889523040987835,0,0,0,0,0
ofeey,shody,23,44,0.6865993975983151,0,0,1,1,0
ofeey,olkar,23,63,0.8653610974321185,0,0,0,0,0
ofeey,qotchy,23,20,0.7560539239387957,0,0,0,1,0
ofeey,taiin,23,49,0.8443682762006562,0,0,0,0,0
ofeey,sham,23,21,0.7806990172102808,0,0,2,0,0
ofeey,sar,23,43,0.8608015211629227,0,0,2,0,0
ofeey,lchaiin,23,24,0.7766735764098537,0,0,1,0,0
ofeey,qoy,23,22,0.7665073373737422,0,0,2,1,0
ofeey,shes,23,22,0.6591760354598907,0,0,2,0,0
ofeey,okchey,23,32,0.8006711394671356,0,0,0,2,0
ofeey,oleedy,23,26,0.8705080450861823,0,0,1,1,0
ofeey,ody,23,28,0.7609572029819749,0,0,2,1,0
ofeey,ykar,23,21,0.7759402897989853,0,0,1,0,0
ofeey,dleo,23,22,0.7384712488639592,0,0,1,0,1
ofeey,dleeol,23,22,0.840473288592332,0,0,1,0,1
ofeey,qokeor,23,20,0.8032164429411167,0,0,1,0,0
ofeey,olkchdy,23,21,0.8452380952380952,0,0,1,1,0
ofeey,chal,23,29,0.8598989506126371,0,0,2,0,0
ofeey,tchaiin,23,21,0.8481794196084151,0,0,1,0,0
ofeey,qokeody,23,21,0.765593082331487,0,0,2,1,0
ofeey,ldy,23,21,0.7448452997421312,0,0,2,1,0
ofeey,laiin,23,37,0.7962378880588015,0,0,0,0,0
ofeey,schdy,23,21,0.8276669738519348,0,0,1,1,0
ofeey,sheckhy,23,39,0.8531571544759715,0,0,1,1,0
ofeey,cheeor,23,26,0.8866450562554967,0,0,0,0,0
ofeey,otedal,23,22,0.7265930006184013,0,0,1,0,0
ofeey,lsy,23,22,0.8071909716398737,0,0,2,1,0
ofeey,qoko,23,24,0.6064784348631227,0,0,1,0,0
ofeey,ytody,23,21,0.8364972417259177,0,0,0,1,0
ofeey,chody,23,23,0.8469740565860845,0,0,1,1,0
ofeey,kchy,23,24,0.8832601106161003,0,0,2,1,0
ofeey,ykal,23,24,0.7849612684393461,0,0,1,0,0
ofeey,lsedy,23,28,0.7765952977555561,0,0,0,1,0
ofeey,to,23,24,0.8413852109876021,0,0,3,0,0
ofeey,pchdy,23,30,0.8536805799614311,0,0,1,1,0
ofeey,qoeedy,23,23,0.8087457990257881,0,0,1,1,0
ofeey,otor,23,20,0.8419556549847228,0,0,1,0,0
qokey,pcheey,76,22,0.821064118974448,0,0,0,2,0
qokey,chdaiin,76,33,0.931180403956854,0,0,1,0,0
qokey,otal,76,97,0.9582569957193083,0,0,1,0,0
qokey,air,76,59,0.9236589948855316,0,0,2,0,0
qokey,qokeo,76,20,0.8890522867343861,0,1,0,0,0
qokey,ytedy,76,23,0.8700005346582391,0,0,0,1,0
qokey,ain,76,145,0.9384172597864953,0,0,2,0,0
qokey,qotal,76,46,0.9269087004629137,0,1,0,0,0
qokey,dair,76,89,0.9551661335091894,0,0,1,0,0
qokey,qokor,76,45,0.9406265104747265,0,1,0,0,0
qokey,chdy,76,244,0.9491439331231694,0,0,2,1,0
qokey,olkaiin,76,112,0.9370287800679744,0,0,2,0,0
qokey,okchy,76,33,0.9318770802642337,0,0,1,1,0
qokey,olchedy,76,22,0.9107262980000607,0,0,1,1,0
qokey,okedy,76,121,0.9639210412254686,0,0,0,1,0
qokey,otchy,76,36,0.9504383939059627,0,0,1,1,0
qokey,lkaiin,76,102,0.9645119871496406,0,0,1,0,0
qokey,qokchedy,76,58,0.9215299533230065,0,1,2,1,0
qokey,cthdy,76,33,0.9366055684214795,0,0,2,1,0
qokey,otchey,76,27,0.9003371693693278,0,0,0,2,0
qokey,oddy,76,26,0.8692065524319467,0,0,1,1,0
qokey,chy,76,43,0.9409714059712591,0,0,3,1,0
qokey,char,76,32,0.8990079187591113,0,0,2,0,0
qokey,cheedy,76,73,0.9422207340829756,0,0,0,1,0
qokey,qoteey,76,92,0.94965290972721,0,1,1,2,0
qokey,tedy,76,38,0.9025925607468915,0,0,1,1,0
qokey,lkdy,76,26,0.8518539150471408,0,0,1,1,0
qokey,lkedy,76,20,0.911039912815839,0,0,0,1,0
qokey,opchdy,76,23,0.9272582152166339,0,0,0,1,0
qokey,okor,76,25,0.8984151867776893,0,0,1,0,0
qokey,lkain,76,63,0.9605331690957302,0,0,0,0,0
qokey,olkeey,76,94,0.9335090105234881,0,0,1,2,0
qokey,qokal,76,215,0.9580850617280369,0,1,0,0,0
qokey,chckhey,76,45,0.9407327824334542,0,0,1,2,0
qokey,otol,76,40,0.8888514057526424,0,0,1,0,0
qokey,qoty,76,21,0.92276640136776,0,1,1,1,0
qokey,kar,76,55,0.9439454430661552,0,0,2,0,0
qokey,oty,76,68,0.9271639892526896,0,0,2,1,0
qokey,tdy,76,32,0.9321327241096902,0,0,2,1,0
qokey,ychy,76,21,0.9191028546262509,0,0,2,1,0
qokey,otey,76,31,0.940820381370602,0,0,1,2,1
qokey,qotaiin,76,92,0.9519632790923095,0,1,2,0,0
qokey,olkain,76,83,0.9357933538941762,0,0,1,0,0
qokey,okey,76,27,0.9466024948037091,0,0,1,4,1
qokey,kaiin,76,22,0.902389010286372,0,0,0,0,0
qokey,ky,76,30,0.902867293826538,0,0,3,1,0
qokey,qokchy,76,75,0.9605982919335635,0,1,0,1,0
qokey,daryeey,76,20,0.8209406727784577,0,0,2,2,0
qokey,olkedy,76,35,0.908019676117626,0,0,1,1,0
qokey,qokol,76,106,0.8969853497677082,0,1,0,0,0
qokey,shody,76,44,0.8213328999313799,0,0,1,1,0
qokey,olkar,76,63,0.9539482027312477,0,0,0,0,0
qokey,qotchy,76,20,0.7926090949348791,0,1,0,1,0
qokey,taiin,76,49,0.9200217752363951,0,0,0,0,0
qokey,sham,76,21,0.8997229621546704,0,0,2,0,0
qokey,sar,76,43,0.9383381312038043,0,0,2,0,0
qokey,lchaiin,76,24,0.9343681628279319,0,0,1,0,0
qokey,qoy,76,22,0.9155169355665107,0,1,2,1,0
qokey,shes,76,22,0.8298227753417354,0,0,2,0,0
qokey,okchey,76,32,0.9476149705690338,0,0,0,2,0
qokey,oleedy,76,26,0.9242600503519679,0,0,1,1,0
qokey,ody,76,28,0.9207975540609961,0,0,2,1,0
qokey,ykar,76,21,0.8049434835549297,0,0,1,0,0
qokey,dleo,76,22,0.8955694777258668,0,0,1,0,0
qokey,dleeol,76,22,0.9278879543147016,0,0,1,0,0
qokey,qokeor,76,20,0.8608874208848486,0,1,1,0,0
qokey,olkchdy,76,21,0.8871480618398891,0,0,1,1,0
qokey,chal,76,29,0.8323933214669369,0,0,2,0,0
qokey,tchaiin,76,21,0.8863209433035585,0,0,1,0,0
qokey,qokeody,76,21,0.8753101884918294,0,1,2,1,0
qokey,ldy,76,21,0.870371348993904,0,0,2,1,0
qokey,laiin,76,37,0.924077843833331,0,0,0,0,0
qokey,schdy,76,21,0.9073245387710349,0,0,1,1,0
qokey,sheckhy,76,39,0.9439626322280182,0,0,1,1,0
qokey,cheeor,76,26,0.8592462042218324,0,0,0,0,0
qokey,otedal,76,22,0.8840779454950709,0,0,1,0,0
qokey,lsy,76,22,0.9169806699657354,0,0,2,1,0
qokey,qoko,76,24,0.7744459994464901,0,1,1,0,0
qokey,ytody,76,21,0.9138282327919539,0,0,0,1,0
qokey,chody,76,23,0.9077693734343066,0,0,1,1,0
qokey,kchy,76,24,0.9067285843486353,0,0,2,1,0
qokey,ykal,76,24,0.8728855538636244,0,0,1,0,0
qokey,lsedy,76,28,0.8993352154153275,0,0,0,1,0
qokey,to,76,24,0.8605126505795097,0,0,3,0,0
qokey,pchdy,76,30,0.9049400757463288,0,0,1,1,0
qokey,qoeedy,76,23,0.9195304624236221,0,1,1,1,0
qokey,otor,76,20,0.906659187945207,0,0,1,0,0
pcheey,chdaiin,22,33,0.8503867747713707,0,0,1,0,0
pcheey,otal,22,97,0.8238984345136214,0,0,1,0,0
pcheey,air,22,59,0.8235317108262399,0,0,2,0,0
pcheey,qokeo,22,20,0.9090972535307602,0,0,0,0,1
pcheey,ytedy,22,23,0.6824451140244627,0,0,0,1,0
pcheey,ain,22,145,0.8798558685847131,0,0,2,0,0
pcheey,qotal,22,46,0.8993889619012269,0,0,0,0,0
pcheey,dair,22,89,0.864556334910511,0,0,1,0,0
pcheey,qokor,22,45,0.8203135907688605,0,0,0,0,0
pcheey,chdy,22,244,0.8779437481722723,0,0,2,1,0
pcheey,olkaiin,22,112,0.8709988670666632,0,0,2,0,0
pcheey,okchy,22,33,0.8600404017798735,0,0,1,1,0
pcheey,olchedy,22,22,0.7639555338931637,0,0,1,1,0
pcheey,okedy,22,121,0.8431908239523929,0,0,0,1,0
pcheey,otchy,22,36,0.8553228572714167,0,0,1,1,0
pcheey,lkaiin,22,102,0.858746085892742,0,0,1,0,0
pcheey,qokchedy,22,58,0.715510302488826,0,0,2,1,0
pcheey,cthdy,22,33,0.8832840910306436,0,0,2,1,0
pcheey,otchey,22,27,0.7057358485943204,0,0,0,2,0
pcheey,oddy,22,26,0.8293466306685252,0,0,1,1,0
pcheey,chy,22,43,0.8124560800366699,0,0,3,1,0
pcheey,char,22,32,0.7760475979659353,0,0,2,0,0
pcheey,cheedy,22,73,0.8488541610146043,0,0,0,1,0
pcheey,qoteey,22,92,0.8484917131145904,0,0,1,3,0
pcheey,tedy,22,38,0.9167777598660747,0,0,1,1,0
pcheey,lkdy,22,26,0.8957816137226322,0,0,1,1,0
pcheey,lkedy,22,20,0.8080528949731454,0,0,0,1,0
pcheey,opchdy,22,23,0.8595737973385036,0,0,0,1,0
pcheey,okor,22,25,0.7594423981452327,0,0,1,0,0
pcheey,lkain,22,63,0.8578459428597373,0,0,0,0,0
pcheey,olkeey,22,94,0.8982450622963841,0,0,1,3,0
pcheey,qokal,22,215,0.862149842490653,0,0,0,0,0
pcheey,chckhey,22,45,0.8850753724108793,0,0,1,2,0
pcheey,otol,22,40,0.7619055769516204,0,0,1,0,0
pcheey,qoty,22,21,0.8828055586286566,0,0,1,1,0
pcheey,kar,22,55,0.8274802223290306,0,0,2,0,0
pcheey,oty,22,68,0.883255401068102,0,0,2,1,0
pcheey,tdy,22,32,0.7948717948717948,0,0,2,1,0
pcheey,ychy,22,21,0.8777995781950844,0,0,2,1,0
pcheey,otey,22,31,0.8247951462200841,0,0,1,2,0
pcheey,qotaiin,22,92,0.8599646836758603,0,0,2,0,0
pcheey,olkain,22,83,0.8614801195531354,0,0,1,0,0
pcheey,okey,22,27,0.8417323032623707,0,0,1,2,0
pcheey,kaiin,22,22,0.844281402124227,0,0,0,0,0
pcheey,ky,22,30,0.9132779157889759,0,0,3,1,0
pcheey,qokchy,22,75,0.8482928174362779,0,0,0,1,0
pcheey,daryeey,22,20,0.7238423518714864,0,0,2,3,0
pcheey,olkedy,22,35,0.8734646362819778,0,0,1,1,0
pcheey,qokol,22,106,0.8010159638123504,0,0,0,0,0
pcheey,shody,22,44,0.7011672189343967,0,0,1,1,0
pcheey,olkar,22,63,0.8795061309446255,0,0,0,0,0
pcheey,qotchy,22,20,0.7674322120313372,0,0,0,1,0
pcheey,taiin,22,49,0.856936544435792,0,0,0,0,0
pcheey,sham,22,21,0.7884165279854435,0,0,2,0,0
pcheey,sar,22,43,0.8614612204987098,0,0,2,0,0
pcheey,lchaiin,22,24,0.786303495933747,0,0,1,0,0
pcheey,qoy,22,22,0.7386804421729302,0,0,2,1,0
pcheey,shes,22,22,0.6136850380907249,0,0,2,0,0
pcheey,okchey,22,32,0.8004224728853675,0,0,0,2,0
pcheey,oleedy,22,26,0.8421221521666078,0,0,1,1,0
pcheey,ody,22,28,0.7621359770525954,0,0,2,1,0
pcheey,ykar,22,21,0.7638558656420618,0,0,1,0,0
pcheey,dleo,22,22,0.6664683818261136,0,0,1,0,0
pcheey,dleeol,22,22,0.7976976078256571,0,0,1,0,0
pcheey,qokeor,22,20,0.8338568236570688,0,0,1,0,0
pcheey,olkchdy,22,21,0.8117028926552617,0,0,1,1,0
pcheey,chal,22,29,0.838141092253547,0,0,2,0,0
pcheey,tchaiin,22,21,0.8841904794614243,0,0,1,0,0
pcheey,qokeody,22,21,0.7496758158482648,0,0,2,1,0
pcheey,ldy,22,21,0.7898934256794545,0,0,2,1,0
pcheey,laiin,22,37,0.7994208710304772,0,0,0,0,0
pcheey,schdy,22,21,0.8662983826418988,0,0,1,1,0
pcheey,sheckhy,22,39,0.8605776460748802,0,0,1,1,0
pcheey,cheeor,22,26,0.8794018298523028,0,0,0,0,0
pcheey,otedal,22,22,0.7287497919255956,0,0,1,0,0
pcheey,lsy,22,22,0.8146195748106922,0,0,2,1,0
pcheey,qoko,22,24,0.5798335076138013,0,0,1,0,0
pcheey,ytody,22,21,0.8497420574308578,0,0,0,1,0
pcheey,chody,22,23,0.8569406877582065,0,0,1,1,0
pcheey,kchy,22,24,0.8745697687990824,0,0,2,1,0
pcheey,ykal,22,24,0.7889214456440181,0,0,1,0,0
pcheey,lsedy,22,28,0.7961730073683416,0,0,0,1,0
pcheey,to,22,24,0.8872234643482249,0,0,3,0,0
pcheey,pchdy,22,30,0.8846076804914181,0,1,1,1,0
pcheey,qoeedy,22,23,0.8000897509781973,0,0,1,1,0
pcheey,otor,22,20,0.8430888544916528,0,0,1,0,0
chdaiin,otal,33,97,0.93332426790076,0,0,2,0,0
chdaiin,air,33,59,0.9209508015571117,0,0,3,0,0
chdaiin,qokeo,33,20,0.8991896736913068,0,0,1,0,0
chdaiin,ytedy,33,23,0.8670476256120873,0,0,1,0,0
chdaiin,ain,33,145,0.9492455827202027,0,0,3,2,0
chdaiin,qotal,33,46,0.9287385445189047,0,0,1,0,0
chdaiin,dair,33,89,0.9404068465604508,0,0,2,0,0
chdaiin,qokor,33,45,0.9152085907225596,0,0,1,0,0
chdaiin,chdy,33,244,0.9523006182541538,0,1,3,0,0
chdaiin,olkaiin,33,112,0.9344066234647385,0,0,1,4,0
chdaiin,okchy,33,33,0.9160163533288739,0,0,2,0,0
chdaiin,olchedy,33,22,0.8950132872553226,0,0,0,0,0
chdaiin,okedy,33,121,0.9453772105112667,0,0,1,0,0
chdaiin,otchy,33,36,0.9240471022816007,0,0,2,0,0
chdaiin,lkaiin,33,102,0.950439019450676,1,0,0,4,0
chdaiin,qokchedy,33,58,0.8862289705930577,0,0,1,0,0
chdaiin,cthdy,33,33,0.9362564402875881,0,0,3,0,0
chdaiin,otchey,33,27,0.8464086005860134,0,0,1,0,0
chdaiin,oddy,33,26,0.8641638959866228,0,0,2,0,0
chdaiin,chy,33,43,0.9395604585788538,0,0,4,0,0
chdaiin,char,33,32,0.8844590130740941,0,0,3,0,0
chdaiin,cheedy,33,73,0.9261030832246033,0,0,1,0,0
chdaiin,qoteey,33,92,0.9357301568022552,0,0,0,0,0
chdaiin,tedy,33,38,0.9158486482972955,0,0,2,0,0
chdaiin,lkdy,33,26,0.8910740222243727,0,0,2,0,0
chdaiin,lkedy,33,20,0.9076482227424517,0,0,1,0,0
chdaiin,opchdy,33,23,0.92372923802732,0,0,1,0,0
chdaiin,okor,33,25,0.8696952333843632,0,0,2,0,0
chdaiin,lkain,33,63,0.9410174668346304,0,0,1,2,0
chdaiin,olkeey,33,94,0.9373184073489085,0,0,0,0,0
chdaiin,qokal,33,215,0.9484667639100053,0,0,1,0,0
chdaiin,chckhey,33,45,0.9256571641086491,0,0,2,0,0
chdaiin,otol,33,40,0.8687763556081044,0,0,2,0,0
chdaiin,qoty,33,21,0.9272129213638463,0,0,2,0,0
chdaiin,kar,33,55,0.9354276873547057,0,0,3,0,0
chdaiin,oty,33,68,0.9213928247254229,0,0,3,0,0
chdaiin,tdy,33,32,0.9018492954586417,0,0,3,0,0
chdaiin,ychy,33,21,0.9270963488591203,0,0,3,0,0
chdaiin,otey,33,31,0.9109308249480356,0,0,2,0,0
chdaiin,qotaiin,33,92,0.9398256413038337,0,0,1,4,0
chdaiin,olkain,33,83,0.9382473025428829,0,0,0,2,0
chdaiin,okey,33,27,0.9234100664715669,0,0,2,0,0
chdaiin,kaiin,33,22,0.9080824392390394,0,0,1,4,0
chdaiin,ky,33,30,0.9258336255634719,0,0,4,0,0
chdaiin,qokchy,33,75,0.9328855157395475,0,0,1,0,0
chdaiin,daryeey,33,20,0.7692830204374927,0,0,1,0,0
chdaiin,olkedy,33,35,0.8947005789876906,0,0,0,0,0
chdaiin,qokol,33,106,0.8794636096602062,0,0,1,0,0
chdaiin,shody,33,44,0.7856433057643242,0,0,2,0,0
chdaiin,olkar,33,63,0.9439510422374088,0,0,1,0,0
chdaiin,qotchy,33,20,0.7482698938894858,0,0,1,0,0
chdaiin,taiin,33,49,0.921377395276349,0,0,1,4,0
chdaiin,sham,33,21,0.8828534686867252,0,0,3,0,0
chdaiin,sar,33,43,0.9340848902492758,0,0,3,0,0
chdaiin,lchaiin,33,24,0.9122426175504534,1,0,0,4,0
chdaiin,qoy,33,22,0.8869433626810748,0,0,3,0,0
chdaiin,shes,33,22,0.7866722165066791,0,0,3,0,0
chdaiin,okchey,33,32,0.9250634469566273,0,0,1,0,0
chdaiin,oleedy,33,26,0.9262502004523677,0,0,0,0,1
chdaiin,ody,33,28,0.8876778045811883,0,0,3,0,0
chdaiin,ykar,33,21,0.8150372471769093,0,0,2,0,0
chdaiin,dleo,33,22,0.8167753384725723,0,0,2,0,0
chdaiin,dleeol,33,22,0.9114757562087958,0,0,0,0,0
chdaiin,qokeor,33,20,0.8660628762176604,0,0,0,0,0
chdaiin,olkchdy,33,21,0.868027777333319,0,0,0,0,0
chdaiin,chal,33,29,0.846580409905709,0,0,3,0,0
chdaiin,tchaiin,33,21,0.9052858748688749,1,0,0,4,0
chdaiin,qokeody,33,21,0.8598902705449876,0,0,1,0,0
chdaiin,ldy,33,21,0.8461713384231441,0,0,3,0,0
chdaiin,laiin,33,37,0.912446513585511,0,0,1,4,0
chdaiin,schdy,33,21,0.9065301193528811,0,0,2,0,0
chdaiin,sheckhy,33,39,0.9355305179377496,0,0,2,0,0
chdaiin,cheeor,33,26,0.8923811327126462,0,0,1,0,1
chdaiin,otedal,33,22,0.8628617769174,0,0,0,0,0
chdaiin,lsy,33,22,0.917766234993996,0,0,3,0,0
chdaiin,qoko,33,24,0.7277974117255667,0,0,2,0,0
chdaiin,ytody,33,21,0.9270963488591203,0,0,1,0,0
chdaiin,chody,33,23,0.9347162904698568,0,0,2,0,0
chdaiin,kchy,33,24,0.9108226070609499,0,0,3,0,0
chdaiin,ykal,33,24,0.8802635093150164,0,0,2,0,0
chdaiin,lsedy,33,28,0.9032689744592105,0,0,1,0,0
chdaiin,to,33,24,0.8696543178876791,0,0,4,0,0
chdaiin,pchdy,33,30,0.9103207270016249,0,0,2,0,0
chdaiin,qoeedy,33,23,0.9239407673846894,0,0,0,0,1
chdaiin,otor,33,20,0.8919864595535858,0,0,2,0,0
otal,air,97,59,0.935061009299006,0,0,1,0,0
otal,qokeo,97,20,0.8994758723856543,0,0,1,0,0
otal,ytedy,97,23,0.887044996889748,0,0,1,0,0
otal,ain,97,145,0.9499247763254868,0,0,1,0,0
otal,qotal,97,46,0.9413302695542689,0,0,1,4,1
otal,dair,97,89,0.9661985205128332,0,0,0,0,0
otal,qokor,97,45,0.9470435514286755,0,0,1,0,0
otal,chdy,97,244,0.9550857257253133,0,0,1,0,0
otal,olkaiin,97,112,0.9487108311367835,0,0,3,0,0
otal,okchy,97,33,0.9410652768177672,0,0,0,0,0
otal,olchedy,97,22,0.9248485430524324,0,0,2,0,0
otal,okedy,97,121,0.9714549215575273,0,0,1,0,0
otal,otchy,97,36,0.93525646182758,0,1,0,0,0
otal,lkaiin,97,102,0.9723399993067835,0,0,2,0,0
otal,qokchedy,97,58,0.9237083469468074,0,0,3,0,0
otal,cthdy,97,33,0.9507087326871567,0,0,1,0,0
otal,otchey,97,27,0.871101220510454,0,1,1,0,0
otal,oddy,97,26,0.8897018281793588,0,0,0,0,0
otal,chy,97,43,0.9524968366161146,0,0,2,0,0
otal,char,97,32,0.8976398650467639,0,0,1,0,0
otal,cheedy,97,73,0.9580952683252519,0,0,1,0,0
otal,qoteey,97,92,0.9538135564726059,0,0,2,0,0
otal,tedy,97,38,0.9112235840838826,0,0,0,0,0
otal,lkdy,97,26,0.8648917238668108,0,0,0,0,0
otal,lkedy,97,20,0.9255666171150351,0,0,1,0,0
otal,opchdy,97,23,0.9412706136834065,0,0,1,0,0
otal,okor,97,25,0.9231345773295654,0,0,0,0,0
otal,lkain,97,63,0.9608981232430587,0,0,1,0,0
otal,olkeey,97,94,0.9456753794122266,0,0,2,0,0
otal,qokal,97,215,0.9776396662296558,0,0,1,2,1
otal,chckhey,97,45,0.939694741458296,0,0,0,0,0
otal,otol,97,40,0.8958077035854435,0,1,0,1,0
otal,qoty,97,21,0.9352666090631634,0,0,0,0,0
otal,kar,97,55,0.9576227108249781,0,0,1,0,0
otal,oty,97,68,0.9331816819944455,0,1,1,0,0
otal,tdy,97,32,0.9415107017453057,0,0,1,0,0
otal,ychy,97,21,0.9278783261577512,0,0,1,0,0
otal,otey,97,31,0.9286885923873318,0,1,0,0,0
otal,qotaiin,97,92,0.9604217592406101,0,0,3,0,0
otal,olkain,97,83,0.9477813222634187,0,0,2,0,0
otal,okey,97,27,0.9421576853050985,0,0,0,0,0
otal,kaiin,97,22,0.9137995355135253,0,0,1,0,0
otal,ky,97,30,0.9069207805684768,0,0,2,0,0
otal,qokchy,97,75,0.9609767153649756,0,0,1,0,0
otal,daryeey,97,20,0.8069874324057008,0,0,3,0,0
otal,olkedy,97,35,0.9092544685012641,0,0,2,0,0
otal,qokol,97,106,0.9129498298167769,0,0,1,1,0
otal,shody,97,44,0.8468177979868521,0,0,0,0,0
otal,olkar,97,63,0.9641933441613479,0,0,1,0,0
otal,qotchy,97,20,0.7453802313250774,0,0,1,0,0
otal,taiin,97,49,0.9239911286082472,0,0,1,0,0
otal,sham,97,21,0.9005610778780712,0,0,1,0,0
otal,sar,97,43,0.9533051565336508,0,0,1,0,0
otal,lchaiin,97,24,0.9520128559363639,0,0,2,0,0
otal,qoy,97,22,0.9134300853474969,0,0,1,0,0
otal,shes,97,22,0.832442664912964,0,0,1,0,0
otal,okchey,97,32,0.9466779343755158,0,0,1,0,0
otal,oleedy,97,26,0.9274448808250768,0,0,2,0,0
otal,ody,97,28,0.9346999945558021,0,0,1,0,0
otal,ykar,97,21,0.816905971243728,0,0,0,0,0
otal,dleo,97,22,0.8487955346803117,0,0,0,0,0
otal,dleeol,97,22,0.9256251943298343,0,0,2,1,0
otal,qokeor,97,20,0.8662941046674151,0,0,2,0,0
otal,olkchdy,97,21,0.8940947868122697,0,0,2,0,0
otal,chal,97,29,0.8234886860903251,0,0,1,2,0
otal,tchaiin,97,21,0.8984841680059568,0,0,2,0,0
otal,qokeody,97,21,0.9142166033318463,0,0,3,0,0
otal,ldy,97,21,0.8789022098925223,0,0,1,0,0
otal,laiin,97,37,0.9386679716361956,0,0,1,0,0
otal,schdy,97,21,0.9218156553015664,0,0,0,0,0
otal,sheckhy,97,39,0.9562531913432952,0,0,0,0,0
otal,cheeor,97,26,0.8692095278194047,0,0,1,0,0
otal,otedal,97,22,0.8911654960073218,0,1,2,2,0
otal,lsy,97,22,0.9444432547917636,0,0,1,0,0
otal,qoko,97,24,0.8098219596873908,0,0,0,0,0
otal,ytody,97,21,0.9307510144740291,0,0,1,0,0
otal,chody,97,23,0.9293237655837087,0,0,0,0,0
otal,kchy,97,24,0.9214767051758921,0,0,1,0,0
otal,ykal,97,24,0.8844555617995888,1,0,0,2,0
otal,lsedy,97,28,0.9142933302552124,0,0,1,0,0
otal,to,97,24,0.8758248525424861,0,0,2,0,0
otal,pchdy,97,30,0.9116615108095182,0,0,0,0,0
otal,qoeedy,97,23,0.9371821639333421,0,0,2,0,0
otal,otor,97,20,0.9204396738764462,0,1,0,0,0
air,qokeo,59,20,0.9049753669280418,0,0,2,0,0
air,ytedy,59,23,0.8803534647284786,0,0,2,0,0
air,ain,59,145,0.9605927122722139,0,1,0,0,1
air,qotal,59,46,0.9173899039883201,0,0,2,0,0
air,dair,59,89,0.9375669041326216,0,0,1,3,0
air,qokor,59,45,0.9226996744015068,0,0,2,1,0
air,chdy,59,244,0.9593503469297957,0,0,0,0,0
air,olkaiin,59,112,0.9287832737081285,0,0,4,0,0
air,okchy,59,33,0.9159313769508429,0,0,1,0,0
air,olchedy,59,22,0.9284220107466108,0,0,3,0,0
air,okedy,59,121,0.9492952873104659,0,0,2,0,0
air,otchy,59,36,0.9196541077011238,0,0,1,0,0
air,lkaiin,59,102,0.9501521251468356,0,0,3,0,0
air,qokchedy,59,58,0.8927095795878164,0,0,4,0,0
air,cthdy,59,33,0.9341553304244015,0,0,0,0,0
air,otchey,59,27,0.8481389778731778,0,0,2,0,0
air,oddy,59,26,0.8593032919913565,0,0,1,0,0
air,chy,59,43,0.9353659028950101,0,0,1,0,0
air,char,59,32,0.8983347087294767,1,0,0,1,0
air,cheedy,59,73,0.9160694464302861,0,0,2,0,0
air,qoteey,59,92,0.9340522300393245,0,0,3,0,0
air,tedy,59,38,0.9068023466394319,0,0,1,0,0
air,lkdy,59,26,0.8623660067664534,0,0,1,0,0
air,lkedy,59,20,0.9264372979788805,0,0,2,0,0
air,opchdy,59,23,0.9256018139478048,0,0,2,0,0
air,okor,59,25,0.8744362025357738,0,0,1,1,0
air,lkain,59,63,0.934846379515269,0,0,2,0,0
air,olkeey,59,94,0.9255810796252382,0,0,3,0,0
air,qokal,59,215,0.9385061671570525,0,0,2,0,0
air,chckhey,59,45,0.9075723789719798,0,0,1,0,0
air,otol,59,40,0.8794028818740466,0,0,1,0,0
air,qoty,59,21,0.9188668065111512,0,0,1,0,0
air,kar,59,55,0.9388636177991204,1,0,0,1,0
air,oty,59,68,0.9221587051861612,0,0,0,0,0
air,tdy,59,32,0.9330956671024662,0,0,0,0,0
air,ychy,59,21,0.9093132359385783,0,0,0,0,0
air,otey,59,31,0.8851723804991198,0,0,1,0,0
air,qotaiin,59,92,0.94671951819549,0,0,4,0,0
air,olkain,59,83,0.9469292127438114,0,0,3,0,0
air,okey,59,27,0.9106806826276082,0,0,1,0,0
air,kaiin,59,22,0.9092566856310387,0,0,2,0,0
air,ky,59,30,0.900502122026171,0,0,1,0,0
air,qokchy,59,75,0.9376642132971851,0,0,2,0,0
air,daryeey,59,20,0.7389723772523007,0,0,4,0,0
air,olkedy,59,35,0.8705745627585507,0,0,3,0,0
air,qokol,59,106,0.8853426723613607,0,0,2,0,0
air,shody,59,44,0.7969685850371403,0,0,1,0,0
air,olkar,59,63,0.9444115370504014,0,0,2,1,0
air,qotchy,59,20,0.7108778323884739,0,0,2,0,0
air,taiin,59,49,0.9114420841575465,0,0,2,0,0
air,sham,59,21,0.8893229306263435,0,0,0,0,0
air,sar,59,43,0.9363786267616302,1,0,0,1,0
air,lchaiin,59,24,0.9389953457668647,0,0,3,0,0
air,qoy,59,22,0.8893962891258685,0,0,0,0,0
air,shes,59,22,0.8048400440094142,0,0,0,0,0
air,okchey,59,32,0.9341217054752516,0,0,2,0,0
air,oleedy,59,26,0.900283402091604,0,0,3,0,0
air,ody,59,28,0.922568647659104,0,0,0,0,0
air,ykar,59,21,0.815316896266345,0,0,1,1,0
air,dleo,59,22,0.8035209860324224,0,0,1,0,0
air,dleeol,59,22,0.8889799420075628,0,0,3,0,0
air,qokeor,59,20,0.8582262478381059,0,0,3,1,0
air,olkchdy,59,21,0.8476511888707058,0,0,3,0,0
air,chal,59,29,0.8130431484677972,0,0,0,0,0
air,tchaiin,59,21,0.8962231873639408,0,0,3,0,0
air,qokeody,59,21,0.8925772246575595,0,0,4,0,0
air,ldy,59,21,0.8692017722395575,0,0,0,0,0
air,laiin,59,37,0.9184185612410968,0,0,2,0,0
air,schdy,59,21,0.9123630435221561,0,0,1,0,0
air,sheckhy,59,39,0.9408479711928439,0,0,1,0,0
air,cheeor,59,26,0.8419127761197821,0,0,2,1,0
air,otedal,59,22,0.900764553952187,0,0,3,0,0
air,lsy,59,22,0.9261201807115872,0,0,0,0,0
air,qoko,59,24,0.7899311336385065,0,0,1,0,0
air,ytody,59,21,0.9211444490455858,0,0,2,0,0
air,chody,59,23,0.9236223156935336,0,0,1,0,0
air,kchy,59,24,0.8918450674549595,0,0,0,0,0
air,ykal,59,24,0.8902177068705517,0,0,1,0,0
air,lsedy,59,28,0.9164074861934551,0,0,2,0,0
air,to,59,24,0.8594212808419537,0,0,1,0,0
air,pchdy,59,30,0.909403433297098,0,0,1,0,0
air,qoeedy,59,23,0.9289083171252008,0,0,3,0,0
air,otor,59,20,0.8964234946904619,0,0,1,1,0
qokeo,ytedy,20,23,0.793738812516709,0,0,0,0,0
qokeo,ain,20,145,0.9432773522140887,0,0,2,0,0
qokeo,qotal,20,46,0.9343288178689617,0,1,0,0,0
qokeo,dair,20,89,0.924253431881645,0,0,1,0,0
qokeo,qokor,20,45,0.8877229847604,0,1,0,0,0
qokeo,chdy,20,244,0.9443091835751605,0,0,2,0,0
qokeo,olkaiin,20,112,0.9177568627746706,0,0,2,0,0
qokeo,okchy,20,33,0.9095446096714059,0,0,1,0,0
qokeo,olchedy,20,22,0.8504726161054643,0,0,1,0,0
qokeo,okedy,20,121,0.9137452325489052,0,0,0,0,0
qokeo,otchy,20,36,0.9061318054181315,0,0,1,0,0
qokeo,lkaiin,20,102,0.9298114758939264,0,0,1,0,0
qokeo,qokchedy,20,58,0.8114943980954821,0,1,2,0,0
qokeo,cthdy,20,33,0.9364090241896857,0,0,2,0,0
qokeo,otchey,20,27,0.7921639902328782,0,0,0,0,0
qokeo,oddy,20,26,0.8746488413727089,0,0,1,0,0
qokeo,chy,20,43,0.8945595320809094,0,0,3,0,0
qokeo,char,20,32,0.8615141090216528,0,0,2,0,0
qokeo,cheedy,20,73,0.9016326868189366,0,0,0,0,0
qokeo,qoteey,20,92,0.9085936448440551,0,1,1,0,0
qokeo,tedy,20,38,0.9345016323384333,0,0,1,0,0
qokeo,lkdy,20,26,0.9029652816195354,0,0,1,0,0
qokeo,lkedy,20,20,0.8867402797509082,0,0,0,0,0
qokeo,opchdy,20,23,0.9137965540436461,0,0,0,0,0
qokeo,okor,20,25,0.8370737700428132,0,0,1,0,0
qokeo,lkain,20,63,0.9173335031755829,0,0,0,0,0
qokeo,olkeey,20,94,0.9356593949232167,0,0,1,0,0
qokeo,qokal,20,215,0.9255033953621362,0,1,0,0,0
qokeo,chckhey,20,45,0.9237303117137889,0,0,1,0,0
qokeo,otol,20,40,0.8436495656541404,0,0,1,0,0
qokeo,qoty,20,21,0.9371272474994338,0,1,1,0,0
qokeo,kar,20,55,0.9009865200667435,0,0,2,0,0
qokeo,oty,20,68,0.9221951651416218,0,0,2,0,0
qokeo,tdy,20,32,0.8841904794614243,0,0,2,0,0
qokeo,ychy,20,21,0.9149580943049921,0,0,2,0,0
qokeo,otey,20,31,0.8734136905847142,0,0,1,0,0
qokeo,qotaiin,20,92,0.9249090354421108,0,1,2,0,0
qokeo,olkain,20,83,0.9261047874434225,0,0,1,0,0
qokeo,okey,20,27,0.8958082444730425,0,0,1,0,0
qokeo,kaiin,20,22,0.9125108847574144,0,0,0,0,0
qokeo,ky,20,30,0.9334678365983128,0,0,3,0,0
qokeo,qokchy,20,75,0.9144248961882826,0,1,0,0,0
qokeo,daryeey,20,20,0.7339528958435295,0,0,2,0,0
qokeo,olkedy,20,35,0.8963273173765794,0,0,1,0,0
qokeo,qokol,20,106,0.8649420613190605,0,1,0,0,0
qokeo,shody,20,44,0.7635735206651313,0,0,1,0,0
qokeo,olkar,20,63,0.9351537186308346,0,0,0,0,0
qokeo,qotchy,20,20,0.7698973538621048,0,1,0,0,0
qokeo,taiin,20,49,0.9197248845359378,0,0,0,0,0
qokeo,sham,20,21,0.8519965339375755,0,0,2,0,0
qokeo,sar,20,43,0.9191711236505278,0,0,2,0,0
qokeo,lchaiin,20,24,0.8798826901281197,0,0,1,0,0
qokeo,qoy,20,22,0.8438848126734667,0,1,2,0,0
qokeo,shes,20,22,0.7123029266900227,0,0,2,0,0
qokeo,okchey,20,32,0.8760582828110698,0,0,0,0,0
qokeo,oleedy,20,26,0.8960743879588124,0,0,1,0,0
qokeo,ody,20,28,0.8583785304464712,0,0,2,0,0
qokeo,ykar,20,21,0.8115430675802945,0,0,1,0,0
qokeo,dleo,20,22,0.7522414129335241,0,0,1,2,0
qokeo,dleeol,20,22,0.8657817389532284,0,0,1,0,0
qokeo,qokeor,20,20,0.8739243404549494,0,1,1,0,0
qokeo,olkchdy,20,21,0.8519591852929447,0,0,1,0,0
qokeo,chal,20,29,0.8485405340160025,0,0,2,0,0
qokeo,tchaiin,20,21,0.9112903225806451,0,0,1,0,0
qokeo,qokeody,20,21,0.8424369842843039,0,1,2,0,0
qokeo,ldy,20,21,0.8513590289647105,0,0,2,0,0
qokeo,laiin,20,37,0.879537729042883,0,0,0,0,0
qokeo,schdy,20,21,0.9227947256915515,0,0,1,0,0
qokeo,sheckhy,20,39,0.9297220585130804,0,0,1,0,0
qokeo,cheeor,20,26,0.8835488680036535,0,0,0,0,0
qokeo,otedal,20,22,0.814063667962401,0,0,1,0,0
qokeo,lsy,20,22,0.8921432595556246,0,0,2,0,0
qokeo,qoko,20,24,0.6932055442544401,0,1,1,1,0
qokeo,ytody,20,21,0.8993843395083114,0,0,0,0,0
qokeo,chody,20,23,0.9152962507133721,0,0,1,0,0
qokeo,kchy,20,24,0.9172170490688882,0,0,2,0,0
qokeo,ykal,20,24,0.85195350815561,0,0,1,0,0
qokeo,lsedy,20,28,0.8729499920962619,0,0,0,0,0
qokeo,to,20,24,0.9024688506763191,0,0,3,1,0
qokeo,pchdy,20,30,0.9157250247793172,0,0,1,0,0
qokeo,qoeedy,20,23,0.8833130450094525,0,1,1,0,0
qokeo,otor,20,20,0.8849903793059108,0,0,1,0,0
ytedy,ain,23,145,0.876814062933823,0,0,2,0,0
ytedy,qotal,23,46,0.8116225500397726,0,0,0,0,0
ytedy,dair,23,89,0.8652021690502354,0,0,1,0,0
ytedy,qokor,23,45,0.8806529311741963,0,0,0,0,0
ytedy,chdy,23,244,0.8839598398480344,0,0,2,2,0
ytedy,olkaiin,23,112,0.8457998841455321,0,0,2,0,0
ytedy,okchy,23,33,0.8357194738386408,0,0,1,1,0
ytedy,olchedy,23,22,0.8837799577174059,0,0,1,3,1
ytedy,okedy,23,121,0.8913346944254041,1,0,0,3,0
ytedy,otchy,23,36,0.8334517408016394,0,0,1,1,0
ytedy,lkaiin,23,102,0.88116138286208,0,0,1,0,0
ytedy,qokchedy,23,58,0.8776946196552243,0,0,2,3,0
ytedy,cthdy,23,33,0.8481572597654142,0,0,2,2,0
ytedy,otchey,23,27,0.811476407266004,0,0,0,1,0
ytedy,oddy,23,26,0.7924833661917935,0,0,1,2,0
ytedy,chy,23,43,0.890784396428728,0,0,3,1,0
ytedy,char,23,32,0.8877234687851107,0,0,2,0,0
ytedy,cheedy,23,73,0.841191170586756,1,0,0,3,0
ytedy,qoteey,23,92,0.8756531990519457,0,0,1,1,0
ytedy,tedy,23,38,0.8014546353976217,0,0,1,4,0
ytedy,lkdy,23,26,0.7386855497698634,0,0,1,2,0
ytedy,lkedy,23,20,0.8673010347657037,1,0,0,3,0
ytedy,opchdy,23,23,0.8488117060586916,0,0,0,2,0
ytedy,okor,23,25,0.8268134335652642,0,0,1,0,0
ytedy,lkain,23,63,0.8667754187633191,0,0,0,0,0
ytedy,olkeey,23,94,0.838472995324403,0,0,1,1,0
ytedy,qokal,23,215,0.8703584846215928,0,0,0,0,0
ytedy,chckhey,23,45,0.8098830785752733,0,0,1,1,0
ytedy,otol,23,40,0.8359782086401728,0,0,1,0,0
ytedy,qoty,23,21,0.8257320974093155,0,0,1,1,0
ytedy,kar,23,55,0.8895735094658211,0,0,2,0,0
ytedy,oty,23,68,0.8237449811060908,0,0,2,1,0
ytedy,tdy,23,32,0.9051377301798137,0,0,2,2,0
ytedy,ychy,23,21,0.8253674214176596,0,0,2,1,0
ytedy,otey,23,31,0.8274698706556644,0,0,1,1,0
ytedy,qotaiin,23,92,0.8771590088659394,0,0,2,0,0
ytedy,olkain,23,83,0.8678248141305775,0,0,1,0,0
ytedy,okey,23,27,0.8244344454931459,0,0,1,1,0
ytedy,kaiin,23,22,0.8495281709322812,0,0,0,0,0
ytedy,ky,23,30,0.7780983622547615,0,0,3,1,0
ytedy,qokchy,23,75,0.8760696255075431,0,0,0,1,0
ytedy,daryeey,23,20,0.6604110503534737,0,0,2,1,0
ytedy,olkedy,23,35,0.7795858226960598,0,0,1,3,0
ytedy,qokol,23,106,0.8275598552044205,0,0,0,0,0
ytedy,shody,23,44,0.7646893010346059,0,0,1,2,0
ytedy,olkar,23,63,0.8712569056427635,0,0,0,0,0
ytedy,qotchy,23,20,0.6080062157172438,0,0,0,1,0
ytedy,taiin,23,49,0.8460435989112637,0,0,0,0,0
ytedy,sham,23,21,0.8334923376035983,0,0,2,0,0
ytedy,sar,23,43,0.8558177507614353,0,0,2,0,0
ytedy,lchaiin,23,24,0.9054005603615478,0,0,1,0,0
ytedy,qoy,23,22,0.8834420140916126,0,0,2,1,0
ytedy,shes,23,22,0.8086586593382064,0,0,2,0,0
ytedy,okchey,23,32,0.8764610943677877,0,0,0,1,0
ytedy,oleedy,23,26,0.8260009854911464,0,0,1,3,0
ytedy,ody,23,28,0.8938903330821201,0,0,2,2,0
ytedy,ykar,23,21,0.7523547938632787,0,0,1,0,0
ytedy,dleo,23,22,0.7988150142302882,0,0,1,0,0
ytedy,dleeol,23,22,0.8337902798683754,0,0,1,0,0
ytedy,qokeor,23,20,0.7838388874898485,0,0,1,0,0
ytedy,olkchdy,23,21,0.7726531722113757,0,0,1,2,0
ytedy,chal,23,29,0.6903892170269955,0,0,2,0,0
ytedy,tchaiin,23,21,0.7981000147832842,0,0,1,0,0
ytedy,qokeody,23,21,0.8545355926324448,0,0,2,2,0
ytedy,ldy,23,21,0.8128149428375918,0,0,2,2,0
ytedy,laiin,23,37,0.8827274454952784,0,0,0,0,0
ytedy,schdy,23,21,0.8397896611145791,0,0,1,2,0
ytedy,sheckhy,23,39,0.8644348542227449,0,0,1,1,0
ytedy,cheeor,23,26,0.7335727167892834,0,0,0,0,0
ytedy,otedal,23,22,0.8613327578828994,0,0,1,0,0
ytedy,lsy,23,22,0.8726257162521636,0,0,2,1,0
ytedy,qoko,23,24,0.78099581095797,0,0,1,0,0
ytedy,ytody,23,21,0.8506337710528941,0,1,0,2,0
ytedy,chody,23,23,0.8442715572797759,0,0,1,2,0
ytedy,kchy,23,24,0.8053476924039562,0,0,2,1,0
ytedy,ykal,23,24,0.8334762598987157,0,0,1,0,0
ytedy,lsedy,23,28,0.8580042277101744,1,0,0,3,1
ytedy,to,23,24,0.7694407889793264,0,0,3,0,0
ytedy,pchdy,23,30,0.8174424439082076,0,0,1,2,0
ytedy,qoeedy,23,23,0.8702032691883037,0,0,1,3,0
ytedy,otor,23,20,0.8095605251194256,0,0,1,0,0
ain,qotal,145,46,0.9497373780425781,0,0,2,0,0
ain,dair,145,89,0.9667228718589231,0,0,1,0,0
ain,qokor,145,45,0.9344649054425633,0,0,2,0,0
ain,chdy,145,244,0.9835090303384952,0,0,0,0,0
ain,olkaiin,145,112,0.9515161459472723,0,0,4,2,0
ain,okchy,145,33,0.9459579272425732,0,0,1,0,0
ain,olchedy,145,22,0.925039638597791,0,0,3,0,0
ain,okedy,145,121,0.9662920850302439,0,0,2,0,0
ain,otchy,145,36,0.9475873212566129,0,0,1,0,0
ain,lkaiin,145,102,0.9720699518069453,0,0,3,2,0
ain,qokchedy,145,58,0.8899226575546495,0,0,4,0,0
ain,cthdy,145,33,0.9630775210132277,0,0,0,0,0
ain,otchey,145,27,0.8549689600280909,0,0,2,0,0
ain,oddy,145,26,0.888665045823972,0,0,1,0,0
ain,chy,145,43,0.9483294598807045,0,0,1,0,0
ain,char,145,32,0.9106644570833098,0,0,0,0,0
ain,cheedy,145,73,0.9409543241565949,0,0,2,0,0
ain,qoteey,145,92,0.9599027233224874,0,0,3,0,0
ain,tedy,145,38,0.9453526707053239,0,0,1,0,0
ain,lkdy,145,26,0.9060295889331856,0,0,1,0,0
ain,lkedy,145,20,0.9351970640900042,0,0,2,0,0
ain,opchdy,145,23,0.9520588840183314,0,0,2,0,0
ain,okor,145,25,0.8873060935922098,0,0,1,0,0
ain,lkain,145,63,0.960886906023426,0,0,2,3,0
ain,olkeey,145,94,0.9615935569863593,0,0,3,0,0
ain,qokal,145,215,0.9638127798426477,0,0,2,0,0
ain,chckhey,145,45,0.9425436284291636,0,0,1,0,0
ain,otol,145,40,0.8918862990499034,0,0,1,0,0
ain,qoty,145,21,0.9559862396696904,0,0,1,0,0
ain,kar,145,55,0.9545970630381659,0,0,0,0,0
ain,oty,145,68,0.9493069362063967,0,0,0,0,0
ain,tdy,145,32,0.934187982128654,0,0,0,0,0
ain,ychy,145,21,0.9418602548505153,0,0,0,0,0
ain,otey,145,31,0.911374896242526,0,0,1,0,0
ain,qotaiin,145,92,0.9655385797712466,0,0,4,2,0
ain,olkain,145,83,0.9654224078106541,0,0,3,3,0
ain,okey,145,27,0.9322567831642716,0,0,1,0,0
ain,kaiin,145,22,0.9420696402044589,0,0,2,2,0
ain,ky,145,30,0.9412274890682544,0,0,1,0,0
ain,qokchy,145,75,0.9611725176001041,0,0,2,0,0
ain,daryeey,145,20,0.7650864637118359,0,0,4,0,0
ain,olkedy,145,35,0.9114296484531563,0,0,3,0,0
ain,qokol,145,106,0.9030542306442847,0,0,2,0,0
ain,shody,145,44,0.8079761401361151,0,0,1,0,0
ain,olkar,145,63,0.9674131824461754,0,0,2,0,0
ain,qotchy,145,20,0.7559798050964257,0,0,2,0,0
ain,taiin,145,49,0.944321672293777,0,0,2,2,0
ain,sham,145,21,0.9054370752231207,0,0,0,0,0
ain,sar,145,43,0.954270553871832,0,0,0,0,0
ain,lchaiin,145,24,0.9404985601561454,0,0,3,2,0
ain,qoy,145,22,0.8992020788220892,0,0,0,0,0
ain,shes,145,22,0.7820966993051711,0,0,0,0,0
ain,okchey,145,32,0.9408179072561303,0,0,2,0,0
ain,oleedy,145,26,0.9338156799480691,0,0,3,0,0
ain,ody,145,28,0.920501719618686,0,0,0,0,0
ain,ykar,145,21,0.8436365273606117,0,0,1,0,0
ain,dleo,145,22,0.8134262226266082,0,0,1,0,0
ain,dleeol,145,22,0.9228854050945032,0,0,3,0,0
ain,qokeor,145,20,0.8900443920580029,0,0,3,0,0
ain,olkchdy,145,21,0.8855648052742575,0,0,3,0,0
ain,chal,145,29,0.8431274591987687,0,0,0,0,0
ain,tchaiin,145,21,0.933431033297449,0,0,3,2,0
ain,qokeody,145,21,0.8949122699596619,0,0,4,0,0
ain,ldy,145,21,0.8931667565109107,0,0,0,0,0
ain,laiin,145,37,0.9390683303134986,0,0,2,2,0
ain,schdy,145,21,0.9443599043545434,0,0,1,0,0
ain,sheckhy,145,39,0.9628759541793791,0,0,1,0,0
ain,cheeor,145,26,0.8952392428773462,0,0,2,0,0
ain,otedal,145,22,0.8880510783822144,0,0,3,0,0
ain,lsy,145,22,0.9389707226857551,0,0,0,0,0
ain,qoko,145,24,0.7570263247064145,0,0,1,0,0
ain,ytody,145,21,0.9481984799840988,0,0,2,0,0
ain,chody,145,23,0.9530590989709588,0,0,1,0,0
ain,kchy,145,24,0.9295060704490593,0,0,0,0,0
ain,ykal,145,24,0.90323787573616,0,0,1,0,0
ain,lsedy,145,28,0.9245234822592855,0,0,2,0,0
ain,to,145,24,0.9006824315532822,0,0,1,0,0
ain,pchdy,145,30,0.9403860479239917,0,0,1,0,0
ain,qoeedy,145,23,0.9430389204076675,0,0,3,0,0
ain,otor,145,20,0.9203263060687225,0,0,1,0,0
qotal,dair,46,89,0.9496344275457785,0,0,1,0,0
qotal,qokor,46,45,0.9271611124586863,0,1,0,0,0
qotal,chdy,46,244,0.95274488008551,0,0,2,0,0
qotal,olkaiin,46,112,0.9523503690957137,0,0,2,0,0
qotal,okchy,46,33,0.9285798296906134,0,0,1,0,0
qotal,olchedy,46,22,0.8804381870954919,0,0,1,0,0
qotal,okedy,46,121,0.9413949741421709,0,0,0,0,0
qotal,otchy,46,36,0.9342477144453224,0,0,1,0,0
qotal,lkaiin,46,102,0.955088471727088,0,0,1,0,0
qotal,qokchedy,46,58,0.8578681405203818,0,1,2,0,0
qotal,cthdy,46,33,0.962605554944614,0,0,2,0,0
qotal,otchey,46,27,0.8286246591459691,0,0,0,0,0
qotal,oddy,46,26,0.8853950868979357,0,0,1,0,0
qotal,chy,46,43,0.9327905695928005,0,0,3,0,0
qotal,char,46,32,0.8629224196665034,0,0,2,0,0
qotal,cheedy,46,73,0.9455859973248237,0,0,0,0,0
qotal,qoteey,46,92,0.9362830231626447,0,1,1,0,0
qotal,tedy,46,38,0.9528015440552049,0,0,1,0,0
qotal,lkdy,46,26,0.9225858371580367,0,0,1,0,0
qotal,lkedy,46,20,0.9115044017714372,0,0,0,0,0
qotal,opchdy,46,23,0.9316910078224413,0,0,0,0,0
qotal,okor,46,25,0.8682337705720922,0,0,1,0,0
qotal,lkain,46,63,0.9485564008879745,0,0,0,0,0
qotal,olkeey,46,94,0.9668676224324485,0,0,1,0,0
qotal,qokal,46,215,0.9651613520629447,0,1,0,2,1
qotal,chckhey,46,45,0.9506914214397951,0,0,1,0,0
qotal,otol,46,40,0.8641011767140898,0,0,1,1,0
qotal,qoty,46,21,0.9489740982242333,0,1,1,0,0
qotal,kar,46,55,0.9233947999462416,0,0,2,0,0
qotal,oty,46,68,0.9514974130889837,0,0,2,0,0
qotal,tdy,46,32,0.9077201438641015,0,0,2,0,0
qotal,ychy,46,21,0.9430084298797343,0,0,2,0,0
qotal,otey,46,31,0.9076087943470296,0,0,1,0,0
qotal,qotaiin,46,92,0.9494472269482479,0,1,2,0,0
qotal,olkain,46,83,0.939688145141598,0,0,1,0,0
qotal,okey,46,27,0.9331032836196652,0,0,1,0,0
qotal,kaiin,46,22,0.9132312492718719,0,0,0,0,0
qotal,ky,46,30,0.9643001026317866,0,0,3,0,0
qotal,qokchy,46,75,0.9451459181866971,0,1,0,0,0
qotal,daryeey,46,20,0.7820846023204777,0,0,2,0,0
qotal,olkedy,46,35,0.9317205287882487,0,0,1,0,0
qotal,qokol,46,106,0.8872601599017006,0,1,0,1,0
qotal,shody,46,44,0.7933227775959472,0,0,1,0,0
qotal,olkar,46,63,0.9573553521444932,0,0,0,0,0
qotal,qotchy,46,20,0.7915317401406038,0,1,0,0,0
qotal,taiin,46,49,0.9373366058464487,0,0,0,0,0
qotal,sham,46,21,0.8842204635999623,0,0,2,0,0
qotal,sar,46,43,0.944325244911065,0,0,2,0,0
qotal,lchaiin,46,24,0.896047374842268,0,0,1,0,0
qotal,qoy,46,22,0.8562934219726275,0,1,2,0,0
qotal,shes,46,22,0.7465834166809736,0,0,2,0,0
qotal,okchey,46,32,0.8990901316296339,0,0,0,0,0
qotal,oleedy,46,26,0.9320180889450619,0,0,1,0,0
qotal,ody,46,28,0.8718486546442427,0,0,2,0,0
qotal,ykar,46,21,0.8275906717155012,0,0,1,0,0
qotal,dleo,46,22,0.7860547694670843,0,0,1,0,0
qotal,dleeol,46,22,0.908829793508957,0,0,1,1,0
qotal,qokeor,46,20,0.877455098913727,0,1,1,0,0
qotal,olkchdy,46,21,0.9075456326361379,0,0,1,0,0
qotal,chal,46,29,0.8908985075548979,0,0,2,2,0
qotal,tchaiin,46,21,0.9361680478253966,0,0,1,0,0
qotal,qokeody,46,21,0.8748969797260996,0,1,2,0,0
qotal,ldy,46,21,0.8557633058903469,0,0,2,0,0
qotal,laiin,46,37,0.9132026408138716,0,0,0,0,0
qotal,schdy,46,21,0.9252679194978063,0,0,1,0,0
qotal,sheckhy,46,39,0.9504448044099396,0,0,1,0,0
qotal,cheeor,46,26,0.9214098355298719,0,0,0,0,0
qotal,otedal,46,22,0.8374836917777052,0,0,1,2,0
qotal,lsy,46,22,0.9164826232273867,0,0,2,0,0
qotal,qoko,46,24,0.7048428207694819,0,1,1,0,0
qotal,ytody,46,21,0.9270252361529592,0,0,0,0,0
qotal,chody,46,23,0.9421167085968966,0,0,1,0,0
qotal,kchy,46,24,0.9432607226417224,0,0,2,0,0
qotal,ykal,46,24,0.8787453616470641,0,0,1,2,0
qotal,lsedy,46,28,0.8796247933180606,0,0,0,0,0
qotal,to,46,24,0.9122882092042499,0,0,3,0,0
qotal,pchdy,46,30,0.9383692837852685,0,0,1,0,0
qotal,qoeedy,46,23,0.913563031753035,0,1,1,0,0
qotal,otor,46,20,0.9298463611219265,0,0,1,0,0
dair,qokor,89,45,0.9466989815679849,0,0,1,1,0
dair,chdy,89,244,0.9693450206668642,0,0,1,0,0
dair,olkaiin,89,112,0.9588565711703114,0,0,3,0,0
dair,okchy,89,33,0.9521371544363249,0,0,0,0,0
dair,olchedy,89,22,0.9241976624329802,0,0,2,0,0
dair,okedy,89,121,0.9790551897586898,0,0,1,0,0
dair,otchy,89,36,0.9528012884818837,0,0,0,0,0
dair,lkaiin,89,102,0.979806452047907,0,0,2,0,0
dair,qokchedy,89,58,0.9094752817728462,0,0,3,0,0
dair,cthdy,89,33,0.9661473230017837,0,0,1,0,0
dair,otchey,89,27,0.8639977098534953,0,0,1,0,0
dair,oddy,89,26,0.903684329630901,0,0,0,0,0
dair,chy,89,43,0.947339306759561,0,0,2,0,0
dair,char,89,32,0.9048098017582696,0,0,1,1,0
dair,cheedy,89,73,0.9624425062721882,0,0,1,0,0
dair,qoteey,89,92,0.9722550270117416,0,0,2,0,0
dair,tedy,89,38,0.935563685826296,0,0,0,0,0
dair,lkdy,89,26,0.8878552824918703,0,0,0,0,0
dair,lkedy,89,20,0.9375610105841647,0,0,1,0,0
dair,opchdy,89,23,0.9554831688211446,0,0,1,0,0
dair,okor,89,25,0.8968061392879102,0,0,0,1,0
dair,lkain,89,63,0.9746968566351157,0,0,1,0,0
dair,olkeey,89,94,0.967237297770261,0,0,2,0,0
dair,qokal,89,215,0.9727020157314923,0,0,1,0,0
dair,chckhey,89,45,0.957396394191627,0,0,0,0,0
dair,otol,89,40,0.892236752499049,0,0,0,0,0
dair,qoty,89,21,0.9477150152080283,0,0,0,0,0
dair,kar,89,55,0.9589844046467622,0,0,1,1,0
dair,oty,89,68,0.9483528292510098,0,0,1,0,0
dair,tdy,89,32,0.9395822405841011,0,0,1,0,0
dair,ychy,89,21,0.9309167507912979,0,0,1,0,0
dair,otey,89,31,0.9357639226263315,0,0,0,0,0
dair,qotaiin,89,92,0.972147680630951,0,0,3,0,0
dair,olkain,89,83,0.9567299461750336,0,0,2,0,0
dair,okey,89,27,0.9513447778265903,0,0,0,0,0
dair,kaiin,89,22,0.924216409406266,0,0,1,0,0
dair,ky,89,30,0.9316766811195972,0,0,2,0,0
dair,qokchy,89,75,0.9710741725342896,0,0,1,0,0
dair,daryeey,89,20,0.8084631285974644,0,1,3,0,0
dair,olkedy,89,35,0.9194800765983421,0,0,2,0,0
dair,qokol,89,106,0.9046660543058436,0,0,1,0,0
dair,shody,89,44,0.8230449337680426,0,0,0,0,0
dair,olkar,89,63,0.971141891012297,0,0,1,1,0
dair,qotchy,89,20,0.7808109716254945,0,0,1,0,0
dair,taiin,89,49,0.9405392941916777,0,0,1,0,0
dair,sham,89,21,0.9101500184877849,0,0,1,0,0
dair,sar,89,43,0.9586080938263546,0,0,1,1,0
dair,lchaiin,89,24,0.9397052853724874,0,0,2,0,0
dair,qoy,89,22,0.8973917429446523,0,0,1,0,0
dair,shes,89,22,0.7977226661250658,0,0,1,0,0
dair,okchey,89,32,0.9554500083816341,0,0,1,0,0
dair,oleedy,89,26,0.940157026161927,0,0,2,0,0
dair,ody,89,28,0.9191614048094461,0,0,1,0,0
dair,ykar,89,21,0.8403264712207575,0,0,0,1,0
dair,dleo,89,22,0.8454410050893412,0,0,0,0,0
dair,dleeol,89,22,0.9350054970181059,0,0,2,0,0
dair,qokeor,89,20,0.877832838578027,0,0,2,1,0
dair,olkchdy,89,21,0.9053387727171215,0,0,2,0,0
dair,chal,89,29,0.8599264485047564,0,0,1,0,0
dair,tchaiin,89,21,0.926151282871135,0,0,2,0,0
dair,qokeody,89,21,0.9061424491400326,0,0,3,0,0
dair,ldy,89,21,0.8904591971820512,0,0,1,0,0
dair,laiin,89,37,0.9429303552150343,0,0,1,0,0
dair,schdy,89,21,0.9461485623534529,0,0,0,0,0
dair,sheckhy,89,39,0.9562674801478697,0,0,0,0,0
dair,cheeor,89,26,0.8886577909107838,0,0,1,1,0
dair,otedal,89,22,0.8922882357263681,0,0,2,0,0
dair,lsy,89,22,0.9329136642342137,0,0,1,0,0
dair,qoko,89,24,0.765825859814247,0,0,0,0,0
dair,ytody,89,21,0.9510743969698495,0,0,1,0,0
dair,chody,89,23,0.9363799034801091,0,0,0,0,0
dair,kchy,89,24,0.9414648285448927,0,0,1,0,0
dair,ykal,89,24,0.8916407031135242,0,0,0,0,0
dair,lsedy,89,28,0.9240642258118722,0,0,1,0,0
dair,to,89,24,0.8935316048919364,0,0,2,0,0
dair,pchdy,89,30,0.9239965632548917,0,0,0,0,0
dair,qoeedy,89,23,0.9378463972571961,0,0,2,0,0
dair,otor,89,20,0.928398216663012,0,0,0,1,0
qokor,chdy,45,244,0.943536463345069,0,0,2,0,0
qokor,olkaiin,45,112,0.9358707467572368,0,0,2,0,0
qokor,okchy,45,33,0.9176399266005026,0,0,1,0,0
qokor,olchedy,45,22,0.915824178634933,0,0,1,0,0
qokor,okedy,45,121,0.9517806229688321,0,0,0,0,0
qokor,otchy,45,36,0.9173933842803401,0,0,1,0,0
qokor,lkaiin,45,102,0.9557181255747424,0,0,1,0,0
qokor,qokchedy,45,58,0.8965938341170754,0,1,2,0,0
qokor,cthdy,45,33,0.9381059035630006,0,0,2,0,0
qokor,otchey,45,27,0.8585509627326975,0,0,0,0,0
qokor,oddy,45,26,0.8831949467262492,0,0,1,0,0
qokor,chy,45,43,0.9437424085106885,0,0,3,0,0
qokor,char,45,32,0.882275504207632,0,0,2,1,0
qokor,cheedy,45,73,0.9408484464029583,0,0,0,0,0
qokor,qoteey,45,92,0.9405660288934021,0,1,1,0,0
qokor,tedy,45,38,0.9048881107772315,0,0,1,0,0
qokor,lkdy,45,26,0.8472997809710854,0,0,1,0,0
qokor,lkedy,45,20,0.9096496013831814,0,0,0,0,0
qokor,opchdy,45,23,0.9333093681911507,0,0,0,0,0
qokor,okor,45,25,0.9111554291523382,0,0,1,4,1
qokor,lkain,45,63,0.9460152348248507,0,0,0,0,0
qokor,olkeey,45,94,0.9402552929553925,0,0,1,0,0
qokor,qokal,45,215,0.9551399154829748,0,1,0,0,0
qokor,chckhey,45,45,0.9198848161948627,0,0,1,0,0
qokor,otol,45,40,0.8626052044027928,0,0,1,0,0
qokor,qoty,45,21,0.9284724962542016,0,1,1,0,0
qokor,kar,45,55,0.9324403408672487,0,0,2,1,0
qokor,oty,45,68,0.9220559326777747,0,0,2,0,0
qokor,tdy,45,32,0.9557051542938181,0,0,2,0,0
qokor,ychy,45,21,0.9094498642678323,0,0,2,0,0
qokor,otey,45,31,0.9071462339021286,0,0,1,0,0
qokor,qotaiin,45,92,0.9507572601730303,0,1,2,0,0
qokor,olkain,45,83,0.9275539300108293,0,0,1,0,0
qokor,okey,45,27,0.9233924135805215,0,0,1,0,0
qokor,kaiin,45,22,0.8975164904913546,0,0,0,0,0
qokor,ky,45,30,0.8975761484625719,0,0,3,0,0
qokor,qokchy,45,75,0.9566031687589047,0,1,0,0,0
qokor,daryeey,45,20,0.7632334449040937,0,0,2,0,0
qokor,olkedy,45,35,0.8993781010539477,0,0,1,0,0
qokor,qokol,45,106,0.8860136695971959,0,1,0,0,0
qokor,shody,45,44,0.8003050676404809,0,0,1,0,0
qokor,olkar,45,63,0.9585749957616165,0,0,0,1,0
qokor,qotchy,45,20,0.7502719450168853,0,1,0,0,0
qokor,taiin,45,49,0.9384206791370803,0,0,0,0,0
qokor,sham,45,21,0.8747002715327098,0,0,2,0,0
qokor,sar,45,43,0.9337342994608328,0,0,2,1,0
qokor,lchaiin,45,24,0.9319784317006622,0,0,1,0,0
qokor,qoy,45,22,0.8809523809523809,0,1,2,0,0
qokor,shes,45,22,0.831105576152129,0,0,2,0,0
qokor,okchey,45,32,0.9283652921019762,0,0,0,0,0
qokor,oleedy,45,26,0.9100566034419659,0,0,1,0,0
qokor,ody,45,28,0.910667824255402,0,0,2,0,0
qokor,ykar,45,21,0.8035221245095719,0,0,1,1,0
qokor,dleo,45,22,0.8156401323076424,0,0,1,0,0
qokor,dleeol,45,22,0.9044803697046634,0,0,1,0,0
qokor,qokeor,45,20,0.8664552660748928,0,1,1,2,0
qokor,olkchdy,45,21,0.868031488019271,0,0,1,0,0
qokor,chal,45,29,0.81215665012975,0,0,2,0,0
qokor,tchaiin,45,21,0.901261243787247,0,0,1,0,0
qokor,qokeody,45,21,0.8857524127679647,0,1,2,0,0
qokor,ldy,45,21,0.8595449056251416,0,0,2,0,0
qokor,laiin,45,37,0.9222699951790417,0,0,0,0,0
qokor,schdy,45,21,0.9047189498597604,0,0,1,0,0
qokor,sheckhy,45,39,0.9397842019073218,0,0,1,0,0
qokor,cheeor,45,26,0.8440559381439958,0,0,0,2,0
qokor,otedal,45,22,0.8721653551077428,0,0,1,0,0
qokor,lsy,45,22,0.9190733463174567,0,0,2,0,0
qokor,qoko,45,24,0.7735008628028716,0,1,1,0,0
qokor,ytody,45,21,0.9206545853881751,0,0,0,0,0
qokor,chody,45,23,0.9095040009516057,0,0,1,0,0
qokor,kchy,45,24,0.900974025974026,0,0,2,0,0
qokor,ykal,45,24,0.8809202053326199,0,0,1,0,0
qokor,lsedy,45,28,0.9026785773512862,0,0,0,0,0
qokor,to,45,24,0.881321045984077,0,0,3,0,0
qokor,pchdy,45,30,0.9115307320587599,0,0,1,0,0
qokor,qoeedy,45,23,0.917958835136721,0,1,1,0,0
qokor,otor,45,20,0.9313170236828051,0,0,1,2,1
chdy,olkaiin,244,112,0.957845411044068,0,0,4,0,0
chdy,okchy,244,33,0.9537274934245694,0,0,1,1,0
chdy,olchedy,244,22,0.9288082879196484,0,0,3,2,0
chdy,okedy,244,121,0.9704494593114253,0,0,2,2,0
chdy,otchy,244,36,0.9532692994250678,0,0,1,1,0
chdy,lkaiin,244,102,0.9777817328407202,0,0,3,0,0
chdy,qokchedy,244,58,0.9000569461652905,0,0,4,2,0
chdy,cthdy,244,33,0.9657970225673894,1,0,0,2,0
chdy,otchey,244,27,0.8638831002282052,0,0,2,1,0
chdy,oddy,244,26,0.902762410247967,0,0,1,2,0
chdy,chy,244,43,0.9541574268586317,0,0,1,1,0
chdy,char,244,32,0.9259051797974904,0,0,0,0,0
chdy,cheedy,244,73,0.9479952028851851,0,0,2,2,0
chdy,qoteey,244,92,0.9646207792816682,0,0,3,1,0
chdy,tedy,244,38,0.9512727781826805,0,0,1,2,0
chdy,lkdy,244,26,0.9159481061256995,0,0,1,2,0
chdy,lkedy,244,20,0.947007251124833,0,0,2,2,0
chdy,opchdy,244,23,0.9539616032441041,0,0,2,3,0
chdy,okor,244,25,0.8935444647673713,0,0,1,0,0
chdy,lkain,244,63,0.9661889288399597,0,0,2,0,0
chdy,olkeey,244,94,0.9645203622825836,0,0,3,1,0
chdy,qokal,244,215,0.9680282139743689,0,0,2,0,0
chdy,chckhey,244,45,0.9463678574790103,0,0,1,1,0
chdy,otol,244,40,0.9003917726975877,0,0,1,0,0
chdy,qoty,244,21,0.9568347210766681,0,0,1,1,0
chdy,kar,244,55,0.9642365783273207,0,0,0,0,0
chdy,oty,244,68,0.9546582873709395,1,0,0,1,0
chdy,tdy,244,32,0.9448756674351853,1,0,0,2,0
chdy,ychy,244,21,0.9428649869893542,1,0,0,1,0
chdy,otey,244,31,0.9166286024898346,0,0,1,1,0
chdy,qotaiin,244,92,0.9706286057708072,0,0,4,0,0
chdy,olkain,244,83,0.9727467007081594,0,0,3,0,0
chdy,okey,244,27,0.9407555409951884,0,0,1,1,0
chdy,kaiin,244,22,0.9511596395107106,0,0,2,0,0
chdy,ky,244,30,0.9480816565187293,0,0,1,1,0
chdy,qokchy,244,75,0.965109578311113,0,0,2,1,0
chdy,daryeey,244,20,0.7803588245417782,0,0,4,1,0
chdy,olkedy,244,35,0.916125985408196,0,0,3,2,0
chdy,qokol,244,106,0.9095917462741802,0,0,2,0,0
chdy,shody,244,44,0.8144400885658023,0,0,1,2,0
chdy,olkar,244,63,0.9722143953428699,0,0,2,0,0
chdy,qotchy,244,20,0.7598029630519416,0,0,2,1,0
chdy,taiin,244,49,0.9576702011037104,0,0,2,0,0
chdy,sham,244,21,0.9081626254349279,0,0,0,0,0
chdy,sar,244,43,0.9625843508787594,0,0,0,0,0
chdy,lchaiin,244,24,0.9481707809752354,0,0,3,0,0
chdy,qoy,244,22,0.9142096078219535,1,0,0,1,0
chdy,shes,244,22,0.8004064072410534,0,0,0,0,0
chdy,okchey,244,32,0.9426941629915712,0,0,2,1,0
chdy,oleedy,244,26,0.9412038640705861,0,0,3,2,0
chdy,ody,244,28,0.9195704574311068,1,0,0,2,0
chdy,ykar,244,21,0.8547633482991995,0,0,1,0,0
chdy,dleo,244,22,0.8324087824954031,0,0,1,0,0
chdy,dleeol,244,22,0.925008448107169,0,0,3,0,0
chdy,qokeor,244,20,0.8901280355756818,0,0,3,0,0
chdy,olkchdy,244,21,0.88227995550728,0,0,3,3,0
chdy,chal,244,29,0.8590859681207571,0,0,0,0,0
chdy,tchaiin,244,21,0.9392951525119295,0,0,3,0,0
chdy,qokeody,244,21,0.9025529772156425,0,0,4,2,0
chdy,ldy,244,21,0.8963652622748872,1,0,0,2,0
chdy,laiin,244,37,0.9445232539999884,0,0,2,0,0
chdy,schdy,244,21,0.9440142670814918,0,0,1,3,0
chdy,sheckhy,244,39,0.9674229613472745,0,0,1,1,0
chdy,cheeor,244,26,0.9018861171426547,0,0,2,0,0
chdy,otedal,244,22,0.8939899070653872,0,0,3,0,0
chdy,lsy,244,22,0.9413499595617371,1,0,0,1,0
chdy,qoko,244,24,0.7711990395130427,0,0,1,0,0
chdy,ytody,244,21,0.9428649869893542,0,0,2,2,0
chdy,chody,244,23,0.9531130827593668,0,0,1,2,0
chdy,kchy,244,24,0.9332653835348663,1,0,0,1,0
chdy,ykal,244,24,0.9125455799027626,0,0,1,0,0
chdy,lsedy,244,28,0.9283119827799935,0,0,2,2,0
chdy,to,244,24,0.9052595537519527,0,0,1,0,0
chdy,pchdy,244,30,0.9485796014037046,0,0,1,3,0
chdy,qoeedy,244,23,0.9447644861596823,0,0,3,2,0
chdy,otor,244,20,0.9257250036916109,0,0,1,0,0
olkaiin,okchy,112,33,0.9450364972974468,0,0,3,0,0
olkaiin,olchedy,112,22,0.8984670174935439,0,1,1,0,0
olkaiin,okedy,112,121,0.9616707511232384,0,0,2,0,0
olkaiin,otchy,112,36,0.9414532094120448,0,0,3,0,0
olkaiin,lkaiin,112,102,0.9648133181764069,0,0,1,6,0
olkaiin,qokchedy,112,58,0.8913543756439283,0,0,0,0,0
olkaiin,cthdy,112,33,0.9536612270258581,0,0,4,0,0
olkaiin,otchey,112,27,0.8550860653819556,0,0,2,0,0
olkaiin,oddy,112,26,0.9022328568384759,0,0,3,0,0
olkaiin,chy,112,43,0.939103872711421,0,0,5,0,0
olkaiin,char,112,32,0.8811902211875917,0,0,4,0,0
olkaiin,cheedy,112,73,0.9686353912398514,0,0,2,0,0
olkaiin,qoteey,112,92,0.9510909033736724,0,0,1,0,0
olkaiin,tedy,112,38,0.9279385666851686,0,0,3,0,0
olkaiin,lkdy,112,26,0.899142303698147,0,0,3,0,0
olkaiin,lkedy,112,20,0.9234234947487856,0,0,2,0,0
olkaiin,opchdy,112,23,0.9405135243074764,0,0,2,0,0
olkaiin,okor,112,25,0.8889896698696382,0,0,3,0,0
olkaiin,lkain,112,63,0.9606579935639781,0,0,2,2,0
olkaiin,olkeey,112,94,0.9651201591822087,0,1,1,0,0
olkaiin,qokal,112,215,0.9630095311298607,0,0,2,0,0
olkaiin,chckhey,112,45,0.949357224761353,0,0,3,0,0
olkaiin,otol,112,40,0.8964901234003746,0,0,3,0,0
olkaiin,qoty,112,21,0.9436252968978065,0,0,3,0,0
olkaiin,kar,112,55,0.9413125655635288,0,0,4,0,0
olkaiin,oty,112,68,0.9536068583581513,0,0,4,0,0
olkaiin,tdy,112,32,0.9176489758790473,0,0,4,0,0
olkaiin,ychy,112,21,0.9313921988217929,0,0,4,0,0
olkaiin,otey,112,31,0.9108194764734475,0,0,3,0,0
olkaiin,qotaiin,112,92,0.9699281264610985,0,0,0,4,1
olkaiin,olkain,112,83,0.9408743049230525,0,1,1,2,0
olkaiin,okey,112,27,0.933720192003831,0,0,3,0,0
olkaiin,kaiin,112,22,0.9183236664457296,0,0,2,5,0
olkaiin,ky,112,30,0.9407121799392925,0,0,5,0,0
olkaiin,qokchy,112,75,0.9550604873991867,0,0,2,0,0
olkaiin,daryeey,112,20,0.7852421458349066,0,0,0,0,0
olkaiin,olkedy,112,35,0.9275930649184011,0,1,1,0,0
olkaiin,qokol,112,106,0.9120647425270549,0,0,2,0,0
olkaiin,shody,112,44,0.8342068380983879,0,0,3,0,0
olkaiin,olkar,112,63,0.9592142221291854,0,1,2,0,0
olkaiin,qotchy,112,20,0.7750400629368657,0,0,2,0,0
olkaiin,taiin,112,49,0.931248979199481,0,0,2,4,0
olkaiin,sham,112,21,0.8942359630635524,0,0,4,0,0
olkaiin,sar,112,43,0.9513602966485777,0,0,4,0,0
olkaiin,lchaiin,112,24,0.9170100183907215,0,0,1,4,0
olkaiin,qoy,112,22,0.8762611450529543,0,0,4,0,0
olkaiin,shes,112,22,0.7797128528171595,0,0,4,0,0
olkaiin,okchey,112,32,0.9340108133290455,0,0,2,0,0
olkaiin,oleedy,112,26,0.9342873005693595,0,1,1,0,0
olkaiin,ody,112,28,0.9040710455676353,0,0,4,0,0
olkaiin,ykar,112,21,0.8342194593609938,0,0,3,0,0
olkaiin,dleo,112,22,0.8139099530247521,0,0,3,0,0
olkaiin,dleeol,112,22,0.9138544076298328,0,0,1,0,0
olkaiin,qokeor,112,20,0.8793207376067359,0,0,1,0,0
olkaiin,olkchdy,112,21,0.9095760336526383,0,1,1,0,0
olkaiin,chal,112,29,0.8672406871205339,0,0,4,0,0
olkaiin,tchaiin,112,21,0.9177568627746706,0,0,1,4,0
olkaiin,qokeody,112,21,0.8937116691854305,0,0,0,0,0
olkaiin,ldy,112,21,0.852240015562653,0,0,4,0,0
olkaiin,laiin,112,37,0.9086272166285007,0,0,2,4,0
olkaiin,schdy,112,21,0.9281402825911412,0,0,3,0,0
olkaiin,sheckhy,112,39,0.9513087143726823,0,0,3,0,0
olkaiin,cheeor,112,26,0.9117947955373146,0,0,2,0,0
olkaiin,otedal,112,22,0.8580289507086606,0,0,1,0,0
olkaiin,lsy,112,22,0.9352674157893885,0,0,4,0,0
olkaiin,qoko,112,24,0.753271540394307,0,0,3,0,0
olkaiin,ytody,112,21,0.9369307054550245,0,0,2,0,0
olkaiin,chody,112,23,0.9351687845849395,0,0,3,0,0
olkaiin,kchy,112,24,0.9356414790583744,0,0,4,0,0
olkaiin,ykal,112,24,0.8871199384603411,0,0,3,0,0
olkaiin,lsedy,112,28,0.8994725949003173,0,0,2,0,0
olkaiin,to,112,24,0.8972986532630867,0,0,5,0,0
olkaiin,pchdy,112,30,0.9338560982609947,0,0,3,0,0
olkaiin,qoeedy,112,23,0.9342827931849795,0,0,1,0,0
olkaiin,otor,112,20,0.9196582879269659,0,0,3,0,0
okchy,olchedy,33,22,0.8902707653265414,0,0,2,1,0
okchy,okedy,33,121,0.9517934875752646,0,1,1,1,0
okchy,otchy,33,36,0.9566607145598998,1,0,0,2,1
okchy,lkaiin,33,102,0.9572667129167782,0,0,2,0,0
okchy,qokchedy,33,58,0.8789467949508835,0,0,3,1,0
okchy,cthdy,33,33,0.9377615106085287,0,0,1,1,0
okchy,otchey,33,27,0.8509888041371444,0,0,1,1,0
okchy,oddy,33,26,0.8978667193031552,0,0,0,1,0
okchy,chy,33,43,0.9168921012490721,0,0,2,2,0
okchy,char,33,32,0.8726127252590853,0,0,1,0,0
okchy,cheedy,33,73,0.9509724022723163,0,0,1,1,0
okchy,qoteey,33,92,0.9489734783997202,0,0,2,1,0
okchy,tedy,33,38,0.9204450005265675,0,0,0,1,0
okchy,lkdy,33,26,0.8729938929172979,0,0,0,1,0
okchy,lkedy,33,20,0.9090290893962985,0,0,1,1,0
okchy,opchdy,33,23,0.9274177915138555,0,0,1,1,0
okchy,okor,33,25,0.8621747579409186,0,1,0,0,0
okchy,lkain,33,63,0.9550463733603815,0,0,1,0,0
okchy,olkeey,33,94,0.9426494476814907,0,0,2,1,0
okchy,qokal,33,215,0.9464569625300406,0,0,1,0,0
okchy,chckhey,33,45,0.9382804889677566,0,0,0,1,0
okchy,otol,33,40,0.8769647049406945,0,0,0,0,0
okchy,qoty,33,21,0.9312905308151285,0,0,0,1,0
okchy,kar,33,55,0.9292050948176248,0,0,1,0,0
okchy,oty,33,68,0.9365013829175969,0,0,1,1,0
okchy,tdy,33,32,0.9087662402424874,0,0,1,1,0
okchy,ychy,33,21,0.9140215328973648,0,0,1,2,0
okchy,otey,33,31,0.9147861537484452,0,0,0,1,0
okchy,qotaiin,33,92,0.9589843843810133,0,0,3,0,0
okchy,olkain,33,83,0.9362802539278402,0,0,2,0,0
okchy,okey,33,27,0.9305693165858938,0,1,0,1,0
okchy,kaiin,33,22,0.912051825163286,0,0,1,0,0
okchy,ky,33,30,0.9222134974738013,0,0,2,1,0
okchy,qokchy,33,75,0.9509824839825202,0,0,1,4,1
okchy,daryeey,33,20,0.7850164079835583,0,0,3,1,0
okchy,olkedy,33,35,0.9177862689866656,0,0,2,1,0
okchy,qokol,33,106,0.8984602518448132,0,0,1,0,0
okchy,shody,33,44,0.8165577995507173,0,0,0,1,0
okchy,olkar,33,63,0.9480266788847154,0,0,1,0,0
okchy,qotchy,33,20,0.7820344031091957,0,0,1,2,1
okchy,taiin,33,49,0.9288747430216826,0,0,1,0,0
okchy,sham,33,21,0.8935250957719059,0,0,1,0,0
okchy,sar,33,43,0.935072646482381,0,0,1,0,0
okchy,lchaiin,33,24,0.9181343130425641,0,0,2,0,0
okchy,qoy,33,22,0.8743335217187104,0,0,1,1,0
okchy,shes,33,22,0.7644417387263079,0,0,1,0,0
okchy,okchey,33,32,0.9292001287355246,0,1,1,1,0
okchy,oleedy,33,26,0.9144292622045933,0,0,2,1,0
okchy,ody,33,28,0.8980378487808549,0,0,1,1,0
okchy,ykar,33,21,0.8156833832562915,0,0,0,0,0
okchy,dleo,33,22,0.8317216428912628,0,0,0,0,0
okchy,dleeol,33,22,0.9141070563274342,0,0,2,0,0
okchy,qokeor,33,20,0.8628801370118644,0,0,2,0,0
okchy,olkchdy,33,21,0.8643505160038542,0,0,2,1,0
okchy,chal,33,29,0.8351473360618928,0,0,1,0,0
okchy,tchaiin,33,21,0.9009908986086654,0,0,2,0,0
okchy,qokeody,33,21,0.8918566081474053,0,0,3,1,0
okchy,ldy,33,21,0.8546938320940028,0,0,1,1,0
okchy,laiin,33,37,0.9170156228984344,0,0,1,0,0
okchy,schdy,33,21,0.9198440996365479,0,0,0,1,0
okchy,sheckhy,33,39,0.9500767913934096,0,0,0,1,0
okchy,cheeor,33,26,0.8710394235735572,0,0,1,0,0
okchy,otedal,33,22,0.860316486314115,0,0,2,0,0
okchy,lsy,33,22,0.9270613279744281,0,0,1,1,0
okchy,qoko,33,24,0.7590832365621458,0,0,0,0,0
okchy,ytody,33,21,0.9140215328973648,0,0,1,1,0
okchy,chody,33,23,0.9256355410206192,0,0,0,1,0
okchy,kchy,33,24,0.9142209998993085,0,0,1,3,0
okchy,ykal,33,24,0.8748743102017721,0,0,0,0,0
okchy,lsedy,33,28,0.8895243253961815,0,0,1,1,0
okchy,to,33,24,0.8738518946547205,0,0,2,0,0
okchy,pchdy,33,30,0.9180526203274014,0,0,0,1,0
okchy,qoeedy,33,23,0.9126857938055974,0,0,2,1,0
okchy,otor,33,20,0.8997572132547592,0,0,0,0,0
olchedy,okedy,22,121,0.9439809902414642,0,0,1,3,0
olchedy,otchy,22,36,0.8979292509185633,0,0,2,1,0
olchedy,lkaiin,22,102,0.9353572712256957,0,0,0,0,0
olchedy,qokchedy,22,58,0.9021830099546156,0,0,1,4,0
olchedy,cthdy,22,33,0.9156987663714727,0,0,3,2,0
olchedy,otchey,22,27,0.8505255427287508,0,0,1,1,0
olchedy,oddy,22,26,0.8329137294128062,0,0,2,2,0
olchedy,chy,22,43,0.9182222595867695,0,0,4,1,0
olchedy,char,22,32,0.8726709699816646,0,0,3,0,0
olchedy,cheedy,22,73,0.9023176521878707,0,0,1,3,0
olchedy,qoteey,22,92,0.9243199904311282,0,0,0,1,0
olchedy,tedy,22,38,0.8638862842495223,0,0,2,3,0
olchedy,lkdy,22,26,0.8181581275894861,0,0,2,2,0
olchedy,lkedy,22,20,0.9080344882070279,0,0,1,3,0
olchedy,opchdy,22,23,0.9151412608688388,0,0,1,2,0
olchedy,okor,22,25,0.8615053129829503,0,0,2,0,0
olchedy,lkain,22,63,0.918471886907939,0,0,1,0,0
olchedy,olkeey,22,94,0.8999682660599673,0,1,0,1,0
olchedy,qokal,22,215,0.9195069287742536,0,0,1,0,0
olchedy,chckhey,22,45,0.8800595140047286,0,0,2,1,0
olchedy,otol,22,40,0.8644213049736577,0,0,2,0,0
olchedy,qoty,22,21,0.882861650111611,0,0,2,1,0
olchedy,kar,22,55,0.9315370684982185,0,0,3,0,0
olchedy,oty,22,68,0.8886355686409971,0,0,3,1,0
olchedy,tdy,22,32,0.9244720337111655,0,0,3,2,0
olchedy,ychy,22,21,0.8735241637240496,0,0,3,1,0
olchedy,otey,22,31,0.8622911386212841,0,0,2,1,0
olchedy,qotaiin,22,92,0.9210397183266721,0,0,1,0,0
olchedy,olkain,22,83,0.9166217562580171,0,1,0,0,0
olchedy,okey,22,27,0.8790320633634774,0,0,2,1,0
olchedy,kaiin,22,22,0.8797592245060283,0,0,1,0,0
olchedy,ky,22,30,0.8601658361621224,0,0,4,1,0
olchedy,qokchy,22,75,0.9204127395159923,0,0,1,1,0
olchedy,daryeey,22,20,0.7205788625836469,0,0,1,1,0
olchedy,olkedy,22,35,0.8387227419538226,0,1,0,3,0
olchedy,qokol,22,106,0.8694295733895387,0,0,1,0,0
olchedy,shody,22,44,0.7894646847441944,0,0,2,2,0
olchedy,olkar,22,63,0.9236349593339246,0,1,1,0,0
olchedy,qotchy,22,20,0.6759707555245222,0,0,1,1,0
olchedy,taiin,22,49,0.8952008849797836,0,0,1,0,0
olchedy,sham,22,21,0.875937138101791,0,0,3,0,0
olchedy,sar,22,43,0.9077523603501366,0,0,3,0,0
olchedy,lchaiin,22,24,0.9349875870806476,0,0,0,0,0
olchedy,qoy,22,22,0.8911622466047346,0,0,3,1,0
olchedy,shes,22,22,0.8200250445973671,0,0,3,0,0
olchedy,okchey,22,32,0.928407656594604,0,0,1,1,0
olchedy,oleedy,22,26,0.8773280079294955,0,1,0,3,0
olchedy,ody,22,28,0.9138779180949006,0,0,3,2,0
olchedy,ykar,22,21,0.7851211561823166,0,0,2,0,0
olchedy,dleo,22,22,0.8295982178055445,0,0,2,0,0
olchedy,dleeol,22,22,0.8665268326316712,0,0,0,0,0
olchedy,qokeor,22,20,0.8319338256363782,0,0,0,0,0
olchedy,olkchdy,22,21,0.8316074081115762,0,1,0,2,0
olchedy,chal,22,29,0.7469013952008147,0,0,3,0,0
olchedy,tchaiin,22,21,0.8546415995177461,0,0,0,0,0
olchedy,qokeody,22,21,0.8857649915763257,0,0,1,2,0
olchedy,ldy,22,21,0.8476258209594072,0,0,3,2,0
olchedy,laiin,22,37,0.9175534356983739,0,0,1,0,0
olchedy,schdy,22,21,0.882633463870051,0,0,2,2,0
olchedy,sheckhy,22,39,0.9211950113003489,0,0,2,1,0
olchedy,cheeor,22,26,0.7997934359757431,0,0,1,0,0
olchedy,otedal,22,22,0.8828353332555621,0,0,0,0,0
olchedy,lsy,22,22,0.9063523177727653,0,0,3,1,0
olchedy,qoko,22,24,0.7814137264032004,0,0,2,0,0
olchedy,ytody,22,21,0.9137787334809183,0,0,1,2,0
olchedy,chody,22,23,0.8856239205367088,0,0,2,2,0
olchedy,kchy,22,24,0.8678333919815742,0,0,3,1,0
olchedy,ykal,22,24,0.8631360950019978,0,0,2,0,0
olchedy,lsedy,22,28,0.9162768755163431,0,0,1,3,1
olchedy,to,22,24,0.823791232945381,0,0,4,0,0
olchedy,pchdy,22,30,0.8657157935232515,0,0,2,2,0
olchedy,qoeedy,22,23,0.9168041074577946,0,0,0,3,0
olchedy,otor,22,20,0.8740284488750757,0,0,2,0,0
okedy,otchy,121,36,0.9571530628947019,0,0,1,1,0
okedy,lkaiin,121,102,0.9837522284154296,0,0,1,0,1
okedy,qokchedy,121,58,0.9393132186491535,0,0,2,3,0
okedy,cthdy,121,33,0.9659221521186598,0,0,2,2,0
okedy,otchey,121,27,0.8930776821129252,0,0,0,1,0
okedy,oddy,121,26,0.8926954096180779,0,0,1,2,0
okedy,chy,121,43,0.9553157768409589,0,0,3,1,0
okedy,char,121,32,0.9131423032126519,0,0,2,0,0
okedy,cheedy,121,73,0.9609792846193704,1,0,0,3,0
okedy,qoteey,121,92,0.9743624158405223,0,0,1,1,0
okedy,tedy,121,38,0.9204659975603685,0,0,1,3,0
okedy,lkdy,121,26,0.8841745744819007,0,0,1,2,0
okedy,lkedy,121,20,0.9454770902963213,1,0,0,4,0
okedy,opchdy,121,23,0.9572499115475209,0,0,0,2,0
okedy,okor,121,25,0.9072716377300775,0,1,1,0,0
okedy,lkain,121,63,0.9766199730366254,0,0,0,0,0
okedy,olkeey,121,94,0.9580346309133349,0,0,1,1,0
okedy,qokal,121,215,0.9725126719150894,0,0,0,0,0
okedy,chckhey,121,45,0.9485030033832874,0,0,1,1,0
okedy,otol,121,40,0.9016056226065825,0,0,1,0,0
okedy,qoty,121,21,0.9405817209204863,0,0,1,1,0
okedy,kar,121,55,0.9661523809952616,0,0,2,0,0
okedy,oty,121,68,0.9426297280091153,0,0,2,1,0
okedy,tdy,121,32,0.9448500177316487,0,0,2,2,0
okedy,ychy,121,21,0.9262623148538495,0,0,2,1,0
okedy,otey,121,31,0.9347997498517033,0,0,1,1,0
okedy,qotaiin,121,92,0.9755269176313933,0,0,2,0,0
okedy,olkain,121,83,0.9607401068231302,0,0,1,0,0
okedy,okey,121,27,0.9431583605658361,0,1,1,1,0
okedy,kaiin,121,22,0.9270335485319183,0,0,0,0,0
okedy,ky,121,30,0.9233993698261714,0,0,3,1,0
okedy,qokchy,121,75,0.9690109921823625,0,0,0,1,0
okedy,daryeey,121,20,0.7883888757931321,0,0,2,1,0
okedy,olkedy,121,35,0.9107513631269493,0,0,1,4,0
okedy,qokol,121,106,0.9191308677724125,0,0,0,0,0
okedy,shody,121,44,0.8374120970520635,0,0,1,2,0
okedy,olkar,121,63,0.9724405214235828,0,0,0,0,0
okedy,qotchy,121,20,0.7668140343160684,0,0,0,1,0
okedy,taiin,121,49,0.9403582677257992,0,0,0,0,0
okedy,sham,121,21,0.913038697190085,0,0,2,0,0
okedy,sar,121,43,0.9611349346184284,0,0,2,0,1
okedy,lchaiin,121,24,0.9579698185848599,0,0,1,0,0
okedy,qoy,121,22,0.9150269814261377,0,0,2,1,0
okedy,shes,121,22,0.8241698810366551,0,0,2,0,0
okedy,okchey,121,32,0.9668942528901123,0,1,0,1,0
okedy,oleedy,121,26,0.9352844973679458,0,0,1,3,0
okedy,ody,121,28,0.9399264282476878,0,0,2,2,0
okedy,ykar,121,21,0.835543983316251,0,0,1,0,0
okedy,dleo,121,22,0.8663809427512943,0,0,1,0,0
okedy,dleeol,121,22,0.9305908191186409,0,0,1,0,0
okedy,qokeor,121,20,0.8808270421349679,0,0,1,0,0
okedy,olkchdy,121,21,0.8946112128220961,0,0,1,2,0
okedy,chal,121,29,0.8346350866731377,0,0,2,0,0
okedy,tchaiin,121,21,0.9108536337117251,0,0,1,0,0
okedy,qokeody,121,21,0.9096013454019508,0,0,2,2,0
okedy,ldy,121,21,0.8828096128359355,0,0,2,2,0
okedy,laiin,121,37,0.9479906293064254,0,0,0,0,0
okedy,schdy,121,21,0.938695725774528,0,0,1,2,0
okedy,sheckhy,121,39,0.9704709701467863,0,0,1,1,0
okedy,cheeor,121,26,0.8787688833262145,0,0,0,0,0
okedy,otedal,121,22,0.8986698886067339,0,0,1,0,0
okedy,lsy,121,22,0.9457479353646124,0,0,2,1,0
okedy,qoko,121,24,0.792267694635128,0,0,1,0,0
okedy,ytody,121,21,0.9499947328681908,0,0,0,2,0
okedy,chody,121,23,0.9399771835810964,0,0,1,2,0
okedy,kchy,121,24,0.9265558359666527,0,0,2,1,0
okedy,ykal,121,24,0.9026094411179453,0,0,1,0,0
okedy,lsedy,121,28,0.9294892629490634,1,0,0,3,0
okedy,to,121,24,0.879662842398956,0,0,3,0,0
okedy,pchdy,121,30,0.9237395227899297,0,0,1,2,0
okedy,qoeedy,121,23,0.9519989448683318,0,0,1,3,0
okedy,otor,121,20,0.917230211732665,0,0,1,0,0
otchy,lkaiin,36,102,0.9582797309660227,0,0,2,0,0
otchy,qokchedy,36,58,0.8890660926944766,0,0,3,1,0
otchy,cthdy,36,33,0.9375373783225812,0,0,1,1,0
otchy,otchey,36,27,0.8795520084744908,0,1,1,1,0
otchy,oddy,36,26,0.8692328188872398,0,0,0,1,0
otchy,chy,36,43,0.9236360201434448,0,0,2,2,0
otchy,char,36,32,0.8750919069379144,0,0,1,0,0
otchy,cheedy,36,73,0.9434339926795265,0,0,1,1,0
otchy,qoteey,36,92,0.9489282794342059,0,0,2,1,0
otchy,tedy,36,38,0.9156997707457859,0,0,0,1,0
otchy,lkdy,36,26,0.8727745764113128,0,0,0,1,0
otchy,lkedy,36,20,0.9111819308791819,0,0,1,1,0
otchy,opchdy,36,23,0.9190569106946215,0,0,1,1,0
otchy,okor,36,25,0.863698364089243,0,0,0,0,0
otchy,lkain,36,63,0.9607469323233615,0,0,1,0,0
otchy,olkeey,36,94,0.9464703238826011,0,0,2,1,0
otchy,qokal,36,215,0.9504941042275734,0,0,1,0,0
otchy,chckhey,36,45,0.9441972969422479,0,0,0,1,0
otchy,otol,36,40,0.8695140525028908,0,1,0,0,0
otchy,qoty,36,21,0.9257132429196868,0,0,0,1,0
otchy,kar,36,55,0.9332144973657384,0,0,1,0,0
otchy,oty,36,68,0.9339215347151175,0,1,1,1,0
otchy,tdy,36,32,0.9039031283188567,0,0,1,1,0
otchy,ychy,36,21,0.9161382049266997,0,0,1,2,0
otchy,otey,36,31,0.9340936333020373,0,1,0,1,0
otchy,qotaiin,36,92,0.9557470441677312,0,0,3,0,0
otchy,olkain,36,83,0.9354156948626203,0,0,2,0,0
otchy,okey,36,27,0.9489953136149608,0,0,0,1,0
otchy,kaiin,36,22,0.9155644554365484,0,0,1,0,0
otchy,ky,36,30,0.9245063720736765,0,0,2,1,0
otchy,qokchy,36,75,0.9442156889698785,0,0,1,2,1
otchy,daryeey,36,20,0.8101016853247731,0,0,3,1,0
otchy,olkedy,36,35,0.917238657267543,0,0,2,1,0
otchy,qokol,36,106,0.8806882707647471,0,0,1,0,0
otchy,shody,36,44,0.7848659432655182,0,0,0,1,0
otchy,olkar,36,63,0.9551765623032269,0,0,1,0,0
otchy,qotchy,36,20,0.8139765785146219,0,0,1,4,1
otchy,taiin,36,49,0.9310745847016754,0,0,1,0,0
otchy,sham,36,21,0.9057894597833127,0,0,1,0,0
otchy,sar,36,43,0.9351894604426831,0,0,1,0,0
otchy,lchaiin,36,24,0.910969114739495,0,0,2,0,0
otchy,qoy,36,22,0.8764598212022147,0,0,1,1,0
otchy,shes,36,22,0.7704554895595235,0,0,1,0,0
otchy,okchey,36,32,0.9270812013536601,0,0,1,1,0
otchy,oleedy,36,26,0.927556794564547,0,0,2,1,0
otchy,ody,36,28,0.9018166989947893,0,0,1,1,0
otchy,ykar,36,21,0.808290376865476,0,0,0,0,0
otchy,dleo,36,22,0.8712594938765965,0,0,0,0,0
otchy,dleeol,36,22,0.9351553367628124,0,0,2,0,0
otchy,qokeor,36,20,0.8558261390502688,0,0,2,0,0
otchy,olkchdy,36,21,0.8729203957756464,0,0,2,1,0
otchy,chal,36,29,0.856560361080241,0,0,1,0,0
otchy,tchaiin,36,21,0.8960915638068503,0,0,2,0,0
otchy,qokeody,36,21,0.8858724592428324,0,0,3,1,0
otchy,ldy,36,21,0.8571066732414749,0,0,1,1,0
otchy,laiin,36,37,0.9158013701966051,0,0,1,0,0
otchy,schdy,36,21,0.9135289224830897,0,0,0,1,0
otchy,sheckhy,36,39,0.9518870298127678,0,0,0,1,0
otchy,cheeor,36,26,0.8832026239770803,0,0,1,0,0
otchy,otedal,36,22,0.8675349031897376,0,1,2,0,0
otchy,lsy,36,22,0.9175425485274288,0,0,1,1,0
otchy,qoko,36,24,0.7401714716680617,0,0,0,0,0
otchy,ytody,36,21,0.9161382049266997,0,0,1,1,0
otchy,chody,36,23,0.9245281060816438,0,0,0,1,0
otchy,kchy,36,24,0.9164904380359697,0,0,1,2,0
otchy,ykal,36,24,0.8741229370580027,0,0,0,0,0
otchy,lsedy,36,28,0.8946586528901718,0,0,1,1,0
otchy,to,36,24,0.8654484528787165,0,0,2,0,0
otchy,pchdy,36,30,0.9097121630011303,0,0,0,1,0
otchy,qoeedy,36,23,0.9164298936634487,0,0,2,1,0
otchy,otor,36,20,0.8962436634793706,0,1,0,0,0
lkaiin,qokchedy,102,58,0.922046373617907,0,0,1,0,0
lkaiin,cthdy,102,33,0.9728104016045706,0,0,3,0,0
lkaiin,otchey,102,27,0.8812725648790343,0,0,1,0,0
lkaiin,oddy,102,26,0.9038776645428228,0,0,2,0,0
lkaiin,chy,102,43,0.9584396572649027,0,0,4,0,0
lkaiin,char,102,32,0.9163167088117933,0,0,3,0,0
lkaiin,cheedy,102,73,0.9655449175975005,0,0,1,0,0
lkaiin,qoteey,102,92,0.9682027592103034,0,0,0,0,0
lkaiin,tedy,102,38,0.9402466377933122,0,0,2,0,0
lkaiin,lkdy,102,26,0.899740726764261,0,1,2,0,0
lkaiin,lkedy,102,20,0.9442368303039049,0,1,1,0,0
lkaiin,opchdy,102,23,0.9610551937462897,0,0,1,0,0
lkaiin,okor,102,25,0.9044389275309814,0,0,2,0,0
lkaiin,lkain,102,63,0.9768778527118226,0,1,1,2,0
lkaiin,olkeey,102,94,0.9654960419000107,0,0,0,0,0
lkaiin,qokal,102,215,0.977773942545282,0,0,1,0,0
lkaiin,chckhey,102,45,0.9594148752076577,0,0,2,0,0
lkaiin,otol,102,40,0.9059279011077604,0,0,2,0,0
lkaiin,qoty,102,21,0.958732338408416,0,0,2,0,0
lkaiin,kar,102,55,0.9620427817958982,0,0,3,0,0
lkaiin,oty,102,68,0.9503590152358632,0,0,3,0,0
lkaiin,tdy,102,32,0.9498783235793188,0,0,3,0,0
lkaiin,ychy,102,21,0.9424167428640553,0,0,3,0,0
lkaiin,otey,102,31,0.9353870945157431,0,0,2,0,0
lkaiin,qotaiin,102,92,0.9757167137480748,0,0,1,4,0
lkaiin,olkain,102,83,0.9632350053830602,0,0,0,2,0
lkaiin,okey,102,27,0.9620271351381906,0,0,2,0,0
lkaiin,kaiin,102,22,0.9327385348325279,0,0,1,5,0
lkaiin,ky,102,30,0.9445344826412303,0,0,4,0,0
lkaiin,qokchy,102,75,0.9737177520436863,0,0,1,0,0
lkaiin,daryeey,102,20,0.8047279557270222,0,0,1,0,0
lkaiin,olkedy,102,35,0.9245169757327765,0,0,0,0,0
lkaiin,qokol,102,106,0.9238741003730451,0,0,1,0,0
lkaiin,shody,102,44,0.8310336380009045,0,0,2,0,0
lkaiin,olkar,102,63,0.9800843514750197,0,0,1,0,0
lkaiin,qotchy,102,20,0.7640747209201219,0,0,1,0,0
lkaiin,taiin,102,49,0.9510301874410869,0,0,1,4,0
lkaiin,sham,102,21,0.9180141288331181,0,0,3,0,0
lkaiin,sar,102,43,0.9657916286193557,0,0,3,0,1
lkaiin,lchaiin,102,24,0.9581644410252332,1,0,0,4,0
lkaiin,qoy,102,22,0.9135960221286086,0,0,3,0,0
lkaiin,shes,102,22,0.8145226196058564,0,0,3,0,0
lkaiin,okchey,102,32,0.9587697812382615,0,0,1,0,0
lkaiin,oleedy,102,26,0.949184051275687,0,0,0,0,0
lkaiin,ody,102,28,0.9372597080539382,0,0,3,0,0
lkaiin,ykar,102,21,0.8425680733798362,0,0,2,0,0
lkaiin,dleo,102,22,0.8551417364078489,0,0,2,0,0
lkaiin,dleeol,102,22,0.9386363506496553,0,0,0,0,0
lkaiin,qokeor,102,20,0.8913258020311293,0,0,0,0,0
lkaiin,olkchdy,102,21,0.8946889514984313,0,0,0,0,0
lkaiin,chal,102,29,0.8521858713949519,0,0,3,0,0
lkaiin,tchaiin,102,21,0.9257582436537611,1,0,0,4,0
lkaiin,qokeody,102,21,0.9109284618368317,0,0,1,0,0
lkaiin,ldy,102,21,0.8853702305089828,0,0,3,0,0
lkaiin,laiin,102,37,0.9467705676132014,0,0,1,4,0
lkaiin,schdy,102,21,0.9439400122376125,0,0,2,0,0
lkaiin,sheckhy,102,39,0.9739079112412118,0,0,2,0,0
lkaiin,cheeor,102,26,0.8888817814434088,0,0,1,0,0
lkaiin,otedal,102,22,0.8965700898993905,0,0,0,0,0
lkaiin,lsy,102,22,0.9498110456284393,0,0,3,0,0
lkaiin,qoko,102,24,0.780041560033131,0,0,2,0,0
lkaiin,ytody,102,21,0.948678648132255,0,0,1,0,0
lkaiin,chody,102,23,0.9464437992219461,0,0,2,0,0
lkaiin,kchy,102,24,0.9451227964771379,0,0,3,0,0
lkaiin,ykal,102,24,0.9020015145501697,0,0,2,0,0
lkaiin,lsedy,102,28,0.9242012577845435,0,0,1,0,0
lkaiin,to,102,24,0.8932696392863294,0,0,4,0,0
lkaiin,pchdy,102,30,0.9368805126170648,0,0,2,0,0
lkaiin,qoeedy,102,23,0.9512313308780368,0,0,0,0,0
lkaiin,otor,102,20,0.9311966327202271,0,0,2,0,0
qokchedy,cthdy,58,33,0.8890214479246304,0,0,4,2,0
qokchedy,otchey,58,27,0.9017165544730901,0,0,2,1,0
qokchedy,oddy,58,26,0.8228967689868658,0,0,3,2,0
qokchedy,chy,58,43,0.9144090816904307,0,0,5,1,0
qokchedy,char,58,32,0.8724140881890237,0,0,4,0,0
qokchedy,cheedy,58,73,0.8988782890623372,0,0,2,3,0
qokchedy,qoteey,58,92,0.9029268684525706,0,1,1,1,0
qokchedy,tedy,58,38,0.8194343090505464,0,0,3,3,0
qokchedy,lkdy,58,26,0.7727571358522853,0,0,3,2,0
qokchedy,lkedy,58,20,0.8940430641287155,0,0,2,3,0
qokchedy,opchdy,58,23,0.8857845795789927,0,0,2,2,0
qokchedy,okor,58,25,0.8669686808086887,0,0,3,0,0
qokchedy,lkain,58,63,0.9202389261946627,0,0,2,0,0
qokchedy,olkeey,58,94,0.8684830497136398,0,0,1,1,0
qokchedy,qokal,58,215,0.9061151576975803,0,1,2,0,0
qokchedy,chckhey,58,45,0.8707888137243321,0,0,3,1,0
qokchedy,otol,58,40,0.859988785106438,0,0,3,0,0
qokchedy,qoty,58,21,0.8532502437667734,0,1,3,1,0
qokchedy,kar,58,55,0.9170210132681914,0,0,4,0,0
qokchedy,oty,58,68,0.8603402600780383,0,0,4,1,0
qokchedy,tdy,58,32,0.9034300412743528,0,0,4,2,0
qokchedy,ychy,58,21,0.8425541426581714,0,0,4,1,0
qokchedy,otey,58,31,0.9018091323829487,0,0,3,1,0
qokchedy,qotaiin,58,92,0.9114447821939103,0,1,0,0,0
qokchedy,olkain,58,83,0.895803874532559,0,0,1,0,0
qokchedy,okey,58,27,0.8946612590472931,0,0,3,1,0
qokchedy,kaiin,58,22,0.8660273229606881,0,0,2,0,0
qokchedy,ky,58,30,0.8203079581971584,0,0,5,1,0
qokchedy,qokchy,58,75,0.9064228705233418,0,1,2,1,0
qokchedy,daryeey,58,20,0.7739544075427132,0,0,0,1,0
qokchedy,olkedy,58,35,0.8173907250970611,0,0,1,3,0
qokchedy,qokol,58,106,0.8598486225140267,0,1,2,0,0
qokchedy,shody,58,44,0.8090812425037984,0,0,3,2,0
qokchedy,olkar,58,63,0.9034668250416142,0,0,2,0,0
qokchedy,qotchy,58,20,0.6944193284588146,0,1,2,1,0
qokchedy,taiin,58,49,0.8683967067523048,0,0,2,0,0
qokchedy,sham,58,21,0.8567574754220705,0,0,4,0,0
qokchedy,sar,58,43,0.8910427025426818,0,0,4,0,0
qokchedy,lchaiin,58,24,0.9302325587479537,0,0,1,0,0
qokchedy,qoy,58,22,0.8975096603010561,0,1,4,1,0
qokchedy,shes,58,22,0.8444396137484634,0,0,4,0,0
qokchedy,okchey,58,32,0.9204276305781376,0,0,2,1,0
qokchedy,oleedy,58,26,0.8711394890027213,0,0,1,3,0
qokchedy,ody,58,28,0.9081327032251575,0,0,4,2,0
qokchedy,ykar,58,21,0.7850509556798615,0,0,3,0,0
qokchedy,dleo,58,22,0.8786501363762197,0,0,3,0,0
qokchedy,dleeol,58,22,0.909806117738468,0,0,1,0,0
qokchedy,qokeor,58,20,0.7973800156362185,0,1,1,0,0
qokchedy,olkchdy,58,21,0.8294098414847136,0,0,1,2,0
qokchedy,chal,58,29,0.7438917073327163,0,0,4,0,0
qokchedy,tchaiin,58,21,0.8172225938467443,0,0,1,0,0
qokchedy,qokeody,58,21,0.8744684818036383,0,1,0,2,0
qokchedy,ldy,58,21,0.8187322668061607,0,0,4,2,0
qokchedy,laiin,58,37,0.9017658448841394,0,0,2,0,0
qokchedy,schdy,58,21,0.8431437670827403,0,0,3,2,0
qokchedy,sheckhy,58,39,0.9027098477676674,0,0,3,1,0
qokchedy,cheeor,58,26,0.7881659378007545,0,0,2,0,0
qokchedy,otedal,58,22,0.8694346073489642,0,0,1,0,0
qokchedy,lsy,58,22,0.8871604453376932,0,0,4,1,0
qokchedy,qoko,58,24,0.8046787224964037,0,1,3,0,0
qokchedy,ytody,58,21,0.8794274092952905,0,0,2,2,0
qokchedy,chody,58,23,0.8619353680056552,0,0,3,2,0
qokchedy,kchy,58,24,0.8382099148883078,0,0,4,1,0
qokchedy,ykal,58,24,0.8696978336644579,0,0,3,0,0
qokchedy,lsedy,58,28,0.8707463417618345,0,0,2,3,0
qokchedy,to,58,24,0.7873191797644766,0,0,5,0,0
qokchedy,pchdy,58,30,0.8405178469011177,0,0,3,2,0
qokchedy,qoeedy,58,23,0.8997797156716154,0,1,1,3,0
qokchedy,otor,58,20,0.8423103441225388,0,0,3,0,0
cthdy,otchey,33,27,0.8495865067188729,0,0,2,1,0
cthdy,oddy,33,26,0.901845074421641,0,0,1,2,0
cthdy,chy,33,43,0.9372644096519678,0,0,1,1,0
cthdy,char,33,32,0.8906676997985786,0,0,0,0,0
cthdy,cheedy,33,73,0.9448455705254524,0,0,2,2,0
cthdy,qoteey,33,92,0.9559800108031601,0,0,3,1,0
cthdy,tedy,33,38,0.9432865352961829,0,0,1,2,0
cthdy,lkdy,33,26,0.9202920621831097,0,0,1,2,0
cthdy,lkedy,33,20,0.9246265584124618,0,0,2,2,0
cthdy,opchdy,33,23,0.9531330434542935,0,0,2,2,0
cthdy,okor,33,25,0.8832674399648637,0,0,1,0,0
cthdy,lkain,33,63,0.9598941440648685,0,0,2,0,0
cthdy,olkeey,33,94,0.9650019572826684,0,0,3,1,0
cthdy,qokal,33,215,0.9648572684434735,0,0,2,0,0
cthdy,chckhey,33,45,0.9517943861621808,0,0,1,1,0
cthdy,otol,33,40,0.8842158186631526,0,0,1,0,0
cthdy,qoty,33,21,0.9499543252311435,0,0,1,1,0
cthdy,kar,33,55,0.9441113014095334,0,0,0,0,0
cthdy,oty,33,68,0.943883101959203,1,0,0,1,0
cthdy,tdy,33,32,0.9231743403029953,1,0,0,2,0
cthdy,ychy,33,21,0.937576416496643,1,0,0,1,0
cthdy,otey,33,31,0.9071450327233509,0,0,1,1,0
cthdy,qotaiin,33,92,0.9600722475593743,0,0,4,0,0
cthdy,olkain,33,83,0.950734298857426,0,0,3,0,0
cthdy,okey,33,27,0.9316302963228085,0,0,1,1,0
cthdy,kaiin,33,22,0.9205708672956621,0,0,2,0,0
cthdy,ky,33,30,0.9580584478234667,0,0,1,1,0
cthdy,qokchy,33,75,0.9528457012920795,0,0,2,1,0
cthdy,daryeey,33,20,0.7655475983924778,0,0,4,1,0
cthdy,olkedy,33,35,0.9143288878667813,0,0,3,2,0
cthdy,qokol,33,106,0.9080830415603363,0,0,2,0,0
cthdy,shody,33,44,0.808813398900809,0,0,1,2,0
cthdy,olkar,33,63,0.9685632808991395,0,0,2,0,0
cthdy,qotchy,33,20,0.7654161726317894,0,0,2,1,0
cthdy,taiin,33,49,0.9437499498829133,0,0,2,0,0
cthdy,sham,33,21,0.8898000468031889,0,0,0,0,0
cthdy,sar,33,43,0.9610001506848354,0,0,0,0,0
cthdy,lchaiin,33,24,0.9261885193946311,0,0,3,0,0
cthdy,qoy,33,22,0.88537432171964,1,0,0,1,0
cthdy,shes,33,22,0.7686320515176424,0,0,0,0,0
cthdy,okchey,33,32,0.9254687107368209,0,0,2,1,0
cthdy,oleedy,33,26,0.9280241363173893,0,0,3,2,0
cthdy,ody,33,28,0.9089649708881806,1,0,0,2,0
cthdy,ykar,33,21,0.8355555243673466,0,0,1,0,0
cthdy,dleo,33,22,0.8188308191888267,0,0,1,0,0
cthdy,dleeol,33,22,0.9067757909153066,0,0,3,0,0
cthdy,qokeor,33,20,0.8930768776612724,0,0,3,0,0
cthdy,olkchdy,33,21,0.8929068755257653,0,0,3,2,0
cthdy,chal,33,29,0.8461002457089164,0,0,0,0,0
cthdy,tchaiin,33,21,0.931796171853776,0,0,3,0,0
cthdy,qokeody,33,21,0.8875094705914707,0,0,4,2,0
cthdy,ldy,33,21,0.8777519859349023,1,0,0,2,0
cthdy,laiin,33,37,0.9306410179809079,0,0,2,0,0
cthdy,schdy,33,21,0.9463785607743158,0,0,1,2,1
cthdy,sheckhy,33,39,0.9656280366167072,0,0,1,1,0
cthdy,cheeor,33,26,0.8996261316685963,0,0,2,0,0
cthdy,otedal,33,22,0.8604204106360843,0,0,3,0,0
cthdy,lsy,33,22,0.9296340516206678,1,0,0,1,0
cthdy,qoko,33,24,0.7351941360038258,0,0,1,0,0
cthdy,ytody,33,21,0.9420304612305939,0,0,2,2,0
cthdy,chody,33,23,0.9423786232276702,0,0,1,2,0
cthdy,kchy,33,24,0.9408715459673728,1,0,0,1,0
cthdy,ykal,33,24,0.893813523357003,0,0,1,0,0
cthdy,lsedy,33,28,0.9018170960426959,0,0,2,2,0
cthdy,to,33,24,0.9045239806909308,0,0,1,0,0
cthdy,pchdy,33,30,0.9453314009503523,0,0,1,2,0
cthdy,qoeedy,33,23,0.9321657215546781,0,0,3,2,0
cthdy,otor,33,20,0.9217535419209628,0,0,1,0,0
otchey,oddy,27,26,0.775382676771053,0,0,1,1,0
otchey,chy,27,43,0.8611627107819352,0,0,3,1,0
otchey,char,27,32,0.797208872616709,0,0,2,0,0
otchey,cheedy,27,73,0.8710971501715828,0,0,0,1,0
otchey,qoteey,27,92,0.8778524119359418,0,0,1,2,0
otchey,tedy,27,38,0.7871070216649934,0,0,1,1,0
otchey,lkdy,27,26,0.7505111814170912,0,0,1,1,0
otchey,lkedy,27,20,0.8375290487514863,0,0,0,1,0
otchey,opchdy,27,23,0.8461605754102688,0,0,0,1,0
otchey,okor,27,25,0.8194999250778403,0,0,1,0,0
otchey,lkain,27,63,0.8760057597568056,0,0,0,0,0
otchey,olkeey,27,94,0.8416973233935285,0,0,1,2,0
otchey,qokal,27,215,0.8713289019677918,0,0,0,0,0
otchey,chckhey,27,45,0.8402273152601354,0,0,1,2,0
otchey,otol,27,40,0.8063726015975683,0,1,1,0,0
otchey,qoty,27,21,0.8133532396681925,0,0,1,1,0
otchey,kar,27,55,0.8686399521709137,0,0,2,0,0
otchey,oty,27,68,0.8421268725467415,0,1,2,1,0
otchey,tdy,27,32,0.8657026409423664,0,0,2,1,0
otchey,ychy,27,21,0.8016656538923902,0,0,2,1,0
otchey,otey,27,31,0.8528536152466946,0,1,1,2,0
otchey,qotaiin,27,92,0.8717404465057318,0,0,2,0,0
otchey,olkain,27,83,0.8638654535691048,0,0,1,0,0
otchey,okey,27,27,0.8676307029655601,0,0,1,2,0
otchey,kaiin,27,22,0.8182305077268034,0,0,0,0,0
otchey,ky,27,30,0.8045438850440693,0,0,3,1,0
otchey,qokchy,27,75,0.8720975099166796,0,0,0,1,0
otchey,daryeey,27,20,0.7456493421816048,0,0,2,2,0
otchey,olkedy,27,35,0.8139264922102587,0,0,1,1,0
otchey,qokol,27,106,0.8186861607613382,0,0,0,0,0
otchey,shody,27,44,0.7412309163144203,0,0,1,1,0
otchey,olkar,27,63,0.8661434411856327,0,0,0,0,0
otchey,qotchy,27,20,0.7213993344421289,0,0,0,1,0
otchey,taiin,27,49,0.8616634526239688,0,0,0,0,0
otchey,sham,27,21,0.8137551933570072,0,0,2,0,0
otchey,sar,27,43,0.8558748009888585,0,0,2,0,0
otchey,lchaiin,27,24,0.851251214641712,0,0,1,0,0
otchey,qoy,27,22,0.8396750195804183,0,0,2,1,0
otchey,shes,27,22,0.8063726015975683,0,0,2,0,0
otchey,okchey,27,32,0.876569110432787,1,0,0,3,1
otchey,oleedy,27,26,0.8335217327287517,0,0,1,1,0
otchey,ody,27,28,0.8649916314572633,0,0,2,1,0
otchey,ykar,27,21,0.7172297158008846,0,0,1,0,0
otchey,dleo,27,22,0.8956535921417212,0,0,1,0,0
otchey,dleeol,27,22,0.8737427928903467,0,0,1,0,0
otchey,qokeor,27,20,0.7599943736425855,0,0,1,0,0
otchey,olkchdy,27,21,0.8146741954696912,0,0,1,1,0
otchey,chal,27,29,0.7545175521641789,0,0,2,0,0
otchey,tchaiin,27,21,0.7807385480660578,0,0,1,0,0
otchey,qokeody,27,21,0.8091706205750695,0,0,2,1,0
otchey,ldy,27,21,0.774329441876655,0,0,2,1,0
otchey,laiin,27,37,0.8606622962929117,0,0,0,0,0
otchey,schdy,27,21,0.8024703132259263,0,0,1,1,0
otchey,sheckhy,27,39,0.8569426257334021,0,0,1,1,0
otchey,cheeor,27,26,0.7721858475868547,0,0,0,0,0
otchey,otedal,27,22,0.81903047811194,0,1,1,0,0
otchey,lsy,27,22,0.8462957987462927,0,0,2,1,0
otchey,qoko,27,24,0.7320299566535425,0,0,1,0,0
otchey,ytody,27,21,0.823729846201355,0,0,0,1,0
otchey,chody,27,23,0.8123040134242798,0,0,1,1,0
otchey,kchy,27,24,0.8119700062440086,0,0,2,1,0
otchey,ykal,27,24,0.8087164130621127,0,0,1,0,0
otchey,lsedy,27,28,0.8213690811759912,0,0,0,1,0
otchey,to,27,24,0.7563954627057774,0,0,3,0,0
otchey,pchdy,27,30,0.8175131661343125,0,0,1,1,0
otchey,qoeedy,27,23,0.8342920145054883,0,0,1,1,0
otchey,otor,27,20,0.8067661435657699,0,1,1,0,0
oddy,chy,26,43,0.8612883481719963,0,0,2,1,0
oddy,char,26,32,0.8528486350650574,0,0,1,0,0
oddy,cheedy,26,73,0.8905284928918414,0,0,1,2,0
oddy,qoteey,26,92,0.8921672528121164,0,0,2,1,0
oddy,tedy,26,38,0.8765076607921126,1,0,0,2,0
oddy,lkdy,26,26,0.8403132228535022,1,0,0,2,0
oddy,lkedy,26,20,0.8759119335460998,0,0,1,2,0
oddy,opchdy,26,23,0.8932256500613746,0,0,1,2,0
oddy,okor,26,25,0.8581874921674656,0,0,0,0,0
oddy,lkain,26,63,0.9030575008030723,0,0,1,0,0
oddy,olkeey,26,94,0.891145237409066,0,0,2,1,0
oddy,qokal,26,215,0.8950654778791879,0,0,1,0,0
oddy,chckhey,26,45,0.8808411335959836,0,0,0,1,0
oddy,otol,26,40,0.8050280008995234,0,0,0,0,0
oddy,qoty,26,21,0.8846724108016456,0,0,0,1,0
oddy,kar,26,55,0.8838492605438375,0,0,1,0,0
oddy,oty,26,68,0.8788060264801082,0,0,1,1,0
oddy,tdy,26,32,0.8767378667067267,0,0,1,2,0
oddy,ychy,26,21,0.8593535693527558,0,0,1,1,0
oddy,otey,26,31,0.8559324277392549,0,0,0,1,0
oddy,qotaiin,26,92,0.9058678169047896,0,0,3,0,0
oddy,olkain,26,83,0.8907793229234461,0,0,2,0,0
oddy,okey,26,27,0.877039908528977,0,0,0,1,0
oddy,kaiin,26,22,0.8644746640741449,0,0,1,0,0
oddy,ky,26,30,0.8712798031419207,0,0,2,1,0
oddy,qokchy,26,75,0.8978263855635005,0,0,1,1,0
oddy,daryeey,26,20,0.727601308002703,0,0,3,1,0
oddy,olkedy,26,35,0.8476803145869619,0,0,2,2,0
oddy,qokol,26,106,0.8369483848622354,0,0,1,0,0
oddy,shody,26,44,0.7466217576413987,1,0,0,2,0
oddy,olkar,26,63,0.9002866667362889,0,0,1,0,0
oddy,qotchy,26,20,0.7324591117359136,0,0,1,1,0
oddy,taiin,26,49,0.8803039284811525,0,0,1,0,0
oddy,sham,26,21,0.8287809741534726,0,0,1,0,0
oddy,sar,26,43,0.8889111316757231,0,0,1,0,0
oddy,lchaiin,26,24,0.8748817167956745,0,0,2,0,0
oddy,qoy,26,22,0.8200219748423577,0,0,1,1,0
oddy,shes,26,22,0.7161144605016656,0,0,1,0,0
oddy,okchey,26,32,0.8621078002026293,0,0,1,1,0
oddy,oleedy,26,26,0.8525004625112271,0,0,2,2,0
oddy,ody,26,28,0.8409242851300802,0,1,1,2,0
oddy,ykar,26,21,0.79413911521003,0,0,0,0,0
oddy,dleo,26,22,0.7590351749883475,0,0,0,0,0
oddy,dleeol,26,22,0.850008570691144,0,0,2,0,0
oddy,qokeor,26,20,0.8466365580926213,0,0,2,0,1
oddy,olkchdy,26,21,0.8306678783289934,0,0,2,2,0
oddy,chal,26,29,0.7818233509152759,0,0,1,0,0
oddy,tchaiin,26,21,0.8746488413727089,0,0,2,0,0
oddy,qokeody,26,21,0.8603364406496177,0,0,3,2,1
oddy,ldy,26,21,0.8299585031122406,0,0,1,2,0
oddy,laiin,26,37,0.8744601908395082,0,0,1,0,0
oddy,schdy,26,21,0.8817889503851923,1,0,0,2,0
oddy,sheckhy,26,39,0.8786927709829591,0,0,0,1,0
oddy,cheeor,26,26,0.8405840282302627,0,0,1,0,0
oddy,otedal,26,22,0.8249871418887484,0,0,2,0,0
oddy,lsy,26,22,0.8709020734930851,0,0,1,1,0
oddy,qoko,26,24,0.7602530698804221,0,0,0,0,1
oddy,ytody,26,21,0.8593535693527558,0,0,1,2,0
oddy,chody,26,23,0.8707876126728524,1,0,0,2,0
oddy,kchy,26,24,0.8597350809538332,0,0,1,1,0
oddy,ykal,26,24,0.8186710547907645,0,0,0,0,0
oddy,lsedy,26,28,0.8241849564312386,0,0,1,2,0
oddy,to,26,24,0.8547164826102084,0,0,2,0,0
oddy,pchdy,26,30,0.8771626292110185,1,0,0,2,1
oddy,qoeedy,26,23,0.8566457129059614,0,0,2,2,0
oddy,otor,26,20,0.8754661067034659,0,0,0,0,0
chy,char,43,32,0.8956000194304337,0,0,1,0,0
chy,cheedy,43,73,0.946256472357382,0,0,3,1,0
chy,qoteey,43,92,0.9418690158210129,0,0,4,1,0
chy,tedy,43,38,0.9064382551671982,0,0,2,1,0
chy,lkdy,43,26,0.8632823777419335,0,0,2,1,0
chy,lkedy,43,20,0.9367378946936955,0,0,3,1,0
chy,opchdy,43,23,0.9230475294687638,0,0,3,1,0
chy,okor,43,25,0.8928146892864521,0,0,2,0,0
chy,lkain,43,63,0.9413224824973883,0,0,3,0,0
chy,olkeey,43,94,0.9400081047841717,0,0,4,1,0
chy,qokal,43,215,0.9649042268227315,0,0,3,0,0
chy,chckhey,43,45,0.9260816981772185,0,0,2,1,0
chy,otol,43,40,0.8863578839585418,0,0,2,0,0
chy,qoty,43,21,0.9319948875353306,0,0,2,1,0
chy,kar,43,55,0.944036600093785,0,0,1,0,0
chy,oty,43,68,0.9240660968251381,0,0,1,1,0
chy,tdy,43,32,0.9324427817750555,0,0,1,1,0
chy,ychy,43,21,0.9281292557035465,0,0,1,2,0
chy,otey,43,31,0.9035572148373989,0,0,2,1,0
chy,qotaiin,43,92,0.9532694861451345,0,0,5,0,0
chy,olkain,43,83,0.9428754690890631,0,0,4,0,0
chy,okey,43,27,0.9207162936982325,0,0,2,1,0
chy,kaiin,43,22,0.9137288057980125,0,0,3,0,0
chy,ky,43,30,0.8991247399856911,0,0,0,1,0
chy,qokchy,43,75,0.9515449980633397,0,0,3,2,0
chy,daryeey,43,20,0.7565134625414176,0,0,5,1,0
chy,olkedy,43,35,0.8964403737194767,0,0,4,1,0
chy,qokol,43,106,0.8895205226615627,0,0,3,0,0
chy,shody,43,44,0.8005950111798724,0,0,2,1,0
chy,olkar,43,63,0.9543179808146366,0,0,3,0,0
chy,qotchy,43,20,0.7266658366761993,0,0,3,2,0
chy,taiin,43,49,0.920525980074685,0,0,3,0,0
chy,sham,43,21,0.8729945444057111,0,0,1,0,0
chy,sar,43,43,0.9399151703013128,0,0,1,0,0
chy,lchaiin,43,24,0.9433621512007162,0,0,4,0,0
chy,qoy,43,22,0.8976726515924983,0,0,1,1,1
chy,shes,43,22,0.8378641395474362,0,0,1,0,0
chy,okchey,43,32,0.9431551438952965,0,0,3,1,0
chy,oleedy,43,26,0.9322125908545955,0,0,4,1,0
chy,ody,43,28,0.9138363944363878,0,0,1,1,0
chy,ykar,43,21,0.819213326311356,0,0,2,0,0
chy,dleo,43,22,0.8120585800455026,0,0,2,0,0
chy,dleeol,43,22,0.915001137704133,0,0,4,0,0
chy,qokeor,43,20,0.8553898269449036,0,0,4,0,0
chy,olkchdy,43,21,0.8804710999221752,0,0,4,1,0
chy,chal,43,29,0.8357397776425693,0,0,1,0,0
chy,tchaiin,43,21,0.8967099155714885,0,0,4,0,0
chy,qokeody,43,21,0.9010732756770489,0,0,5,1,0
chy,ldy,43,21,0.8604065445431439,0,0,1,1,0
chy,laiin,43,37,0.9254292196916125,0,0,3,0,0
chy,schdy,43,21,0.9105339317721263,0,0,2,1,0
chy,sheckhy,43,39,0.9459651631278546,0,0,2,1,0
chy,cheeor,43,26,0.8700438492939248,0,0,3,0,0
chy,otedal,43,22,0.8777100824680815,0,0,4,0,0
chy,lsy,43,22,0.9246596014812855,0,0,1,1,0
chy,qoko,43,24,0.770173174937038,0,0,2,0,0
chy,ytody,43,21,0.9219002002961402,0,0,3,1,0
chy,chody,43,23,0.9265127335889215,0,0,2,1,0
chy,kchy,43,24,0.9223405997930965,0,0,1,2,0
chy,ykal,43,24,0.8949864993553572,0,0,2,0,0
chy,lsedy,43,28,0.9169190052697653,0,0,3,1,0
chy,to,43,24,0.86500723518352,0,0,0,0,0
chy,pchdy,43,30,0.9064609836503092,0,0,2,1,0
chy,qoeedy,43,23,0.9330038511495372,0,0,4,1,0
chy,otor,43,20,0.9016569081184135,0,0,2,0,0
char,cheedy,32,73,0.8743662464030327,0,0,2,0,0
char,qoteey,32,92,0.8965031695725755,0,0,3,0,0
char,tedy,32,38,0.8681621041085221,0,0,1,0,0
char,lkdy,32,26,0.8129331666491336,0,0,1,0,0
char,lkedy,32,20,0.9003675719981715,0,0,2,0,0
char,opchdy,32,23,0.8794489133910999,0,0,2,0,0
char,okor,32,25,0.8469940472566347,0,0,1,1,0
char,lkain,32,63,0.9048196357171255,0,0,2,0,0
char,olkeey,32,94,0.8755870464712054,0,0,3,0,0
char,qokal,32,215,0.8970604319642971,0,0,2,0,0
char,chckhey,32,45,0.8684778903391434,0,0,1,0,0
char,otol,32,40,0.8678505383774474,0,0,1,0,0
char,qoty,32,21,0.8696918472654804,0,0,1,0,0
char,kar,32,55,0.9093969970332051,1,0,0,2,0
char,oty,32,68,0.8577266651289057,0,0,0,0,0
char,tdy,32,32,0.9024924189472575,0,0,0,0,0
char,ychy,32,21,0.8655784229010971,0,0,0,0,0
char,otey,32,31,0.8840351928866671,0,0,1,0,0
char,qotaiin,32,92,0.8981081442294784,0,0,4,0,0
char,olkain,32,83,0.8940567832206289,0,0,3,0,0
char,okey,32,27,0.8699743523394461,0,0,1,0,0
char,kaiin,32,22,0.8976656233969147,0,0,2,0,0
char,ky,32,30,0.8553732036374027,0,0,1,0,0
char,qokchy,32,75,0.9027291142428818,0,0,2,0,0
char,daryeey,32,20,0.7301085579702764,0,0,4,0,0
char,olkedy,32,35,0.8408784185698029,0,0,3,0,0
char,qokol,32,106,0.8684493940932335,0,0,2,0,0
char,shody,32,44,0.7842041543830004,0,0,1,0,0
char,olkar,32,63,0.9043624896947885,0,0,2,2,0
char,qotchy,32,20,0.67039109043162,0,0,2,0,0
char,taiin,32,49,0.8730841233134125,0,0,2,0,0
char,sham,32,21,0.8464596765098851,0,0,0,0,0
char,sar,32,43,0.899747657018651,1,0,0,2,0
char,lchaiin,32,24,0.9261982170436855,0,0,3,0,0
char,qoy,32,22,0.9022849170140288,0,0,0,0,0
char,shes,32,22,0.7839826292065176,0,0,0,0,0
char,okchey,32,32,0.8872616833859731,0,0,2,0,0
char,oleedy,32,26,0.8648428650757946,0,0,3,0,0
char,ody,32,28,0.8890705717899744,0,0,0,0,0
char,ykar,32,21,0.8159067235368299,0,0,1,2,0
char,dleo,32,22,0.786490642096157,0,0,1,0,0
char,dleeol,32,22,0.8703351227248495,0,0,3,0,0
char,qokeor,32,20,0.8231256301765945,0,0,3,1,0
char,olkchdy,32,21,0.8212090702544393,0,0,3,0,0
char,chal,32,29,0.7669848375809266,0,1,0,0,0
char,tchaiin,32,21,0.8556930677444794,0,0,3,0,0
char,qokeody,32,21,0.8691746345635665,0,0,4,0,0
char,ldy,32,21,0.8572915338612414,0,0,0,0,0
char,laiin,32,37,0.8979528052737336,0,0,2,0,0
char,schdy,32,21,0.8861526762599381,0,0,1,0,0
char,sheckhy,32,39,0.9021341662333113,0,0,1,0,0
char,cheeor,32,26,0.8177007116185682,0,0,2,1,0
char,otedal,32,22,0.8654305150270879,0,0,3,0,0
char,lsy,32,22,0.879141486289944,0,0,0,0,0
char,qoko,32,24,0.757492597492201,0,0,1,0,0
char,ytody,32,21,0.8796300206754656,0,0,2,0,0
char,chody,32,23,0.8850473917731475,0,0,1,0,0
char,kchy,32,24,0.8452813572748752,0,0,0,0,0
char,ykal,32,24,0.8590728208571864,0,0,1,0,0
char,lsedy,32,28,0.8624987646510915,0,0,2,0,0
char,to,32,24,0.821598507790671,0,0,1,0,0
char,pchdy,32,30,0.8782867296173913,0,0,1,0,0
char,qoeedy,32,23,0.8871800166056344,0,0,3,0,0
char,otor,32,20,0.8517255006030433,0,0,1,1,0
cheedy,qoteey,73,92,0.9561422360257318,0,0,1,1,0
cheedy,tedy,73,38,0.9195328557071671,0,0,1,3,0
cheedy,lkdy,73,26,0.8788089065812422,0,0,1,2,0
cheedy,lkedy,73,20,0.9269795493186431,1,0,0,3,0
cheedy,opchdy,73,23,0.9321897761947453,0,0,0,2,0
cheedy,okor,73,25,0.8964300040753899,0,0,1,0,0
cheedy,lkain,73,63,0.9563028010960154,0,0,0,0,1
cheedy,olkeey,73,94,0.9575438508825231,0,0,1,1,0
cheedy,qokal,73,215,0.9710809139217326,0,0,0,0,0
cheedy,chckhey,73,45,0.9525879231082655,0,0,1,1,1
cheedy,otol,73,40,0.8890256970772931,0,0,1,0,0
cheedy,qoty,73,21,0.9325793218194399,0,0,1,1,0
cheedy,kar,73,55,0.9393319484899241,0,0,2,0,0
cheedy,oty,73,68,0.9418507558668487,0,0,2,1,0
cheedy,tdy,73,32,0.9208437960388813,0,0,2,2,0
cheedy,ychy,73,21,0.9210996228614237,0,0,2,1,0
cheedy,otey,73,31,0.9191623767814013,0,0,1,1,0
cheedy,qotaiin,73,92,0.9608675726747421,0,0,2,0,0
cheedy,olkain,73,83,0.9362719168832515,0,0,1,0,0
cheedy,okey,73,27,0.9330058154174019,0,0,1,1,0
cheedy,kaiin,73,22,0.9069405644956249,0,0,0,0,0
cheedy,ky,73,30,0.9221051288136861,0,0,3,1,0
cheedy,qokchy,73,75,0.9599811272106135,0,0,0,1,0
cheedy,daryeey,73,20,0.7979955426461556,0,0,2,1,0
cheedy,olkedy,73,35,0.937944372106121,0,0,1,3,1
cheedy,qokol,73,106,0.9034917899119259,0,0,0,0,0
cheedy,shody,73,44,0.8310864456172121,0,0,1,2,0
cheedy,olkar,73,63,0.9610630561937652,0,0,0,0,0
cheedy,qotchy,73,20,0.7780565125917336,0,0,0,1,0
cheedy,taiin,73,49,0.9349540136401332,0,0,0,0,0
cheedy,sham,73,21,0.8938099410373536,0,0,2,0,0
cheedy,sar,73,43,0.9413641511730908,0,0,2,0,0
cheedy,lchaiin,73,24,0.9146857393337136,0,0,1,0,0
cheedy,qoy,73,22,0.8719629344207066,0,0,2,1,0
cheedy,shes,73,22,0.8140060698748445,0,0,2,0,0
cheedy,okchey,73,32,0.9411362918913654,0,0,0,1,0
cheedy,oleedy,73,26,0.9339318959385329,0,0,1,4,0
cheedy,ody,73,28,0.9008907023009036,0,0,2,2,0
cheedy,ykar,73,21,0.8252007616286362,0,0,1,0,0
cheedy,dleo,73,22,0.8248769970761718,0,0,1,0,0
cheedy,dleeol,73,22,0.9258240344681368,0,0,1,0,0
cheedy,qokeor,73,20,0.8622800885911542,0,0,1,0,0
cheedy,olkchdy,73,21,0.9122719471035012,0,0,1,2,0
cheedy,chal,73,29,0.8664185192227931,0,0,2,0,0
cheedy,tchaiin,73,21,0.8975030714594606,0,0,1,0,0
cheedy,qokeody,73,21,0.9082721440035826,0,0,2,2,0
cheedy,ldy,73,21,0.8485919371680082,0,0,2,2,0
cheedy,laiin,73,37,0.9179056582289634,0,0,0,0,0
cheedy,schdy,73,21,0.9145441785285516,0,0,1,2,0
cheedy,sheckhy,73,39,0.9486896813311652,0,0,1,1,0
cheedy,cheeor,73,26,0.8973724174717528,0,1,0,0,0
cheedy,otedal,73,22,0.8593950431171432,0,0,1,0,0
cheedy,lsy,73,22,0.9308980406289983,0,0,2,1,0
cheedy,qoko,73,24,0.7543141412549376,0,0,1,0,0
cheedy,ytody,73,21,0.9224287709463608,0,0,0,2,0
cheedy,chody,73,23,0.9197090092274487,0,0,1,2,0
cheedy,kchy,73,24,0.9451400358076033,0,0,2,1,0
cheedy,ykal,73,24,0.8739851061795332,0,0,1,0,0
cheedy,lsedy,73,28,0.8996925989855526,1,0,0,3,0
cheedy,to,73,24,0.8812375620115787,0,0,3,0,0
cheedy,pchdy,73,30,0.9217760317081254,0,0,1,2,0
cheedy,qoeedy,73,23,0.9210032959584281,0,0,1,4,0
cheedy,otor,73,20,0.9093642890548391,0,0,1,0,0
qoteey,tedy,92,38,0.9250185148895566,0,0,2,1,0
qoteey,lkdy,92,26,0.8866649470757095,0,0,2,1,0
qoteey,lkedy,92,20,0.9308136242020906,0,0,1,1,0
qoteey,opchdy,92,23,0.9463790594008589,0,0,1,1,0
qoteey,okor,92,25,0.8889288854916367,0,0,2,0,0
qoteey,lkain,92,63,0.960540774965627,0,0,1,0,0
qoteey,olkeey,92,94,0.9631132646319099,0,0,0,3,1
qoteey,qokal,92,215,0.9623427281427515,0,1,1,0,0
qoteey,chckhey,92,45,0.9454233270535156,0,0,2,2,0
qoteey,otol,92,40,0.8902969416254726,0,0,2,0,0
qoteey,qoty,92,21,0.9340479686312095,0,1,2,1,0
qoteey,kar,92,55,0.9491584109856123,0,0,3,0,0
qoteey,oty,92,68,0.94056188725437,0,0,3,1,0
qoteey,tdy,92,32,0.9319463974133453,0,0,3,1,0
qoteey,ychy,92,21,0.9195692235262118,0,0,3,1,0
qoteey,otey,92,31,0.9129679263669507,0,0,2,2,0
qoteey,qotaiin,92,92,0.9635607067153592,0,1,1,0,0
qoteey,olkain,92,83,0.952304729321625,0,0,0,0,0
qoteey,okey,92,27,0.9301425887370596,0,0,2,2,0
qoteey,kaiin,92,22,0.9193197060040549,0,0,1,0,0
qoteey,ky,92,30,0.9243722445381759,0,0,4,1,0
qoteey,qokchy,92,75,0.9560368336927533,0,1,1,1,0
qoteey,daryeey,92,20,0.7777606016176432,0,0,1,3,0
qoteey,olkedy,92,35,0.907913429534711,0,0,0,1,0
qoteey,qokol,92,106,0.9062078901363048,0,1,1,0,0
qoteey,shody,92,44,0.822746586211779,0,0,2,1,0
qoteey,olkar,92,63,0.9612004146859265,0,0,1,0,0
qoteey,qotchy,92,20,0.7705254620221217,0,1,1,1,0
qoteey,taiin,92,49,0.9511348713339852,0,0,1,0,0
qoteey,sham,92,21,0.9004385826702498,0,0,3,0,0
qoteey,sar,92,43,0.946161028615346,0,0,3,0,0
qoteey,lchaiin,92,24,0.9307884423402474,0,0,0,0,0
qoteey,qoy,92,22,0.8897561389159867,0,1,3,1,0
qoteey,shes,92,22,0.7897795449903385,0,0,3,0,0
qoteey,okchey,92,32,0.9486733275110548,0,0,1,2,0
qoteey,oleedy,92,26,0.9209463419667328,0,0,0,1,0
qoteey,ody,92,28,0.911982667063458,0,0,3,1,0
qoteey,ykar,92,21,0.8268514741224579,0,0,2,0,0
qoteey,dleo,92,22,0.8494023340694038,0,0,2,0,0
qoteey,dleeol,92,22,0.918393685536169,0,0,0,0,0
qoteey,qokeor,92,20,0.8771508941865953,0,1,0,0,0
qoteey,olkchdy,92,21,0.8847123401022802,0,0,0,1,0
qoteey,chal,92,29,0.8385562486471106,0,0,3,0,0
qoteey,tchaiin,92,21,0.9127615056002205,0,0,0,0,0
qoteey,qokeody,92,21,0.8965955467486704,0,1,1,1,0
qoteey,ldy,92,21,0.8731997351877095,0,0,3,1,0
qoteey,laiin,92,37,0.9425595752123745,0,0,1,0,0
qoteey,schdy,92,21,0.9370202822598988,0,0,2,1,0
qoteey,sheckhy,92,39,0.9573001136515826,0,0,2,1,0
qoteey,cheeor,92,26,0.872525349002919,0,0,1,0,0
qoteey,otedal,92,22,0.8883139022018886,0,0,0,0,0
qoteey,lsy,92,22,0.9281595551319125,0,0,3,1,0
qoteey,qoko,92,24,0.7613000324456217,0,1,2,0,0
qoteey,ytody,92,21,0.9457276478278328,0,0,1,1,0
qoteey,chody,92,23,0.9282266634966179,0,0,2,1,0
qoteey,kchy,92,24,0.9200754830992314,0,0,3,1,0
qoteey,ykal,92,24,0.8938796919641252,0,0,2,0,0
qoteey,lsedy,92,28,0.9177455456232062,0,0,1,1,0
qoteey,to,92,24,0.8823957815003531,0,0,4,0,0
qoteey,pchdy,92,30,0.9278816981007357,0,0,2,1,0
qoteey,qoeedy,92,23,0.9245195930536916,0,1,0,1,0
qoteey,otor,92,20,0.9124766317080566,0,0,2,0,0
tedy,lkdy,38,26,0.9328652098988901,1,0,0,2,0
tedy,lkedy,38,20,0.9046273689213564,0,0,1,3,0
tedy,opchdy,38,23,0.9243007200945318,0,0,1,2,0
tedy,okor,38,25,0.8378928543723208,0,0,0,0,0
tedy,lkain,38,63,0.934079491479648,0,0,1,0,0
tedy,olkeey,38,94,0.9555405579210082,0,0,2,1,0
tedy,qokal,38,215,0.9411828026875257,0,0,1,0,0
tedy,chckhey,38,45,0.9364745818943937,0,0,0,1,0
tedy,otol,38,40,0.8470977950848798,0,0,0,0,0
tedy,qoty,38,21,0.9510178198349003,0,0,0,1,0
tedy,kar,38,55,0.9102601476052101,0,0,1,0,0
tedy,oty,38,68,0.939045713212385,0,0,1,1,0
tedy,tdy,38,32,0.8950467314840641,0,0,1,2,0
tedy,ychy,38,21,0.9299300179393751,0,0,1,1,0
tedy,otey,38,31,0.8845209475816732,0,0,0,1,0
tedy,qotaiin,38,92,0.9280249666464537,0,0,3,0,0
tedy,olkain,38,83,0.9286404339413167,0,0,2,0,0
tedy,okey,38,27,0.9112604915463182,0,0,0,1,0
tedy,kaiin,38,22,0.9112179204023626,0,0,1,0,0
tedy,ky,38,30,0.9542781800098786,0,0,2,1,0
tedy,qokchy,38,75,0.9208946217625607,0,0,1,1,0
tedy,daryeey,38,20,0.7601030605085424,0,0,3,1,0
tedy,olkedy,38,35,0.9137346543464236,0,0,2,3,0
tedy,qokol,38,106,0.8727741424467611,0,0,1,0,0
tedy,shody,38,44,0.7633700367119738,1,0,0,2,0
tedy,olkar,38,63,0.9408577026893435,0,0,1,0,0
tedy,qotchy,38,20,0.7763561862758204,0,0,1,1,0
tedy,taiin,38,49,0.9311315979452597,0,0,1,0,0
tedy,sham,38,21,0.8587298088887324,0,0,1,0,0
tedy,sar,38,43,0.9291714922019578,0,0,1,0,0
tedy,lchaiin,38,24,0.8846462122584992,0,0,2,0,0
tedy,qoy,38,22,0.8366875305554822,0,0,1,1,0
tedy,shes,38,22,0.7079809214205337,0,0,1,0,0
tedy,okchey,38,32,0.8808011003076442,0,0,1,1,0
tedy,oleedy,38,26,0.923599093793876,0,0,2,3,0
tedy,ody,38,28,0.8630800105548353,0,0,1,2,0
tedy,ykar,38,21,0.8408295930070604,0,0,0,0,0
tedy,dleo,38,22,0.7483118201905149,0,0,0,0,0
tedy,dleeol,38,22,0.8838752608456077,0,0,2,0,0
tedy,qokeor,38,20,0.8833776071944697,0,0,2,0,0
tedy,olkchdy,38,21,0.8627936039927862,0,0,2,2,0
tedy,chal,38,29,0.8754104448666038,0,0,1,0,0
tedy,tchaiin,38,21,0.9432969418192656,0,0,2,0,0
tedy,qokeody,38,21,0.8461056080480502,0,0,3,2,0
tedy,ldy,38,21,0.8511321511381731,0,0,1,2,0
tedy,laiin,38,37,0.8958667955172697,0,0,1,0,0
tedy,schdy,38,21,0.9243961254361203,1,0,0,2,0
tedy,sheckhy,38,39,0.9328097318832317,0,0,0,1,0
tedy,cheeor,38,26,0.9116354187341821,0,0,1,0,0
tedy,otedal,38,22,0.8275180672717638,0,0,2,0,0
tedy,lsy,38,22,0.8989561496475935,0,0,1,1,0
tedy,qoko,38,24,0.6798954184158842,0,0,0,0,0
tedy,ytody,38,21,0.9171912505703426,0,0,1,2,0
tedy,chody,38,23,0.9323174727031689,1,0,0,2,0
tedy,kchy,38,24,0.9357365690991826,0,0,1,1,0
tedy,ykal,38,24,0.8661229449359342,0,0,0,0,0
tedy,lsedy,38,28,0.8760356774754243,0,0,1,3,0
tedy,to,38,24,0.922179348156897,0,0,2,0,0
tedy,pchdy,38,30,0.9303019815736863,1,0,0,2,0
tedy,qoeedy,38,23,0.8961464542465094,0,0,2,3,0
tedy,otor,38,20,0.9171675276361624,0,0,0,0,0
lkdy,lkedy,26,20,0.8568244888753123,0,1,1,2,0
lkdy,opchdy,26,23,0.8958550585764656,0,0,1,2,0
lkdy,okor,26,25,0.7999130484405719,0,0,0,0,0
lkdy,lkain,26,63,0.8803440068575364,0,1,1,0,0
lkdy,olkeey,26,94,0.9178406143695428,0,0,2,1,0
lkdy,qokal,26,215,0.8942632889688501,0,0,1,0,0
lkdy,chckhey,26,45,0.8981272656556171,0,0,0,1,0
lkdy,otol,26,40,0.8021771127496216,0,0,0,0,0
lkdy,qoty,26,21,0.910431593534631,0,0,0,1,0
lkdy,kar,26,55,0.8661110129907071,0,0,1,0,0
lkdy,oty,26,68,0.9078688108060565,0,0,1,1,0
lkdy,tdy,26,32,0.8234430230295592,0,0,1,2,0
lkdy,ychy,26,21,0.8972424572991684,0,0,1,1,0
lkdy,otey,26,31,0.8342245989304813,0,0,0,1,0
lkdy,qotaiin,26,92,0.8879397101250271,0,0,3,0,0
lkdy,olkain,26,83,0.8902138971954692,0,0,2,0,0
lkdy,okey,26,27,0.8620962611049893,0,0,0,1,0
lkdy,kaiin,26,22,0.8684793886838837,0,0,1,0,0
lkdy,ky,26,30,0.9380360592503084,0,0,2,1,0
lkdy,qokchy,26,75,0.8690757970129064,0,0,1,1,0
lkdy,daryeey,26,20,0.7232255465632386,0,0,3,1,0
lkdy,olkedy,26,35,0.8814976935276294,0,0,2,2,0
lkdy,qokol,26,106,0.8307498679560188,0,0,1,0,0
lkdy,shody,26,44,0.7215787473918257,1,0,0,2,0
lkdy,olkar,26,63,0.9010959271616693,0,0,1,0,0
lkdy,qotchy,26,20,0.7413761139162773,0,0,1,1,0
lkdy,taiin,26,49,0.8881388722278578,0,0,1,0,0
lkdy,sham,26,21,0.814618279426917,0,0,1,0,0
lkdy,sar,26,43,0.8967765995212583,0,0,1,0,0
lkdy,lchaiin,26,24,0.8259626504033695,0,0,2,0,0
lkdy,qoy,26,22,0.7900781724668423,0,0,1,1,0
lkdy,shes,26,22,0.6499691477663601,0,0,1,0,0
lkdy,okchey,26,32,0.8382255722735493,0,0,1,1,0
lkdy,oleedy,26,26,0.8761721386241096,0,0,2,2,0
lkdy,ody,26,28,0.8003267306650412,0,0,1,2,0
lkdy,ykar,26,21,0.7977380008521375,0,0,0,0,0
lkdy,dleo,26,22,0.7127948654452296,0,0,0,0,0
lkdy,dleeol,26,22,0.8337850618288003,0,0,2,0,0
lkdy,qokeor,26,20,0.8548427895955794,0,0,2,0,0
lkdy,olkchdy,26,21,0.8316493680753225,0,0,2,2,0
lkdy,chal,26,29,0.855938086852752,0,0,1,0,0
lkdy,tchaiin,26,21,0.9095323018494956,0,0,2,0,0
lkdy,qokeody,26,21,0.794525899763917,0,0,3,2,0
lkdy,ldy,26,21,0.8173746007826166,0,0,1,2,0
lkdy,laiin,26,37,0.8366616852513348,0,0,1,0,0
lkdy,schdy,26,21,0.8871643460141887,1,0,0,2,0
lkdy,sheckhy,26,39,0.9015258029370351,0,0,0,1,0
lkdy,cheeor,26,26,0.8956221510397981,0,0,1,0,0
lkdy,otedal,26,22,0.7601740569460036,0,0,2,0,0
lkdy,lsy,26,22,0.8496676471088793,0,0,1,1,0
lkdy,qoko,26,24,0.642885192476092,0,0,0,0,0
lkdy,ytody,26,21,0.8813901170642008,0,0,1,2,0
lkdy,chody,26,23,0.9028401851723421,1,0,0,2,0
lkdy,kchy,26,24,0.9012403339418281,0,0,1,1,0
lkdy,ykal,26,24,0.8227442607635429,0,0,0,0,0
lkdy,lsedy,26,28,0.8270753600892521,0,0,1,2,0
lkdy,to,26,24,0.8772334018423881,0,0,2,0,0
lkdy,pchdy,26,30,0.9142296396935344,1,0,0,2,0
lkdy,qoeedy,26,23,0.84474884396307,0,0,2,2,0
lkdy,otor,26,20,0.86765664539531,0,0,0,0,0
lkedy,opchdy,20,23,0.912486678327727,0,0,0,2,0
lkedy,okor,20,25,0.8646889512429636,0,0,1,0,0
lkedy,lkain,20,63,0.9316796008930528,0,1,0,0,0
lkedy,olkeey,20,94,0.9202543783758891,0,0,1,1,0
lkedy,qokal,20,215,0.9393628813685547,0,0,0,0,0
lkedy,chckhey,20,45,0.8956369979261554,0,0,1,1,0
lkedy,otol,20,40,0.8717486739032527,0,0,1,0,0
lkedy,qoty,20,21,0.913717355809759,0,0,1,1,0
lkedy,kar,20,55,0.9322908634236813,0,0,2,0,0
lkedy,oty,20,68,0.9059740430546361,0,0,2,1,0
lkedy,tdy,20,32,0.9224906563152881,0,0,2,2,0
lkedy,ychy,20,21,0.9012760973486355,0,0,2,1,0
lkedy,otey,20,31,0.8740991761510242,0,0,1,1,0
lkedy,qotaiin,20,92,0.9445134986916952,0,0,2,0,0
lkedy,olkain,20,83,0.9288197346034957,0,0,1,0,0
lkedy,okey,20,27,0.9014464671197656,0,0,1,1,0
lkedy,kaiin,20,22,0.9034339397008292,0,0,0,0,0
lkedy,ky,20,30,0.8916451401205645,0,0,3,1,0
lkedy,qokchy,20,75,0.9259839860248339,0,0,0,1,0
lkedy,daryeey,20,20,0.726843784311631,0,0,2,1,0
lkedy,olkedy,20,35,0.87036005714456,0,0,1,5,0
lkedy,qokol,20,106,0.8731509605949584,0,0,0,0,0
lkedy,shody,20,44,0.7860803546001089,0,0,1,2,0
lkedy,olkar,20,63,0.9311851501111384,0,0,0,0,0
lkedy,qotchy,20,20,0.6943650748294136,0,0,0,1,0
lkedy,taiin,20,49,0.9090913434274447,0,0,0,0,0
lkedy,sham,20,21,0.8712960798524424,0,0,2,0,0
lkedy,sar,20,43,0.9238200211991682,0,0,2,0,0
lkedy,lchaiin,20,24,0.932249406020972,0,0,1,0,0
lkedy,qoy,20,22,0.887942824914679,0,0,2,1,0
lkedy,shes,20,22,0.8185932669579324,0,0,2,0,0
lkedy,okchey,20,32,0.9246766382305934,0,0,0,1,0
lkedy,oleedy,20,26,0.9071428571428571,0,0,1,3,0
lkedy,ody,20,28,0.9031932388451137,0,0,2,2,0
lkedy,ykar,20,21,0.8173163110943966,0,0,1,0,0
lkedy,dleo,20,22,0.7915148550925031,0,0,1,0,0
lkedy,dleeol,20,22,0.8901842605431278,0,0,1,0,0
lkedy,qokeor,20,20,0.8354454287302778,0,0,1,0,0
lkedy,olkchdy,20,21,0.8518952085958527,0,0,1,2,0
lkedy,chal,20,29,0.8083836241852822,0,0,2,0,0
lkedy,tchaiin,20,21,0.8867402797509082,0,0,1,0,0
lkedy,qokeody,20,21,0.9014434652418793,0,0,2,2,0
lkedy,ldy,20,21,0.851569863767332,0,0,2,2,0
lkedy,laiin,20,37,0.9198988276915752,0,0,0,0,0
lkedy,schdy,20,21,0.9110887437913125,0,0,1,2,0
lkedy,sheckhy,20,39,0.9310646826611829,0,0,1,1,0
lkedy,cheeor,20,26,0.8602411760386625,0,0,0,0,0
lkedy,otedal,20,22,0.8844962207345822,0,0,1,0,0
lkedy,lsy,20,22,0.9142324078276748,0,0,2,1,0
lkedy,qoko,20,24,0.7648535979339954,0,0,1,0,0
lkedy,ytody,20,21,0.9012760973486355,0,0,0,2,0
lkedy,chody,20,23,0.9085684447337192,0,0,1,2,0
lkedy,kchy,20,24,0.9010008076340125,0,0,2,1,0
lkedy,ykal,20,24,0.8874234007551256,0,0,1,0,0
lkedy,lsedy,20,28,0.8940780099633802,1,0,0,3,0
lkedy,to,20,24,0.842650152708397,0,0,3,0,0
lkedy,pchdy,20,30,0.894238478508945,0,0,1,2,0
lkedy,qoeedy,20,23,0.915019788105473,0,0,1,3,0
lkedy,otor,20,20,0.8802335635350577,0,0,1,0,0
opchdy,okor,23,25,0.8763959075455965,0,0,1,0,0
opchdy,lkain,23,63,0.9504754928036715,0,0,0,0,0
opchdy,olkeey,23,94,0.9465111695799401,0,0,1,1,0
opchdy,qokal,23,215,0.9476205619223049,0,0,0,0,0
opchdy,chckhey,23,45,0.9308930912559129,0,0,1,1,0
opchdy,otol,23,40,0.8664907711861879,0,0,1,0,0
opchdy,qoty,23,21,0.9325192712476468,0,0,1,1,0
opchdy,kar,23,55,0.9352778871441807,0,0,2,0,0
opchdy,oty,23,68,0.9323750875190143,0,0,2,1,0
opchdy,tdy,23,32,0.9230273137085562,0,0,2,2,0
opchdy,ychy,23,21,0.9169385496405236,0,0,2,1,0
opchdy,otey,23,31,0.9016912478831528,0,0,1,1,0
opchdy,qotaiin,23,92,0.9474374608502568,0,0,2,0,0
opchdy,olkain,23,83,0.9398078223639177,0,0,1,0,0
opchdy,okey,23,27,0.9205989975268287,0,0,1,1,0
opchdy,kaiin,23,22,0.9033470919461348,0,0,0,0,0
opchdy,ky,23,30,0.9217600161818765,0,0,3,1,0
opchdy,qokchy,23,75,0.9473491543993543,0,0,0,1,0
opchdy,daryeey,23,20,0.7618983684871473,0,0,2,1,0
opchdy,olkedy,23,35,0.8911259656448984,0,0,1,2,0
opchdy,qokol,23,106,0.8885859567742262,0,0,0,0,0
opchdy,shody,23,44,0.7958852612816124,0,0,1,2,0
opchdy,olkar,23,63,0.9524624021284548,0,0,0,0,0
opchdy,qotchy,23,20,0.7548107877558281,0,0,0,1,0
opchdy,taiin,23,49,0.932958234847432,0,0,0,0,0
opchdy,sham,23,21,0.8762863817349489,0,0,2,0,0
opchdy,sar,23,43,0.9440339480239845,0,0,2,0,0
opchdy,lchaiin,23,24,0.923149884305689,0,0,1,0,0
opchdy,qoy,23,22,0.8702866361463216,0,0,2,1,0
opchdy,shes,23,22,0.7722093919379498,0,0,2,0,0
opchdy,okchey,23,32,0.9245441069505375,0,0,0,1,0
opchdy,oleedy,23,26,0.9170114056582777,0,0,1,2,0
opchdy,ody,23,28,0.8961375295412422,0,0,2,2,0
opchdy,ykar,23,21,0.8551703620889403,0,0,1,0,0
opchdy,dleo,23,22,0.814386129875576,0,0,1,0,0
opchdy,dleeol,23,22,0.8994256905678225,0,0,1,0,0
opchdy,qokeor,23,20,0.8761182604214071,0,0,1,0,0
opchdy,olkchdy,23,21,0.8794183764403314,0,0,1,3,0
opchdy,chal,23,29,0.825442657106899,0,0,2,0,0
opchdy,tchaiin,23,21,0.9173800699418565,0,0,1,0,0
opchdy,qokeody,23,21,0.8671196657364743,0,0,2,2,0
opchdy,ldy,23,21,0.8593628415865412,0,0,2,2,0
opchdy,laiin,23,37,0.9154526027716843,0,0,0,0,0
opchdy,schdy,23,21,0.9176434719487233,0,0,1,3,0
opchdy,sheckhy,23,39,0.9476566132667459,0,0,1,1,0
opchdy,cheeor,23,26,0.8699330086221846,0,0,0,0,0
opchdy,otedal,23,22,0.865016211163359,0,0,1,0,0
opchdy,lsy,23,22,0.9169579402816962,0,0,2,1,0
opchdy,qoko,23,24,0.7401276941091842,0,0,1,0,0
opchdy,ytody,23,21,0.93077913152189,0,0,0,2,0
opchdy,chody,23,23,0.9270086119585458,0,0,1,2,0
opchdy,kchy,23,24,0.9204183548183448,0,0,2,1,0
opchdy,ykal,23,24,0.8712831554670268,0,0,1,0,0
opchdy,lsedy,23,28,0.9026430856345464,0,0,0,2,0
opchdy,to,23,24,0.899579624075717,0,0,3,0,0
opchdy,pchdy,23,30,0.9225103372619379,0,0,1,4,0
opchdy,qoeedy,23,23,0.928016705229177,0,0,1,2,0
opchdy,otor,23,20,0.915628634424647,0,0,1,0,0
okor,lkain,25,63,0.901153313640909,0,0,1,0,0
okor,olkeey,25,94,0.8751560631600506,0,0,2,0,0
okor,qokal,25,215,0.9204418067159857,0,0,1,0,0
okor,chckhey,25,45,0.8614661102235515,0,0,0,0,0
okor,otol,25,40,0.8236550440731997,0,0,0,0,0
okor,qoty,25,21,0.8814612480791406,0,0,0,0,0
okor,kar,25,55,0.8965883085517976,0,0,1,1,0
okor,oty,25,68,0.865468288044812,0,0,1,0,0
okor,tdy,25,32,0.8971651128347827,0,0,1,0,0
okor,ychy,25,21,0.8562343083543749,0,0,1,0,0
okor,otey,25,31,0.8715005975228021,0,0,0,0,0
okor,qotaiin,25,92,0.8915051218184284,0,0,3,0,0
okor,olkain,25,83,0.885127612024008,0,0,2,0,0
okor,okey,25,27,0.8831199460176161,0,1,0,0,0
okor,kaiin,25,22,0.861336814648831,0,0,1,0,0
okor,ky,25,30,0.8346476717632633,0,0,2,0,0
okor,qokchy,25,75,0.904225425326645,0,0,1,0,0
okor,daryeey,25,20,0.748346093632168,0,0,3,0,0
okor,olkedy,25,35,0.8471246291424722,0,0,2,0,0
okor,qokol,25,106,0.8514295767595723,0,0,1,0,0
okor,shody,25,44,0.7707193162642351,0,0,0,0,0
okor,olkar,25,63,0.9115507969890265,0,0,1,1,0
okor,qotchy,25,20,0.683463912742634,0,0,1,0,0
okor,taiin,25,49,0.8683023109015285,0,0,1,0,0
okor,sham,25,21,0.825772684828714,0,0,1,0,0
okor,sar,25,43,0.8897944886048819,0,0,1,1,0
okor,lchaiin,25,24,0.8977703938568498,0,0,2,0,0
okor,qoy,25,22,0.8512672788794144,0,0,1,0,0
okor,shes,25,22,0.7853455071395624,0,0,1,0,0
okor,okchey,25,32,0.8875246566506884,0,1,1,0,0
okor,oleedy,25,26,0.8461886294954397,0,0,2,0,0
okor,ody,25,28,0.8802192354767611,0,0,1,0,0
okor,ykar,25,21,0.7527927071268569,0,0,0,1,0
okor,dleo,25,22,0.7822096489160139,0,0,0,0,0
okor,dleeol,25,22,0.8769028133059115,0,0,2,0,0
okor,qokeor,25,20,0.8082045096977717,0,0,2,2,0
okor,olkchdy,25,21,0.8376848943884774,0,0,2,0,0
okor,chal,25,29,0.7427536231884058,0,0,1,0,0
okor,tchaiin,25,21,0.825607006069624,0,0,2,0,0
okor,qokeody,25,21,0.8527019614588209,0,0,3,0,0
okor,ldy,25,21,0.836909143712898,0,0,1,0,0
okor,laiin,25,37,0.8762934875457705,0,0,1,0,0
okor,schdy,25,21,0.8554675104524847,0,0,0,0,0
okor,sheckhy,25,39,0.8890320617800307,0,0,0,0,0
okor,cheeor,25,26,0.7993052538854533,0,0,1,2,0
okor,otedal,25,22,0.8513495027299355,0,0,2,0,0
okor,lsy,25,22,0.8934789713757791,0,0,1,0,0
okor,qoko,25,24,0.7939992333804207,0,0,0,0,0
okor,ytody,25,21,0.8673063037210262,0,0,1,0,0
okor,chody,25,23,0.8578046579184312,0,0,0,0,0
okor,kchy,25,24,0.8469895538599198,0,0,1,0,0
okor,ykal,25,24,0.8197576684887512,0,0,0,0,0
okor,lsedy,25,28,0.8463640270045352,0,0,1,0,0
okor,to,25,24,0.809226023400999,0,0,2,0,0
okor,pchdy,25,30,0.8561424247972097,0,0,0,0,0
okor,qoeedy,25,23,0.8762539765072639,0,0,2,0,0
okor,otor,25,20,0.880635617844197,1,0,0,2,1
lkain,olkeey,63,94,0.959719422999264,0,0,1,0,0
lkain,qokal,63,215,0.9679106257875707,0,0,0,0,0
lkain,chckhey,63,45,0.9545570205757611,0,0,1,0,1
lkain,otol,63,40,0.8887375671951094,0,0,1,0,0
lkain,qoty,63,21,0.9466848056307449,0,0,1,0,0
lkain,kar,63,55,0.952626617599579,0,0,2,0,0
lkain,oty,63,68,0.9470350057455648,0,0,2,0,0
lkain,tdy,63,32,0.9399007721767556,0,0,2,0,0
lkain,ychy,63,21,0.9249324723031417,0,0,2,0,0
lkain,otey,63,31,0.9440686400617012,0,0,1,0,0
lkain,qotaiin,63,92,0.9709874804731228,0,0,2,2,0
lkain,olkain,63,83,0.953132380493792,0,0,1,5,0
lkain,okey,63,27,0.9541467955488507,0,0,1,0,0
lkain,kaiin,63,22,0.9285118565584437,0,0,0,2,0
lkain,ky,63,30,0.9271472797248166,0,0,3,0,0
lkain,qokchy,63,75,0.9639559544188382,0,0,0,0,0
lkain,daryeey,63,20,0.8024260580367216,0,0,2,0,0
lkain,olkedy,63,35,0.9195747332645018,0,0,1,0,1
lkain,qokol,63,106,0.9060053459311662,0,0,0,0,0
lkain,shody,63,44,0.8139626236277644,0,0,1,0,0
lkain,olkar,63,63,0.9697081909492624,0,0,0,0,0
lkain,qotchy,63,20,0.7905694150420948,0,0,0,0,0
lkain,taiin,63,49,0.9448968563851935,0,0,0,2,0
lkain,sham,63,21,0.9014140826972078,0,0,2,0,0
lkain,sar,63,43,0.9567624197753213,0,0,2,0,0
lkain,lchaiin,63,24,0.9398991934389349,0,0,1,2,0
lkain,qoy,63,22,0.900139404186761,0,0,2,0,0
lkain,shes,63,22,0.7934184205602918,0,0,2,0,0
lkain,okchey,63,32,0.9416080995812568,0,0,0,0,0
lkain,oleedy,63,26,0.9368640700305918,0,0,1,0,0
lkain,ody,63,28,0.9277913395700268,0,0,2,0,0
lkain,ykar,63,21,0.8458333333333333,0,0,1,0,0
lkain,dleo,63,22,0.8667706412319918,0,0,1,0,0
lkain,dleeol,63,22,0.9448463244747184,0,0,1,0,0
lkain,qokeor,63,20,0.8752284242418883,0,0,1,0,0
lkain,olkchdy,63,21,0.8995582281248041,0,0,1,0,0
lkain,chal,63,29,0.8489523594970758,0,0,2,0,0
lkain,tchaiin,63,21,0.9187826872248335,0,0,1,2,0
lkain,qokeody,63,21,0.8997567815346562,0,0,2,0,0
lkain,ldy,63,21,0.8688219599972804,0,0,2,0,0
lkain,laiin,63,37,0.935970975333459,0,0,0,2,0
lkain,schdy,63,21,0.936510178743782,0,0,1,0,0
lkain,sheckhy,63,39,0.9599195001328994,0,0,1,0,0
lkain,cheeor,63,26,0.8959786703810408,0,0,0,0,0
lkain,otedal,63,22,0.8824878983740791,0,0,1,0,0
lkain,lsy,63,22,0.9340213238108289,0,0,2,0,0
lkain,qoko,63,24,0.7681706886470948,0,0,1,0,0
lkain,ytody,63,21,0.9431232773560023,0,0,0,0,0
lkain,chody,63,23,0.9359709753334591,0,0,1,0,0
lkain,kchy,63,24,0.9329823283935752,0,0,2,0,0
lkain,ykal,63,24,0.9016451714236122,0,0,1,0,0
lkain,lsedy,63,28,0.9089998557232658,0,0,0,0,0
lkain,to,63,24,0.8926797491613896,0,0,3,0,0
lkain,pchdy,63,30,0.9197030273607809,0,0,1,0,0
lkain,qoeedy,63,23,0.9437686096014172,0,0,1,0,0
lkain,otor,63,20,0.9272894829859823,0,0,1,0,0
olkeey,qokal,94,215,0.9708864739650293,0,0,1,0,0
olkeey,chckhey,94,45,0.9637646649957354,0,0,2,2,0
olkeey,otol,94,40,0.878528689856195,0,0,2,0,0
olkeey,qoty,94,21,0.9538284629680612,0,0,2,1,0
olkeey,kar,94,55,0.9346763216470987,0,0,3,0,0
olkeey,oty,94,68,0.9554921772434756,0,0,3,1,0
olkeey,tdy,94,32,0.9231785551288103,0,0,3,1,0
olkeey,ychy,94,21,0.9384258590077035,0,0,3,1,0
olkeey,otey,94,31,0.9144692989815922,0,0,2,2,0
olkeey,qotaiin,94,92,0.9648865474457324,0,0,1,0,0
olkeey,olkain,94,83,0.949560279266037,0,1,0,0,0
olkeey,okey,94,27,0.9373224238482037,0,0,2,2,0
olkeey,kaiin,94,22,0.919123116818131,0,0,1,0,0
olkeey,ky,94,30,0.953331932393764,0,0,4,1,0
olkeey,qokchy,94,75,0.9548962491847628,0,0,1,1,0
olkeey,daryeey,94,20,0.7773269985322288,0,0,1,3,0
olkeey,olkedy,94,35,0.9387294934532134,0,1,0,1,0
olkeey,qokol,94,106,0.9046756267472159,0,0,1,0,0
olkeey,shody,94,44,0.8045601595415913,0,0,2,1,0
olkeey,olkar,94,63,0.9683888354165986,0,1,1,0,0
olkeey,qotchy,94,20,0.8061696308886065,0,0,1,1,0
olkeey,taiin,94,49,0.955288875907,0,0,1,0,0
olkeey,sham,94,21,0.8882948740738972,0,0,3,0,0
olkeey,sar,94,43,0.95321070638828,0,0,3,0,0
olkeey,lchaiin,94,24,0.90890136400768,0,0,0,0,0
olkeey,qoy,94,22,0.8687680901118989,0,0,3,1,0
olkeey,shes,94,22,0.757285247049473,0,0,3,0,0
olkeey,okchey,94,32,0.9233777809735473,0,0,1,2,0
olkeey,oleedy,94,26,0.9383327484126224,0,1,0,1,0
olkeey,ody,94,28,0.8952570745622588,0,0,3,1,0
olkeey,ykar,94,21,0.8451482670753209,0,0,2,0,0
olkeey,dleo,94,22,0.8039537489319168,0,0,2,0,0
olkeey,dleeol,94,22,0.916332499551514,0,0,0,0,0
olkeey,qokeor,94,20,0.8945585454535421,0,0,0,0,0
olkeey,olkchdy,94,21,0.9046241462113466,0,1,0,1,0
olkeey,chal,94,29,0.8879105797756118,0,0,3,0,0
olkeey,tchaiin,94,21,0.9470446309233885,0,0,0,0,0
olkeey,qokeody,94,21,0.8784035491377823,0,0,1,1,0
olkeey,ldy,94,21,0.8700785844914919,0,0,3,1,0
olkeey,laiin,94,37,0.9233968336020822,0,0,1,0,0
olkeey,schdy,94,21,0.9422540867851643,0,0,2,1,0
olkeey,sheckhy,94,39,0.9572007516295681,0,0,2,1,0
olkeey,cheeor,94,26,0.9128224225236752,0,0,1,0,0
olkeey,otedal,94,22,0.8585456219680258,0,0,0,0,0
olkeey,lsy,94,22,0.920978577449477,0,0,3,1,0
olkeey,qoko,94,24,0.7129784143344906,0,0,2,0,0
olkeey,ytody,94,21,0.9384258590077035,0,0,1,1,0
olkeey,chody,94,23,0.9442053356131085,0,0,2,1,0
olkeey,kchy,94,24,0.9504322905824175,0,0,3,1,0
olkeey,ykal,94,24,0.8868238960180009,0,0,2,0,0
olkeey,lsedy,94,28,0.9082216590034672,0,0,1,1,0
olkeey,to,94,24,0.927645496292371,0,0,4,0,0
olkeey,pchdy,94,30,0.9434325932095357,0,0,2,1,0
olkeey,qoeedy,94,23,0.9245102087674405,0,0,0,1,0
olkeey,otor,94,20,0.9278690363749893,0,0,2,0,0
qokal,chckhey,215,45,0.9588256400252578,0,0,1,0,0
qokal,otol,215,40,0.8914815576966719,0,0,1,1,0
qokal,qoty,215,21,0.9552794980119911,0,1,1,0,0
qokal,kar,215,55,0.9525309565736906,0,0,2,0,0
qokal,oty,215,68,0.948858287571352,0,0,2,0,0
qokal,tdy,215,32,0.9392135155624431,0,0,2,0,0
qokal,ychy,215,21,0.9453866532433435,0,0,2,0,0
qokal,otey,215,31,0.9334002958059842,0,0,1,0,0
qokal,qotaiin,215,92,0.9717959013921134,0,1,2,0,0
qokal,olkain,215,83,0.9593649432415784,0,0,1,0,0
qokal,okey,215,27,0.9473052268125275,0,0,1,0,0
qokal,kaiin,215,22,0.9263728088080125,0,0,0,0,0
qokal,ky,215,30,0.93806912802009,0,0,3,0,0
qokal,qokchy,215,75,0.9704477130469564,0,1,0,0,0
qokal,daryeey,215,20,0.7845838077867293,0,0,2,0,0
qokal,olkedy,215,35,0.9336645199145605,0,0,1,0,0
qokal,qokol,215,106,0.9081510091590206,0,1,0,1,0
qokal,shody,215,44,0.8151134738154489,0,0,1,0,0
qokal,olkar,215,63,0.9784634432518452,0,0,0,0,0
qokal,qotchy,215,20,0.7727735895161486,0,1,0,0,0
qokal,taiin,215,49,0.9468050852884538,0,0,0,0,0
qokal,sham,215,21,0.8971727199556866,0,0,2,0,0
qokal,sar,215,43,0.9622259231722153,0,0,2,0,0
qokal,lchaiin,215,24,0.9419587998981245,0,0,1,0,0
qokal,qoy,215,22,0.9015552470079226,0,1,2,0,0
qokal,shes,215,22,0.8243406872425292,0,0,2,0,0
qokal,okchey,215,32,0.9497683681836392,0,0,0,0,0
qokal,oleedy,215,26,0.9455387783494437,0,0,1,0,0
qokal,ody,215,28,0.9256143237209297,0,0,2,0,0
qokal,ykar,215,21,0.8315593500133267,0,0,1,0,0
qokal,dleo,215,22,0.8300129955057294,0,0,1,0,0
qokal,dleeol,215,22,0.9340779735293754,0,0,1,1,0
qokal,qokeor,215,20,0.8830330907299827,0,1,1,0,0
qokal,olkchdy,215,21,0.9103694613746548,0,0,1,0,0
qokal,chal,215,29,0.8656104069291377,0,0,2,2,0
qokal,tchaiin,215,21,0.9250780721105911,0,0,1,0,0
qokal,qokeody,215,21,0.9121996303444418,0,1,2,0,0
qokal,ldy,215,21,0.8813850143393115,0,0,2,0,0
qokal,laiin,215,37,0.9433394576429173,0,0,0,0,0
qokal,schdy,215,21,0.9399193758502487,0,0,1,0,0
qokal,sheckhy,215,39,0.9669085514246856,0,0,1,0,0
qokal,cheeor,215,26,0.9048991823858821,0,0,0,0,0
qokal,otedal,215,22,0.8824759621290907,0,0,1,2,0
qokal,lsy,215,22,0.9500353911992153,0,0,2,0,0
qokal,qoko,215,24,0.7667385318056504,0,1,1,0,0
qokal,ytody,215,21,0.9416905281872227,0,0,0,0,0
qokal,chody,215,23,0.9461468879884853,0,0,1,0,0
qokal,kchy,215,24,0.9514168690375318,0,0,2,0,0
qokal,ykal,215,24,0.8932230313094541,0,0,1,3,0
qokal,lsedy,215,28,0.9144871254458595,0,0,0,0,0
qokal,to,215,24,0.8940382749305513,0,0,3,0,0
qokal,pchdy,215,30,0.9331600195800871,0,0,1,0,0
qokal,qoeedy,215,23,0.9418317602377442,0,1,1,0,0
qokal,otor,215,20,0.9232720284772629,0,0,1,0,0
chckhey,otol,45,40,0.8606180833805488,0,0,0,0,0
chckhey,qoty,45,21,0.9399164985488756,0,0,0,1,0
chckhey,kar,45,55,0.9276477019159394,0,0,1,0,0
chckhey,oty,45,68,0.941819089113567,0,0,1,1,0
chckhey,tdy,45,32,0.898691916601816,0,0,1,1,0
chckhey,ychy,45,21,0.9310666171499429,0,0,1,1,0
chckhey,otey,45,31,0.9259223067590792,1,0,0,2,0
chckhey,qotaiin,45,92,0.951374029037816,0,0,3,0,0
chckhey,olkain,45,83,0.9299973383543688,0,0,2,0,0
chckhey,okey,45,27,0.9375409380788866,1,0,0,2,0
chckhey,kaiin,45,22,0.906480984098362,0,0,1,0,0
chckhey,ky,45,30,0.9410290109203231,0,0,2,1,0
chckhey,qokchy,45,75,0.9480400277784772,0,0,1,1,0
chckhey,daryeey,45,20,0.8092484705045339,0,0,3,2,0
chckhey,olkedy,45,35,0.9343590374258567,0,0,2,1,1
chckhey,qokol,45,106,0.8878426257378695,0,0,1,0,0
chckhey,shody,45,44,0.786763471528505,0,0,0,1,0
chckhey,olkar,45,63,0.954858971420228,0,0,1,0,0
chckhey,qotchy,45,20,0.8275823629772916,0,0,1,1,0
chckhey,taiin,45,49,0.9387827248207677,0,0,1,0,0
chckhey,sham,45,21,0.8761993041559235,0,0,1,0,0
chckhey,sar,45,43,0.9393412557023554,0,0,1,0,0
chckhey,lchaiin,45,24,0.9003190940983427,0,0,2,0,0
chckhey,qoy,45,22,0.861901716916729,0,0,1,1,0
chckhey,shes,45,22,0.7537090046997353,0,0,1,0,0
chckhey,okchey,45,32,0.9168445573632397,0,0,1,2,0
chckhey,oleedy,45,26,0.9302054434601473,0,0,2,1,0
chckhey,ody,45,28,0.8897052664550514,0,0,1,1,0
chckhey,ykar,45,21,0.8311163134972892,0,0,0,0,0
chckhey,dleo,45,22,0.8200893861013905,0,0,0,0,0
chckhey,dleeol,45,22,0.9098347979421499,0,0,2,0,0
chckhey,qokeor,45,20,0.8796168920074948,0,0,2,0,0
chckhey,olkchdy,45,21,0.8902849114054995,0,0,2,1,0
chckhey,chal,45,29,0.8776438775516933,0,0,1,0,0
chckhey,tchaiin,45,21,0.9173303326487974,0,0,2,0,0
chckhey,qokeody,45,21,0.8637086278993213,0,0,3,1,0
chckhey,ldy,45,21,0.8591424750219846,0,0,1,1,0
chckhey,laiin,45,37,0.9041146375887946,0,0,1,0,0
chckhey,schdy,45,21,0.9269696093323865,0,0,0,1,0
chckhey,sheckhy,45,39,0.9449337874677245,0,0,0,1,0
chckhey,cheeor,45,26,0.9038751120642607,0,0,1,0,0
chckhey,otedal,45,22,0.8403186017916296,0,0,2,0,0
chckhey,lsy,45,22,0.9111685310881935,0,0,1,1,0
chckhey,qoko,45,24,0.7182202127439248,0,0,0,0,0
chckhey,ytody,45,21,0.9207672076681956,0,0,1,1,0
chckhey,chody,45,23,0.9264729593838809,0,0,0,1,0
chckhey,kchy,45,24,0.9418842862150959,0,0,1,1,0
chckhey,ykal,45,24,0.8652371568387418,0,0,0,0,0
chckhey,lsedy,45,28,0.8938412203519629,0,0,1,1,0
chckhey,to,45,24,0.907612935355608,0,0,2,0,0
chckhey,pchdy,45,30,0.9307950648416542,0,0,0,1,0
chckhey,qoeedy,45,23,0.909300929262119,0,0,2,1,0
chckhey,otor,45,20,0.9084814805220122,0,0,0,0,0
otol,qoty,40,21,0.8658236920932034,0,0,0,0,0
otol,kar,40,55,0.8887514705739505,0,0,1,0,0
otol,oty,40,68,0.867004615240793,0,1,1,0,0
otol,tdy,40,32,0.8721608549814795,0,0,1,0,0
otol,ychy,40,21,0.86094488056456,0,0,1,0,0
otol,otey,40,31,0.8515418581495983,0,1,0,0,0
otol,qotaiin,40,92,0.9007892888081361,0,0,3,0,0
otol,olkain,40,83,0.8845826780107529,0,0,2,0,0
otol,okey,40,27,0.8651980244924335,0,0,0,0,0
otol,kaiin,40,22,0.8586318751054688,0,0,1,0,0
otol,ky,40,30,0.8626028369854484,0,0,2,0,0
otol,qokchy,40,75,0.8919339650159203,0,0,1,0,0
otol,daryeey,40,20,0.7070328916759328,0,0,3,0,0
otol,olkedy,40,35,0.8330556943673288,0,0,2,0,0
otol,qokol,40,106,0.9609185062986575,0,0,1,2,1
otol,shody,40,44,0.9108740184518779,0,0,0,0,1
otol,olkar,40,63,0.8861226314499898,0,0,1,0,0
otol,qotchy,40,20,0.6583518041169629,0,0,1,0,0
otol,taiin,40,49,0.8543111988115184,0,0,1,0,0
otol,sham,40,21,0.8605319978551443,0,0,1,0,0
otol,sar,40,43,0.8894859999975678,0,0,1,0,0
otol,lchaiin,40,24,0.8937508503564584,0,0,2,0,0
otol,qoy,40,22,0.86785514244457,0,0,1,0,0
otol,shes,40,22,0.759493670886076,0,0,1,0,0
otol,okchey,40,32,0.8763371506231373,0,0,1,0,0
otol,oleedy,40,26,0.8632438087920014,0,0,2,0,0
otol,ody,40,28,0.8775227573946768,0,0,1,0,0
otol,ykar,40,21,0.7625531730785413,0,0,0,0,0
otol,dleo,40,22,0.7853681588798868,0,0,0,0,0
otol,dleeol,40,22,0.8444734244115304,0,0,2,2,0
otol,qokeor,40,20,0.8178306318633324,0,0,2,0,0
otol,olkchdy,40,21,0.8419647924193142,0,0,2,0,0
otol,chal,40,29,0.7470359702059253,0,0,1,1,0
otol,tchaiin,40,21,0.836071874944672,0,0,2,0,0
otol,qokeody,40,21,0.8527024147087094,0,0,3,0,0
otol,ldy,40,21,0.8197178269149054,0,0,1,0,0
otol,laiin,40,37,0.8785612873407628,0,0,1,0,0
otol,schdy,40,21,0.8709087496505519,0,0,0,0,0
otol,sheckhy,40,39,0.9055278856356878,0,0,0,0,0
otol,cheeor,40,26,0.7923187410012288,0,0,1,0,0
otol,otedal,40,22,0.8286650818448871,0,1,2,1,0
otol,lsy,40,22,0.8917438607404794,0,0,1,0,0
otol,qoko,40,24,0.7177014006193942,0,0,0,0,0
otol,ytody,40,21,0.8682616925806894,0,0,1,0,0
otol,chody,40,23,0.8676158620602608,0,0,0,0,0
otol,kchy,40,24,0.8395862452965384,0,0,1,0,0
otol,ykal,40,24,0.8420924401694649,0,0,0,1,0
otol,lsedy,40,28,0.854560353029747,0,0,1,0,0
otol,to,40,24,0.8123388629781463,0,0,2,0,0
otol,pchdy,40,30,0.8663395116401168,0,0,0,0,0
otol,qoeedy,40,23,0.8728842328827504,0,0,2,0,0
otol,otor,40,20,0.8467362810230697,0,1,0,0,0
qoty,kar,21,55,0.93092505791742,0,0,1,0,0
qoty,oty,21,68,0.946902148031244,0,0,1,3,1
qoty,tdy,21,32,0.9118599187860553,0,0,1,1,0
qoty,ychy,21,21,0.9398014341712535,0,0,1,1,0
qoty,otey,21,31,0.8927533101650265,0,0,0,1,0
qoty,qotaiin,21,92,0.9443904635376615,0,1,3,0,0
qoty,olkain,21,83,0.9397604156912783,0,0,2,0,0
qoty,okey,21,27,0.9324456483989,0,0,0,1,0
qoty,kaiin,21,22,0.9224683005230176,0,0,1,0,0
qoty,ky,21,30,0.9445563073369929,0,0,2,1,0
qoty,qokchy,21,75,0.9393899230382027,0,1,1,1,0
qoty,daryeey,21,20,0.7692836626302462,0,0,3,1,0
qoty,olkedy,21,35,0.9093104656266497,0,0,2,1,0
qoty,qokol,21,106,0.8864196106687283,0,1,1,0,0
qoty,shody,21,44,0.7803378946296267,0,0,0,1,0
qoty,olkar,21,63,0.9529408371043264,0,0,1,0,0
qoty,qotchy,21,20,0.7621273799950657,0,1,1,1,0
qoty,taiin,21,49,0.9303308431267943,0,0,1,0,0
qoty,sham,21,21,0.8847804709079637,0,0,1,0,0
qoty,sar,21,43,0.9434583584899672,0,0,1,0,0
qoty,lchaiin,21,24,0.9074250459653481,0,0,2,0,0
qoty,qoy,21,22,0.862524917081006,0,1,1,1,0
qoty,shes,21,22,0.7479628753684742,0,0,1,0,0
qoty,okchey,21,32,0.9089400251362274,0,0,1,1,0
qoty,oleedy,21,26,0.9319917029259542,0,0,2,1,0
qoty,ody,21,28,0.8847804709079637,0,0,1,1,0
qoty,ykar,21,21,0.827048813710376,0,0,0,0,0
qoty,dleo,21,22,0.7813707397662862,0,0,0,0,0
qoty,dleeol,21,22,0.904596637743037,0,0,2,0,0
qoty,qokeor,21,20,0.8702656812456213,0,1,2,0,0
qoty,olkchdy,21,21,0.8736977528572243,0,0,2,1,0
qoty,chal,21,29,0.8574525759524715,0,0,1,0,0
qoty,tchaiin,21,21,0.9298907436577393,0,0,2,0,0
qoty,qokeody,21,21,0.8627123398626179,0,1,3,1,0
qoty,ldy,21,21,0.8582614417333025,0,0,1,1,0
qoty,laiin,21,37,0.9077358682991783,0,0,1,0,0
qoty,schdy,21,21,0.9265384469731386,0,0,0,1,0
qoty,sheckhy,21,39,0.9476948800929822,0,0,0,1,0
qoty,cheeor,21,26,0.891524546670487,0,0,1,0,0
qoty,otedal,21,22,0.8456110218369762,0,0,2,0,0
qoty,lsy,21,22,0.9188850201034815,0,0,1,1,0
qoty,qoko,21,24,0.721383971994116,0,1,0,0,0
qoty,ytody,21,21,0.9258266916556958,0,0,1,1,0
qoty,chody,21,23,0.9390936849988085,0,0,0,1,0
qoty,kchy,21,24,0.9354143466934854,0,0,1,1,0
qoty,ykal,21,24,0.8797287469674104,0,0,0,0,0
qoty,lsedy,21,28,0.9024574355813023,0,0,1,1,0
qoty,to,21,24,0.9119472903278922,0,0,2,0,0
qoty,pchdy,21,30,0.9258243764630607,0,0,0,1,0
qoty,qoeedy,21,23,0.9185792034140168,0,1,2,1,0
qoty,otor,21,20,0.9245040790649829,0,0,0,0,0
kar,oty,55,68,0.9322968517638768,0,0,0,0,0
kar,tdy,55,32,0.9375543356248924,0,0,0,0,0
kar,ychy,55,21,0.9114810740054646,0,0,0,0,0
kar,otey,55,31,0.9117759170148217,0,0,1,0,0
kar,qotaiin,55,92,0.9536694044588463,0,0,4,0,0
kar,olkain,55,83,0.9497121311761982,0,0,3,0,0
kar,okey,55,27,0.9256904254890044,0,0,1,0,0
kar,kaiin,55,22,0.924575547432211,0,1,2,0,0
kar,ky,55,30,0.9115062088014518,0,0,1,0,0
kar,qokchy,55,75,0.951134804335557,0,0,2,0,0
kar,daryeey,55,20,0.7834201285844187,0,0,4,0,0
kar,olkedy,55,35,0.8877530318673719,0,0,3,0,0
kar,qokol,55,106,0.9038920351314467,0,0,2,0,0
kar,shody,55,44,0.827036476838141,0,0,1,0,0
kar,olkar,55,63,0.9536077643901955,0,0,2,3,0
kar,qotchy,55,20,0.7364759440925224,0,0,2,0,0
kar,taiin,55,49,0.9216360456498055,0,0,2,0,0
kar,sham,55,21,0.9030986039122277,0,0,0,0,0
kar,sar,55,43,0.9466825119103157,1,0,0,2,0
kar,lchaiin,55,24,0.9446720282879085,0,0,3,0,0
kar,qoy,55,22,0.9142099367669595,0,0,0,0,0
kar,shes,55,22,0.8126396845564186,0,0,0,0,0
kar,okchey,55,32,0.9429632590325527,0,0,2,0,0
kar,oleedy,55,26,0.9204897132537613,0,0,3,0,0
kar,ody,55,28,0.9245481203032635,0,0,0,0,0
kar,ykar,55,21,0.8330444328797446,0,0,1,3,1
kar,dleo,55,22,0.8496152199113333,0,0,1,0,0
kar,dleeol,55,22,0.9181739531078699,0,0,3,0,0
kar,qokeor,55,20,0.8547301471111213,0,0,3,1,0
kar,olkchdy,55,21,0.8708516972514985,0,0,3,0,0
kar,chal,55,29,0.8203960214614275,0,0,0,0,0
kar,tchaiin,55,21,0.8972479867884582,0,0,3,0,0
kar,qokeody,55,21,0.8958042695099705,0,0,4,0,0
kar,ldy,55,21,0.8697388780051616,0,0,0,0,0
kar,laiin,55,37,0.9379116838097323,0,0,2,0,0
kar,schdy,55,21,0.9196487913763979,0,0,1,0,0
kar,sheckhy,55,39,0.943282483416564,0,0,1,0,0
kar,cheeor,55,26,0.8633764144592341,0,0,2,1,0
kar,otedal,55,22,0.8942315216443112,0,0,3,0,0
kar,lsy,55,22,0.9332479753759386,0,0,0,0,0
kar,qoko,55,24,0.7966924244022796,0,0,1,0,0
kar,ytody,55,21,0.9295302041837906,0,0,2,0,0
kar,chody,55,23,0.9318837316342129,0,0,1,0,0
kar,kchy,55,24,0.9053188790295233,0,0,0,0,0
kar,ykal,55,24,0.8851576230514722,0,0,1,0,0
kar,lsedy,55,28,0.9263029435973626,0,0,2,0,0
kar,to,55,24,0.8800737409278234,0,0,1,0,0
kar,pchdy,55,30,0.9100798534446144,0,0,1,0,0
kar,qoeedy,55,23,0.9348311366016524,0,0,3,0,0
kar,otor,55,20,0.9103330008905159,0,0,1,1,0
oty,tdy,68,32,0.9059271974591548,1,0,0,1,0
oty,ychy,68,21,0.9199804481136904,1,0,0,1,0
oty,otey,68,31,0.9078688108060565,0,1,1,1,0
oty,qotaiin,68,92,0.9467834272546053,0,0,4,0,0
oty,olkain,68,83,0.9323144874835223,0,0,3,0,0
oty,okey,68,27,0.9290891995657824,0,0,1,1,0
oty,kaiin,68,22,0.9039357572761353,0,0,2,0,0
oty,ky,68,30,0.9441158756444047,0,0,1,1,0
oty,qokchy,68,75,0.9404739240266144,0,0,2,1,0
oty,daryeey,68,20,0.7930090339549476,0,0,4,1,0
oty,olkedy,68,35,0.9290809848289552,0,0,3,1,0
oty,qokol,68,106,0.8898792472306567,0,0,2,0,0
oty,shody,68,44,0.7990989825473852,0,0,1,1,0
oty,olkar,68,63,0.9472305577640672,0,0,2,0,0
oty,qotchy,68,20,0.8134420293019059,0,0,2,1,0
oty,taiin,68,49,0.9344444134127272,0,0,2,0,0
oty,sham,68,21,0.8859207163815418,0,0,0,0,0
oty,sar,68,43,0.9406190060074751,0,0,0,0,0
oty,lchaiin,68,24,0.9049832263316075,0,0,3,0,0
oty,qoy,68,22,0.864351026787572,1,0,0,1,0
oty,shes,68,22,0.7491686288600001,0,0,0,0,0
oty,okchey,68,32,0.9189322684664681,0,0,2,1,0
oty,oleedy,68,26,0.9217441063262799,0,0,3,1,0
oty,ody,68,28,0.8786590711652997,1,0,0,1,0
oty,ykar,68,21,0.8332588907198353,0,0,1,0,0
oty,dleo,68,22,0.8092381663832664,0,0,1,0,0
oty,dleeol,68,22,0.9116436170050107,0,0,3,0,0
oty,qokeor,68,20,0.8630084977567825,0,0,3,0,0
oty,olkchdy,68,21,0.8870996186654871,0,0,3,1,0
oty,chal,68,29,0.8727167661691404,0,0,0,0,0
oty,tchaiin,68,21,0.9160777842783274,0,0,3,0,0
oty,qokeody,68,21,0.862877738503909,0,0,4,1,0
oty,ldy,68,21,0.8471179248282371,1,0,0,1,0
oty,laiin,68,37,0.9076024252660227,0,0,2,0,0
oty,schdy,68,21,0.9189306047334855,0,0,1,1,0
oty,sheckhy,68,39,0.9411006651173792,0,0,1,1,0
oty,cheeor,68,26,0.8954814818297905,0,0,2,0,0
oty,otedal,68,22,0.8406892323153786,0,1,3,0,0
oty,lsy,68,22,0.915070083063188,1,0,0,1,0
oty,qoko,68,24,0.7193710676083424,0,0,1,0,0
oty,ytody,68,21,0.9229338363901388,0,0,2,1,0
oty,chody,68,23,0.9301036910308113,0,0,1,1,0
oty,kchy,68,24,0.9281076124268532,1,0,0,1,0
oty,ykal,68,24,0.8816980056277955,0,0,1,0,0
oty,lsedy,68,28,0.8862647694627785,0,0,2,1,0
oty,to,68,24,0.9019704761226327,0,0,1,0,0
oty,pchdy,68,30,0.922998854743702,0,0,1,1,0
oty,qoeedy,68,23,0.9102698661159765,0,0,3,1,0
oty,otor,68,20,0.9234743412808528,0,1,1,0,0
tdy,ychy,32,21,0.8898242299511813,1,0,0,1,0
tdy,otey,32,31,0.8964576753178946,0,0,1,1,0
tdy,qotaiin,32,92,0.9387446651874252,0,0,4,0,0
tdy,olkain,32,83,0.9281922995429209,0,0,3,0,0
tdy,okey,32,27,0.9155096366160447,0,0,1,1,0
tdy,kaiin,32,22,0.9037378388935388,0,0,2,0,0
tdy,ky,32,30,0.8710217734166502,0,0,1,1,0
tdy,qokchy,32,75,0.9471510530385892,0,0,2,1,0
tdy,daryeey,32,20,0.7352714416378783,0,0,4,1,0
tdy,olkedy,32,35,0.8608692214641185,0,0,3,2,0
tdy,qokol,32,106,0.8864449822806986,0,0,2,0,0
tdy,shody,32,44,0.812286452938533,0,0,1,2,0
tdy,olkar,32,63,0.9469397168408692,0,0,2,0,0
tdy,qotchy,32,20,0.7208830450720594,0,0,2,1,0
tdy,taiin,32,49,0.9296231263298995,0,0,2,0,0
tdy,sham,32,21,0.8692292221039515,0,0,0,0,0
tdy,sar,32,43,0.9226115765651985,0,0,0,0,0
tdy,lchaiin,32,24,0.9435641951204965,0,0,3,0,0
tdy,qoy,32,22,0.9059288441743483,1,0,0,1,0
tdy,shes,32,22,0.8175532880327285,0,0,0,0,0
tdy,okchey,32,32,0.9249952662006254,0,0,2,1,0
tdy,oleedy,32,26,0.9036215292542936,0,0,3,2,0
tdy,ody,32,28,0.9342735856627505,1,0,0,2,0
tdy,ykar,32,21,0.805629233294362,0,0,1,0,0
tdy,dleo,32,22,0.8222905668727826,0,0,1,0,0
tdy,dleeol,32,22,0.893746911625073,0,0,3,0,0
tdy,qokeor,32,20,0.8558004242796232,0,0,3,0,0
tdy,olkchdy,32,21,0.8531051878511006,0,0,3,2,0
tdy,chal,32,29,0.7838389933188101,0,0,0,0,0
tdy,tchaiin,32,21,0.8866811568683578,0,0,3,0,0
tdy,qokeody,32,21,0.8996109790179179,0,0,4,2,0
tdy,ldy,32,21,0.876457088767614,1,0,0,2,0
tdy,laiin,32,37,0.9348329777560478,0,0,2,0,0
tdy,schdy,32,21,0.8989415101037674,0,0,1,2,0
tdy,sheckhy,32,39,0.9306832396819559,0,0,1,1,0
tdy,cheeor,32,26,0.8129749105158198,0,0,2,0,0
tdy,otedal,32,22,0.8881638089093198,0,0,3,0,0
tdy,lsy,32,22,0.927228751328641,1,0,0,1,0
tdy,qoko,32,24,0.7998728899903207,0,0,1,0,0
tdy,ytody,32,21,0.8994439513560589,0,0,2,2,0
tdy,chody,32,23,0.9045880123057582,0,0,1,2,0
tdy,kchy,32,24,0.8905977406575516,1,0,0,1,0
tdy,ykal,32,24,0.8726617108241094,0,0,1,0,0
tdy,lsedy,32,28,0.9103025285962498,0,0,2,2,0
tdy,to,32,24,0.871320402251417,0,0,1,0,1
tdy,pchdy,32,30,0.9007501564127943,0,0,1,2,0
tdy,qoeedy,32,23,0.9305008557631899,0,0,3,2,0
tdy,otor,32,20,0.9110798911442054,0,0,1,0,0
ychy,otey,21,31,0.8845605851111943,0,0,1,1,0
ychy,qotaiin,21,92,0.9353701785932411,0,0,4,0,0
ychy,olkain,21,83,0.9299411854964083,0,0,3,0,0
ychy,okey,21,27,0.9152934876744961,0,0,1,1,0
ychy,kaiin,21,22,0.910837314235147,0,0,2,0,0
ychy,ky,21,30,0.9439472802977654,0,0,1,1,1
ychy,qokchy,21,75,0.9247545144493141,0,0,2,2,0
ychy,daryeey,21,20,0.7503723008419911,0,0,4,1,0
ychy,olkedy,21,35,0.9091279626941599,0,0,3,1,0
ychy,qokol,21,106,0.8753166663919352,0,0,2,0,0
ychy,shody,21,44,0.7691438496397932,0,0,1,1,0
ychy,olkar,21,63,0.936601279427734,0,0,2,0,0
ychy,qotchy,21,20,0.749291877720068,0,0,2,2,0
ychy,taiin,21,49,0.9149722789760765,0,0,2,0,0
ychy,sham,21,21,0.8781252166427611,0,0,0,0,0
ychy,sar,21,43,0.9335775433576828,0,0,0,0,0
ychy,lchaiin,21,24,0.8938403108235456,0,0,3,0,0
ychy,qoy,21,22,0.8671209178132036,1,0,0,1,0
ychy,shes,21,22,0.7609484496774581,0,0,0,0,0
ychy,okchey,21,32,0.8961232433438435,0,0,2,1,0
ychy,oleedy,21,26,0.9340497736158586,0,0,3,1,0
ychy,ody,21,28,0.8658006521986521,1,0,0,1,0
ychy,ykar,21,21,0.8059925931113611,0,0,1,0,0
ychy,dleo,21,22,0.7571584327826822,0,0,1,0,0
ychy,dleeol,21,22,0.8894166387124923,0,0,3,0,0
ychy,qokeor,21,20,0.8644189742733357,0,0,3,0,0
ychy,olkchdy,21,21,0.8686140642703682,0,0,3,1,0
ychy,chal,21,29,0.8562343083543749,0,0,0,0,0
ychy,tchaiin,21,21,0.911064655605822,0,0,3,0,0
ychy,qokeody,21,21,0.8547952983679903,0,0,4,1,0
ychy,ldy,21,21,0.8372722510210148,1,0,0,1,0
ychy,laiin,21,37,0.8875125570423346,0,0,2,0,0
ychy,schdy,21,21,0.9106515967045518,0,0,1,1,0
ychy,sheckhy,21,39,0.9351190925391388,0,0,1,1,0
ychy,cheeor,21,26,0.9026902148911057,0,0,2,0,0
ychy,otedal,21,22,0.850116896158462,0,0,3,0,0
ychy,lsy,21,22,0.9101187428771238,1,0,0,1,0
ychy,qoko,21,24,0.6925814032201724,0,0,1,0,0
ychy,ytody,21,21,0.9135338345864662,0,0,2,1,0
ychy,chody,21,23,0.9204705830332967,0,0,1,1,0
ychy,kchy,21,24,0.9183202684881037,1,0,0,2,0
ychy,ykal,21,24,0.8639609779547751,0,0,1,0,0
ychy,lsedy,21,28,0.8877657952146663,0,0,2,1,0
ychy,to,21,24,0.8831750399074317,0,0,1,0,0
ychy,pchdy,21,30,0.9175080468064138,0,0,1,1,0
ychy,qoeedy,21,23,0.9091020858808397,0,0,3,1,0
ychy,otor,21,20,0.9012875566031524,0,0,1,0,0
otey,qotaiin,31,92,0.9220302525673273,0,0,3,0,0
otey,olkain,31,83,0.9016402132621555,0,0,2,0,0
otey,okey,31,27,0.9363691697540345,1,0,0,2,1
otey,kaiin,31,22,0.887291216597614,0,0,1,0,0
otey,ky,31,30,0.8877199487924374,0,0,2,1,0
otey,qokchy,31,75,0.9271524612524323,0,0,1,1,0
otey,daryeey,31,20,0.8387407380282003,0,0,3,2,0
otey,olkedy,31,35,0.9096536395125414,0,0,2,1,0
otey,qokol,31,106,0.8728893540117589,0,0,1,0,0
otey,shody,31,44,0.7964233515095949,0,0,0,1,0
otey,olkar,31,63,0.9306028466908927,0,0,1,0,0
otey,qotchy,31,20,0.8259626504033695,0,0,1,1,0
otey,taiin,31,49,0.9002429795154606,0,0,1,0,0
otey,sham,31,21,0.8652883159462946,0,0,1,0,0
otey,sar,31,43,0.9179602987225479,0,0,1,0,0
otey,lchaiin,31,24,0.9080613475820176,0,0,2,0,0
otey,qoy,31,22,0.878272945207327,0,0,1,1,0
otey,shes,31,22,0.785722197616296,0,0,1,0,0
otey,okchey,31,32,0.9051052721889921,0,0,1,2,0
otey,oleedy,31,26,0.9010476883011348,0,0,2,1,0
otey,ody,31,28,0.8964698768812962,0,0,1,1,0
otey,ykar,31,21,0.7977380008521375,0,0,0,0,0
otey,dleo,31,22,0.8464439027162102,0,0,0,0,0
otey,dleeol,31,22,0.9432394714897239,0,0,2,0,0
otey,qokeor,31,20,0.846164182594609,0,0,2,0,0
otey,olkchdy,31,21,0.8661218807416571,0,0,2,1,0
otey,chal,31,29,0.840375576182702,0,0,1,0,0
otey,tchaiin,31,21,0.8734136905847142,0,0,2,0,0
otey,qokeody,31,21,0.8487862051136479,0,0,3,1,0
otey,ldy,31,21,0.8558896343273472,0,0,1,1,0
otey,laiin,31,37,0.892582517684586,0,0,1,0,0
otey,schdy,31,21,0.8904746607381223,0,0,0,1,0
otey,sheckhy,31,39,0.9148079510466047,0,0,0,1,0
otey,cheeor,31,26,0.8597972649982063,0,0,1,0,0
otey,otedal,31,22,0.8466393525228002,0,1,2,0,0
otey,lsy,31,22,0.8907296523594943,0,0,1,1,0
otey,qoko,31,24,0.7448060156735211,0,0,0,0,0
otey,ytody,31,21,0.8909015212051814,0,0,1,1,0
otey,chody,31,23,0.8944024264324136,0,0,0,1,0
otey,kchy,31,24,0.8957281606455478,0,0,1,1,0
otey,ykal,31,24,0.8645787147006722,0,0,0,0,0
otey,lsedy,31,28,0.8676182698975488,0,0,1,1,0
otey,to,31,24,0.8507508840509198,0,0,2,0,0
otey,pchdy,31,30,0.8784776426105471,0,0,0,1,0
otey,qoeedy,31,23,0.8949319436044405,0,0,2,1,0
otey,otor,31,20,0.8819980775506043,0,1,0,0,0
qotaiin,olkain,92,83,0.9557237572614881,0,0,1,2,0
qotaiin,okey,92,27,0.939890725564824,0,0,3,0,0
qotaiin,kaiin,92,22,0.9296442879784543,0,0,2,4,0
qotaiin,ky,92,30,0.9308484797608201,0,0,5,0,0
qotaiin,qokchy,92,75,0.9680224262327335,0,1,2,0,0
qotaiin,daryeey,92,20,0.7699080626432269,0,0,0,0,0
qotaiin,olkedy,92,35,0.9157635532031007,0,0,1,0,0
qotaiin,qokol,92,106,0.9130065450975652,0,1,2,0,0
qotaiin,shody,92,44,0.8193990176603778,0,0,3,0,0
qotaiin,olkar,92,63,0.9694621120608156,0,0,2,0,0
qotaiin,qotchy,92,20,0.7642213022088304,0,1,2,0,0
qotaiin,taiin,92,49,0.9394128860688474,0,0,2,5,0
qotaiin,sham,92,21,0.9106912016487474,0,0,4,0,0
qotaiin,sar,92,43,0.9594449874452613,0,0,4,0,0
qotaiin,lchaiin,92,24,0.9449493128663242,0,0,1,4,0
qotaiin,qoy,92,22,0.9098192838427246,0,1,4,0,0
qotaiin,shes,92,22,0.808697763682863,0,0,4,0,0
qotaiin,okchey,92,32,0.9505369536619914,0,0,2,0,0
qotaiin,oleedy,92,26,0.9342693175779023,0,0,1,0,0
qotaiin,ody,92,28,0.9261005282417887,0,0,4,0,0
qotaiin,ykar,92,21,0.8257767401501152,0,0,3,0,0
qotaiin,dleo,92,22,0.8332901951329545,0,0,3,0,0
qotaiin,dleeol,92,22,0.9230343820134741,0,0,1,0,0
qotaiin,qokeor,92,20,0.8762019128090118,0,1,1,0,0
qotaiin,olkchdy,92,21,0.8879833358477219,0,0,1,0,0
qotaiin,chal,92,29,0.8435151980766497,0,0,4,0,0
qotaiin,tchaiin,92,21,0.9258826239004709,0,0,1,4,0
qotaiin,qokeody,92,21,0.9136048253817104,0,1,0,0,0
qotaiin,ldy,92,21,0.8691913603060472,0,0,4,0,0
qotaiin,laiin,92,37,0.9374641588358251,0,0,2,4,0
qotaiin,schdy,92,21,0.9442378735742333,0,0,3,0,0
qotaiin,sheckhy,92,39,0.9633990544747011,0,0,3,0,0
qotaiin,cheeor,92,26,0.8887392132250955,0,0,2,0,0
qotaiin,otedal,92,22,0.8887732468143132,0,0,1,0,0
qotaiin,lsy,92,22,0.9440486864812658,0,0,4,0,0
qotaiin,qoko,92,24,0.7799183763216871,0,1,3,0,0
qotaiin,ytody,92,21,0.9400705312494886,0,0,2,0,0
qotaiin,chody,92,23,0.9423697797611827,0,0,3,0,0
qotaiin,kchy,92,24,0.9258909418507248,0,0,4,0,0
qotaiin,ykal,92,24,0.8972420975579131,0,0,3,0,0
qotaiin,lsedy,92,28,0.9144213531195422,0,0,2,0,0
qotaiin,to,92,24,0.8882903072605833,0,0,5,0,0
qotaiin,pchdy,92,30,0.9313532626554525,0,0,3,0,0
qotaiin,qoeedy,92,23,0.9390751910767295,0,1,1,0,0
qotaiin,otor,92,20,0.9259504450078575,0,0,3,0,0
olkain,okey,83,27,0.9254093589475948,0,0,2,0,0
olkain,kaiin,83,22,0.9318077798016012,0,0,1,2,0
olkain,ky,83,30,0.9229233541277654,0,0,4,0,0
olkain,qokchy,83,75,0.9524589323023279,0,0,1,0,0
olkain,daryeey,83,20,0.7609585890999612,0,0,1,0,0
olkain,olkedy,83,35,0.9020003509154282,0,1,0,0,0
olkain,qokol,83,106,0.8945565172458122,0,0,1,0,0
olkain,shody,83,44,0.8014741191712229,0,0,2,0,0
olkain,olkar,83,63,0.9589477305388063,0,1,1,0,0
olkain,qotchy,83,20,0.7480806756871625,0,0,1,0,0
olkain,taiin,83,49,0.9387130246144121,0,0,1,2,0
olkain,sham,83,21,0.8903696363692211,0,0,3,0,0
olkain,sar,83,43,0.9546516781601884,0,0,3,0,0
olkain,lchaiin,83,24,0.9326845633567337,0,0,0,2,0
olkain,qoy,83,22,0.8951262530381553,0,0,3,0,0
olkain,shes,83,22,0.8102681440857302,0,0,3,0,0
olkain,okchey,83,32,0.934500753365438,0,0,1,0,0
olkain,oleedy,83,26,0.9288197346034957,0,1,0,0,0
olkain,ody,83,28,0.9125784028092696,0,0,3,0,0
olkain,ykar,83,21,0.836225811457757,0,0,2,0,0
olkain,dleo,83,22,0.8278666284629949,0,0,2,0,0
olkain,dleeol,83,22,0.912982296165141,0,0,0,0,0
olkain,qokeor,83,20,0.8766142384469304,0,0,0,0,0
olkain,olkchdy,83,21,0.8822236953016503,0,1,0,0,0
olkain,chal,83,29,0.8464335087661279,0,0,3,0,0
olkain,tchaiin,83,21,0.9171754024405245,0,0,0,2,0
olkain,qokeody,83,21,0.8898705388218564,0,0,1,0,0
olkain,ldy,83,21,0.8711726009606119,0,0,3,0,0
olkain,laiin,83,37,0.9316661081555248,0,0,1,2,0
olkain,schdy,83,21,0.9259487126924986,0,0,2,0,0
olkain,sheckhy,83,39,0.9507382469770072,0,0,2,0,0
olkain,cheeor,83,26,0.8802995858086146,0,0,1,0,0
olkain,otedal,83,22,0.8859708821167432,0,0,0,0,0
olkain,lsy,83,22,0.9252376520418056,0,0,3,0,0
olkain,qoko,83,24,0.7599329411297733,0,0,2,0,0
olkain,ytody,83,21,0.9336363160348046,0,0,1,0,0
olkain,chody,83,23,0.9364224580695302,0,0,2,0,0
olkain,kchy,83,24,0.9229651077977151,0,0,3,0,0
olkain,ykal,83,24,0.8898224898226798,0,0,2,0,0
olkain,lsedy,83,28,0.9145910797809182,0,0,1,0,0
olkain,to,83,24,0.8860814764515715,0,0,4,0,0
olkain,pchdy,83,30,0.9206729783402607,0,0,2,0,0
olkain,qoeedy,83,23,0.935801786979964,0,0,0,0,0
olkain,otor,83,20,0.902594509497567,0,0,2,0,0
okey,kaiin,27,22,0.8989211369894,0,0,1,0,0
okey,ky,27,30,0.9216872427815356,0,0,2,1,0
okey,qokchy,27,75,0.9434675668339704,0,0,1,1,0
okey,daryeey,27,20,0.8520231195375012,0,0,3,2,0
okey,olkedy,27,35,0.9153356407242402,0,0,2,1,0
okey,qokol,27,106,0.8838873383789673,0,0,1,0,0
okey,shody,27,44,0.7901107815502438,0,0,0,1,0
okey,olkar,27,63,0.9491221345461113,0,0,1,0,0
okey,qotchy,27,20,0.7897985036787898,0,0,1,1,0
okey,taiin,27,49,0.9231279405720229,0,0,1,0,0
okey,sham,27,21,0.8816307204678879,0,0,1,0,0
okey,sar,27,43,0.9317002028900004,0,0,1,0,0
okey,lchaiin,27,24,0.9107363995546045,0,0,2,0,0
okey,qoy,27,22,0.8640203125381191,0,0,1,1,0
okey,shes,27,22,0.7754133238375583,0,0,1,0,0
okey,okchey,27,32,0.92447111374488,0,1,1,2,0
okey,oleedy,27,26,0.9295524025965036,0,0,2,1,0
okey,ody,27,28,0.8970979260901317,0,0,1,1,0
okey,ykar,27,21,0.8148296560760738,0,0,0,0,0
okey,dleo,27,22,0.8507840053536501,0,0,0,0,0
okey,dleeol,27,22,0.9517318706713414,0,0,2,0,0
okey,qokeor,27,20,0.8566769975503893,0,0,2,0,0
okey,olkchdy,27,21,0.8763565090727358,0,0,2,1,0
okey,chal,27,29,0.8615051221640381,0,0,1,0,0
okey,tchaiin,27,21,0.8958082444730425,0,0,2,0,0
okey,qokeody,27,21,0.8689737144360812,0,0,3,1,0
okey,ldy,27,21,0.8491057257642272,0,0,1,1,0
okey,laiin,27,37,0.9068453126375146,0,0,1,0,0
okey,schdy,27,21,0.9064051628497737,0,0,0,1,0
okey,sheckhy,27,39,0.9322636818176739,0,0,0,1,0
okey,cheeor,27,26,0.8707528503058657,0,0,1,0,0
okey,otedal,27,22,0.8613737527647144,0,0,2,0,0
okey,lsy,27,22,0.9118718177997429,0,0,1,1,0
okey,qoko,27,24,0.7427915333039099,0,0,0,0,0
okey,ytody,27,21,0.9027121338920289,0,0,1,1,0
okey,chody,27,23,0.9096356059071684,0,0,0,1,0
okey,kchy,27,24,0.9159709009502212,0,0,1,1,0
okey,ykal,27,24,0.8819359414292451,0,0,0,0,0
okey,lsedy,27,28,0.8848743348285727,0,0,1,1,0
okey,to,27,24,0.8702803194028624,0,0,2,0,0
okey,pchdy,27,30,0.9019163736498891,0,0,0,1,0
okey,qoeedy,27,23,0.9071995458066945,0,0,2,1,0
okey,otor,27,20,0.9141335691168084,0,0,0,0,0
kaiin,ky,22,30,0.9081919534575785,0,0,3,0,0
kaiin,qokchy,22,75,0.9144981398336556,0,0,0,0,0
kaiin,daryeey,22,20,0.7361606991117898,0,0,2,0,0
kaiin,olkedy,22,35,0.8761878271005215,0,0,1,0,0
kaiin,qokol,22,106,0.8673733502012902,0,0,0,0,0
kaiin,shody,22,44,0.7741153517817636,0,0,1,0,0
kaiin,olkar,22,63,0.9328673460479001,0,0,0,0,0
kaiin,qotchy,22,20,0.7234780434144717,0,0,0,0,0
kaiin,taiin,22,49,0.9207918876940604,1,0,0,4,0
kaiin,sham,22,21,0.8820973616033513,0,0,2,0,0
kaiin,sar,22,43,0.9149432835543481,0,0,2,0,0
kaiin,lchaiin,22,24,0.907264804443148,0,0,1,4,0
kaiin,qoy,22,22,0.8747400089082408,0,0,2,0,0
kaiin,shes,22,22,0.747685059782852,0,0,2,0,0
kaiin,okchey,22,32,0.8966408690334122,0,0,0,0,0
kaiin,oleedy,22,26,0.9010031757375084,0,0,1,0,0
kaiin,ody,22,28,0.8775269089525568,0,0,2,0,0
kaiin,ykar,22,21,0.8247288621592138,0,0,1,0,0
kaiin,dleo,22,22,0.7879401991450523,0,0,1,0,0
kaiin,dleeol,22,22,0.8984267040975901,0,0,1,0,0
kaiin,qokeor,22,20,0.8599200604453039,0,0,1,0,0
kaiin,olkchdy,22,21,0.8438218621055752,0,0,1,0,0
kaiin,chal,22,29,0.8175400274632973,0,0,2,0,0
kaiin,tchaiin,22,21,0.9048103709619931,0,0,1,4,0
kaiin,qokeody,22,21,0.8634936492069606,0,0,2,0,0
kaiin,ldy,22,21,0.8380223304119871,0,0,2,0,0
kaiin,laiin,22,37,0.8978455339813698,1,0,0,4,0
kaiin,schdy,22,21,0.9083150125401352,0,0,1,0,0
kaiin,sheckhy,22,39,0.922800927858243,0,0,1,0,0
kaiin,cheeor,22,26,0.8821764529376462,0,0,0,0,0
kaiin,otedal,22,22,0.8533620143785623,0,0,1,0,0
kaiin,lsy,22,22,0.9037284976925887,0,0,2,0,0
kaiin,qoko,22,24,0.7262698422110107,0,0,1,0,0
kaiin,ytody,22,21,0.9071196109117382,0,0,0,0,0
kaiin,chody,22,23,0.9135597708552875,0,0,1,0,0
kaiin,kchy,22,24,0.8952080633038769,0,0,2,0,0
kaiin,ykal,22,24,0.8829944192264335,0,0,1,0,0
kaiin,lsedy,22,28,0.8842584294797959,0,0,0,0,0
kaiin,to,22,24,0.87337981975013,0,0,3,0,0
kaiin,pchdy,22,30,0.904337546965857,0,0,1,0,0
kaiin,qoeedy,22,23,0.9120959555593604,0,0,1,0,0
kaiin,otor,22,20,0.8870872470826371,0,0,1,0,0
ky,qokchy,30,75,0.918649154613542,0,0,3,1,0
ky,daryeey,30,20,0.7696029893911129,0,0,5,1,0
ky,olkedy,30,35,0.9272286369417441,0,0,4,1,0
ky,qokol,30,106,0.889585467798151,0,0,3,0,0
ky,shody,30,44,0.7777389212841295,0,0,2,1,0
ky,olkar,30,63,0.9396840706705089,0,0,3,0,0
ky,qotchy,30,20,0.7724758906336857,0,0,3,1,0
ky,taiin,30,49,0.9294148471894362,0,0,3,0,0
ky,sham,30,21,0.8827920197361288,0,0,1,0,0
ky,sar,30,43,0.9337184061843556,0,0,1,0,0
ky,lchaiin,30,24,0.8727974348718267,0,0,4,0,0
ky,qoy,30,22,0.8397135351182867,0,0,1,1,0
ky,shes,30,22,0.6967176760267083,0,0,1,0,0
ky,okchey,30,32,0.8794918007755465,0,0,3,1,0
ky,oleedy,30,26,0.9195090507493321,0,0,4,1,0
ky,ody,30,28,0.8487377281736076,0,0,1,1,0
ky,ykar,30,21,0.818491011698897,0,0,2,0,0
ky,dleo,30,22,0.7609985092051762,0,0,2,0,0
ky,dleeol,30,22,0.8870719268345142,0,0,4,0,0
ky,qokeor,30,20,0.8778234028844855,0,0,4,0,0
ky,olkchdy,30,21,0.8746021256282859,0,0,4,1,0
ky,chal,30,29,0.876484647791497,0,0,1,0,0
ky,tchaiin,30,21,0.9378813961094159,0,0,4,0,0
ky,qokeody,30,21,0.8387464637552414,0,0,5,1,0
ky,ldy,30,21,0.8369536211207211,0,0,1,1,0
ky,laiin,30,37,0.8832062275553152,0,0,3,0,0
ky,schdy,30,21,0.9232897519762577,0,0,2,1,0
ky,sheckhy,30,39,0.942878370995517,0,0,2,1,0
ky,cheeor,30,26,0.9269710687604228,0,0,3,0,0
ky,otedal,30,22,0.8159830214875431,0,0,4,0,0
ky,lsy,30,22,0.9064530395921212,0,0,1,1,0
ky,qoko,30,24,0.6665469241121909,0,0,2,0,0
ky,ytody,30,21,0.9205084087779564,0,0,3,1,0
ky,chody,30,23,0.9300184926693512,0,0,2,1,0
ky,kchy,30,24,0.9298592528589263,0,0,1,1,0
ky,ykal,30,24,0.8645693940651323,0,0,2,0,0
ky,lsedy,30,28,0.8701213045964641,0,0,3,1,0
ky,to,30,24,0.9099409844778058,0,0,0,0,0
ky,pchdy,30,30,0.9422480507719064,0,0,2,1,0
ky,qoeedy,30,23,0.8881451570662436,0,0,4,1,0
ky,otor,30,20,0.908436372296969,0,0,2,0,0
qokchy,daryeey,75,20,0.7870056864375123,0,0,2,1,0
qokchy,olkedy,75,35,0.9232295624288063,0,0,1,1,0
qokchy,qokol,75,106,0.9012883099501743,0,1,0,0,0
qokchy,shody,75,44,0.8210254886160825,0,0,1,1,0
qokchy,olkar,75,63,0.9670876119786359,0,0,0,0,0
qokchy,qotchy,75,20,0.7874041931360254,0,1,0,2,1
qokchy,taiin,75,49,0.9360277060045015,0,0,0,0,0
qokchy,sham,75,21,0.8934712549897817,0,0,2,0,0
qokchy,sar,75,43,0.9510602700243423,0,0,2,0,0
qokchy,lchaiin,75,24,0.9417971721823049,0,0,1,0,0
qokchy,qoy,75,22,0.906512836806012,0,1,2,1,0
qokchy,shes,75,22,0.818536894549494,0,0,2,0,0
qokchy,okchey,75,32,0.9572071211544979,0,0,0,1,0
qokchy,oleedy,75,26,0.9326843043028717,0,0,1,1,0
qokchy,ody,75,28,0.9211875093746874,0,0,2,1,0
qokchy,ykar,75,21,0.8312174801636326,0,0,1,0,0
qokchy,dleo,75,22,0.8423730013671209,0,0,1,0,0
qokchy,dleeol,75,22,0.92274993496836,0,0,1,0,0
qokchy,qokeor,75,20,0.8785687843245417,0,1,1,0,0
qokchy,olkchdy,75,21,0.9092160457362486,0,0,1,1,0
qokchy,chal,75,29,0.8378270296083999,0,0,2,0,0
qokchy,tchaiin,75,21,0.9093306070730275,0,0,1,0,0
qokchy,qokeody,75,21,0.8929474094628538,0,1,2,1,0
qokchy,ldy,75,21,0.8813888071078569,0,0,2,1,0
qokchy,laiin,75,37,0.9376739047709959,0,0,0,0,0
qokchy,schdy,75,21,0.9270255889155667,0,0,1,1,0
qokchy,sheckhy,75,39,0.953715035085548,0,0,1,1,0
qokchy,cheeor,75,26,0.8777240858780989,0,0,0,0,0
qokchy,otedal,75,22,0.8873389653958618,0,0,1,0,0
qokchy,lsy,75,22,0.9310985131064363,0,0,2,1,0
qokchy,qoko,75,24,0.7815161060472424,0,1,1,0,0
qokchy,ytody,75,21,0.9358220551807553,0,0,0,1,0
qokchy,chody,75,23,0.9305508686753499,0,0,1,1,0
qokchy,kchy,75,24,0.9321688604892009,0,0,2,3,0
qokchy,ykal,75,24,0.8883896024359894,0,0,1,0,0
qokchy,lsedy,75,28,0.9131183073603666,0,0,0,1,0
qokchy,to,75,24,0.8846546132449106,0,0,3,0,0
qokchy,pchdy,75,30,0.9211714260152557,0,0,1,1,0
qokchy,qoeedy,75,23,0.9375389381799383,0,1,1,1,0
qokchy,otor,75,20,0.9178288525573783,0,0,1,0,0
daryeey,olkedy,20,35,0.8014489526481156,0,0,1,1,0
daryeey,qokol,20,106,0.7321732127163093,0,0,2,0,0
daryeey,shody,20,44,0.6668842879902576,0,0,3,1,0
daryeey,olkar,20,63,0.7908740073920756,0,0,2,0,0
daryeey,qotchy,20,20,0.7196575977514569,0,0,2,1,0
daryeey,taiin,20,49,0.761658757624037,0,0,2,0,0
daryeey,sham,20,21,0.7760623217710851,0,0,4,0,0
daryeey,sar,20,43,0.7825560014546968,0,0,4,0,0
daryeey,lchaiin,20,24,0.7430231041719587,0,0,1,0,0
daryeey,qoy,20,22,0.7316785737969477,0,0,4,1,0
daryeey,shes,20,22,0.6413522405366384,0,0,4,0,0
daryeey,okchey,20,32,0.7705019683942617,0,0,2,2,0
daryeey,oleedy,20,26,0.7839529387932592,0,0,1,1,0
daryeey,ody,20,28,0.7223724756108213,0,0,4,1,0
daryeey,ykar,20,21,0.691593729578611,0,0,3,0,0
daryeey,dleo,20,22,0.7810237223369988,0,0,3,0,1
daryeey,dleeol,20,22,0.8284337462008512,0,0,1,0,1
daryeey,qokeor,20,20,0.7172747905552591,0,0,1,0,0
daryeey,olkchdy,20,21,0.7365584456209253,0,0,1,1,0
daryeey,chal,20,29,0.765885455201672,0,0,4,0,0
daryeey,tchaiin,20,21,0.7277852244498864,0,0,1,0,0
daryeey,qokeody,20,21,0.7134493422522331,0,0,0,1,0
daryeey,ldy,20,21,0.7314961282748218,0,0,4,1,0
daryeey,laiin,20,37,0.7554831017177897,0,0,2,0,0
daryeey,schdy,20,21,0.7399444474679804,0,0,3,1,0
daryeey,sheckhy,20,39,0.7640596841436346,0,0,3,1,0
daryeey,cheeor,20,26,0.7458269649424188,0,0,2,0,0
daryeey,otedal,20,22,0.6970287344175803,0,0,1,0,0
daryeey,lsy,20,22,0.7238348701034626,0,0,4,1,0
daryeey,qoko,20,24,0.6479703225678232,0,0,3,0,0
daryeey,ytody,20,21,0.744416965121023,0,0,2,1,0
daryeey,chody,20,23,0.7343507072641451,0,0,3,1,0
daryeey,kchy,20,24,0.7765456561524208,0,0,4,1,0
daryeey,ykal,20,24,0.7399700981395476,0,0,3,0,0
daryeey,lsedy,20,28,0.7310869247605448,0,0,2,1,0
daryeey,to,20,24,0.7337264269010225,0,0,5,0,0
daryeey,pchdy,20,30,0.7339163616890558,0,0,3,1,0
daryeey,qoeedy,20,23,0.7331551367789387,0,0,1,1,0
daryeey,otor,20,20,0.7812200647385298,0,0,3,0,0
olkedy,qokol,35,106,0.8734655306223953,0,0,1,0,0
olkedy,shody,35,44,0.7881379159199593,0,0,2,2,0
olkedy,olkar,35,63,0.9229594278181303,0,1,1,0,0
olkedy,qotchy,35,20,0.8222064167913465,0,0,1,1,0
olkedy,taiin,35,49,0.9118304399731981,0,0,1,0,0
olkedy,sham,35,21,0.8524521342270928,0,0,3,0,0
olkedy,sar,35,43,0.9137340023305963,0,0,3,0,0
olkedy,lchaiin,35,24,0.8665410765202917,0,0,0,0,0
olkedy,qoy,35,22,0.8275129005441995,0,0,3,1,0
olkedy,shes,35,22,0.749750124930596,0,0,3,0,0
olkedy,okchey,35,32,0.8812340232705766,0,0,1,1,0
olkedy,oleedy,35,26,0.904502798936083,0,1,0,3,0
olkedy,ody,35,28,0.8566617743961155,0,0,3,2,0
olkedy,ykar,35,21,0.7991314729824568,0,0,2,0,0
olkedy,dleo,35,22,0.778863714082797,0,0,2,0,0
olkedy,dleeol,35,22,0.8970386628084095,0,0,0,0,0
olkedy,qokeor,35,20,0.8646762035527307,0,0,0,0,0
olkedy,olkchdy,35,21,0.8865741058840888,0,1,0,2,0
olkedy,chal,35,29,0.8824214886900753,0,0,3,0,0
olkedy,tchaiin,35,21,0.8856884174670651,0,0,0,0,0
olkedy,qokeody,35,21,0.8288128921363954,0,0,1,2,0
olkedy,ldy,35,21,0.8180844678805232,0,0,3,2,0
olkedy,laiin,35,37,0.8623902779139726,0,0,1,0,0
olkedy,schdy,35,21,0.9090072712329883,0,0,2,2,0
olkedy,sheckhy,35,39,0.9171937352508249,0,0,2,1,0
olkedy,cheeor,35,26,0.9044270584704812,0,0,1,0,0
olkedy,otedal,35,22,0.808367288619157,0,0,0,0,0
olkedy,lsy,35,22,0.8750266520461218,0,0,3,1,0
olkedy,qoko,35,24,0.6636425664005416,0,0,2,0,0
olkedy,ytody,35,21,0.8885826980005065,0,0,1,2,0
olkedy,chody,35,23,0.8976363762964708,0,0,2,2,0
olkedy,kchy,35,24,0.9264870154474176,0,0,3,1,0
olkedy,ykal,35,24,0.8358780921928595,0,0,2,0,0
olkedy,lsedy,35,28,0.8472917826639189,0,0,1,3,0
olkedy,to,35,24,0.8848743348285727,0,0,4,0,0
olkedy,pchdy,35,30,0.9101716841625334,0,0,2,2,0
olkedy,qoeedy,35,23,0.8626740093154709,0,0,0,3,0
olkedy,otor,35,20,0.882885711452609,0,0,2,0,0
qokol,shody,106,44,0.9251796279807395,0,0,1,0,1
qokol,olkar,106,63,0.9067524267622811,0,0,0,0,0
qokol,qotchy,106,20,0.7043574555776732,0,1,0,0,0
qokol,taiin,106,49,0.8767422464718325,0,0,0,0,0
qokol,sham,106,21,0.8643843440127033,0,0,2,0,0
qokol,sar,106,43,0.913143162991216,0,0,2,0,0
qokol,lchaiin,106,24,0.9046022192906101,0,0,1,0,0
qokol,qoy,106,22,0.8635567615133583,0,1,2,0,0
qokol,shes,106,22,0.7467378753766676,0,0,2,0,0
qokol,okchey,106,32,0.8840093610257279,0,0,0,0,0
qokol,oleedy,106,26,0.8735398919805241,0,0,1,0,0
qokol,ody,106,28,0.8855917433158913,0,0,2,0,0
qokol,ykar,106,21,0.7718315337038234,0,0,1,0,0
qokol,dleo,106,22,0.7846501835352658,0,0,1,0,0
qokol,dleeol,106,22,0.8625099305237558,0,0,1,2,0
qokol,qokeor,106,20,0.8511882395036161,0,1,1,0,0
qokol,olkchdy,106,21,0.852532781833578,0,0,1,0,0
qokol,chal,106,29,0.7752213739014625,0,0,2,1,0
qokol,tchaiin,106,21,0.862169811122525,0,0,1,0,0
qokol,qokeody,106,21,0.8507884984281222,0,1,2,0,0
qokol,ldy,106,21,0.8334252906855919,0,0,2,0,0
qokol,laiin,106,37,0.8861641287493975,0,0,0,0,0
qokol,schdy,106,21,0.8971568606688796,0,0,1,0,0
qokol,sheckhy,106,39,0.9218881376467729,0,0,1,0,0
qokol,cheeor,106,26,0.8225438755592946,0,0,0,0,0
qokol,otedal,106,22,0.8314138422637518,0,0,1,1,0
qokol,lsy,106,22,0.9031571398478893,0,0,2,0,0
qokol,qoko,106,24,0.7259191912978453,0,1,1,0,0
qokol,ytody,106,21,0.8806702851466258,0,0,0,0,0
qokol,chody,106,23,0.8802042186779431,0,0,1,0,0
qokol,kchy,106,24,0.8609712622273901,0,0,2,0,0
qokol,ykal,106,24,0.8447512044593966,0,0,1,1,0
qokol,lsedy,106,28,0.8603181215049256,0,0,0,0,0
qokol,to,106,24,0.8440541181370768,0,0,3,0,0
qokol,pchdy,106,30,0.8890266501203019,0,0,1,0,0
qokol,qoeedy,106,23,0.8803404235016957,0,1,1,0,0
qokol,otor,106,20,0.8748315531062157,0,0,1,0,0
shody,olkar,44,63,0.8153650513652134,0,0,1,0,0
shody,qotchy,44,20,0.62496811468508,0,0,1,1,0
shody,taiin,44,49,0.773197180881949,0,0,1,0,0
shody,sham,44,21,0.791702089707981,0,0,1,0,0
shody,sar,44,43,0.8159694764311612,0,0,1,0,0
shody,lchaiin,44,24,0.8428141432324506,0,0,2,0,0
shody,qoy,44,22,0.7886245322841462,0,0,1,1,0
shody,shes,44,22,0.7056690126742263,0,0,1,0,0
shody,okchey,44,32,0.8128384969428444,0,0,1,1,0
shody,oleedy,44,26,0.7796330078431364,0,0,2,2,0
shody,ody,44,28,0.8243399850434101,0,0,1,3,0
shody,ykar,44,21,0.6843723203862992,0,0,0,0,0
shody,dleo,44,22,0.7194400139788557,0,0,0,0,0
shody,dleeol,44,22,0.7717351892589388,0,0,2,0,0
shody,qokeor,44,20,0.7599365690814442,0,0,2,0,0
shody,olkchdy,44,21,0.7886614702142808,0,0,2,2,0
shody,chal,44,29,0.667956740762337,0,0,1,0,0
shody,tchaiin,44,21,0.7588601038709021,0,0,2,0,0
shody,qokeody,44,21,0.7983688527769273,0,0,3,3,0
shody,ldy,44,21,0.7586687839303319,0,0,1,2,0
shody,laiin,44,37,0.8027329945952015,0,0,1,0,0
shody,schdy,44,21,0.79831824314732,1,0,0,2,0
shody,sheckhy,44,39,0.8293828716926844,0,0,0,1,0
shody,cheeor,44,26,0.7156777724736572,0,0,1,0,0
shody,otedal,44,22,0.7679881673845753,0,0,2,0,0
shody,lsy,44,22,0.8252122689617691,0,0,1,1,0
shody,qoko,44,24,0.6836964723791454,0,0,0,0,0
shody,ytody,44,21,0.7941751583558812,0,0,1,3,0
shody,chody,44,23,0.7792209926825019,1,0,0,3,0
shody,kchy,44,24,0.7596115896248633,0,0,1,1,0
shody,ykal,44,24,0.7606658740873037,0,0,0,0,0
shody,lsedy,44,28,0.7818009486811678,0,0,1,2,0
shody,to,44,24,0.7579271415595092,0,0,2,0,0
shody,pchdy,44,30,0.7918146051174116,1,0,0,2,0
shody,qoeedy,44,23,0.7924058156930615,0,0,2,2,0
shody,otor,44,20,0.777153782526518,0,0,0,0,0
olkar,qotchy,63,20,0.7771811639645878,0,0,0,0,0
olkar,taiin,63,49,0.9542973403692794,0,0,0,0,0
olkar,sham,63,21,0.9016261388969746,0,0,2,0,0
olkar,sar,63,43,0.9620722880494991,0,0,2,2,0
olkar,lchaiin,63,24,0.944021685576551,0,0,1,0,0
olkar,qoy,63,22,0.8937341487679786,0,0,2,0,0
olkar,shes,63,22,0.8066771541475769,0,0,2,0,0
olkar,okchey,63,32,0.9471729028368004,0,0,0,0,0
olkar,oleedy,63,26,0.9385173166474466,0,1,1,0,0
olkar,ody,63,28,0.9286473503990859,0,0,2,0,0
olkar,ykar,63,21,0.8374752558198175,0,0,1,3,0
olkar,dleo,63,22,0.8382954187075586,0,0,1,0,0
olkar,dleeol,63,22,0.927782649949191,0,0,1,0,0
olkar,qokeor,63,20,0.8969559485706948,0,0,1,1,0
olkar,olkchdy,63,21,0.8943632356612747,0,1,1,0,0
olkar,chal,63,29,0.8547440081911597,0,0,2,0,0
olkar,tchaiin,63,21,0.9295790317835569,0,0,1,0,0
olkar,qokeody,63,21,0.9080617909294513,0,0,2,0,0
olkar,ldy,63,21,0.8918491231114712,0,0,2,0,0
olkar,laiin,63,37,0.9375465710820504,0,0,0,0,0
olkar,schdy,63,21,0.9371675579539415,0,0,1,0,0
olkar,sheckhy,63,39,0.9668399108566395,0,0,1,0,0
olkar,cheeor,63,26,0.8908016710876716,0,0,0,1,0
olkar,otedal,63,22,0.877737407639091,0,0,1,0,0
olkar,lsy,63,22,0.9411439190983868,0,0,2,0,0
olkar,qoko,63,24,0.7703581690584486,0,0,1,0,0
olkar,ytody,63,21,0.944675428388318,0,0,0,0,0
olkar,chody,63,23,0.9430941839286897,0,0,1,0,0
olkar,kchy,63,24,0.9440359398635587,0,0,2,0,0
olkar,ykal,63,24,0.8952212027911215,0,0,1,0,0
olkar,lsedy,63,28,0.9166268236188877,0,0,0,0,0
olkar,to,63,24,0.90344638645335,0,0,3,0,0
olkar,pchdy,63,30,0.9386685974521838,0,0,1,0,0
olkar,qoeedy,63,23,0.9419333458924447,0,0,1,0,0
olkar,otor,63,20,0.9298135444057095,0,0,1,1,0
qotchy,taiin,20,49,0.7799135575694067,0,0,0,0,0
qotchy,sham,20,21,0.7180703308172536,0,0,2,0,0
qotchy,sar,20,43,0.7588509081859894,0,0,2,0,0
qotchy,lchaiin,20,24,0.7037037037037037,0,0,1,0,0
qotchy,qoy,20,22,0.6838416165518485,0,1,2,1,0
qotchy,shes,20,22,0.5741440152182816,0,0,2,0,0
qotchy,okchey,20,32,0.7384430148564475,0,0,0,1,0
qotchy,oleedy,20,26,0.7560864148142503,0,0,1,1,0
qotchy,ody,20,28,0.7011461142660051,0,0,2,1,0
qotchy,ykar,20,21,0.6939442643147277,0,0,1,0,0
qotchy,dleo,20,22,0.7323068938558824,0,0,1,0,0
qotchy,dleeol,20,22,0.7668108316688954,0,0,1,0,0
qotchy,qokeor,20,20,0.7267523746672638,0,1,1,0,0
qotchy,olkchdy,20,21,0.7617816051807562,0,0,1,1,0
qotchy,chal,20,29,0.7761369856568894,0,0,2,0,0
qotchy,tchaiin,20,21,0.7576767609436587,0,0,1,0,0
qotchy,qokeody,20,21,0.6491134836118732,0,1,2,1,0
qotchy,ldy,20,21,0.69283679972287,0,0,2,1,0
qotchy,laiin,20,37,0.7204381596421112,0,0,0,0,0
qotchy,schdy,20,21,0.7453814482125276,0,0,1,1,0
qotchy,sheckhy,20,39,0.7507727977320656,0,0,1,1,0
qotchy,cheeor,20,26,0.7611111111111111,0,0,0,0,0
qotchy,otedal,20,22,0.6503187059232131,0,0,1,0,0
qotchy,lsy,20,22,0.7112234959907533,0,0,2,1,0
qotchy,qoko,20,24,0.5325205332644304,0,1,1,0,0
qotchy,ytody,20,21,0.7374920056299882,0,0,0,1,0
qotchy,chody,20,23,0.7484551991837488,0,0,1,1,0
qotchy,kchy,20,24,0.7795794428691073,0,0,2,2,0
qotchy,ykal,20,24,0.7006490497453707,0,0,1,0,0
qotchy,lsedy,20,28,0.7091966773330618,0,0,0,1,0
qotchy,to,20,24,0.7761823345023015,0,0,3,0,0
qotchy,pchdy,20,30,0.7508501655410648,0,0,1,1,0
qotchy,qoeedy,20,23,0.7159587273193938,0,1,1,1,0
qotchy,otor,20,20,0.7472647177570734,0,0,1,0,0
taiin,sham,49,21,0.8712029560313478,0,0,2,0,0
taiin,sar,49,43,0.9280057105321148,0,0,2,0,0
taiin,lchaiin,49,24,0.9066143160193103,0,0,1,4,0
taiin,qoy,49,22,0.8588079086373217,0,0,2,0,0
taiin,shes,49,22,0.7565426147513447,0,0,2,0,0
taiin,okchey,49,32,0.9070188883021253,0,0,0,0,0
taiin,oleedy,49,26,0.9212125613398106,0,0,1,0,0
taiin,ody,49,28,0.8895827652303213,0,0,2,0,0
taiin,ykar,49,21,0.8360500807026588,0,0,1,0,0
taiin,dleo,49,22,0.8256011020928131,0,0,1,0,0
taiin,dleeol,49,22,0.9126546092622236,0,0,1,0,0
taiin,qokeor,49,20,0.8839687399258641,0,0,1,0,0
taiin,olkchdy,49,21,0.8656168178047157,0,0,1,0,0
taiin,chal,49,29,0.8559734748441031,0,0,2,0,0
taiin,tchaiin,49,21,0.9290150348847857,0,0,1,4,1
taiin,qokeody,49,21,0.870681033743795,0,0,2,0,0
taiin,ldy,49,21,0.8572458922604036,0,0,2,0,0
taiin,laiin,49,37,0.9176688823620374,1,0,0,4,0
taiin,schdy,49,21,0.9141205819563218,0,0,1,0,0
taiin,sheckhy,49,39,0.941370171476555,0,0,1,0,0
taiin,cheeor,49,26,0.8835266222573279,0,0,0,0,0
taiin,otedal,49,22,0.8480828853339332,0,0,1,0,0
taiin,lsy,49,22,0.9079770969057633,0,0,2,0,0
taiin,qoko,49,24,0.7297932672201501,0,0,1,0,0
taiin,ytody,49,21,0.9095900890997466,0,0,0,0,0
taiin,chody,49,23,0.9199157761772474,0,0,1,0,0
taiin,kchy,49,24,0.9185917521562635,0,0,2,0,0
taiin,ykal,49,24,0.89364584450009,0,0,1,0,0
taiin,lsedy,49,28,0.8855571617000347,0,0,0,0,0
taiin,to,49,24,0.9028813944732523,0,0,3,0,0
taiin,pchdy,49,30,0.9277301660193003,0,0,1,0,0
taiin,qoeedy,49,23,0.9087027466370832,0,0,1,0,0
taiin,otor,49,20,0.9089184624256736,0,0,1,0,0
sham,sar,21,43,0.8852347721494112,0,0,0,0,0
sham,lchaiin,21,24,0.8776415154433099,0,0,3,0,0
sham,qoy,21,22,0.8678128678198538,0,0,0,0,0
sham,shes,21,22,0.7316021166433979,0,0,0,0,0
sham,okchey,21,32,0.8904367812327191,0,0,2,0,0
sham,oleedy,21,26,0.8783470307876645,0,0,3,0,0
sham,ody,21,28,0.8674242424242424,0,0,0,0,0
sham,ykar,21,21,0.7637936120564127,0,0,1,0,0
sham,dleo,21,22,0.8171837998266709,0,0,1,0,0
sham,dleeol,21,22,0.8634787141450194,0,0,3,0,0
sham,qokeor,21,20,0.809672638990812,0,0,3,0,0
sham,olkchdy,21,21,0.8165932248981098,0,0,3,0,0
sham,chal,21,29,0.7849377718426788,0,0,0,0,0
sham,tchaiin,21,21,0.8519965339375755,0,0,3,0,0
sham,qokeody,21,21,0.853120960256761,0,0,4,0,0
sham,ldy,21,21,0.8172191479284925,0,0,0,0,0
sham,laiin,21,37,0.8935618259021908,0,0,2,0,0
sham,schdy,21,21,0.8830795804764967,0,0,1,0,0
sham,sheckhy,21,39,0.9027481991966335,0,0,1,0,0
sham,cheeor,21,26,0.8268688657895648,0,0,2,0,0
sham,otedal,21,22,0.8455434545019049,0,0,3,0,0
sham,lsy,21,22,0.8932602307790557,0,0,0,0,1
sham,qoko,21,24,0.7314405134119911,0,0,1,0,0
sham,ytody,21,21,0.8827469283093019,0,0,2,0,0
sham,chody,21,23,0.8774029480788583,0,0,1,0,0
sham,kchy,21,24,0.8557599113223558,0,0,0,0,0
sham,ykal,21,24,0.8283615462101493,0,0,1,0,0
sham,lsedy,21,28,0.862873712207688,0,0,2,0,0
sham,to,21,24,0.825172722740333,0,0,1,0,0
sham,pchdy,21,30,0.8599312224341393,0,0,1,0,0
sham,qoeedy,21,23,0.881909820383944,0,0,3,0,0
sham,otor,21,20,0.8623745728198123,0,0,1,0,0
sar,lchaiin,43,24,0.9329595581161082,0,0,3,0,0
sar,qoy,43,22,0.8855572142251031,0,0,0,0,0
sar,shes,43,22,0.8039323847306262,0,0,0,0,0
sar,okchey,43,32,0.9287409128447252,0,0,2,0,0
sar,oleedy,43,26,0.9324879621388147,0,0,3,0,0
sar,ody,43,28,0.9246929112180865,0,0,0,0,0
sar,ykar,43,21,0.832102821107527,0,0,1,2,0
sar,dleo,43,22,0.8260101652628347,0,0,1,0,0
sar,dleeol,43,22,0.9203105475589466,0,0,3,0,0
sar,qokeor,43,20,0.8881245551075275,0,0,3,1,0
sar,olkchdy,43,21,0.8961602238735811,0,0,3,0,0
sar,chal,43,29,0.8548602939021498,0,0,0,0,0
sar,tchaiin,43,21,0.9170032672268238,0,0,3,0,0
sar,qokeody,43,21,0.8879240712958989,0,0,4,0,0
sar,ldy,43,21,0.8730485745842991,0,0,0,0,0
sar,laiin,43,37,0.9144886174497421,0,0,2,0,0
sar,schdy,43,21,0.9310457929047382,0,0,1,0,0
sar,sheckhy,43,39,0.9547477508372747,0,0,1,0,0
sar,cheeor,43,26,0.8948527592634784,0,0,2,1,0
sar,otedal,43,22,0.8705702687572378,0,0,3,0,0
sar,lsy,43,22,0.9280021236030778,0,0,0,0,0
sar,qoko,43,24,0.7609025899460091,0,0,1,0,0
sar,ytody,43,21,0.927297873783528,0,0,2,0,0
sar,chody,43,23,0.9321841688146321,0,0,1,0,0
sar,kchy,43,24,0.9316547130477797,0,0,0,0,0
sar,ykal,43,24,0.8930519873374151,0,0,1,0,0
sar,lsedy,43,28,0.902955463700691,0,0,2,0,0
sar,to,43,24,0.8873347228153139,0,0,1,0,0
sar,pchdy,43,30,0.9306866952494325,0,0,1,0,0
sar,qoeedy,43,23,0.9313815950571551,0,0,3,0,0
sar,otor,43,20,0.9137176061158161,0,0,1,1,0
lchaiin,qoy,24,22,0.9231861823449955,0,0,3,0,0
lchaiin,shes,24,22,0.842077888986813,0,0,3,0,0
lchaiin,okchey,24,32,0.9479451061499902,0,0,1,0,0
lchaiin,oleedy,24,26,0.894959429780133,0,0,0,0,0
lchaiin,ody,24,28,0.9429206364266967,0,0,3,0,0
lchaiin,ykar,24,21,0.8037455719594631,0,0,2,0,0
lchaiin,dleo,24,22,0.8324809500908852,0,0,2,0,0
lchaiin,dleeol,24,22,0.9045971529844001,0,0,0,0,0
lchaiin,qokeor,24,20,0.851915283637737,0,0,0,0,0
lchaiin,olkchdy,24,21,0.8419691425682042,0,0,0,0,0
lchaiin,chal,24,29,0.7645528515426075,0,0,3,0,0
lchaiin,tchaiin,24,21,0.8798826901281197,1,0,0,5,0
lchaiin,qokeody,24,21,0.9123650630766884,0,0,1,0,0
lchaiin,ldy,24,21,0.8720187306856813,0,0,3,0,0
lchaiin,laiin,24,37,0.9285647390942767,0,0,1,4,0
lchaiin,schdy,24,21,0.9086261455483291,0,0,2,0,0
lchaiin,sheckhy,24,39,0.9423279971534156,0,0,2,0,0
lchaiin,cheeor,24,26,0.8194444444444444,0,0,1,0,0
lchaiin,otedal,24,22,0.9050827350477708,0,0,0,0,0
lchaiin,lsy,24,22,0.9287050608804878,0,0,3,0,0
lchaiin,qoko,24,24,0.8170178044604959,0,0,2,0,0
lchaiin,ytody,24,21,0.9144900869811854,0,0,1,0,0
lchaiin,chody,24,23,0.9133247011018474,0,0,2,0,0
lchaiin,kchy,24,24,0.8821556853518845,0,0,3,0,0
lchaiin,ykal,24,24,0.8887862945844055,0,0,2,0,0
lchaiin,lsedy,24,28,0.9078723422596997,0,0,1,0,0
lchaiin,to,24,24,0.8470243729687813,0,0,4,0,0
lchaiin,pchdy,24,30,0.8886644364315133,0,0,2,0,0
lchaiin,qoeedy,24,23,0.9364532629068884,0,0,0,0,0
lchaiin,otor,24,20,0.8873768523365246,0,0,2,0,0
qoy,shes,22,22,0.8084904584337036,0,0,0,0,0
qoy,okchey,22,32,0.9007900854058779,0,0,2,1,0
qoy,oleedy,22,26,0.8698990669752362,0,0,3,1,0
qoy,ody,22,28,0.8963828387768861,1,0,0,1,0
qoy,ykar,22,21,0.778498944161523,0,0,1,0,0
qoy,dleo,22,22,0.8418805655186121,0,0,1,0,0
qoy,dleeol,22,22,0.8627642939530856,0,0,3,0,0
qoy,qokeor,22,20,0.8110771025597816,0,1,3,0,0
qoy,olkchdy,22,21,0.8054249284545283,0,0,3,1,0
qoy,chal,22,29,0.7357687033530617,0,0,0,0,0
qoy,tchaiin,22,21,0.8348593066555686,0,0,3,0,0
qoy,qokeody,22,21,0.8629237423358006,0,1,4,1,0
qoy,ldy,22,21,0.8351785300013596,1,0,0,1,0
qoy,laiin,22,37,0.8986220465847072,0,0,2,0,0
qoy,schdy,22,21,0.864422559851639,0,0,1,1,0
qoy,sheckhy,22,39,0.9036010432490794,0,0,1,1,0
qoy,cheeor,22,26,0.7918885919670405,0,0,2,0,0
qoy,otedal,22,22,0.8665065369075304,0,0,3,0,0
qoy,lsy,22,22,0.8812437416444711,1,0,0,1,0
qoy,qoko,22,24,0.7704222524036561,0,1,1,0,0
qoy,ytody,22,21,0.8671209178132036,0,0,2,1,0
qoy,chody,22,23,0.8813408533811552,0,0,1,1,0
qoy,kchy,22,24,0.8333333333333334,1,0,0,1,0
qoy,ykal,22,24,0.8528567022878356,0,0,1,0,0
qoy,lsedy,22,28,0.8766754907609198,0,0,2,1,0
qoy,to,22,24,0.800728265967834,0,0,1,0,0
qoy,pchdy,22,30,0.8528678631638891,0,0,1,1,0
qoy,qoeedy,22,23,0.8966109552498205,0,1,3,1,0
qoy,otor,22,20,0.8327649576846247,0,0,1,0,0
shes,okchey,22,32,0.8334635131171131,0,0,2,0,0
shes,oleedy,22,26,0.7739427251238633,0,0,3,0,0
shes,ody,22,28,0.8235521094455737,0,0,0,0,0
shes,ykar,22,21,0.6608794166680692,0,0,1,0,0
shes,dleo,22,22,0.7425298956682566,0,0,1,0,0
shes,dleeol,22,22,0.7825618830323859,0,0,3,0,0
shes,qokeor,22,20,0.7009976844542849,0,0,3,0,0
shes,olkchdy,22,21,0.7292608438277525,0,0,3,0,0
shes,chal,22,29,0.6704168963386509,0,0,0,0,0
shes,tchaiin,22,21,0.697147545271086,0,0,3,0,0
shes,qokeody,22,21,0.7930728752185899,0,0,4,0,0
shes,ldy,22,21,0.7242486824147758,0,0,0,0,0
shes,laiin,22,37,0.794179694771311,0,0,2,0,0
shes,schdy,22,21,0.7435829090583659,0,0,1,0,0
shes,sheckhy,22,39,0.7969667145792231,0,1,1,0,0
shes,cheeor,22,26,0.688972818261938,0,0,2,0,0
shes,otedal,22,22,0.7981790754893896,0,0,3,0,0
shes,lsy,22,22,0.7824019704589492,0,0,0,0,0
shes,qoko,22,24,0.7237325048262799,0,0,1,0,0
shes,ytody,22,21,0.775582073709717,0,0,2,0,0
shes,chody,22,23,0.7486161802315466,0,0,1,0,0
shes,kchy,22,24,0.7547795538524437,0,0,0,0,0
shes,ykal,22,24,0.7509104562020706,0,0,1,0,0
shes,lsedy,22,28,0.7859460181149498,0,0,2,0,0
shes,to,22,24,0.6722804383267418,0,0,1,0,0
shes,pchdy,22,30,0.7425767242629573,0,0,1,0,0
shes,qoeedy,22,23,0.7935311208025003,0,0,3,0,0
shes,otor,22,20,0.7281380397071349,0,0,1,0,0
okchey,oleedy,32,26,0.9079690852656793,0,0,1,1,0
okchey,ody,32,28,0.9142684225795802,0,0,2,1,0
okchey,ykar,32,21,0.802875871743266,0,0,1,0,0
okchey,dleo,32,22,0.8481224515311278,0,0,1,0,0
okchey,dleeol,32,22,0.9099105644172825,0,0,1,0,0
okchey,qokeor,32,20,0.853840386380204,0,0,1,0,0
okchey,olkchdy,32,21,0.8586684720054601,0,0,1,1,0
okchey,chal,32,29,0.8018863125879027,0,0,2,0,0
okchey,tchaiin,32,21,0.8705829185435006,0,0,1,0,0
okchey,qokeody,32,21,0.8918831172064793,0,0,2,1,0
okchey,ldy,32,21,0.8563349628920832,0,0,2,1,0
okchey,laiin,32,37,0.9271190098802676,0,0,0,0,0
okchey,schdy,32,21,0.9025301141701435,0,0,1,1,0
okchey,sheckhy,32,39,0.93715551163884,0,0,1,1,0
okchey,cheeor,32,26,0.8413272101847615,0,0,0,0,0
okchey,otedal,32,22,0.8891334785380035,0,0,1,0,0
okchey,lsy,32,22,0.9164751825613123,0,0,2,1,0
okchey,qoko,32,24,0.8007562229322442,0,0,1,0,0
okchey,ytody,32,21,0.9199141259104943,0,0,0,1,0
okchey,chody,32,23,0.9145661412745385,0,0,1,1,0
okchey,kchy,32,24,0.8938962837318535,0,0,2,1,0
okchey,ykal,32,24,0.8807246471069314,0,0,1,0,0
okchey,lsedy,32,28,0.9194507736419779,0,0,0,1,0
okchey,to,32,24,0.8390494027759132,0,0,3,0,0
okchey,pchdy,32,30,0.8900065761013635,0,0,1,1,0
okchey,qoeedy,32,23,0.9251511924925281,0,0,1,1,0
okchey,otor,32,20,0.8818591200287742,0,0,1,0,0
oleedy,ody,26,28,0.8810331073344158,0,0,3,2,0
oleedy,ykar,26,21,0.8441535631004812,0,0,2,0,0
oleedy,dleo,26,22,0.7943930909292031,0,0,2,0,0
oleedy,dleeol,26,22,0.9151426977546174,0,0,0,0,0
oleedy,qokeor,26,20,0.8567520906710502,0,0,0,0,0
oleedy,olkchdy,26,21,0.8775077442791267,0,1,0,2,0
oleedy,chal,26,29,0.884797996620707,0,0,3,0,0
oleedy,tchaiin,26,21,0.9062570514583443,0,0,0,0,0
oleedy,qokeody,26,21,0.8653857266322041,0,0,1,2,0
oleedy,ldy,26,21,0.8316630357831606,0,0,3,2,0
oleedy,laiin,26,37,0.8959981330748151,0,0,1,0,0
oleedy,schdy,26,21,0.8999674727403387,0,0,2,2,0
oleedy,sheckhy,26,39,0.9302065585296979,0,0,2,1,0
oleedy,cheeor,26,26,0.898045496779375,0,0,1,0,1
oleedy,otedal,26,22,0.837943788064341,0,0,0,0,0
oleedy,lsy,26,22,0.9044370606009497,0,0,3,1,0
oleedy,qoko,26,24,0.7010313771792382,0,0,2,0,0
oleedy,ytody,26,21,0.9078308326020801,0,0,1,2,0
oleedy,chody,26,23,0.9129295732684412,0,0,2,2,0
oleedy,kchy,26,24,0.9344767269690313,0,0,3,1,0
oleedy,ykal,26,24,0.8757112137400833,0,0,2,0,0
oleedy,lsedy,26,28,0.8856960286199734,0,0,1,3,0
oleedy,to,26,24,0.8725920363071725,0,0,4,0,0
oleedy,pchdy,26,30,0.9001780698791152,0,0,2,2,0
oleedy,qoeedy,26,23,0.922224668326776,1,0,0,4,1
oleedy,otor,26,20,0.9043241663265433,0,0,2,0,0
ody,ykar,28,21,0.7890240316738918,0,0,1,0,0
ody,dleo,28,22,0.8406349905501737,0,0,1,0,0
ody,dleeol,28,22,0.8791214444737336,0,0,3,0,0
ody,qokeor,28,20,0.8476260439435063,0,0,3,0,0
ody,olkchdy,28,21,0.8333438551524299,0,0,3,2,0
ody,chal,28,29,0.7441028588566434,0,0,0,0,0
ody,tchaiin,28,21,0.8519965339375755,0,0,3,0,0
ody,qokeody,28,21,0.8851365371317387,0,0,4,3,0
ody,ldy,28,21,0.869205098814529,1,0,0,2,0
ody,laiin,28,37,0.9113285522651583,0,0,2,0,0
ody,schdy,28,21,0.8943392472585286,0,0,1,2,0
ody,sheckhy,28,39,0.9213033453820871,0,0,1,1,0
ody,cheeor,28,26,0.7920533345984252,0,0,2,0,0
ody,otedal,28,22,0.8683013528632398,0,0,3,0,0
ody,lsy,28,22,0.9270260814270612,1,0,0,1,0
ody,qoko,28,24,0.8076322335590735,0,0,1,0,0
ody,ytody,28,21,0.8935309221978972,0,0,2,3,0
ody,chody,28,23,0.8910696606657564,0,0,1,3,0
ody,kchy,28,24,0.8678128678198538,1,0,0,1,0
ody,ykal,28,24,0.86054737315901,0,0,1,0,0
ody,lsedy,28,28,0.8852007336803376,0,0,2,2,0
ody,to,28,24,0.8332153418703558,0,0,1,0,0
ody,pchdy,28,30,0.8785444523569562,0,0,1,2,0
ody,qoeedy,28,23,0.9103585242672972,0,0,3,2,0
ody,otor,28,20,0.857148060257268,0,0,1,0,0
ykar,dleo,21,22,0.707835381875653,0,0,0,0,0
ykar,dleeol,21,22,0.8127099212023142,0,0,2,0,0
ykar,qokeor,21,20,0.7737249089578181,0,0,2,1,0
ykar,olkchdy,21,21,0.7835475475421126,0,0,2,0,0
ykar,chal,21,29,0.7747720562400497,0,0,1,0,0
ykar,tchaiin,21,21,0.8289332761713009,0,0,2,0,0
ykar,qokeody,21,21,0.7663327721055627,0,0,3,0,0
ykar,ldy,21,21,0.7554973565193743,0,0,1,0,0
ykar,laiin,21,37,0.8087700517080193,0,0,1,0,0
ykar,schdy,21,21,0.8123239615936704,0,0,0,0,0
ykar,sheckhy,21,39,0.8236255863735716,0,0,0,0,0
ykar,cheeor,21,26,0.8169217288768313,0,0,1,1,0
ykar,otedal,21,22,0.7441519575478721,0,0,2,0,0
ykar,lsy,21,22,0.7974032794325285,0,0,1,0,0
ykar,qoko,21,24,0.6366820122120065,0,0,0,0,0
ykar,ytody,21,21,0.8227841054678477,0,0,1,0,0
ykar,chody,21,23,0.8391463916782737,0,0,0,0,0
ykar,kchy,21,24,0.8417519833746467,0,0,1,0,0
ykar,ykal,21,24,0.8185584150125627,0,1,0,0,0
ykar,lsedy,21,28,0.7920943624675176,0,0,1,0,0
ykar,to,21,24,0.8357001907042796,0,0,2,0,0
ykar,pchdy,21,30,0.8160110193740262,0,0,0,0,0
ykar,qoeedy,21,23,0.8268741925060656,0,0,2,0,0
ykar,otor,21,20,0.8038618726226604,0,0,0,1,0
dleo,dleeol,22,22,0.8492643287598343,0,1,2,0,1
dleo,qokeor,22,20,0.7651713204912595,0,0,2,0,0
dleo,olkchdy,22,21,0.7777880051692163,0,0,2,0,0
dleo,chal,22,29,0.6957776435109294,0,0,1,0,0
dleo,tchaiin,22,21,0.7385642963347328,0,0,2,0,0
dleo,qokeody,22,21,0.7802919673228121,0,0,3,0,0
dleo,ldy,22,21,0.7665004557963774,0,0,1,0,0
dleo,laiin,22,37,0.8361674301100391,0,0,1,0,0
dleo,schdy,22,21,0.7767672855625614,0,0,0,0,0
dleo,sheckhy,22,39,0.8321861235849733,0,0,0,0,0
dleo,cheeor,22,26,0.7171080715305717,0,0,1,0,0
dleo,otedal,22,22,0.7953579916625038,0,0,2,0,0
dleo,lsy,22,22,0.7981841987155865,0,0,1,0,0
dleo,qoko,22,24,0.7238959583080936,0,0,0,1,0
dleo,ytody,22,21,0.7923751040749001,0,0,1,0,0
dleo,chody,22,23,0.7927510443158641,0,0,0,0,0
dleo,kchy,22,24,0.776826158183083,0,0,1,0,0
dleo,ykal,22,24,0.7793161397890509,0,0,0,0,0
dleo,lsedy,22,28,0.7918465841946163,0,0,1,0,0
dleo,to,22,24,0.726208468159081,0,0,2,1,0
dleo,pchdy,22,30,0.765880404216603,0,0,0,0,0
dleo,qoeedy,22,23,0.8167748734861298,0,0,2,0,0
dleo,otor,22,20,0.7666341980735197,0,0,0,0,0
dleeol,qokeor,22,20,0.8254733593882498,0,0,0,0,0
dleeol,olkchdy,22,21,0.8716019289105664,0,0,0,0,0
dleeol,chal,22,29,0.8506706778651363,0,0,3,1,0
dleeol,tchaiin,22,21,0.8736884215007464,0,0,0,0,0
dleeol,qokeody,22,21,0.8632803870932265,0,0,1,0,0
dleeol,ldy,22,21,0.8295443222161024,0,0,3,0,0
dleeol,laiin,22,37,0.8985778367499748,0,0,1,0,0
dleeol,schdy,22,21,0.8768350762380215,0,0,2,0,0
dleeol,sheckhy,22,39,0.9155240512079005,0,0,2,0,0
dleeol,cheeor,22,26,0.8698510371744032,0,0,1,0,0
dleeol,otedal,22,22,0.8545210451490907,0,0,0,1,0
dleeol,lsy,22,22,0.889894673751562,0,0,3,0,0
dleeol,qoko,22,24,0.7362751133251787,0,0,2,0,0
dleeol,ytody,22,21,0.8932338775052499,0,0,1,0,0
dleeol,chody,22,23,0.8973826545241934,0,0,2,0,0
dleeol,kchy,22,24,0.9025841844432282,0,0,3,0,0
dleeol,ykal,22,24,0.885648235895545,0,0,2,1,0
dleeol,lsedy,22,28,0.8753906110926941,0,0,1,0,0
dleeol,to,22,24,0.8449501643748207,0,0,4,0,0
dleeol,pchdy,22,30,0.870131025485572,0,0,2,0,0
dleeol,qoeedy,22,23,0.8995922799001145,0,0,0,0,0
dleeol,otor,22,20,0.8849369732533998,0,0,2,0,0
qokeor,olkchdy,20,21,0.8182018243392718,0,0,0,0,0
qokeor,chal,20,29,0.7829481187697163,0,0,3,0,0
qokeor,tchaiin,20,21,0.8685955335009559,0,0,0,0,0
qokeor,qokeody,20,21,0.8051110666981869,0,1,1,0,1
qokeor,ldy,20,21,0.8403588348153248,0,0,3,0,0
qokeor,laiin,20,37,0.8342376950245028,0,0,1,0,0
qokeor,schdy,20,21,0.8649416106539698,0,0,2,0,0
qokeor,sheckhy,20,39,0.8810848086077433,0,0,2,0,0
qokeor,cheeor,20,26,0.8236526912895658,0,0,1,3,0
qokeor,otedal,20,22,0.7776315252135036,0,0,0,0,0
qokeor,lsy,20,22,0.8509352581353907,0,0,3,0,0
qokeor,qoko,20,24,0.7125235554445196,0,1,2,0,1
qokeor,ytody,20,21,0.8541282721986531,0,0,1,0,0
qokeor,chody,20,23,0.8718280642885615,0,0,2,0,0
qokeor,kchy,20,24,0.8677332236944723,0,0,3,0,0
qokeor,ykal,20,24,0.826032896264203,0,0,2,0,0
qokeor,lsedy,20,28,0.8378160046584321,0,0,1,0,0
qokeor,to,20,24,0.854196994372554,0,0,4,0,0
qokeor,pchdy,20,30,0.8869061630644804,0,0,2,0,1
qokeor,qoeedy,20,23,0.8506177790061464,0,1,0,0,0
qokeor,otor,20,20,0.8378893154083099,0,0,2,2,0
olkchdy,chal,21,29,0.8176205855408493,0,0,3,0,0
olkchdy,tchaiin,21,21,0.8519591852929447,0,0,0,0,0
olkchdy,qokeody,21,21,0.8369770527120453,0,0,1,2,0
olkchdy,ldy,21,21,0.8207091728640149,0,0,3,2,0
olkchdy,laiin,21,37,0.859620008501293,0,0,1,0,0
olkchdy,schdy,21,21,0.8589140695498438,0,0,2,3,0
olkchdy,sheckhy,21,39,0.877620442059512,0,0,2,1,1
olkchdy,cheeor,21,26,0.8564028992979449,0,0,1,0,0
olkchdy,otedal,21,22,0.8012429664353604,0,0,0,0,0
olkchdy,lsy,21,22,0.8551861104941366,0,0,3,1,0
olkchdy,qoko,21,24,0.6949232066139948,0,0,2,0,0
olkchdy,ytody,21,21,0.8737235587660763,0,0,1,2,0
olkchdy,chody,21,23,0.8566870618221634,0,0,2,2,0
olkchdy,kchy,21,24,0.8972196813298606,0,0,3,1,0
olkchdy,ykal,21,24,0.8034215027686968,0,0,2,0,0
olkchdy,lsedy,21,28,0.8319774944704957,0,0,1,2,0
olkchdy,to,21,24,0.8429094595582318,0,0,4,0,0
olkchdy,pchdy,21,30,0.864263397068391,0,0,2,3,0
olkchdy,qoeedy,21,23,0.8626621856275073,0,0,0,2,0
olkchdy,otor,21,20,0.8551628025138949,0,0,2,0,0
chal,tchaiin,29,21,0.8523627886737322,0,0,3,0,0
chal,qokeody,29,21,0.7489339978950491,0,0,4,0,0
chal,ldy,29,21,0.7472403068865161,0,0,0,0,0
chal,laiin,29,37,0.7811530517550869,0,0,2,0,0
chal,schdy,29,21,0.8284933096724514,0,0,1,0,0
chal,sheckhy,29,39,0.8368497451103333,0,0,1,0,0
chal,cheeor,29,26,0.8896614999768523,0,0,2,0,0
chal,otedal,29,22,0.7255343052821618,0,0,3,2,0
chal,lsy,29,22,0.7942035301118037,0,0,0,0,0
chal,qoko,29,24,0.5704017481181183,0,0,1,0,0
chal,ytody,29,21,0.8119463268877692,0,0,2,0,0
chal,chody,29,23,0.8348862128595418,0,0,1,0,0
chal,kchy,29,24,0.8822807852707498,0,0,0,0,0
chal,ykal,29,24,0.7913502245312203,0,0,1,2,0
chal,lsedy,29,28,0.7897300028927076,0,0,2,0,0
chal,to,29,24,0.8284933096724514,0,0,1,0,0
chal,pchdy,29,30,0.8412788410333693,0,0,1,0,0
chal,qoeedy,29,23,0.8016101192492378,0,0,3,0,0
chal,otor,29,20,0.8305520755971336,0,0,1,0,0
tchaiin,qokeody,21,21,0.8329179223149897,0,0,1,0,0
tchaiin,ldy,21,21,0.8408484236688499,0,0,3,0,0
tchaiin,laiin,21,37,0.8848202379260234,0,0,1,4,0
tchaiin,schdy,21,21,0.918729550688505,0,0,2,0,0
tchaiin,sheckhy,21,39,0.9174888735326452,0,0,2,0,0
tchaiin,cheeor,21,26,0.8982135795057888,0,0,1,0,0
tchaiin,otedal,21,22,0.8229121860924271,0,0,0,0,0
tchaiin,lsy,21,22,0.8843854920812279,0,0,3,0,0
tchaiin,qoko,21,24,0.6787637620824726,0,0,2,0,0
tchaiin,ytody,21,21,0.9032777782074816,0,0,1,0,0
tchaiin,chody,21,23,0.9152962507133721,0,0,2,0,0
tchaiin,kchy,21,24,0.9104479195554647,0,0,3,0,0
tchaiin,ykal,21,24,0.8733593751946956,0,0,2,0,0
tchaiin,lsedy,21,28,0.8696307906054016,0,0,1,0,0
tchaiin,to,21,24,0.9105992006824121,0,0,4,0,0
tchaiin,pchdy,21,30,0.9094529355684999,0,0,2,0,0
tchaiin,qoeedy,21,23,0.8867367389823573,0,0,0,0,0
tchaiin,otor,21,20,0.9070050653582966,0,0,2,0,0
qokeody,ldy,21,21,0.8374277333345225,0,0,4,2,0
qokeody,laiin,21,37,0.8947629163583098,0,0,2,0,0
qokeody,schdy,21,21,0.8637092898287746,0,0,3,2,0
qokeody,sheckhy,21,39,0.89766225337808,0,0,3,1,0
qokeody,cheeor,21,26,0.7962458732305645,0,0,2,0,0
qokeody,otedal,21,22,0.8460020262295016,0,0,1,0,0
qokeody,lsy,21,22,0.8928062322276569,0,0,4,1,0
qokeody,qoko,21,24,0.7955059098394152,0,1,3,0,1
qokeody,ytody,21,21,0.8639866456622698,0,0,2,3,0
qokeody,chody,21,23,0.8724597935436963,0,0,3,3,0
qokeody,kchy,21,24,0.858928725010172,0,0,4,1,0
qokeody,ykal,21,24,0.8236946834615477,0,0,3,0,0
qokeody,lsedy,21,28,0.8619302780741996,0,0,2,2,0
qokeody,to,21,24,0.8109270554503495,0,0,5,0,0
qokeody,pchdy,21,30,0.8550865009394029,0,0,3,2,1
qokeody,qoeedy,21,23,0.8850236828796755,0,1,1,2,0
qokeody,otor,21,20,0.8523190186742151,0,0,3,0,0
ldy,laiin,21,37,0.8812509906532183,0,0,2,0,0
ldy,schdy,21,21,0.8530108101154495,0,0,1,2,0
ldy,sheckhy,21,39,0.8689313326048126,0,0,1,1,0
ldy,cheeor,21,26,0.7788441265850194,0,0,2,0,0
ldy,otedal,21,22,0.8072684835759888,0,0,3,0,0
ldy,lsy,21,22,0.8493084730750832,1,0,0,1,0
ldy,qoko,21,24,0.8030801984049087,0,0,1,0,0
ldy,ytody,21,21,0.8575697601366757,0,0,2,2,0
ldy,chody,21,23,0.8643038562175795,0,0,1,2,0
ldy,kchy,21,24,0.8381192994731953,1,0,0,1,0
ldy,ykal,21,24,0.8257982288788388,0,0,1,0,0
ldy,lsedy,21,28,0.8478891947261877,0,0,2,2,0
ldy,to,21,24,0.8265197911677648,0,0,1,0,0
ldy,pchdy,21,30,0.8828468969767654,0,0,1,2,0
ldy,qoeedy,21,23,0.8478088618311479,0,0,3,2,0
ldy,otor,21,20,0.8263316678487995,0,0,1,0,0
laiin,schdy,37,21,0.9053574604251854,0,0,1,0,0
laiin,sheckhy,37,39,0.9335280877098922,0,0,1,0,0
laiin,cheeor,37,26,0.8285038835884279,0,0,0,0,0
laiin,otedal,37,22,0.8781022684817084,0,0,1,0,0
laiin,lsy,37,22,0.9146842153214401,0,0,2,0,0
laiin,qoko,37,24,0.7725516795154698,0,0,1,0,0
laiin,ytody,37,21,0.9181164383196564,0,0,0,0,0
laiin,chody,37,23,0.9253393665158371,0,0,1,0,0
laiin,kchy,37,24,0.8845810771068212,0,0,2,0,0
laiin,ykal,37,24,0.8833550459187106,0,0,1,0,0
laiin,lsedy,37,28,0.8914138855628673,0,0,0,0,0
laiin,to,37,24,0.857426771343852,0,0,3,0,0
laiin,pchdy,37,30,0.8894715237300805,0,0,1,0,0
laiin,qoeedy,37,23,0.917234048029931,0,0,1,0,0
laiin,otor,37,20,0.8882907297435394,0,0,1,0,0
schdy,sheckhy,21,39,0.9393672604966348,0,0,0,1,0
schdy,cheeor,21,26,0.8796733124359417,0,0,1,0,0
schdy,otedal,21,22,0.8742337087021773,0,0,2,0,0
schdy,lsy,21,22,0.9072472797539783,0,0,1,1,0
schdy,qoko,21,24,0.7085709097364503,0,0,0,0,0
schdy,ytody,21,21,0.9224272639033175,0,0,1,2,0
schdy,chody,21,23,0.9158038926608606,1,0,0,2,0
schdy,kchy,21,24,0.9042314935290171,0,0,1,1,0
schdy,ykal,21,24,0.858908346067762,0,0,0,0,0
schdy,lsedy,21,28,0.8834225301840971,0,0,1,2,0
schdy,to,21,24,0.8770491803278688,0,0,2,0,0
schdy,pchdy,21,30,0.9168771643498368,1,0,0,3,0
schdy,qoeedy,21,23,0.90433045522393,0,0,2,2,0
schdy,otor,21,20,0.8922149104369714,0,0,0,0,0
sheckhy,cheeor,39,26,0.882389757334477,0,0,1,0,0
sheckhy,otedal,39,22,0.8746962811318013,0,0,2,0,0
sheckhy,lsy,39,22,0.941429869131034,0,0,1,1,0
sheckhy,qoko,39,24,0.7570070040749354,0,0,0,0,0
sheckhy,ytody,39,21,0.9351190925391388,0,0,1,1,0
sheckhy,chody,39,23,0.9430821883104226,0,0,0,1,0
sheckhy,kchy,39,24,0.9241374305956495,0,0,1,1,0
sheckhy,ykal,39,24,0.889702097294733,0,0,0,0,0
sheckhy,lsedy,39,28,0.9079686534554535,0,0,1,1,0
sheckhy,to,39,24,0.8879795547801886,0,0,2,0,0
sheckhy,pchdy,39,30,0.9371512426479949,0,0,0,1,0
sheckhy,qoeedy,39,23,0.9330903044095837,0,0,2,1,0
sheckhy,otor,39,20,0.9172330213981721,0,0,0,0,0
cheeor,otedal,26,22,0.7763598571743101,0,0,1,0,0
cheeor,lsy,26,22,0.8464147390303179,0,0,2,0,0
cheeor,qoko,26,24,0.6215171155360201,0,0,1,0,0
cheeor,ytody,26,21,0.8708305602478902,0,0,0,0,0
cheeor,chody,26,23,0.8824443816949655,0,0,1,0,0
cheeor,kchy,26,24,0.9077997459725788,0,0,2,0,0
cheeor,ykal,26,24,0.8291013755320219,0,0,1,0,0
cheeor,lsedy,26,28,0.8148217143826668,0,0,0,0,0
cheeor,to,26,24,0.8759772060811688,0,0,3,0,0
cheeor,pchdy,26,30,0.8867635499364726,0,0,1,0,0
cheeor,qoeedy,26,23,0.8466990166559788,0,0,1,0,1
cheeor,otor,26,20,0.8566856228572162,0,0,1,2,0
otedal,lsy,22,22,0.8682187492511461,0,0,3,0,0
otedal,qoko,22,24,0.7553144670947697,0,0,2,0,0
otedal,ytody,22,21,0.862932728763866,0,0,1,0,0
otedal,chody,22,23,0.8488990704184679,0,0,2,0,0
otedal,kchy,22,24,0.8132782782117821,0,0,3,0,0
otedal,ykal,22,24,0.8267376522398553,0,0,2,2,0
otedal,lsedy,22,28,0.8631259881563325,0,0,1,0,0
otedal,to,22,24,0.7716450592116156,0,0,4,0,0
otedal,pchdy,22,30,0.8223796639185612,0,0,2,0,0
otedal,qoeedy,22,23,0.8752721087717628,0,0,0,0,0
otedal,otor,22,20,0.8309275704499347,0,1,2,0,0
lsy,qoko,22,24,0.7779779007137483,0,0,1,0,0
lsy,ytody,22,21,0.9138640874980174,0,0,2,1,0
lsy,chody,22,23,0.9203521303309107,0,0,1,1,0
lsy,kchy,22,24,0.8953523237151337,1,0,0,1,0
lsy,ykal,22,24,0.8648495371134327,0,0,1,0,0
lsy,lsedy,22,28,0.8908329321166114,0,1,2,1,0
lsy,to,22,24,0.8564101476987985,0,0,1,0,0
lsy,pchdy,22,30,0.9050278199771837,0,0,1,1,0
lsy,qoeedy,22,23,0.9254643664928645,0,0,3,1,0
lsy,otor,22,20,0.8936827821101756,0,0,1,0,0
qoko,ytody,24,21,0.7297669819165574,0,0,1,0,0
qoko,chody,24,23,0.7298612256395758,0,0,0,0,0
qoko,kchy,24,24,0.6869149453249382,0,0,1,0,0
qoko,ykal,24,24,0.7053312434660785,0,0,0,0,0
qoko,lsedy,24,28,0.7529019710786673,0,0,1,0,0
qoko,to,24,24,0.6697451064632202,0,0,2,1,0
qoko,pchdy,24,30,0.7225880191868571,0,0,0,0,1
qoko,qoeedy,24,23,0.7561672831927319,0,1,2,0,0
qoko,otor,24,20,0.7253920553412856,0,0,0,0,0
ytody,chody,21,23,0.9271406597219437,0,0,1,3,0
ytody,kchy,21,24,0.9052480938477035,0,0,2,1,0
ytody,ykal,21,24,0.8763623317053221,0,0,1,0,0
ytody,lsedy,21,28,0.9037904485578913,0,0,0,2,0
ytody,to,21,24,0.8792498175078431,0,0,3,0,0
ytody,pchdy,21,30,0.9023676499944268,0,0,1,2,0
ytody,qoeedy,21,23,0.9289370404818762,0,0,1,2,0
ytody,otor,21,20,0.8970362002040809,0,0,1,0,0
chody,kchy,23,24,0.9103323288213249,0,0,1,1,0
chody,ykal,23,24,0.8837864769545684,0,0,0,0,0
chody,lsedy,23,28,0.8842223664110468,0,0,1,2,0
chody,to,23,24,0.8983931722680686,0,0,2,0,0
chody,pchdy,23,30,0.9240770067105188,1,0,0,2,0
chody,qoeedy,23,23,0.9267220812519823,0,0,2,2,0
chody,otor,23,20,0.8976084646709193,0,0,0,0,0
kchy,ykal,24,24,0.8480653724997017,0,0,1,0,0
kchy,lsedy,24,28,0.8720320824412117,0,0,2,1,0
kchy,to,24,24,0.8905827162682017,0,0,1,0,0
kchy,pchdy,24,30,0.9028817193370802,0,0,1,1,0
kchy,qoeedy,24,23,0.9023584613732168,0,0,3,1,0
kchy,otor,24,20,0.8906642964585557,0,0,1,0,0
ykal,lsedy,24,28,0.8528319907060152,0,0,1,0,0
ykal,to,24,24,0.8286954896734187,0,0,2,0,0
ykal,pchdy,24,30,0.8590460340935147,0,0,0,0,0
ykal,qoeedy,24,23,0.883315216482876,0,0,2,0,0
ykal,otor,24,20,0.850801760907696,0,0,0,0,0
lsedy,to,28,24,0.8633447454071858,0,0,3,0,0
lsedy,pchdy,28,30,0.8751192298957821,0,0,1,2,0
lsedy,qoeedy,28,23,0.9102962598636885,0,0,1,3,0
lsedy,otor,28,20,0.8625906510957057,0,0,1,0,0
to,pchdy,24,30,0.9105538735612172,0,0,2,0,0
to,qoeedy,24,23,0.8560074537997505,0,0,4,0,0
to,otor,24,20,0.8744593898312606,0,0,2,0,0
pchdy,qoeedy,30,23,0.8866925996688089,0,0,2,2,0
pchdy,otor,30,20,0.8937517630101086,0,0,0,0,0
qoeedy,otor,23,20,0.8897460492749365,0,0,2,0,0
