brier0,brier1,correct0,correct1,currier,experiment,fold,folio,hand,id,index,initial,kind,left,locus,loss0,loss1,p0_l,p0_n,p0_r,p1_l,p1_n,p1_r,page,paragraph_start,position,right,section,stem,terminal
7.474402315041103e-05,7.760752541465443e-05,1,1,A,crossed_layout,0,f2,1,f2r.5:2:drawing,2,ch,drawing,shodaiin,f2r.5,0.008983355655353404,0.009102773336696077,0.00019291921390724237,0.9937925586218508,0.0060145221642419295,0.0001226751684924713,0.9937103018120633,0.006167023019444298,f2r,False,0.3333333333333333,chol,H,shodaii,n
1.0369382122256332,0.8852508887300816,0,0,A,crossed_layout,0,f2,1,f2r.5:3:uncertain,3,d,uncertain,chol,f2r.5,1.8423351185898735,1.5819196256270065,0.2788700453087842,0.0021688313728862887,0.7189611233183296,0.33403712871182895,0.0013256880468941851,0.664637183241277,f2r,False,0.5,dan,H,cho,l
1.0210494398174723,0.8786258180188119,0,0,A,crossed_layout,0,f2,1,f2r.7:3:uncertain,3,d,uncertain,chol,f2r.7,1.8141377413894553,1.5713011741725595,0.28437415503367564,0.002236689558474224,0.7133891554078501,0.33650476191556,0.0013789449993255778,0.6621162930851143,f2r,False,0.75,dan,H,cho,l
1.0242323241796552,1.474969924518219,0,0,A,crossed_layout,0,f2,1,f2r.9:7:uncertain,7,y,uncertain,chol,f2r.9,1.819759534875237,2.837224396165976,0.2832681818849924,0.0022229774050642067,0.7145088407099435,0.13992984476120895,0.00260735471205877,0.8574628005267322,f2r,False,0.7,yky,H,cho,l
0.1399229383509683,0.19424454445130446,1,1,A,crossed_layout,0,f2,1,f2v.1:5:drawing,5,d,drawing,chor,f2v.1,0.44421566938525275,0.5394928254268012,0.26398538307771746,0.0010308301273008074,0.7349837867949817,0.31130052906395045,0.0006867358199267704,0.6880127351161227,f2v,True,0.7142857142857143,dair,H,cho,r
1.07185007746074,0.9434250543742869,0,0,A,crossed_layout,0,f2,1,f2v.5:7:uncertain,7,d,uncertain,chol,f2v.5,1.902898052962481,1.6765274573513929,0.2674056673384218,0.0010517741018486661,0.7315425585597296,0.31283471963518283,0.0007044762772101924,0.686460804087607,f2v,True,0.875,daiin,H,cho,l
3.029330703969032e-05,2.107610705960961e-05,1,1,A,crossed_layout,0,f2,1,f2v.7:6:line,6,ch,line,cheaiin,f2v.7,0.005683041870750593,0.004719865831673477,8.037679985074522e-05,0.9960685639598724,0.003851059240276895,4.0334154033610455e-05,0.9967337840328987,0.0032258818130676287,f2v,False,1.0,chokoishe,H,cheaii,n
1.9239820094594031,1.906950053656887,0,0,A,crossed_layout,0,f7,1,f7r.5:0:drawing,0,o,drawing,oaiir,f7r.5,5.719526596103631,5.430868567603713,0.00042129037653710347,0.9806006881554665,0.0189780214679963,0.0007160366993744745,0.9761022431546034,0.023181720146022253,f7r,False,0.0,otaiin,H,oaii,r
0.560083380776599,0.2923663885040426,0,1,A,crossed_layout,0,f7,1,f7v.7:1:uncertain,1,o,uncertain,chorcheor,f7v.7,1.0938656072717763,0.6983259310864356,0.5268531268396333,0.004642508729089611,0.4685043644312772,0.38095015993947795,0.0027629234964164765,0.6162869165641055,f7v,False,0.14285714285714285,odaiin,H,chorcheo,r
0.10462590364076887,0.05812237372242841,1,1,A,crossed_layout,0,f10,1,f10r.8:4:drawing,4,ch,drawing,cholor,f10r.8,0.37716835896702405,0.2721843659260576,0.22736411050093486,0.002688571466386806,0.7699473180326782,0.16897306996042996,0.002962096125851776,0.8280648339137183,f10r,False,0.5714285714285714,chol,H,cholo,r
0.16576424606970494,0.0020671819669501137,1,1,A,crossed_layout,0,f10,1,f10v.6:6:uncertain,6,a,uncertain,chor,f10v.6,0.4921171291311093,0.04989526511389099,0.2867527087813649,0.002266311197958685,0.7109809800206763,0.02991653127480997,0.004077013473696666,0.9660064552514933,f10v,False,0.8571428571428571,aiin,H,cho,r
1.0414656199252095,1.3147455811545994,0,0,A,crossed_layout,0,f10,1,f10v.7:3:uncertain,3,ch,uncertain,chol,f10v.7,1.8504319326480727,2.41591234869612,0.2773093311431839,0.002149763989307782,0.7205409048675082,0.18738633457799292,0.003669199529059829,0.8089444658929473,f10v,False,0.42857142857142855,cheky,H,cho,l
0.9316688927417931,0.05598000014005822,0,1,A,crossed_layout,0,f18,1,f18r.8:3:uncertain,3,d,uncertain,okal,f18r.8,1.6840878352618518,0.2690718309212876,0.3111996115762258,0.012737767863438805,0.6760626205603354,0.8298532666646625,0.005842268470595442,0.16430446486474207,f18r,False,0.6,dy,H,oka,l
0.14647131971877042,0.1976829143143652,1,1,A,crossed_layout,0,f27,1,f27v.1:9:line,9,d,line,chor,f27v.1,0.4563129972624527,0.5452961748037947,0.27008514061738165,0.0010683126972322967,0.7288465466853861,0.314030704010827,0.0007185849296380939,0.6852507110595348,f27v,True,1.0,dchy,H,cho,r
0.3269684371903816,0.8789038551254504,1,0,A,crossed_layout,0,f28,1,f28r.3:4:drawing,4,ch,drawing,shor,f28r.3,0.7488582340278563,1.5706654573080898,0.40373532664727413,0.0011903532823440957,0.5950743200703817,0.6624756233423758,0.000871302808636707,0.3366530738489875,f28r,False,0.6666666666666666,chotchy,H,sho,r
0.39935435172619604,0.29959112487823425,1,1,A,crossed_layout,0,f28,1,f28r.3:6:line,6,ch,line,tchodar,f28r.3,0.8681330311672518,0.7176269398738011,0.44136536602387316,0.010779270922305826,0.547855363053821,0.3819744493198472,0.00992868433987837,0.6080968663402744,f28r,False,1.0,choty,H,tchoda,r
0.7217284959964718,1.1880020870062664,0,0,A,crossed_layout,0,f28,1,f28r.4:4:drawing,4,o,drawing,cthol,f28r.4,1.327863425657752,2.127071904100951,0.3983577573412368,0.0018492047809601467,0.5997930378778031,0.22892201181855257,0.0007272276260378585,0.7703507605554095,f28r,False,0.5714285714285714,otol,H,ctho,l
0.6948973996335226,0.25605795625289707,0,1,A,crossed_layout,0,f28,1,f28v.8:8:line,8,s,line,cthol,f28v.8,1.2877637995569693,0.6414334826855762,0.4095854014471859,0.001938393358048838,0.5884762051947652,0.6410756501693247,0.002236439057311697,0.3566879107733636,f28v,False,1.0,sor,H,ctho,l
0.7307304002523161,0.14995570887628343,0,1,A,crossed_layout,0,f37,1,f37r.3:3:uncertain,3,d,uncertain,cthol,f37r.3,1.3414000437434666,0.4626842997058939,0.39463749946346705,0.0018201821084344828,0.6035423184280986,0.725634874879758,0.0010918280244548173,0.27327329709578724,f37r,False,0.42857142857142855,dy,H,ctho,l
9.346261059100161e-05,1.3351477713351449e-05,1,1,A,crossed_layout,0,f37,1,f37v.13:0:paragraph,0,t,paragraph,sotoiiin,f37v.13,0.0100938652922719,0.003990900643349477,0.00028082619440199295,0.9930278844954994,0.006691289310098728,0.0004053429362598852,0.9972375411022788,0.0023571159614615158,f37v,False,0.0,todain,H,sotoiii,n
0.002326036216166233,0.0025097841560017616,1,1,B,crossed_layout,0,f43,2,f43r.12:13:line,13,t,line,saiin,f43r.12,0.05085406790436408,0.05482344872453313,0.0010907284327939398,0.9653646689062718,0.033544602660934196,0.004079886283214348,0.962712248785579,0.03320786493120642,f43r,False,1.0,tshed,H,saii,n
0.1113873156152595,0.5851143882304125,1,0,B,crossed_layout,0,f43,2,f43v.2:10:line,10,t,line,okar,f43v.2,0.3931801526693091,1.1264328171960216,0.23335350555597814,0.0051972144635091784,0.7614492799805126,0.539811655501053,0.002141459598778987,0.4580468849001679,f43v,False,1.0,tody,H,oka,r
0.18535501843857835,0.4167648260051817,1,1,B,crossed_layout,0,f43,2,f43v.6:8:line,8,y,line,dalorain,f43v.6,0.5271832172931896,0.8817226243940671,0.0033515950323243144,0.6939082299604769,0.30274017500719874,0.0015876498924082304,0.5427190202197796,0.45569332988781225,f43v,True,1.0,ytshedy,H,dalorai,n
0.9959406403011308,0.20586710436479938,0,1,B,crossed_layout,0,f46,2,f46r.15:1:uncertain,1,k,uncertain,shol,f46r.15,1.7656127499878487,0.5584671676455227,0.2941017451379395,0.00045648851840191407,0.7054417663436585,0.6790232281281265,0.0002885540963459322,0.32068821777552753,f46r,False,0.3333333333333333,kal,H,sho,l
0.33666216937341115,0.8453764632039957,1,0,B,crossed_layout,0,f48,5,f48v.9:2:drawing,2,o,drawing,okal,f48v.9,0.7643643435846867,1.5297440388988475,0.5887127003220092,0.0020186206078237896,0.40926867907016706,0.3463388085637075,0.007090831676257337,0.6465703597600352,f48v,False,0.18181818181818182,otchedy,H,oka,l
0.7363829661504375,0.09591806555026353,0,1,B,crossed_layout,0,f48,5,f48v.10:10:uncertain,10,a,uncertain,okar,f48v.10,1.3505387112439793,0.3590966505824032,0.6057156184443145,0.002138789537050004,0.3921455920186354,0.2176181153349644,0.0027292751319431784,0.7796526095330925,f48v,False,0.8333333333333334,ar,H,oka,r
0.6377921508617865,1.6086509005405047,0,0,A,crossed_layout,0,f52,1,f52v.1:4:uncertain,4,k,uncertain,ytor,f52v.1,1.200839143543729,3.282581179837022,0.564439475071743,0.0005383475235034704,0.4350221774047536,0.896448197431537,0.0007869504373267822,0.10276485213113623,f52v,True,0.6666666666666666,kol,H,yto,r
0.42487556775581714,1.0277812765097352,1,0,B,crossed_layout,0,f84,2,f84r.21:3:uncertain,3,y,uncertain,okal,f84r.21,0.9111388049020216,1.8563039967232344,0.5317651716741599,0.01501722467210315,0.4532176036537369,0.27618291933029093,0.01411943246493808,0.7096976482047711,f84r,False,0.23076923076923078,y,B,oka,l
0.6066015552328501,0.47259220980365685,0,1,B,crossed_layout,0,f84,2,f84r.24:6:uncertain,6,ch,uncertain,qokar,f84r.24,1.2176440211071933,0.995460190973687,0.5291642964239687,0.04085137673087408,0.42998432684515736,0.4727654983348074,0.025658645635038342,0.5015758560301542,f84r,False,0.5454545454545454,chckhy,B,qoka,r
0.06627031761035736,0.07020805626919685,1,1,B,crossed_layout,0,f84,2,f84r.28:13:line,13,q,line,olain,f84r.28,0.2972796717631405,0.3079164377737212,0.008678299480304507,0.8137854144699196,0.17753628604977595,0.010069598590584995,0.8078075652132138,0.18212283619620107,f84r,False,1.0,qokeedy,B,olai,n
0.07579133887939454,0.16802686204824652,1,1,B,crossed_layout,0,f84,2,f84v.3:5:line,5,o,line,cfhdarol,f84v.3,0.3131520452855535,0.4945787576844852,0.8048813069024888,0.0009043355941408295,0.19421435750337038,0.7097688882426865,0.0007623177777794331,0.2894687939795341,f84v,True,1.0,oteey,B,cfhdaro,l
1.214109718781325,1.1792574705437269,0,0,B,crossed_layout,0,f84,2,f84v.19:6:uncertain,6,sh,uncertain,tal,f84v.19,2.203799204657947,2.113417608130953,0.21706526609909718,0.007651315658554122,0.7752834182423487,0.2310989150527753,0.00206058909212114,0.7668404958551035,f84v,False,0.5454545454545454,shedy,B,ta,l
0.4069752172263586,0.5040037943963325,1,0,B,crossed_layout,0,f84,2,f84v.25:3:uncertain,3,ch,uncertain,okal,f84v.25,0.8854118622755494,1.0189433943609065,0.5413329603320569,0.015543859993128238,0.44312317967481474,0.4934776346708691,0.00917468720813288,0.49734767812099806,f84v,False,0.6,chedy,B,oka,l
0.4915237731995261,0.6981695249526968,1,0,B,crossed_layout,0,f86,2,f86v4.5:7:uncertain,7,a,uncertain,olair,f86v4.5,1.0271520324534835,1.3008463885660388,0.02837570501724903,0.48094647383458466,0.49067782114816627,0.006611569394610329,0.5875004253571877,0.40588800524820196,f86v4,True,0.875,am,C,olai,r
0.029717198545597533,0.046461397363307934,1,1,B,crossed_layout,0,f86,2,f86v4.8:5:uncertain,5,a,uncertain,okol,f86v4.8,0.187714036623147,0.2388480103566709,0.8779958120467083,0.00021695710757099217,0.12178723084572075,0.8474217071311768,0.00032470020737262084,0.15225359266145047,f86v4,False,0.5,aiin,C,oko,l
0.28875482353472215,0.28893843992512347,1,1,B,crossed_layout,0,f86,2,f86v4.8:7:uncertain,7,ch,uncertain,okal,f86v4.8,0.6970790827774872,0.6939895937221916,0.6168197723827611,0.00650338646232432,0.3766768411549147,0.618142089154048,0.00355867521334539,0.37829923563260653,f86v4,False,0.7,cheockhy,C,oka,l
9.870803997307528e-05,2.8186375260044024e-05,1,1,B,crossed_layout,0,f86,2,f86v6.16:9:line,9,p,line,okaiin,f86v6.16,0.010402337827512062,0.005655288919373843,0.0003299842088588698,0.992815581081153,0.0068544347099882726,0.0003394220536399308,0.9960877253956106,0.003572852550749458,f86v6,False,1.0,par,T,okaii,n
0.1382612560554104,0.14013688033877947,1,1,B,crossed_layout,0,f86,2,f86v6.19:6:paragraph,6,p,paragraph,cholkar,f86v6.19,0.507534084479996,0.5136621954769225,0.204524387432031,0.09205187998136123,0.7034237325866077,0.20238368211752455,0.09717416933315012,0.7004421485493253,f86v6,False,1.0,pdaiiiy,T,cholka,r
0.3003961178819652,0.3312088129077286,1,1,B,crossed_layout,0,f86,2,f86v6.23:12:line,12,ch,line,keodar,f86v6.23,0.7241190720927553,0.7801989368987048,0.38006354386865,0.014569879836829322,0.6053665762945207,0.39524606855565464,0.022467436716121874,0.5822864947282236,f86v6,False,1.0,chey,T,keoda,r
0.22474777764494314,0.12475428511926422,1,1,B,crossed_layout,0,f86,2,f86v6.31:5:uncertain,5,a,uncertain,okar,f86v6.31,0.6037576990672254,0.4490143130265145,0.3280488203139675,0.013913408870990948,0.6580377708150416,0.22714830328469215,0.04030852703136388,0.7325431696839441,f86v6,False,0.5,al,T,oka,r
0.9946677275445965,0.20902654933536813,0,1,B,crossed_layout,0,f86,2,f86v6.36:3:uncertain,3,t,uncertain,chol,f86v6.36,1.7680542385253415,0.5644683697203634,0.2936044544539757,0.002358972614236523,0.7040365729317878,0.6762045506529316,0.0010230687942391643,0.3227723805528293,f86v6,False,0.3333333333333333,tal,T,cho,l
1.5027936546940326,1.5591882449894117,0,0,B,crossed_layout,0,f86,2,f86v6.43:8:line,8,sh,line,okan,f86v6.43,6.083959948571256,7.748388526374418,0.3398342612351752,0.014741631914888398,0.6454241068499363,0.3064845148974465,0.004650531983190324,0.6888649531193632,f86v6,False,1.0,shor,T,oka,n
0.019126724896410884,0.011741592584074072,1,1,B,crossed_layout,0,f86,2,f86v5.10:2:uncertain,2,sh,uncertain,kar,f86v5.10,0.15769120027815728,0.11732220322618336,0.09079302305291678,0.012748416643501879,0.8964585603035814,0.07504808131621785,0.0030547149918959625,0.9218972036918862,f86v5,False,0.2,shedy,T,ka,r
0.3662326282728844,1.0023688225101184,1,0,B,crossed_layout,0,f86,2,f86v5.28:6:uncertain,6,q,uncertain,ytdar,f86v5.28,0.8285020581187594,1.793132360761867,0.41835324671618324,0.01853313677081336,0.5631136165130034,0.7043794218403509,0.007075697685981859,0.2885448804736674,f86v5,False,0.46153846153846156,qokeeey,T,ytda,r
0.02447197771616089,0.0106914318934603,1,1,B,crossed_layout,0,f86,2,f86v5.29:8:line,8,o,line,tar,f86v5.29,0.17360770284319982,0.1144156893487559,0.10763162284402254,0.00574562057094872,0.8866227565850286,0.06952081962745696,0.006722811800257777,0.9237563685722853,f86v5,False,1.0,odaiin,T,ta,r
0.20041378702596882,0.5719067275392363,1,0,B,crossed_layout,0,f86,2,f86v3.18:4:drawing,4,sh,drawing,shol,f86v3.18,0.5493732771109565,1.104099103300462,0.6833169044299573,0.0002568987892513263,0.31642619678079137,0.46519287217933136,0.00012212835265589992,0.5346849994680127,f86v3,True,0.6666666666666666,sheody,C,sho,l
0.0006276858700950288,0.0009729939684370004,1,1,A,crossed_layout,0,f102,1,f102r1.4:6:line,6,y,line,qokcheololain,f102r1.4,0.027047506905992336,0.03261273946937407,0.0018624368427596124,0.9814267456472838,0.01671081750995654,0.000602679496772446,0.9776481598653045,0.021749160637923166,f102r1,False,1.0,ytol,P,qokcheololai,n
0.14111430916649786,0.3566107391994868,1,1,A,crossed_layout,0,f102,1,f102r2.2:6:uncertain,6,y,uncertain,chefol,f102r2.2,0.4456449681583782,0.792367299161732,0.7342559883425196,0.00023624600360626472,0.2655077656538742,0.577395872974024,0.000684677086313983,0.421919449939662,f102r2,True,0.8571428571428571,y,P,chefo,l
0.518313446133124,0.13354645740506538,0,1,A,crossed_layout,0,f102,1,f102r2.16:2:uncertain,2,s,uncertain,cthol,f102r2.16,1.0269182201360965,0.43166002103775447,0.4907573499552651,0.0003367096833268707,0.5089059403614079,0.7414082012065983,0.00037367516779847565,0.25821812362560304,f102r2,True,0.2857142857142857,soeees,P,ctho,l
0.36248119528851336,0.36447346315350354,1,1,B,crossed_layout,0,f106,3,f106r.9:6:paragraph,6,p,paragraph,qokar,f106r.9,0.8239062688398671,0.8261573208107432,0.41569458128389564,0.019395110689013458,0.5649103080270909,0.41719381201717437,0.01877662804426968,0.5640295599385559,f106r,False,1.0,pshoair,S,qoka,r
0.5436486410238341,0.28609074066633344,0,1,B,crossed_layout,0,f106,3,f106r.39:10:line,10,sh,line,aloal,f106r.39,1.0799813682262778,0.6956272322090916,0.47303493236204025,0.011380999454534836,0.5155840681834248,0.6174408190139438,0.008846794330646458,0.37371238665540985,f106r,False,1.0,shaiin,S,aloa,l
0.670006528713589,0.06406945832235751,0,1,B,crossed_layout,0,f106,3,f106r.45:10:line,10,s,line,okal,f106r.45,1.2597221041961297,0.28816622502998696,0.4176243959027955,0.007229607641209673,0.5751459964559948,0.8189423351893157,0.004225178536254991,0.17683248627442916,f106r,False,1.0,sotchdaiin,S,oka,l
0.0300297266216884,0.7791313359314616,1,0,B,crossed_layout,0,f106,3,f106v.1:10:line,10,d,line,kar,f106v.1,0.19139583159911325,1.4170637425446595,0.12075381918648644,0.0034881800469679265,0.8757580007665456,0.6227684666621808,0.002757845455177723,0.3744736878826414,f106v,True,1.0,daiin,S,ka,r
0.06956055418267434,0.0053199951976996025,1,1,B,crossed_layout,0,f106,3,f106v.25:5:paragraph,5,t,paragraph,okarol,f106v.25,0.2987834335922647,0.07734297599525816,0.8129376248393092,0.0011405606706425778,0.18592181449004822,0.9478016147695818,0.0012698947324165906,0.050928490498001626,f106v,False,1.0,tar,S,okaro,l
0.0003371789730372874,0.0016174290093974725,1,1,B,crossed_layout,0,f106,3,f106v.35:10:uncertain,10,a,uncertain,okaiin,f106v.35,0.019429281010557884,0.041955533015706536,0.0008250952727963015,0.9866229276958112,0.012551977031392336,0.0004547749306014722,0.9713374338027023,0.028207791266696113,f106v,False,0.9090909090909091,al,S,okaii,n
1.1854330408296831,0.5371169253391515,0,0,B,crossed_layout,0,f106,3,f106v.40:11:line,11,o,line,podkor,f106v.40,2.1197988510303056,1.053655158393257,0.7698406794768003,8.0331146554701e-05,0.23007898937664495,0.5181986104574143,5.530646010596269e-05,0.4817460830824798,f106v,True,1.0,otedy,S,podko,r
0.30796016411770194,0.251919653599991,1,1,B,crossed_layout,0,f106,3,f106v.46:0:uncertain,0,o,uncertain,ytar,f106v.46,0.7269006172465545,0.6431100485350181,0.3889158899468821,0.006883568304296818,0.6042005417488211,0.3499477441225969,0.009721171422885559,0.6403310844545176,f106v,False,0.0,okain,S,yta,r
0.31070955830350977,1.0795087682954372,1,0,B,crossed_layout,0,f107,3,f107r.1:9:line,9,d,line,ytar,f107r.1,0.7272467005662047,1.9204641870502075,0.3923322036356495,0.0036121768927280073,0.6040556194716225,0.7335236341461081,0.0023068659109313863,0.2641694999429606,f107r,True,1.0,dchey,S,yta,r
0.31179638635225854,0.09765389507784913,1,1,B,crossed_layout,0,f107,3,f107r.8:7:uncertain,7,a,uncertain,qokar,f107r.8,0.7351525038796168,0.38287081875440165,0.3902807505948615,0.008964732337000899,0.6007545170681377,0.20642678745755252,0.02666321541963969,0.7669099971228078,f107r,True,0.7777777777777778,al,S,qoka,r
1.494529752699868,1.750158588564322,0,0,B,crossed_layout,0,f107,3,f107r.24:0:uncertain,0,a,uncertain,pal,f107r.24,2.8853830016515016,3.9603041935244323,0.13533594740557367,0.0004385979341836102,0.8642254546602427,0.06424356692496556,0.0005996938648208631,0.9351567392102135,f107r,True,0.0,alchky,S,pa,l
0.4701892776656408,0.9623884342986606,1,0,B,crossed_layout,0,f107,3,f107r.29:2:paragraph,2,p,paragraph,shol,f107r.29,0.9578748082842128,1.7081248880984592,0.5148147134869563,0.0006400298251679847,0.48454525668787574,0.30605760282183875,0.0005218095027371185,0.6934205876754241,f107r,False,1.0,pair,S,sho,l
0.670006528713589,0.6326768353500407,0,0,B,crossed_layout,0,f107,3,f107r.33:10:paragraph,10,p,paragraph,okal,f107r.33,1.2597221041961297,1.2033509930690791,0.4176243959027955,0.007229607641209673,0.5751459964559948,0.43426542734880935,0.00664869054428054,0.5590858821069101,f107r,False,1.0,pairar,S,oka,l
0.712596874700427,1.0093092240600177,0,0,B,crossed_layout,0,f107,3,f107r.38:0:uncertain,0,o,uncertain,poaral,f107r.38,1.312879200178241,1.7897438265850047,0.40251677095631827,0.0011533408804472014,0.5963298881632345,0.28922339762425026,0.0007729064763680651,0.7100036958993816,f107r,True,0.0,orar,S,poara,l
0.670006528713589,0.8482577071784551,0,0,B,crossed_layout,0,f107,3,f107r.40:9:line,9,q,line,okal,f107r.40,1.2597221041961297,1.528962868742003,0.4176243959027955,0.007229607641209673,0.5751459964559948,0.34652638999542623,0.004466678617726981,0.6490069313868468,f107r,False,1.0,qokaiin,S,oka,l
0.04176893699125385,0.031019044787267094,1,1,B,crossed_layout,0,f107,3,f107r.50:12:line,12,s,line,tar,f107r.50,0.22771460703630125,0.19354005520014875,0.14296767942347366,0.0030456878315602348,0.8539866327449661,0.12350686731756587,0.0020357714443097977,0.8744573612381243,f107r,False,1.0,sar,S,ta,r
0.3404437946067738,0.1221389503112778,1,1,B,crossed_layout,0,f107,3,f107v.3:6:uncertain,6,a,uncertain,qokar,f107v.3,0.7895261544339539,0.45086094937512344,0.40307836490077026,0.018387557886205216,0.5785340772130245,0.21811963873825133,0.050274240245132475,0.7316061210166163,f107v,False,0.5,al,S,qoka,r
0.04106291285297574,0.0012243351007784821,1,1,B,crossed_layout,0,f107,3,f107v.9:10:uncertain,10,a,uncertain,tar,f107v.9,0.22561252484517624,0.03706676205015932,0.14176052950087442,0.0030076275812004026,0.8552318429179253,0.024067469896877927,0.0012980023712578657,0.9746345277318642,f107v,False,0.9090909090909091,aty,S,ta,r
0.8143131114659046,0.32101405741554634,0,1,B,crossed_layout,0,f107,3,f107v.12:2:uncertain,2,k,uncertain,chol,f107v.12,1.4685840649740696,0.7389292575186375,0.3613367593672085,0.0011516326816167354,0.6375116079511748,0.5991838909024056,0.0003658996821987406,0.40045020941539566,f107v,False,0.2,kaiin,S,cho,l
0.0003281924737535577,0.00010343382743879337,1,1,B,crossed_layout,0,f107,3,f107v.19:5:paragraph,5,p,paragraph,okaiin,f107v.19,0.019172062025950457,0.01091774128783817,0.0008218692684452823,0.9867988489854355,0.012379281746119382,0.000754709993608634,0.9924609606106414,0.006784329395750161,f107v,False,1.0,palar,S,okaii,n
0.43071921958940795,0.26586661637372394,1,1,B,crossed_layout,0,f107,3,f107v.21:11:line,11,d,line,otalal,f107v.21,0.967425666673962,0.713724049568849,0.511417818953467,0.05369938276145511,0.4348827982850777,0.6097441642506951,0.058348551066019334,0.3319072846832857,f107v,False,1.0,dar,S,otala,l
1.5722144592300502,1.6377985252393994,0,0,B,crossed_layout,0,f107,3,f107v.37:2:uncertain,2,ch,uncertain,kal,f107v.37,3.1607582130554004,3.404144301142013,0.11181935139808878,0.0031157431720187836,0.8850649054298924,0.09446054692105134,0.0012190795376030223,0.9043203735413456,f107v,True,0.2,chedy,S,ka,l
0.0003392092615267173,6.032325760202407e-05,1,1,B,crossed_layout,0,f107,3,f107v.39:8:uncertain,8,y,uncertain,okaiin,f107v.39,0.019486919717643242,0.008128872963209959,0.0008258136063882949,0.9865835108181309,0.01259067557548087,0.000262840426730642,0.9943813386780657,0.0053558208952035734,f107v,False,0.8888888888888888,y,S,okaii,n
8.20176737701503e-05,2.2704905031985e-06,1,1,B,crossed_layout,0,f111,3,f111r.13:13:line,13,d,line,cheodaiin,f111r.13,0.009414469806592704,0.0016474967461284856,0.0002060816802364074,0.9934956323723417,0.006298285947421917,0.00017277005094988257,0.9988586940610342,0.0009685358880158881,f111r,False,1.0,dchedar,S,cheodaii,n
2.399996151810857e-06,5.261872776156835e-08,1,1,B,crossed_layout,0,f111,3,f111r.26:11:line,11,d,line,qoteedaiin,f111r.26,0.0016027643959349292,0.0002497030291077921,3.0414436393104186e-05,0.9988896652561474,0.001079920307459569,2.452096640769587e-05,0.9998269340270403,0.00014854500655188426,f111r,False,1.0,dar,S,qoteedaii,n
1.2014863210996525,0.5666101396005864,0,0,B,crossed_layout,0,f111,3,f111r.36:9:line,9,d,line,pchal,f111r.36,2.1582216511134424,1.1050586453870108,0.22403225263982748,0.0017861240201343905,0.7741816233400381,0.4648835734588447,0.005751266581492672,0.5293651599596627,f111r,True,1.0,dain,S,pcha,l
0.5540612848353816,0.15671556036497408,0,1,B,crossed_layout,0,f111,3,f111v.13:8:uncertain,8,t,uncertain,lchdal,f111v.13,1.102904737954334,0.4908092125076624,0.4655781513133963,0.01656055400149385,0.5178612946851098,0.7116258325080571,0.01774328269197092,0.27063088479997205,f111v,False,0.7272727272727273,tedy,S,lchda,l
0.04106291285297574,0.0012243351007784821,1,1,B,crossed_layout,0,f111,3,f111v.13:10:uncertain,10,a,uncertain,tar,f111v.13,0.22561252484517624,0.03706676205015932,0.14176052950087442,0.0030076275812004026,0.8552318429179253,0.024067469896877927,0.0012980023712578657,0.9746345277318642,f111v,False,0.9090909090909091,amd,S,ta,r
0.32950394819414,0.11811150475111841,1,1,B,crossed_layout,0,f111,3,f111v.16:5:uncertain,5,a,uncertain,okar,f111v.16,0.7593734051660659,0.4180456284027547,0.40246076231769357,0.0067863854564088255,0.5907528522258977,0.2334523727002028,0.01810980526950804,0.7484378220302891,f111v,False,0.4166666666666667,al,S,oka,r
0.6387675382746576,0.01587982907416351,0,1,B,crossed_layout,0,f111,3,f111v.26:0:uncertain,0,a,uncertain,polar,f111v.26,1.2042699948987958,0.13623114237631903,0.5642658167750013,0.0017452963971557774,0.4339888868278429,0.08807052006777191,0.002036446666928842,0.9098930332652994,f111v,True,0.0,ar,S,pola,r
1.5603614349502521,0.6305225899243785,0,0,B,crossed_layout,0,f111,3,f111v.26:5:uncertain,5,k,uncertain,kal,f111v.26,3.1190316626724366,1.1928146713405863,0.11510068602056972,0.0032508175511571247,0.881648496428273,0.43744857350394717,0.0021463268111424237,0.5604050996849104,f111v,True,0.5,keedy,S,ka,l
0.09378958309587251,0.3605436530643314,1,1,B,crossed_layout,0,f111,3,f111v.37:11:line,11,y,line,aldl,f111v.37,0.35483736348915673,0.8079103678336582,0.7819577890740833,0.0030117321092788156,0.21503047881663775,0.5712086105323131,0.00854311454369012,0.42024827492399686,f111v,True,1.0,ycheey,S,ald,l
0.696460079696293,1.1440220533503234,0,0,B,crossed_layout,0,f111,3,f111v.51:4:uncertain,4,a,uncertain,okal,f111v.51,1.2987823650143144,2.09187230105291,0.4064691134838151,0.006901932426476701,0.5866289540897082,0.23457606151051705,0.01856135141525336,0.7468625870742296,f111v,False,0.5714285714285714,aiin,S,oka,l
0.04972595007770589,0.05334511847737858,1,1,B,crossed_layout,0,f113,3,f113r.2:12:line,12,sh,line,ykolairol,f113r.2,0.24909015059062775,0.2591520110100243,0.8414269018715876,0.0018016831140050416,0.15677141501440722,0.8355789126731645,0.0022303037889016383,0.1621907835379339,f113r,False,1.0,shchs,S,ykolairo,l
0.11300278073054228,0.051392830671749046,1,1,B,crossed_layout,0,f113,3,f113r.5:10:uncertain,10,ch,uncertain,okol,f113r.5,0.39186240894507185,0.2523147024947374,0.7621450981311108,0.0003096841034299966,0.2375452177654592,0.8395483379685298,0.00030172045215939977,0.16014994157931078,f113r,False,0.8333333333333334,chedy,S,oko,l
5.235491268124533e-07,9.572309754198319e-08,1,1,B,crossed_layout,0,f113,3,f113r.15:4:paragraph,4,p,paragraph,chaiiin,f113r.15,0.0007524641451621245,0.0003241572673925205,2.0183988289526635e-05,0.9994785675924625,0.0005012484192481592,1.2300244383421412e-05,0.9997753365446634,0.0002123632109531422,f113r,False,1.0,pcheoor,S,chaiii,n
1.1996856322722582,1.6248737982117025,0,0,B,crossed_layout,0,f113,3,f113r.42:9:line,9,y,line,aral,f113r.42,2.1624529356348177,3.396275928826957,0.2233761504006738,0.0042749951805553755,0.7723488544187709,0.09497713652829617,0.007385481525173221,0.8976373819465305,f113r,True,1.0,ykcheor,S,ara,l
0.2747376194426319,0.004247254650602974,1,1,B,crossed_layout,0,f113,3,f113v.10:6:uncertain,6,a,uncertain,olar,f113v.10,0.6703204521714362,0.06932608255046589,0.3696249098195241,0.00200799164788176,0.6283670985325941,0.04520082327698142,0.0017160746745811283,0.9530831020484375,f113v,True,0.46153846153846156,aiin,S,ola,r
0.6383704738421419,0.9254232238319766,0,0,B,crossed_layout,0,f113,3,f113v.17:6:paragraph,6,p,paragraph,yteeeor,f113v.17,1.205078629230667,1.6529573804802358,0.5636664332993642,0.002587863616445602,0.4337457030841903,0.678431684713445,0.0035806698756017065,0.3179876454109533,f113v,False,1.0,pychdar,S,yteeeo,r
0.6884909021677608,0.7502925808477492,0,0,B,crossed_layout,0,f113,3,f113v.19:7:uncertain,7,ch,uncertain,okal,f113v.19,1.286981888961612,1.3738387494547475,0.40980744835147814,0.006999043855892992,0.5831935077926288,0.38586316942027143,0.0033032832914913204,0.6108335472882372,f113v,False,0.7,ched,S,oka,l
1.2672991761608414,1.0664243567675133,0,0,B,crossed_layout,0,f113,3,f113v.31:9:line,9,sh,line,araral,f113v.31,2.3964347788551636,2.09908877694864,0.18993335901748526,0.0288769488106758,0.781189692171839,0.23340562305714205,0.07922158222612323,0.6873727947167347,f113v,False,1.0,sheo,S,arara,l
0.35491172172470764,0.31451212385850313,1,1,B,crossed_layout,0,f113,3,f113v.39:10:line,10,o,line,lr,f113v.39,0.7944514512180014,0.7312203883035553,0.4190380968910984,0.004399547935804793,0.5765623551730968,0.39549619915408724,0.0021096730270123167,0.6023941278189006,f113v,False,1.0,oraiin,S,l,r
0.6755910077173057,0.01754391611430893,0,1,B,crossed_layout,0,f113,3,f113v.48:10:uncertain,10,d,uncertain,okal,f113v.48,1.2679419529049683,0.1437981110036572,0.4152517194371176,0.007159150944069069,0.5775891296188134,0.9051331172527203,0.0024649637975102143,0.09240191894976953,f113v,False,0.9090909090909091,dy,S,oka,l
0.6385473541166702,0.6816755667240401,0,0,A,crossed_layout,0,f2,1,f2r.5:1:drawing,1,sh,drawing,al,f2r.5,1.2168976528190172,1.2775395481847531,0.4302068338100969,0.009623104748781966,0.5601700614411212,0.41249840665141907,0.0074481740497692635,0.5800534192988116,f2r,False,0.16666666666666666,shodaiin,H,a,l
1.4895468836126102,1.713375619240812,0,0,A,crossed_layout,0,f2,1,f2r.5:4:drawing,4,y,drawing,dan,f2r.5,7.916714193677963,8.540042752295863,0.5290464621246284,0.004138391378183073,0.46681514649718847,0.8313911430558365,0.002686525500862936,0.1659223314433005,f2r,False,0.6666666666666666,ytchaiin,H,da,n
1.4911544687056448,1.6726567525755929,0,0,A,crossed_layout,0,f2,1,f2r.5:6:line,6,s,line,dan,f2r.5,7.856563507695555,8.45240223684565,0.5429552965298134,0.004314581940755021,0.4527301215294316,0.7995783239290639,0.0028547849022566214,0.19756689116867948,f2r,False,1.0,saiin,H,da,n
1.4911544687056448,1.6563312435839577,0,0,A,crossed_layout,0,f2,1,f2r.7:4:paragraph,4,k,paragraph,dan,f2r.7,7.856563507695555,8.88693167050174,0.5429552965298134,0.004314581940755021,0.4527301215294316,0.7841293906725864,0.0021123554412811477,0.21375825388613245,f2r,False,1.0,kydain,H,da,n
1.4893997003577524,1.4986840566856459,0,0,A,crossed_layout,0,f2,1,f2r.11:5:drawing,5,o,drawing,dan,f2r.11,7.924314235780754,9.641393819318807,0.5273034180547704,0.004116647870725025,0.46857993407450466,0.534288906434704,0.0012521353031572499,0.4644589582621388,f2r,False,0.625,olsaiin,H,da,n
0.912866484477374,0.9016621896220296,0,0,A,crossed_layout,0,f2,1,f2r.11:8:line,8,o,line,ckhor,f2r.11,1.62580224613439,1.6067171880596496,0.6752259040129439,0.0007444421067849828,0.32402965388027105,0.6712235702778261,0.0004317891764290597,0.3283446405457447,f2r,False,1.0,okol,H,ckho,r
0.0016700246682327222,0.0035500151836183307,1,1,A,crossed_layout,0,f7,1,f7v.7:7:line,7,q,line,aiin,f7v.7,0.042909024291528014,0.06260491160366646,0.0008335158566590263,0.9706956794779886,0.028470804665352248,0.0006792414110601868,0.9575336471029233,0.04178711148601659,f7v,False,1.0,qoteeeo,H,aii,n
0.5943233895282918,0.5856632631478124,0,0,A,crossed_layout,0,f10,1,f10r.8:7:line,7,o,line,dar,f10r.8,1.1432767981636243,1.1259936156911148,0.5429552965298134,0.004314581940755021,0.4527301215294316,0.5404622145600814,0.0013514355103890552,0.45818634992952956,f10r,False,1.0,oykchor,H,da,r
0.01123516403519318,0.0173967283492902,1,1,A,crossed_layout,0,f10,1,f10r.10:4:drawing,4,y,drawing,osain,f10r.10,0.11647613597901849,0.14325592515323365,0.005529152819867285,0.9224380080637428,0.07203283911638984,0.002576668418936026,0.9054733434142728,0.09194998816679124,f10r,False,0.8,ytoiin,H,osai,n
0.0016700246682327222,0.0035500151836183307,1,1,A,crossed_layout,0,f10,1,f10v.6:7:line,7,q,line,aiin,f10v.6,0.042909024291528014,0.06260491160366646,0.0008335158566590263,0.9706956794779886,0.028470804665352248,0.0006792414110601868,0.9575336471029233,0.04178711148601659,f10v,False,1.0,qokol,H,aii,n
0.4761274075925975,0.5015526275829686,1,0,A,crossed_layout,0,f18,1,f18r.1:8:line,8,o,line,dal,f18r.1,0.9683476179466042,1.0032083517514725,0.5110911028620702,0.001988427195188479,0.4869204699427413,0.49888930548689475,0.0006706384908314297,0.5004400560222738,f18r,True,1.0,otshol,H,da,l
0.4138730395275282,0.42111153388670874,1,1,A,crossed_layout,0,f18,1,f18r.6:7:line,7,o,line,dal,f18r.6,0.8810946742604255,0.8877343368207362,0.5429552965298134,0.004314581940755021,0.4527301215294316,0.5404622145600814,0.0013514355103890552,0.45818634992952956,f18r,False,1.0,oshor,H,da,l
0.5943233895282918,1.396930564456647,0,0,A,crossed_layout,0,f18,1,f18v.4:5:line,5,y,line,dar,f18v.4,1.1432767981636243,2.6185317476143277,0.5429552965298134,0.004314581940755021,0.4527301215294316,0.8343107542380516,0.0028558801710301188,0.16283336559091816,f18v,False,1.0,ychoees,H,da,r
0.8074682613332373,0.7104358821959686,0,0,A,crossed_layout,0,f18,1,f18v.6:0:uncertain,0,ch,uncertain,qotor,f18v.6,1.4576916405935232,1.3094094492503618,0.6348754236392489,0.001049380557416581,0.3640751958033345,0.5954879402695314,0.0010260515259548474,0.4034860082045136,f18v,False,0.0,chor,H,qoto,r
0.948262666167139,0.6982193925792867,0,0,A,crossed_layout,0,f27,1,f27r.6:6:uncertain,6,d,uncertain,kchal,f27r.6,2.075289833123003,1.6538256734301888,0.23728785502781746,0.18684650712356515,0.5758656378486173,0.3177963205976461,0.3334663209197753,0.3487373584825786,f27r,False,0.8571428571428571,dy,H,kcha,l
0.4138730395275282,0.09542281554279668,1,1,A,crossed_layout,0,f27,1,f27r.8:9:line,9,d,line,dal,f27r.8,0.8810946742604255,0.3594223201573934,0.5429552965298134,0.004314581940755021,0.4527301215294316,0.7794766329957017,0.004249933091102732,0.2162734339131956,f27r,False,1.0,dchey,H,da,l
1.4911544687056448,1.6458762153519946,0,0,A,crossed_layout,0,f27,1,f27r.11:5:line,5,d,line,dan,f27r.11,7.856563507695555,7.878344156328014,0.5429552965298134,0.004314581940755021,0.4527301215294316,0.7794766329957017,0.004249933091102732,0.2162734339131956,f27r,False,1.0,dain,H,da,n
0.5943233895282918,0.5856632631478124,0,0,A,crossed_layout,0,f28,1,f28r.7:7:line,7,o,line,dar,f28r.7,1.1432767981636243,1.1259936156911148,0.5429552965298134,0.004314581940755021,0.4527301215294316,0.5404622145600814,0.0013514355103890552,0.45818634992952956,f28r,False,1.0,oschotshl,H,da,r
0.9215605338478634,0.7284896252327906,0,0,A,crossed_layout,0,f37,1,f37r.8:4:drawing,4,sh,drawing,otal,f37r.8,1.6420576356249996,1.3375218329766956,0.3203991808463932,0.001588476200345451,0.6780123429532614,0.39569977964485803,0.0015494691678744161,0.6027507511872675,f37r,True,0.5714285714285714,shor,H,ota,l
0.5244686734312551,1.318448939544737,0,0,A,crossed_layout,0,f37,1,f37r.8:7:line,7,y,line,dar,f37r.8,1.0382419426801635,2.4163594854093193,0.5110911028620702,0.001988427195188479,0.4869204699427413,0.8111789969418218,0.0014927364186913903,0.18732826663948676,f37r,True,1.0,ykchody,H,da,r
0.17077115935248052,0.028486322130272378,1,1,A,crossed_layout,0,f37,1,f37r.10:8:uncertain,8,d,uncertain,kol,f37r.10,0.4991162843911341,0.18359203011128314,0.7075400485819354,0.0005043352450159036,0.2919556161730486,0.8805079712034302,0.00029517457498238895,0.11919685422158752,f37r,False,0.8888888888888888,daiir,H,ko,l
3.987858624550456e-05,2.806559489014402e-05,1,1,A,crossed_layout,0,f37,1,f37v.16:2:line,2,s,line,chotaiin,f37v.16,0.006589487824469663,0.005581306719669763,0.00018948507861943137,0.9954429301893567,0.004367584732023935,0.00024205091982755375,0.9961388066348673,0.0036191424453052372,f37v,False,1.0,sokchor,H,chotaii,n
0.30465863992136344,1.3699382845366772,1,0,B,crossed_layout,0,f43,2,f43r.1:10:line,10,y,line,dar,f43r.1,0.7151164333981477,2.539880921322008,0.38974140978853355,0.0011026225835215565,0.6091559676279449,0.8272135478920942,0.000829532265376613,0.17195691984252917,f43r,True,1.0,yteody,H,da,r
0.15358590027956365,0.8538319704306776,1,0,B,crossed_layout,0,f43,2,f43r.10:10:line,10,y,line,qotar,f43r.10,0.4703693598119835,1.534747691516262,0.2759972277907607,0.002222988679412184,0.7217797835298272,0.6519058371386645,0.0029544693740547845,0.3451396934872808,f43r,True,1.0,ytchedy,H,qota,r
0.19683781810719694,0.012864115913235417,1,1,B,crossed_layout,0,f46,2,f46r.13:0:uncertain,0,a,uncertain,ar,f46r.13,0.5483508665269328,0.12359108246957706,0.3111767983963718,0.005021871825918587,0.6838013297777096,0.07815460553600116,0.0039453794095642165,0.9179000150544346,f46r,False,0.0,akaiin,H,a,r
0.2378569605370139,0.01434579865153844,1,1,B,crossed_layout,0,f46,2,f46v.5:10:uncertain,10,a,uncertain,ar,f46v.5,0.6163798649283789,0.1312932978228808,0.3419542133383568,0.005740089023872704,0.6523056976377705,0.08219505742302345,0.004792325583186408,0.9130126169937901,f46v,False,0.8333333333333334,air,H,a,r
0.24701936527816548,0.056639199602270054,1,1,B,crossed_layout,0,f48,5,f48r.4:0:uncertain,0,d,uncertain,tolkeol,f48r.4,0.6271147586226443,0.2672887146120873,0.6474699946268551,0.002191371361232054,0.3503386340119129,0.8308795679070072,0.0016849520188953033,0.1674354800740975,f48r,False,0.0,dain,H,tolkeo,l
0.444452794893361,0.2619836419701663,1,1,B,crossed_layout,0,f48,5,f48r.6:6:uncertain,6,ch,uncertain,otal,f48r.6,0.9206922827407694,0.6488252428601761,0.5282554740405964,0.0006718715744499102,0.47107265438495366,0.6377994493502036,0.000545874058073948,0.36165467659172246,f48r,False,0.5454545454545454,ched,H,ota,l
0.5498226914694553,1.3549338056067142,0,0,B,crossed_layout,0,f48,5,f48v.2:4:uncertain,4,y,uncertain,otar,f48v.2,1.072941607361446,2.502097356467015,0.5239879380272466,0.0006632721509664984,0.475348789821787,0.8226868673961953,0.0007932444363935149,0.17651988816741104,f48v,False,0.4444444444444444,yotedy,H,ota,r
0.5848016140802488,0.0551851233047143,0,1,B,crossed_layout,0,f48,5,f48v.3:10:uncertain,10,a,uncertain,otar,f48v.3,1.1237137102732557,0.26231627341635794,0.5403922848174748,0.0006967163425340188,0.4589109988399912,0.16596806066737665,0.0002836931916347165,0.8337482461409886,f48v,False,0.8333333333333334,air,H,ota,r
0.3177887039737616,0.3494818504764452,1,1,B,crossed_layout,0,f48,5,f48v.7:6:drawing,6,sh,drawing,al,f48v.7,0.7346525298128397,0.7817502674524214,0.6009627479988229,0.0008447585106930935,0.3981924934904841,0.5816606983477106,0.000638845528632994,0.41770045612365636,f48v,True,0.6,shedy,H,a,l
0.26349002583078246,1.2396039159402297,1,0,A,crossed_layout,0,f52,1,f52r.2:7:uncertain,7,d,uncertain,otar,f52r.2,0.6547340908388216,2.241979790052382,0.3610980401108398,0.003709404409986928,0.6351925554791734,0.785939310014249,0.002664656827503271,0.21139603315824773,f52r,False,0.875,dl,H,ota,r
1.6136768176627525,1.4619206163664678,0,0,A,crossed_layout,0,f52,1,f52r.5:6:drawing,6,y,drawing,ykair,f52r.5,3.3213927824736835,2.7954693459687108,0.0034520397682819425,0.8965108483179246,0.10003711191379343,0.0020013259168808594,0.8539597479403126,0.14403892614280653,f52r,False,0.8571428571428571,ytchdam,H,ykai,r
0.0423418984732003,0.04294258153658716,1,1,A,crossed_layout,0,f52,1,f52v.3:0:uncertain,0,ch,uncertain,oor,f52v.3,0.22725419912084033,0.22899746101194296,0.14526283757953154,0.0004779530469360509,0.8542592093735324,0.14628810445198742,0.0004842958484870038,0.8532275996995256,f52v,False,0.0,chor,H,oo,r
0.008396386729646831,0.0038603838700181823,1,1,A,crossed_layout,0,f52,1,f52v.7:3:line,3,k,line,aiin,f52v.7,0.09788369120331523,0.06772196389611118,0.001638808154536664,0.9344026745629205,0.06395851728254287,0.004138077765482755,0.9541434152929696,0.04171850694154752,f52v,True,1.0,kodaiin,H,aii,n
0.0016700246682327222,6.622224743662894e-05,1,1,A,crossed_layout,0,f52,1,f52v.10:5:line,5,d,line,aiin,f52v.10,0.042909024291528014,0.008743083438831664,0.0008335158566590263,0.9706956794779886,0.028470804665352248,0.0006266844168744736,0.9939580826022553,0.005415232980870273,f52v,False,1.0,daiin,H,aii,n
1.1526817714988853,1.3895759958772906,0,0,B,crossed_layout,0,f66,5,f66r.53:10:line,10,q,line,ar,f66r.53,2.0653727450785153,2.600992261792298,0.7572525200068599,0.0038228888476137,0.2389245911455263,0.8318942818417188,0.0032806322740158793,0.16482508588426553,f66r,False,1.0,qokeeody,T,a,r
0.0037197008169819043,0.00012076460635545564,1,1,B,crossed_layout,0,f66,5,f66r.55:7:line,7,d,line,rotaiin,f66r.55,0.06699536862497095,0.01289078587506001,0.00492227089489397,0.9546240786924451,0.04045365041266082,0.0034298434123183775,0.9911045884913998,0.005465568096281969,f66r,False,1.0,dsheol,T,rotaii,n
0.08205649636146264,0.04537747619811145,1,1,B,crossed_layout,0,f66,5,f66r.61:5:uncertain,5,sh,uncertain,dal,f66r.61,0.3277500283532346,0.2359493993207427,0.7967781397972654,0.001341768179386142,0.20188009202334845,0.8491260279315503,0.0004935305943250953,0.15038044147412452,f66r,False,0.5,shedy,T,da,l
0.08581772092664164,0.04623993198501716,1,1,B,crossed_layout,0,f66,5,f66r.66:2:uncertain,2,sh,uncertain,dal,f66r.66,0.336069158233582,0.23835950479273632,0.7921968346060972,0.0013235938176282343,0.20647957157627453,0.8477086980069763,0.0004787130681084758,0.15181258892491512,f66r,False,0.3333333333333333,shedy,T,da,l
0.12105167135012841,0.1215826396600922,1,1,B,crossed_layout,0,f66,5,f66r.66:5:uncertain,5,sh,uncertain,al,f66r.66,0.4109689871933746,0.41104970424633386,0.7521180433805659,0.0037671984658803653,0.2441147581535538,0.7520759644574675,0.002753213304450054,0.24517082223808254,f66r,False,0.8333333333333334,shes,T,a,l
0.03573787029447354,0.02858020520010745,1,1,B,crossed_layout,0,f66,5,f66r.73:2:uncertain,2,q,uncertain,qotol,f66r.73,0.20728025872998,0.1839081386529133,0.8661685776726542,0.000313924809127734,0.13351749751821806,0.8803150644615788,0.0002879569918839523,0.1193969785465371,f66r,False,0.2222222222222222,qoky,T,qoto,l
0.32784592661666506,0.43289977930623824,1,1,B,crossed_layout,0,f66,5,f66r.80:8:line,8,l,line,dkar,f66r.80,0.7544568876904757,0.9059008449180352,0.4024756316283179,0.00475487281185142,0.5927694955598307,0.46417557636610224,0.0021250752169267215,0.533699348416971,f66r,False,1.0,lchey,T,dka,r
0.16327037314261889,0.11423938116596953,1,1,B,crossed_layout,0,f66,5,f66v.4:10:line,10,sh,line,dal,f66v.4,0.4861550973202372,0.39429179641110657,0.7139252349915153,0.0007134274217805141,0.28536133758670423,0.7608627843775903,0.000280156311256116,0.2388570593111535,f66v,False,1.0,shdy,H,da,l
0.16327037314261889,0.08206643489499371,1,1,B,crossed_layout,0,f66,5,f66v.5:4:paragraph,4,t,paragraph,dal,f66v.5,0.4861550973202372,0.32697172409051267,0.7139252349915153,0.0007134274217805141,0.28536133758670423,0.7972081011615206,0.00045140141584421034,0.2023404974226352,f66v,False,1.0,tchod,H,da,l
0.3492177872595893,0.1630172320639656,1,1,B,crossed_layout,0,f66,5,f66v.13:3:drawing,3,y,drawing,dalkal,f66v.13,0.7953822681599119,0.49529132889700733,0.5761904810755979,0.012159891238772449,0.4116496276856295,0.7094184080776776,0.010456194100587138,0.2801253978217351,f66v,False,0.42857142857142855,ykedaiin,H,dalka,l
0.7032581206802144,1.7400801155198211,0,0,B,crossed_layout,0,f84,2,f84r.22:11:uncertain,11,d,uncertain,otar,f84r.22,1.3009603311981601,3.9146265298722764,0.5918154662424706,0.0023285838779902794,0.40585594987953905,0.9318261109042647,0.0018637417895492024,0.06631014730618612,f84r,True,0.9166666666666666,dar,B,ota,r
1.133378519812779,1.730392970624851,0,0,B,crossed_layout,0,f84,2,f84r.22:12:line,12,d,line,dar,f84r.22,2.0228399685382867,3.8706750862623327,0.7516434241934135,0.002283276043478813,0.24607329976310782,0.9286730429738341,0.0029655967970843703,0.06836136022908136,f84r,True,1.0,dar,B,da,r
7.839489761291341e-06,5.77524568145923e-07,1,1,B,crossed_layout,0,f84,2,f84r.24:11:line,11,p,line,qokaiin,f84r.24,0.0029839890226080776,0.0008597467686584046,0.00018584900066207928,0.9979337939707531,0.0018803570285847353,0.0001476416285989513,0.999404246482949,0.0004481118884519226,f84r,False,1.0,pchedy,B,qokaii,n
0.25292015717075345,0.611621279914593,1,0,B,crossed_layout,0,f84,2,f84r.36:6:uncertain,6,y,uncertain,orol,f84r.36,0.6344926621686807,1.1629783724425777,0.6441673026659198,0.0004412878378030165,0.3553914094962771,0.446589620987135,0.0008187015119598468,0.5525916775009052,f84r,True,0.46153846153846156,ykar,B,oro,l
0.15997432521762184,0.06685275802943047,1,1,B,crossed_layout,0,f84,2,f84v.4:6:line,6,q,line,al,f84v.4,0.49219288876620404,0.29628505583763914,0.710943645557159,0.012915181753754114,0.2761411726890867,0.8143466439619813,0.00578644273336265,0.17986691330465604,f84v,False,1.0,qokeey,B,a,l
0.9630595263040318,0.49566920126690706,0,1,B,crossed_layout,0,f84,2,f84v.23:6:line,6,y,line,oror,f84v.23,1.7103805401735512,0.9964183885599142,0.693425297958797,0.000995246049001781,0.3055794559922012,0.49689740584959746,0.0018597601331027417,0.5012428340172997,f84v,False,1.0,y,B,oro,r
0.3613788292159327,0.028448428046468507,1,1,B,crossed_layout,0,f84,2,f84v.27:5:line,5,d,line,olkal,f84v.27,0.8388467594696246,0.1930436045954981,0.5590903079185161,0.03367048593683855,0.40723920614464526,0.8747583254586088,0.013021379191141685,0.11222029535024956,f84v,False,1.0,dal,B,olka,l
1.5313446243402806,1.5791779748564005,0,0,B,crossed_layout,0,f86,2,f86v6.3:2:uncertain,2,ch,uncertain,chdal,f86v6.3,3.0768502705874083,3.3187317917919303,0.11851567009477834,0.013060806615826318,0.8684235232893953,0.10022179645311902,0.022819580799792814,0.8769586227470882,f86v6,False,0.18181818181818182,chedy,T,chda,l
0.36920296938601227,1.5854750896776504,1,0,B,crossed_layout,0,f86,2,f86v6.5:11:line,11,d,line,qotar,f86v6.5,0.8250501371689467,3.251143569249839,0.42351577325809714,0.01202164113031368,0.5644625856115891,0.8856721219564063,0.009299111432385312,0.10502876661120843,f86v6,False,1.0,daiin,T,qota,r
0.42032447250597416,0.2537154422862151,1,1,B,crossed_layout,0,f86,2,f86v6.6:5:uncertain,5,sh,uncertain,ar,f86v6.6,0.9016536864388549,0.6439824065031879,0.45187150399815346,0.012855671965064278,0.5352728240367822,0.352154357098498,0.007901631984777481,0.6399440109167245,f86v6,False,0.45454545454545453,sheeeb,T,a,r
0.6190014828152506,1.5116816635440298,0,0,B,crossed_layout,0,f86,2,f86v6.8:10:line,10,d,line,dar,f86v6.8,1.181368373716016,2.9745456137558763,0.5535478328611568,0.005519085534866783,0.4409330816039764,0.8659671826938307,0.006807791748521429,0.12722502555764795,f86v6,False,1.0,dshor,T,da,r
0.000983135084867375,0.002501932395881229,1,1,B,crossed_layout,0,f86,2,f86v6.9:10:line,10,s,line,aiin,f86v6.9,0.032828795145719215,0.05302483133695702,0.0006689767046368788,0.977501759820426,0.02182926347493724,0.0014821637821237446,0.9639132169441171,0.03460461927375932,f86v6,False,1.0,sarar,T,aii,n
0.46316313374395385,0.6174925635695172,1,0,B,crossed_layout,0,f86,2,f86v6.11:10:line,10,y,line,ar,f86v6.11,0.9657864931975625,1.1949427852690837,0.4741590179281375,0.013841765861413226,0.5119992162104493,0.5477818615872986,0.015414367933705169,0.43680377047899627,f86v6,False,1.0,ykeealor,T,a,r
0.5643806016717697,0.40796645409313137,0,1,B,crossed_layout,0,f86,2,f86v6.18:4:uncertain,4,a,uncertain,dar,f86v6.18,1.1008524081604487,0.8734271477214438,0.5286356177282285,0.005123443708140516,0.466240938563631,0.44909624645522833,0.005055117410305198,0.5458486361344664,f86v6,False,0.4,aiiin,T,da,r
0.4125016708164272,0.06465863061698518,1,1,B,crossed_layout,0,f86,2,f86v6.24:9:uncertain,9,t,uncertain,dal,f86v6.24,0.8804472308371512,0.287031976702841,0.5431990152070328,0.0053523347548093325,0.45144865003815776,0.819586441662174,0.0012262965651111696,0.17918726177271482,f86v6,False,0.75,tchedy,T,da,l
0.8608547966099553,0.11218676303317743,0,1,B,crossed_layout,0,f86,2,f86v6.38:1:uncertain,1,k,uncertain,otal,f86v6.38,1.5487085950507204,0.3917146602787668,0.34181589821654235,0.004249528391048553,0.6539345733924091,0.7622231546051816,0.0018841049900904265,0.235892740404728,f86v6,False,0.1111111111111111,kal,T,ota,l
0.0014383033686944198,1.535840149573247e-05,1,1,B,crossed_layout,0,f86,2,f86v6.39:1:uncertain,1,d,uncertain,aiin,f86v6.39,0.0397222035876399,0.004321236367024233,0.0006949954579666824,0.9728422538512003,0.02646275069083293,0.000510162389851945,0.9970092284900253,0.0024806091201228144,f86v6,False,0.09090909090909091,dar,T,aii,n
0.5583747657613962,0.06738575271448943,0,1,B,crossed_layout,0,f86,2,f86v6.40:7:uncertain,7,k,uncertain,chotal,f86v6.40,1.1083874740760693,0.2986035947353667,0.46381215243202845,0.01597425582645136,0.5202135917415202,0.8130389677299009,0.00701054639630776,0.17995048587379145,f86v6,False,0.6363636363636364,kar,T,chota,l
0.025739197096459325,0.018881032480107272,1,1,B,crossed_layout,0,f86,2,f86v5.3:8:line,8,y,line,otain,f86v5.3,0.17890172458043863,0.15109966938738997,0.00665394389737911,0.8833752243603846,0.10997083174223624,0.00471987324383489,0.900563761751603,0.0947163650045621,f86v5,False,1.0,ypchesy,T,otai,n
0.4558690370979608,0.043731735044650305,1,1,B,crossed_layout,0,f86,2,f86v5.9:10:uncertain,10,a,uncertain,ar,f86v5.9,0.954879100047324,0.24209423888781562,0.4704407938269338,0.013674386432013614,0.5158848197410526,0.14022664801039791,0.014256296790150867,0.8455170551994512,f86v5,False,0.9090909090909091,alkam,T,a,r
0.3511339391598165,0.19958762290484106,1,1,B,crossed_layout,0,f86,2,f86v5.12:3:uncertain,3,sh,uncertain,ar,f86v5.12,0.790495055829161,0.5515843975227189,0.41610065851338895,0.00575367226912194,0.5781456692174891,0.3140413063261797,0.0036882603828937923,0.6822704332909265,f86v5,True,0.3,shey,T,a,r
0.28079209164494967,0.0684174701706554,1,1,B,crossed_layout,0,f86,2,f86v5.13:9:uncertain,9,a,uncertain,otar,f86v5.13,0.6828659553391851,0.29990971677988026,0.37226959727639847,0.004803819850114885,0.6229265828734868,0.1820876997291341,0.005609071926976446,0.8123032283438895,f86v5,False,0.9,aiiin,T,ota,r
0.5638982664153611,0.19900810026796303,0,1,B,crossed_layout,0,f86,2,f86v5.16:5:uncertain,5,k,uncertain,al,f86v5.16,1.1125477366352907,0.5526105446027431,0.46247659584561945,0.013319779720276951,0.5242036244341036,0.6817853266895962,0.005619172937453584,0.3125955003729501,f86v5,False,0.7142857142857143,kaiin,T,a,l
0.393712309240524,0.039465450703367724,1,1,B,crossed_layout,0,f86,2,f86v5.21:1:uncertain,1,a,uncertain,ar,f86v5.21,0.8616503751334522,0.22773784606651343,0.43743892755995206,0.012238417903376054,0.5503226545366718,0.13416734166384817,0.011859781555376755,0.853972876780775,f86v5,False,0.1,aiin,T,a,r
0.4161655879168745,0.04099398017667183,1,1,B,crossed_layout,0,f86,2,f86v5.25:2:uncertain,2,a,uncertain,ar,f86v5.25,0.8954132423897765,0.23292828099714646,0.4496473307228457,0.012759483112542228,0.537593186164612,0.1363954363580196,0.012698535095570214,0.8509060285464103,f86v5,False,0.4,alosheey,T,a,r
0.46316313374395385,1.0943868888947543,1,0,B,crossed_layout,0,f86,2,f86v5.31:9:line,9,d,line,ar,f86v5.31,0.9657864931975625,1.9821309877352469,0.4741590179281375,0.013841765861413226,0.5119992162104493,0.7323520844903028,0.014532196048175718,0.25311571946152167,f86v5,False,1.0,dshey,T,a,r
0.000983135084867375,0.0045277021561093665,1,1,B,crossed_layout,0,f86,2,f86v5.32:11:line,11,q,line,aiin,f86v5.32,0.032828795145719215,0.0716228417875294,0.0006689767046368788,0.977501759820426,0.02182926347493724,0.0017546378216286313,0.9515670083188329,0.04667835385953831,f86v5,False,1.0,qokeey,T,aii,n
0.000983135084867375,0.0002094109805728422,1,1,B,crossed_layout,0,f86,2,f86v5.34:8:line,8,y,line,aiin,f86v5.34,0.032828795145719215,0.015172057905165669,0.0006689767046368788,0.977501759820426,0.02182926347493724,0.00047406778380209235,0.9895386355633302,0.009987296652867775,f86v5,False,1.0,ychey,T,aii,n
0.6139241019747143,0.4876626791090406,0,1,B,crossed_layout,0,f86,2,f86v3.19:8:uncertain,8,a,uncertain,dar,f86v3.19,1.1707019595575932,0.9871808704373447,0.552271471326243,0.0035233737124129596,0.444205154961344,0.4920294986766322,0.0035079327539874407,0.5044625685693803,f86v3,False,0.8888888888888888,aiindy,C,da,r
0.42607828827033367,0.40631225455144565,1,1,A,crossed_layout,0,f102,1,f102r1.16:6:drawing,6,s,drawing,doeoear,f102r1.16,0.9006931425116328,0.8728671900432698,0.45870035237863355,0.005670321174115106,0.5356293264472514,0.4474472841524477,0.006492176676901453,0.5460605391706508,f102r1,False,0.6666666666666666,s,P,doeoea,r
0.08860660667244452,0.07431760595725417,1,1,A,crossed_layout,0,f102,1,f102r1.17:0:uncertain,0,a,uncertain,ydar,f102r1.17,0.34241275134580823,0.31352473543132403,0.2096790356492376,0.0015998068778921677,0.7887211574728702,0.19009946379955933,0.005227126726561112,0.8046734094738797,f102r1,False,0.0,arody,P,yda,r
0.5912706334929057,0.1844341530508147,0,1,A,crossed_layout,0,f102,1,f102v2.37:0:uncertain,0,a,uncertain,tchor,f102v2.37,1.1325433263305258,0.5232294004002395,0.5435579199160664,0.00033114187363747776,0.4561109382102962,0.3031552095503449,0.0010322432598484604,0.6958125471898066,f102v2,False,0.0,ar,P,tcho,r
0.7787644754616103,1.4232938969793034,0,0,A,crossed_layout,0,f102,1,f102v1.9:9:line,9,k,line,dar,f102v1.9,1.4143876739240144,2.680043337431929,0.623175649921281,0.001655402802861117,0.3751689472758579,0.8432195301439949,0.0007438385322065447,0.15603663132379855,f102v1,False,1.0,kochor,P,da,r
1.1663940498814975,0.9277720515968936,0,0,A,crossed_layout,0,f102,1,f102v1.10:6:uncertain,6,sh,uncertain,kor,f102v1.10,2.081695494914147,1.6491422265835836,0.7635833365135588,0.00018004678225933945,0.23623661670418186,0.6810132168059029,0.0001571183132988857,0.31882966488079834,f102v1,False,0.6666666666666666,shey,P,ko,r
1.3236679069621298,1.2331956827167723,0,0,B,crossed_layout,0,f106,3,f106r.6:3:uncertain,3,o,uncertain,otair,f106r.6,2.480884640288592,2.254007235551005,0.01487128229708092,0.8059941881564804,0.17913452954643874,0.010345352130550881,0.7800136531747065,0.20964099469474262,f106r,False,0.3,or,S,otai,r
1.1737942731944133,1.6218897337265072,0,0,B,crossed_layout,0,f106,3,f106r.17:5:paragraph,5,k,paragraph,aiinchodar,f106r.17,2.4316819398647715,3.4323903859768126,0.7059141201322281,0.10873664559345347,0.1853492342743184,0.8935188530430278,0.013852027206851017,0.09262911975012111,f106r,False,1.0,kshed,S,aiinchoda,r
5.233538333065598e-05,6.52912583603208e-05,1,1,B,crossed_layout,0,f106,3,f106r.20:9:line,9,o,line,qokaiin,f106r.20,0.007589121805713205,0.00837859234200801,0.00027321019637043247,0.9947534331791815,0.004973356624448111,0.0001575190207511773,0.9942092338370778,0.005633247142171018,f106r,False,1.0,olkeedy,S,qokaii,n
1.2955008187431174,0.8131641769920626,0,0,B,crossed_layout,0,f106,3,f106r.22:5:uncertain,5,p,uncertain,aror,f106r.22,2.3601675745823854,1.468938251453132,0.8044267745392608,0.0008047049729257231,0.1947685204878134,0.636517986156186,0.002233952976553123,0.3612480608672609,f106r,True,0.5555555555555556,pcheeody,S,aro,r
1.395058948577684,0.9287612036708675,0,0,B,crossed_layout,0,f106,3,f106r.23:9:paragraph,9,p,paragraph,aror,f106r.23,2.608684122545217,1.6612538105174102,0.8343105229860713,0.0017408326817287038,0.16394864433219994,0.6790485736611561,0.0047871678031528335,0.316164258535691,f106r,False,1.0,podshedy,S,aro,r
0.0023912754077729443,0.015647507405193044,1,1,B,crossed_layout,0,f106,3,f106r.39:9:uncertain,9,a,uncertain,aiin,f106r.39,0.051903319055013906,0.1342533730233287,0.0015719732673380921,0.9646628284529079,0.03376519827975396,0.0008192249510724532,0.9111412475882485,0.08803952746067893,f106r,False,0.9,aloal,S,aii,n
0.353157731353241,0.0848605165780078,1,1,B,crossed_layout,0,f106,3,f106r.45:8:uncertain,8,k,uncertain,al,f106r.45,0.7950703227289051,0.33347591198180254,0.5763150808117342,0.007032346035390289,0.41665257315287546,0.7936220900337853,0.0007859423443835789,0.20559196762183118,f106r,False,0.8,keedy,S,a,l
0.012647049047066823,0.017540607730220058,1,1,B,crossed_layout,0,f106,3,f106v.5:8:uncertain,8,o,uncertain,aiin,f106v.5,0.12189089734069154,0.1431629769591091,0.0030837760245000885,0.9189823781590746,0.07793384581642525,0.0016588746855903621,0.9055316820242478,0.09280944329016172,f106v,True,0.7272727272727273,octhy,S,aii,n
0.24076598984961292,0.015329314598694795,1,1,B,crossed_layout,0,f106,3,f106v.7:10:uncertain,10,d,uncertain,dal,f106v.7,0.6177525234992629,0.13341292615000452,0.6516853536609908,0.00272023475481921,0.34559441158419,0.9116721906386044,0.0015809753614258462,0.08674683399996978,f106v,False,0.8333333333333334,dar,S,da,l
1.0018490229738932,0.14372341389997192,0,1,B,crossed_layout,0,f106,3,f106v.34:1:uncertain,1,a,uncertain,kcheeor,f106v.34,1.7863161138953831,0.45534896307432154,0.7054085883887488,0.004680028429731771,0.28991138318151943,0.2653967222851163,0.005269540197657893,0.7293337375172257,f106v,True,0.09090909090909091,al,S,kcheeo,r
0.33955922843798214,0.5861467352319163,1,0,B,crossed_layout,0,f106,3,f106v.35:11:line,11,s,line,al,f106v.35,0.774960608351383,1.1349033880525303,0.5844045807682835,0.007198731916066898,0.4083966873156497,0.4553654099111653,0.006604592911016449,0.5380299971778182,f106v,False,1.0,sol,S,a,l
1.7731561279382526,1.6939701507463707,0,0,B,crossed_layout,0,f106,3,f106v.37:11:line,11,o,line,odr,f106v.37,4.119958728396419,3.662784314315502,0.9406762510232355,0.0018103755341650095,0.057513373442599526,0.9195913822547722,0.0014513605003218981,0.07895725724490602,f106v,True,1.0,okcheody,S,od,r
0.3709693357857583,1.4083343400919475,1,0,B,crossed_layout,0,f106,3,f106v.43:6:uncertain,6,a,uncertain,al,f106v.43,0.8212546143573165,2.663547423001013,0.5659495605060889,0.00682334089180324,0.4272270986021078,0.1578310082260664,0.0060776139960385086,0.836091377777895,f106v,False,0.5454545454545454,al,S,a,l
0.3645435192468837,0.08633862430090605,1,1,B,crossed_layout,0,f106,3,f106v.43:7:uncertain,7,k,uncertain,al,f106v.43,0.8118269618852212,0.3367052415667716,0.5696600100374051,0.006897626668342661,0.42344236329425233,0.7918476325087435,0.0007623120666920529,0.20739005542456443,f106v,False,0.6363636363636364,kalos,S,a,l
0.0031382763044489432,0.0008963295103374366,1,1,B,crossed_layout,0,f107,3,f107r.3:7:paragraph,7,t,paragraph,raiin,f107r.3,0.05927487220674884,0.03162390630004394,0.0013152923982573178,0.9597463861191138,0.03893832148262883,0.0010633181182092195,0.9783184763762384,0.020618205505552385,f107r,False,1.0,teeody,S,raii,n
0.37035289288829604,0.06293398869612846,1,1,B,crossed_layout,0,f107,3,f107r.4:5:uncertain,5,a,uncertain,otar,f107r.4,0.8132011721397799,0.2826807639920792,0.42975810586591573,0.001124243977189472,0.5691176501568947,0.17683570691757505,0.0011022220398700677,0.8220620710425549,f107r,True,0.5,ain,S,ota,r
0.6915750153432497,0.40180403920008134,0,1,B,crossed_layout,0,f107,3,f107r.5:9:line,9,o,line,ar,f107r.5,1.291956930955358,0.8636007577446217,0.5844045807682835,0.007198731916066898,0.4083966873156497,0.4459881962807278,0.004432628925163696,0.5495791747941086,f107r,False,1.0,okcheey,S,a,r
1.4939709261424152,1.4661003283209915,0,0,B,crossed_layout,0,f107,3,f107r.9:10:line,10,y,line,an,f107r.9,7.118041491930092,6.108780030940453,0.5844045807682835,0.007198731916066898,0.4083966873156497,0.4247257239863097,0.014490186451887157,0.5607840895618031,f107r,False,1.0,yteedy,S,a,n
0.05500066011789197,0.032283272166264136,1,1,B,crossed_layout,0,f107,3,f107r.14:9:line,9,y,line,otain,f107r.14,0.2735561447761038,0.19907435945168553,0.014767616647124006,0.8272778471133311,0.15795453623954495,0.003765660647414309,0.8711092922314333,0.12512504712115233,f107r,False,1.0,ychol,S,otai,n
0.5444560997568394,0.3134194704291423,0,1,B,crossed_layout,0,f107,3,f107r.21:4:uncertain,4,sh,uncertain,qotal,f107r.21,1.068267586138615,0.7310279139819915,0.4768913149014236,0.0027184339908957814,0.5203902511076807,0.6024745004080045,0.0033405322894612868,0.39418496730253405,f107r,True,0.4,shaiin,S,qota,l
0.011359631417268302,0.0017745252025851018,1,1,B,crossed_layout,0,f107,3,f107r.21:10:line,10,y,line,aiin,f107r.21,0.11535842416554076,0.044147116571126875,0.0030581266660990305,0.9231529334764468,0.07378893985745412,0.0007128800392494096,0.9698630050354153,0.029424114925335313,f107r,True,1.0,yksheol,S,aii,n
0.7646141579717428,0.410920179971939,0,1,B,crossed_layout,0,f107,3,f107r.24:8:uncertain,8,a,uncertain,dar,f107r.24,1.3918982059414269,0.8726586483131036,0.6176808937728538,0.0012560124400990403,0.3810630937870472,0.45269132918483984,0.00116919282708306,0.5461394779880772,f107r,True,0.7272727272727273,aiinpchod,S,da,r
0.4518590017557098,0.01919558161582606,1,1,B,crossed_layout,0,f107,3,f107r.27:9:line,9,k,line,orol,f107r.27,0.9308349808748257,0.14878471765576493,0.5245546602512516,0.00024993973204224027,0.4751954000167061,0.9020099683872252,4.344702347113414e-05,0.09794658458930365,f107r,True,1.0,kar,S,oro,l
5.233538333065598e-05,2.3627162385452665e-06,1,1,B,crossed_layout,0,f107,3,f107r.44:3:paragraph,3,p,paragraph,qokaiin,f107r.44,0.007589121805713205,0.0016869680999105749,0.00027321019637043247,0.9947534331791815,0.004973356624448111,0.00018798445569367494,0.9988313662027981,0.000980649341508121,f107r,False,1.0,podky,S,qokaii,n
0.5639094229085593,0.33076127733483907,0,1,B,crossed_layout,0,f107,3,f107r.46:7:uncertain,7,t,uncertain,otal,f107r.46,1.0961821972287396,0.7566111576591873,0.46775267293640055,0.002515434184687083,0.5297318928789124,0.5918850171726638,0.0029051629128480447,0.40520981991448823,f107r,False,0.6363636363636364,taiin,S,ota,l
0.7324219627947622,1.1651325579745881,0,0,B,crossed_layout,0,f107,3,f107r.46:11:line,11,o,line,alkal,f107r.46,1.407845496001519,2.239779295316227,0.37687408618597007,0.037707971472289485,0.5854179423417405,0.21171871451784133,0.052781974759379006,0.7354993107227796,f107r,False,1.0,okain,S,alka,l
0.5671713132753013,0.8607893656102368,0,0,B,crossed_layout,0,f107,3,f107r.51:6:uncertain,6,o,uncertain,otal,f107r.51,1.1009006724876875,1.5424522107057894,0.46622534106853347,0.0025029185228826315,0.5312717404085839,0.34330143414537745,0.0013096400573987942,0.6553889257972237,f107r,False,0.6,ol,S,ota,l
0.611567871566249,0.6660460797147789,0,0,B,crossed_layout,0,f107,3,f107v.1:9:uncertain,9,ch,uncertain,otal,f107v.1,1.163498768234229,1.2441853584502829,0.4464285603037606,0.0011901254573547047,0.5523813142388847,0.42214620259328667,0.0015477389259463507,0.5763060584807669,f107v,True,0.9,cheey,S,ota,l
0.23202897682445955,0.1631984166784499,1,1,B,crossed_layout,0,f107,3,f107v.18:9:line,9,s,line,dal,f107v.18,0.6038070519984505,0.4870816020405296,0.6580152604878777,0.00276836175527308,0.33921637775684915,0.7134668964429836,0.0017628636155736944,0.28477023994144274,f107v,False,1.0,soral,S,da,l
0.07844840874133963,0.1723760000599923,1,1,B,crossed_layout,0,f107,3,f107v.22:5:paragraph,5,p,paragraph,chdar,f107v.22,0.3265435212442277,0.51878064719352,0.1932163718789782,0.009338874421396337,0.7974447536996254,0.2843142488662952,0.017724256436207942,0.6979614946974969,f107v,False,1.0,palchar,S,chda,r
0.537653386944912,0.03652324257910128,0,1,B,crossed_layout,0,f107,3,f107v.23:1:uncertain,1,a,uncertain,ar,f107v.23,1.0588136577252298,0.21156864638186454,0.5169836952973191,0.00298967668910804,0.4800266280135729,0.13383219944907848,0.002570072155319016,0.8635977283956026,f107v,True,0.1111111111111111,akaiiky,S,a,r
0.674212093126954,0.05348732927306089,0,1,B,crossed_layout,0,f107,3,f107v.26:9:uncertain,9,a,uncertain,ar,f107v.26,1.265691271246319,0.2630443586389236,0.5770525661161662,0.007047393911869154,0.4159000399719646,0.1602055387643662,0.006466876848148911,0.833327584387485,f107v,False,0.8181818181818182,al,S,a,r
0.39456567632870143,0.6791470973688226,1,0,B,crossed_layout,0,f107,3,f107v.45:9:line,9,s,line,al,f107v.45,0.8515915847268155,1.266535011190237,0.5541730336228665,0.003342138968578905,0.44248482740855466,0.41565687778339805,0.0032409719990368823,0.581102150217565,f107v,True,1.0,soain,S,a,l
0.05500066011789197,0.049936985347259405,1,1,B,crossed_layout,0,f111,3,f111r.5:6:paragraph,6,d,paragraph,otain,f111r.5,0.2735561447761038,0.27842519087008477,0.014767616647124006,0.8272778471133311,0.15795453623954495,0.04455972625266297,0.8244905190746101,0.13094975467272688,f111r,False,1.0,dain,S,otai,n
0.0035985982779489193,0.006903473210387152,1,1,B,crossed_layout,0,f111,3,f111r.7:8:uncertain,8,o,uncertain,raiin,f111r.7,0.06351255078485268,0.08776022666453767,0.001332243294320681,0.9569314257724992,0.04173633093317995,0.0005357322049785367,0.9409824841245377,0.05848178367048369,f111r,False,0.6666666666666666,otedy,S,raii,n
0.45569054430303807,0.0859232856986473,1,1,B,crossed_layout,0,f111,3,f111r.7:10:uncertain,10,a,uncertain,otar,f111r.7,0.9395876205381688,0.3373849481037012,0.47603421440547966,0.002583894848451526,0.5213818907460688,0.20599530034908536,0.0025300477293309764,0.7914746519215836,f111r,False,0.8333333333333334,aiin,S,ota,r
0.002374952883364436,0.0037027158982042476,1,1,B,crossed_layout,0,f111,3,f111r.7:11:uncertain,11,o,uncertain,aiin,f111r.7,0.05172567068387934,0.06412693161845463,0.001570929837889829,0.9647816209397057,0.033647449222404424,0.0009116758537847889,0.9565239972145747,0.04256432693164037,f111r,False,0.9166666666666666,om,S,aii,n
0.347070706906008,0.1372467031098226,1,1,B,crossed_layout,0,f111,3,f111r.21:16:uncertain,16,l,uncertain,al,f111r.21,0.7860824598747721,0.4409411080624396,0.5799166801065039,0.0071060624941376785,0.4129772573993585,0.7366539130821659,0.002793330417221923,0.2605527565006123,f111r,False,0.8888888888888888,l,S,a,l
0.6412279877957676,0.8893895435258989,0,0,B,crossed_layout,0,f111,3,f111r.27:11:line,11,q,line,olkal,f111r.27,1.23348671742243,1.6007550750124002,0.42528836237040624,0.017367126315061456,0.5573445113145323,0.3297043724749781,0.006936600435517348,0.6633590270895046,f111r,False,1.0,qokeeol,S,olka,l
0.3645435192468837,0.06918136011956276,1,1,B,crossed_layout,0,f111,3,f111r.28:7:uncertain,7,d,uncertain,al,f111r.28,0.8118269618852212,0.2998802741871485,0.5696600100374051,0.006897626668342661,0.42344236329425233,0.8123198060380613,0.0034366199704683855,0.18424357399147034,f111r,False,0.6363636363636364,dain,S,a,l
0.6347875554623494,0.050941549949300405,0,1,B,crossed_layout,0,f111,3,f111r.35:2:uncertain,2,a,uncertain,ar,f111r.35,1.2065613657281715,0.25575996313148036,0.5599945283329163,0.006705323734437151,0.43330014793264643,0.15657465659706973,0.005879515875893231,0.837545827527037,f111r,False,0.4,aiin,S,a,r
0.16621242937463368,0.01885160380495987,1,1,B,crossed_layout,0,f111,3,f111r.37:3:uncertain,3,k,uncertain,cheeol,f111r.37,0.49241227522188186,0.14757194182787298,0.7108355426360937,0.0017741331992561938,0.28739032416465,0.9027685457600334,0.00029042182073155316,0.09694103241923512,f111r,False,0.21428571428571427,keeol,S,cheeo,l
0.4034793468845856,0.09134373763894943,1,1,B,crossed_layout,0,f111,3,f111r.40:1:uncertain,1,k,uncertain,al,f111r.40,0.8686794970674238,0.347497454104026,0.5476478849851869,0.006465232845735046,0.44588688216907807,0.7859462441456374,0.0006896265852577713,0.2133641292691048,f111r,False,0.1,keey,S,a,l
0.33955922843798214,0.32487707549485584,1,1,B,crossed_layout,0,f111,3,f111v.7:12:line,12,sh,line,al,f111v.7,0.774960608351383,0.7545217921765519,0.5844045807682835,0.007198731916066898,0.4083966873156497,0.5927428284313205,0.008577990035858815,0.3986791815328206,f111v,False,1.0,sho,S,a,l
5.233538333065598e-05,1.2342876597753202e-05,1,1,B,crossed_layout,0,f111,3,f111v.19:10:line,10,sh,line,qokaiin,f111v.19,0.007589121805713205,0.0037347828363353333,0.00027321019637043247,0.9947534331791815,0.004973356624448111,0.00021650883554262708,0.9974145937415101,0.0023688974229473065,f111v,False,1.0,shain,S,qokaii,n
0.6915750153432497,0.42081756069861054,0,1,B,crossed_layout,0,f111,3,f111v.20:10:line,10,s,line,ar,f111v.20,1.291956930955358,0.8942414842369951,0.5844045807682835,0.007198731916066898,0.4083966873156497,0.4553654099111653,0.006604592911016449,0.5380299971778182,f111v,False,1.0,sair,S,a,r
0.9876604652335939,0.7896499550393108,0,0,B,crossed_layout,0,f111,3,f111v.32:12:line,12,y,line,charan,f111v.32,2.372751766057202,1.7051239170162258,0.329389312730218,0.19307700175707185,0.4775336855127101,0.16139325429033183,0.306694900319694,0.5319118453899743,f111v,False,1.0,y,S,chara,n
0.008894628157313313,0.005532015582981779,1,1,B,crossed_layout,0,f111,3,f111v.33:5:uncertain,5,y,uncertain,sheain,f111v.33,0.10278045889525997,0.07858091002128231,0.004365047131938543,0.9312365193118278,0.06439843355623366,0.0008471707244568266,0.9469886830094383,0.05216414626610489,f111v,False,0.45454545454545453,y,S,sheai,n
0.429429245146735,0.48118352321277624,1,1,B,crossed_layout,0,f111,3,f111v.41:10:line,10,ch,line,qotal,f111v.41,0.906534097937882,0.9832148574340269,0.5334651391404379,0.006389621300220501,0.4601452395593415,0.5058512595757537,0.007377627724378303,0.486771112699868,f111v,False,1.0,cheeo,S,qota,l
0.37420900202786317,0.08758768141059992,1,1,B,crossed_layout,0,f113,3,f113r.2:6:uncertain,6,k,uncertain,al,f113r.2,0.8260002372777114,0.3394188291184093,0.564090975953121,0.006786348987898757,0.42912267505898016,0.7903596338137594,0.0007431522252377419,0.2088972139610028,f113r,False,0.5,keeos,S,a,l
0.601152332543119,0.03969504484659883,0,1,B,crossed_layout,0,f113,3,f113r.4:9:uncertain,9,a,uncertain,ar,f113r.4,1.1516028028390795,0.22157074988912154,0.5466068028506295,0.003268322689098804,0.45012487446027166,0.13934496075001418,0.0030238665654147333,0.8576311726845711,f113r,True,0.8181818181818182,al,S,a,r
0.40134241437594076,0.7067290356192487,1,0,B,crossed_layout,0,f113,3,f113r.4:10:uncertain,10,o,uncertain,al,f113r.4,0.8614654907068947,1.3058084806977155,0.5503931840701413,0.0033051224410207834,0.446301693488838,0.4044943676747096,0.002127547940751993,0.5933780843845385,f113r,True,0.9090909090909091,om,S,a,l
0.6023223422902451,0.018782423468043825,0,1,B,crossed_layout,0,f113,3,f113r.8:10:line,10,d,line,otal,f113r.8,1.150029636050921,0.14749341323254717,0.45061597459158714,0.0012069754267368198,0.5481770499816759,0.9028176864815664,0.0005504428966443968,0.0966318706217893,f113r,True,1.0,dchos,S,ota,l
5.5832174086479936e-05,2.1804896308499154e-06,1,1,B,crossed_layout,0,f113,3,f113r.9:10:paragraph,10,p,paragraph,chotaiin,f113r.9,0.007888941475603534,0.0016350876961715773,0.00035757867760990715,0.9945467258370412,0.0050956954853488305,0.00020863756286018466,0.9988672855792619,0.0009240768578779175,f113r,False,1.0,pcheody,S,chotaii,n
0.0022949811252870184,0.00013132228923662138,1,1,B,crossed_layout,0,f113,3,f113r.12:9:paragraph,9,p,paragraph,aiin,f113r.12,0.05084660528832597,0.01246011764725921,0.0015657131114584016,0.9653696624525786,0.033064624435963,0.0011063986269996499,0.9914004936965239,0.007493107676476447,f113r,False,1.0,polchor,S,aii,n
0.33955922843798214,0.4312519127390111,1,1,B,crossed_layout,0,f113,3,f113r.14:12:line,12,ch,line,al,f113r.14,0.774960608351383,0.9138347587916561,0.5844045807682835,0.007198731916066898,0.4083966873156497,0.5307723937939663,0.00990277411217692,0.45932483209385677,f113r,False,1.0,chol,S,a,l
0.429429245146735,0.1689884082128075,1,1,B,crossed_layout,0,f113,3,f113r.32:10:line,10,y,line,qotal,f113r.32,0.906534097937882,0.5077207651164614,0.5334651391404379,0.006389621300220501,0.4601452395593415,0.7033327174442409,0.012371894076176735,0.2842953884795825,f113r,False,1.0,ykeeor,S,qota,l
0.018032696484527974,0.02441350974263527,1,1,B,crossed_layout,0,f113,3,f113r.35:13:line,13,d,line,qosain,f113r.35,0.15094563505953368,0.18477438344432565,0.009482860778719404,0.9006599186908066,0.08985722053047407,0.023115892976010025,0.879786651022018,0.09709745600197175,f113r,False,1.0,dcheey,S,qosai,n
0.6023223422902451,0.018782423468043825,0,1,B,crossed_layout,0,f113,3,f113r.37:9:line,9,d,line,otal,f113r.37,1.150029636050921,0.14749341323254717,0.45061597459158714,0.0012069754267368198,0.5481770499816759,0.9028176864815664,0.0005504428966443968,0.0966318706217893,f113r,True,1.0,daiin,S,ota,l
0.0022949811252870184,0.00013132228923662138,1,1,B,crossed_layout,0,f113,3,f113r.38:6:paragraph,6,p,paragraph,aiin,f113r.38,0.05084660528832597,0.01246011764725921,0.0015657131114584016,0.9653696624525786,0.033064624435963,0.0011063986269996499,0.9914004936965239,0.007493107676476447,f113r,False,1.0,pcheockhy,S,aii,n
0.20155060821403706,0.1322346112764083,1,1,B,crossed_layout,0,f113,3,f113r.39:10:uncertain,10,a,uncertain,rair,f113r.39,0.5703415735769539,0.4310538487524036,0.019039881825711737,0.30750279688692045,0.6734573212873678,0.002310293141366227,0.2559699252278579,0.7417197816307759,f113r,True,0.9090909090909091,aly,S,rai,r
0.33955922843798214,0.3006415698231447,1,1,B,crossed_layout,0,f113,3,f113r.49:12:line,12,t,line,al,f113r.49,0.774960608351383,0.716467295678299,0.5844045807682835,0.007198731916066898,0.4083966873156497,0.6085858535960655,0.007512999417132334,0.3839011469868021,f113r,False,1.0,tchedy,S,a,l
0.6711248913359138,0.053285396486331855,0,1,B,crossed_layout,0,f113,3,f113v.2:11:uncertain,11,a,uncertain,ar,f113v.2,1.2610363745555997,0.2624704592606397,0.5757353457558539,0.007020533741967129,0.4172441205021789,0.15992157255588246,0.0064192821210022205,0.8336591453231154,f113v,False,0.7857142857142857,aiin,S,a,r
0.33955922843798214,0.3006415698231447,1,1,B,crossed_layout,0,f113,3,f113v.5:13:line,13,t,line,al,f113v.5,0.774960608351383,0.716467295678299,0.5844045807682835,0.007198731916066898,0.4083966873156497,0.6085858535960655,0.007512999417132334,0.3839011469868021,f113v,False,1.0,tcheolchy,S,a,l
0.38683965783237684,0.0645351638513739,1,1,B,crossed_layout,0,f113,3,f113v.7:8:uncertain,8,a,uncertain,otar,f113v.7,0.8374670407805483,0.2866725610676124,0.43921337342532357,0.001161377937660537,0.5596252486370159,0.17904861447445283,0.0011607365504402868,0.8197906489751069,f113v,True,0.7272727272727273,ar,S,ota,r
0.601152332543119,0.03969504484659883,0,1,B,crossed_layout,0,f113,3,f113v.7:9:uncertain,9,a,uncertain,ar,f113v.7,1.1516028028390795,0.22157074988912154,0.5466068028506295,0.003268322689098804,0.45012487446027166,0.13934496075001418,0.0030238665654147333,0.8576311726845711,f113v,True,0.8181818181818182,al,S,a,r
0.6221401542744728,0.27598863408149166,0,1,B,crossed_layout,0,f113,3,f113v.12:4:paragraph,4,p,paragraph,oror,f113v.12,1.177906643849936,0.6716209086156844,0.5574651020779324,0.0005425321875304162,0.4419923657345371,0.37074841678145487,0.001450644429445402,0.6278009387890996,f113v,False,1.0,poraiin,S,oro,r
0.6915750153432497,0.42081756069861054,0,1,B,crossed_layout,0,f113,3,f113v.16:11:line,11,s,line,ar,f113v.16,1.291956930955358,0.8942414842369951,0.5844045807682835,0.007198731916066898,0.4083966873156497,0.4553654099111653,0.006604592911016449,0.5380299971778182,f113v,False,1.0,saraiin,S,a,r
0.0022949811252870184,0.00013132228923662138,1,1,B,crossed_layout,0,f113,3,f113v.20:7:paragraph,7,p,paragraph,aiin,f113v.20,0.05084660528832597,0.01246011764725921,0.0015657131114584016,0.9653696624525786,0.033064624435963,0.0011063986269996499,0.9914004936965239,0.007493107676476447,f113v,False,1.0,polaiin,S,aii,n
0.40472831464948855,0.09150325935627703,1,1,B,crossed_layout,0,f113,3,f113v.23:1:uncertain,1,k,uncertain,al,f113v.23,0.8704936837528565,0.34783793030547155,0.5469596514706713,0.006452027369066285,0.4465883211602624,0.7857607826237601,0.0006874801664619859,0.2135517372097778,f113v,False,0.08333333333333333,kar,S,a,l
0.40472831464948855,0.09150325935627703,1,1,B,crossed_layout,0,f113,3,f113v.26:1:uncertain,1,k,uncertain,al,f113v.26,0.8704936837528565,0.34783793030547155,0.5469596514706713,0.006452027369066285,0.4465883211602624,0.7857607826237601,0.0006874801664619859,0.2135517372097778,f113v,False,0.08333333333333333,keechy,S,a,l
0.05500066011789197,0.07093474209118744,1,1,B,crossed_layout,0,f113,3,f113v.35:5:paragraph,5,o,paragraph,otain,f113v.35,0.2735561447761038,0.309164436489714,0.014767616647124006,0.8272778471133311,0.15795453623954495,0.009484610838585865,0.8071090760273832,0.1834063131340309,f113v,False,1.0,ofaral,S,otai,n
0.6313961447926366,0.05072574018688727,0,1,B,crossed_layout,0,f113,3,f113v.40:4:uncertain,4,a,uncertain,ar,f113v.40,1.2015044886311235,0.2551373830683346,0.5585024183977617,0.006675982371292947,0.43482159923094527,0.15626166905101013,0.005830991219818389,0.8379073397291714,f113v,False,0.36363636363636365,aiin,S,a,r
0.0022949811252870184,9.148399810966461e-05,1,1,B,crossed_layout,0,f113,3,f113v.40:11:line,11,d,line,aiin,f113v.40,0.05084660528832597,0.010880362597254455,0.0015657131114584016,0.9653696624525786,0.033064624435963,0.0019115463175577757,0.9924866745492675,0.005601779133174719,f113v,False,1.0,dair,S,aii,n
0.5812424550091346,0.038689472990747945,0,1,B,crossed_layout,0,f113,3,f113v.47:6:uncertain,6,a,uncertain,ar,f113v.47,1.1224171139628982,0.21843221861786716,0.5374954804108264,0.0031808973229253967,0.4593236222662482,0.13762505745478157,0.0028759931279246443,0.8594989494172939,f113v,True,0.6,akal,S,a,r
0.7343794108695019,0.5605135347765924,0,0,A,crossed_layout,0,f2,1,f2r.1:3:drawing,3,y,drawing,otchal,f2r.1,1.3989489568014086,1.1060891715490249,0.37920530256021323,0.03084384193141899,0.5899508555083678,0.4645516227631912,0.012326373682279165,0.5231220035545296,f2r,True,0.6,ypchaiin,H,otcha,l
0.06242144733474468,0.04202158614645684,1,1,A,crossed_layout,0,f2,1,f2r.6:1:uncertain,1,d,uncertain,dain,f2r.6,0.2839451417820554,0.22952557637277157,0.0040548025020213894,0.8213419315366546,0.17460326596132406,0.004365995732799296,0.8529153229363795,0.1427186813308212,f2r,False,0.125,d,H,dai,n
0.9212822980483127,0.6757903504380209,0,0,A,crossed_layout,0,f2,1,f2r.6:4:drawing,4,y,drawing,sor,f2r.6,1.6395143465430029,1.2568056196872381,0.6783750103210486,0.0006604874083507693,0.3209645022706005,0.581044224801019,0.00048627551648437696,0.41846949968249647,f2r,False,0.5,ytoldy,H,so,r
1.644401251464804,1.5745670633322189,0,0,A,crossed_layout,0,f2,1,f2r.8:5:drawing,5,y,drawing,fodan,f2r.8,8.251926042568272,9.10945144136708,0.22066734323313578,0.003280369302838268,0.7760522874640259,0.29910298672927516,0.001810430560920849,0.6990865827098041,f2r,True,0.625,yksh,H,foda,n
0.004066778840767756,0.013545405297025193,1,1,A,crossed_layout,0,f2,1,f2v.1:3:uncertain,3,o,uncertain,otaiin,f2v.1,0.06784963884831934,0.12611034989238198,0.0017465517564965556,0.9540589796906701,0.04419446855283332,0.002885945989715906,0.9162985554941729,0.08081549851611129,f2v,True,0.42857142857142855,odain,H,otaii,n
0.49250427055331136,0.17673079398082903,1,1,A,crossed_layout,0,f2,1,f2v.5:6:uncertain,6,ch,uncertain,dor,f2v.5,0.9893524069181304,0.5090638711122276,0.4961797700356914,0.00011640445152264273,0.5037038255127858,0.2972045617176978,0.00011719789581136416,0.7026782403864907,f2v,True,0.75,chol,H,do,r
0.0005972451290856007,0.00010337596165006026,1,1,A,crossed_layout,0,f7,1,f7r.5:1:paragraph,1,k,paragraph,otaiin,f7r.5,0.025806878639994296,0.011159509670703846,0.0009343634902389195,0.982271074768376,0.016794561741385123,0.0011770882069822661,0.9922946568730878,0.00652825491993004,f7r,False,1.0,ksholo,H,otaii,n
0.05443637706077903,0.020321540840762674,1,1,A,crossed_layout,0,f7,1,f7r.7:4:drawing,4,sh,drawing,dain,f7r.7,0.26368619521349757,0.15618307854851576,0.00420792883369551,0.8329569300575449,0.16283514110875955,0.0037087467072147878,0.8973961635273385,0.09889508976544659,f7r,False,0.5714285714285714,shody,H,dai,n
0.04766079790424486,0.049783992883635796,1,1,A,crossed_layout,0,f7,1,f7r.8:7:line,7,q,line,dain,f7r.8,0.24554529014022222,0.24880158484780324,0.004356417234008128,0.8434969224415811,0.15214666032441077,0.0012733158694441607,0.8415952196772607,0.15713146445329504,f7r,False,1.0,qokechy,H,dai,n
0.3479525102134604,0.3229707031382968,1,1,A,crossed_layout,0,f7,1,f7r.9:1:uncertain,1,ch,uncertain,ol,f7r.9,0.7791951300383771,0.7419683959570647,0.5826917824385266,0.00040751511476648435,0.4169007024467069,0.5979229964971845,0.00044958378783722046,0.40162741971497834,f7r,False,0.14285714285714285,choiin,H,o,l
0.38339340159714835,0.012835965611347339,1,1,A,crossed_layout,0,f7,1,f7v.4:8:line,8,d,line,dol,f7v.4,0.831257237849489,0.12054902845954787,0.5620392392841951,0.0002579995792100437,0.4377027611365948,0.9198375329107283,0.00010040115841916566,0.08006206593085245,f7v,False,1.0,dchodaiin,H,do,l
0.39641778071572875,0.013479732817621711,1,1,A,crossed_layout,0,f7,1,f7v.9:7:uncertain,7,d,uncertain,dol,f7v.9,0.8503104812264602,0.12366484214464175,0.5546653541085704,0.00025626154266620915,0.44507838434876335,0.9178530874126012,0.0001005387373481672,0.08204637385005058,f7v,False,0.875,daiin,H,do,l
1.4212581109664173,1.7918134892410555,0,0,A,crossed_layout,0,f10,1,f10r.7:8:uncertain,8,a,uncertain,dair,f10r.7,2.690952064614328,4.233700728954962,0.004317780760989578,0.8408209866392261,0.15486123259978443,0.0006470028602265944,0.9461998372472813,0.05315315989249201,f10r,False,0.8888888888888888,am,H,dai,r
0.31441020106674455,0.07772124138635798,1,1,A,crossed_layout,0,f10,1,f10v.3:3:uncertain,3,t,uncertain,ol,f10v.3,0.7290475766440274,0.3170657387752017,0.6033020640681214,0.00041422807949945557,0.39628370785237926,0.8027008114983383,0.0003368618321950113,0.19696232666946678,f10v,False,0.5,ty,H,o,l
0.18788259212018477,0.07944648540652194,1,1,A,crossed_layout,0,f10,1,f10v.4:6:line,6,sh,line,dain,f10v.4,0.5352674865451537,0.3261925246189838,0.00706376583045509,0.6900307279343756,0.30290550623516926,0.006255908452927699,0.7976387894875124,0.19610530205955987,f10v,True,1.0,sho,H,dai,n
0.04766079790424486,0.049783992883635796,1,1,A,crossed_layout,0,f18,1,f18r.2:7:line,7,q,line,dain,f18r.2,0.24554529014022222,0.24880158484780324,0.004356417234008128,0.8434969224415811,0.15214666032441077,0.0012733158694441607,0.8415952196772607,0.15713146445329504,f18r,False,1.0,qokchor,H,dai,n
0.718592862384845,0.7507683995828397,0,0,A,crossed_layout,0,f18,1,f18r.3:3:uncertain,3,ch,uncertain,or,f18r.3,1.3205573443628837,1.369275201939737,0.5992068318322727,0.0004129348159032775,0.4003802333518239,0.6124575191462042,0.00045681267048666165,0.3870856681833091,f18r,False,0.42857142857142855,chey,H,o,r
0.0034342855377049427,0.004735896783747089,1,1,A,crossed_layout,0,f18,1,f18r.7:5:line,5,q,line,doldaiin,f18r.7,0.06160085251629667,0.07217960958732562,0.0007322937633233708,0.958200284864619,0.041067421372057634,0.00027835728020018187,0.9511998484987665,0.048521794221033344,f18r,False,1.0,qokchor,H,doldaii,n
0.004556871054967429,0.008454026573334182,1,1,A,crossed_layout,0,f18,1,f18r.10:4:line,4,s,line,ydaiin,f18r.10,0.0715939742042437,0.0988265743873673,0.0013924510276893494,0.9515860488741218,0.04702150009818905,0.0024541487729177846,0.9337921888370365,0.06375366239004578,f18r,False,1.0,sotchaiin,H,ydaii,n
0.19183851190784437,0.1633404678752915,1,1,A,crossed_layout,0,f18,1,f18v.6:7:line,7,y,line,ykar,f18v.6,0.5478987030340922,0.491557533435964,0.3030255605692713,0.01295876188963029,0.6840156775410984,0.2827217367282083,0.006021452908445512,0.7112568103633463,f18v,False,1.0,ychol,H,yka,r
1.4303613221385856,1.4070935577145618,0,0,A,crossed_layout,0,f27,1,f27r.5:7:line,7,ch,line,dair,f27r.5,2.716465428378201,2.6665477388827354,0.004356417234008128,0.8434969224415811,0.15214666032441077,0.007490026391504698,0.835006859222886,0.1575031143856093,f27r,False,1.0,chy,H,dai,r
0.051070681147291436,0.055684842452636135,1,1,A,crossed_layout,0,f27,1,f27r.8:7:drawing,7,ch,drawing,dain,f27r.8,0.25479615490675883,0.2695728704493626,0.004279241899782368,0.838105546133486,0.15761521196673164,0.00739467450926277,0.8295651135310581,0.16304021195967908,f27r,False,0.7777777777777778,chol,H,dai,n
0.9199225920655745,1.1889842580003689,0,0,A,crossed_layout,0,f27,1,f27v.5:5:drawing,5,ch,drawing,shkol,f27v.5,1.637633150144123,2.1294707716667944,0.32138329562566437,0.0008252323113402958,0.6777914720629954,0.22854168384273968,0.0008510230488030889,0.7706072931084573,f27v,False,0.625,chotchy,H,shko,l
0.38339340159714835,0.012835965611347339,1,1,A,crossed_layout,0,f27,1,f27v.5:8:line,8,d,line,dol,f27v.5,0.831257237849489,0.12054902845954787,0.5620392392841951,0.0002579995792100437,0.4377027611365948,0.9198375329107283,0.00010040115841916566,0.08006206593085245,f27v,False,1.0,dsho,H,do,l
0.0005972451290856007,0.0006778409389733417,1,1,A,crossed_layout,0,f28,1,f28r.8:7:line,7,y,line,otaiin,f28r.8,0.025806878639994296,0.027403132331677224,0.0009343634902389195,0.982271074768376,0.016794561741385123,0.0008394259274901125,0.9811848530220528,0.017975721050457038,f28r,False,1.0,ytchol,H,otaii,n
0.9511983444585099,1.5499670306192797,0,0,A,crossed_layout,0,f28,1,f28v.7:9:uncertain,9,a,uncertain,dair,f28v.7,1.7041792747489892,3.0696950085210615,0.006987563930632831,0.6861166534922624,0.30689578257710476,0.0011282711147706864,0.879766802535136,0.11910492635009344,f28v,True,0.9,am,H,dai,r
0.055647944566229623,0.2440644479761923,1,1,A,crossed_layout,0,f28,1,f28v.8:4:drawing,4,y,drawing,dain,f28v.8,0.2668322565137155,0.6238137393178742,0.004183322116735635,0.8311424936819821,0.16467418420128216,0.003457117732140093,0.6489531618515029,0.3475897204163571,f28v,False,0.5,yk,H,dai,n
0.0005976609333805275,0.00076141366535409,1,1,A,crossed_layout,0,f37,1,f37r.2:8:line,8,q,line,ytaiin,f37r.2,0.025456918732292107,0.02855392726864121,0.0004153030460448029,0.9825093768220444,0.017075320131910748,0.00017272021979576933,0.9804025031095016,0.019424776670702543,f37r,False,1.0,qo,H,ytaii,n
0.23142266620837626,0.030281140604732124,1,1,A,crossed_layout,0,f37,1,f37v.1:4:line,4,d,line,sol,f37v.1,0.6001649504365018,0.1895567333527783,0.6596785267762898,0.0003157948228199331,0.3400056784008903,0.876875098951649,0.0001559007209064524,0.12296900032744473,f37v,True,1.0,dor,H,so,l
0.04766079790424486,0.2161359096209021,1,1,A,crossed_layout,0,f37,1,f37v.5:3:line,3,y,line,dain,f37v.5,0.24554529014022222,0.5789098513671311,0.004356417234008128,0.8434969224415811,0.15214666032441077,0.0036171141318082534,0.6694694598321604,0.3269134260360314,f37v,False,1.0,yokor,H,dai,n
0.04766079790424486,0.049783992883635796,1,1,A,crossed_layout,0,f37,1,f37v.15:3:line,3,q,line,dain,f37v.15,0.24554529014022222,0.24880158484780324,0.004356417234008128,0.8434969224415811,0.15214666032441077,0.0012733158694441607,0.8415952196772607,0.15713146445329504,f37v,False,1.0,qotor,H,dai,n
0.5709142135646215,0.927312703910765,0,0,B,crossed_layout,0,f43,2,f43r.12:2:uncertain,2,sh,uncertain,qokol,f43r.12,1.1036914016825115,1.6488984407990026,0.4653243529722045,0.0007884450886858095,0.5338872019391098,0.3188835450877907,0.0003867514454744386,0.6807297034667349,f43r,False,0.15384615384615385,shedy,H,qoko,l
0.45039505639267957,0.031153946320511414,1,1,B,crossed_layout,0,f43,2,f43v.11:1:uncertain,1,a,uncertain,or,f43v.11,0.9285934621272179,0.19243075901493822,0.47446988787923594,0.00015981657172683305,0.5253702955490372,0.12474539116588344,0.00012461393841892713,0.8751299948956976,f43v,False,0.09090909090909091,air,H,o,r
0.5367072528155538,0.04075193372453075,0,1,B,crossed_layout,0,f43,2,f43v.12:9:uncertain,9,a,uncertain,or,f43v.12,1.0532319985614167,0.22232009962572788,0.5179445571138562,0.00016803715036455764,0.4818874057357792,0.14267454593922532,0.00013962762101373983,0.8571858264397609,f43v,False,0.8181818181818182,aiin,H,o,r
0.061334735935085885,0.15451123011502704,1,1,B,crossed_layout,0,f48,5,f48r.3:8:uncertain,8,o,uncertain,dol,f48r.3,0.2777732173169316,0.46986293416233843,0.824863201781979,3.1581711996900174e-05,0.17510521650602404,0.7220331925650542,3.57318016351554e-05,0.2779310756333108,f48r,False,0.6666666666666666,odal,H,do,l
0.05655912750441031,0.03248965963382504,1,1,A,crossed_layout,0,f52,1,f52r.2:8:line,8,t,line,dl,f52r.2,0.2675007369976948,0.1981801581598967,0.8307574685589586,0.0021755992742104394,0.1670669321668309,0.8716493845468547,0.0018100974606588985,0.1265405179924864,f52r,False,1.0,tchotshey,H,d,l
0.660247219216068,0.6981169161388776,0,0,A,crossed_layout,0,f52,1,f52r.8:0:uncertain,0,ch,uncertain,or,f52r.8,1.2336713651898694,1.2899489508535706,0.5743614061339448,0.00040465985317398125,0.4252339340128812,0.5905886362460703,0.00044586366191280306,0.40896550009201704,f52r,False,0.0,cheey,H,o,r
0.27122161654196986,0.060928389972976185,1,1,A,crossed_layout,0,f52,1,f52v.8:4:line,4,d,line,ol,f52v.8,0.6630650221490975,0.2769416925180571,0.6315351670424451,0.00042257336324757355,0.3680422595943075,0.825338764455032,0.00024281963223371112,0.17441841591273435,f52v,False,1.0,daiin,H,o,l
0.19984273846222406,0.10035759215378331,1,1,A,crossed_layout,0,f52,1,f52v.10:3:uncertain,3,s,uncertain,sol,f52v.10,0.5488473577407799,0.36642660530064514,0.6835660458604006,0.0006621176341243038,0.31577183650547513,0.7757014452382819,0.0005857760654868861,0.2237127786962313,f52v,False,0.6,s,H,so,l
1.6702121305613837,0.9084840972564752,0,0,B,crossed_layout,0,f66,5,f66r.66:4:uncertain,4,a,uncertain,qokor,f66r.66,3.539892308279253,1.6176746504252004,0.9136604311296712,0.0003617875603823881,0.0859777813099464,0.67380977042479,0.000329964096371604,0.32586026547883845,f66r,False,0.6666666666666666,al,T,qoko,r
0.8269610662313843,0.9745837376943274,0,0,B,crossed_layout,0,f66,5,f66r.67:8:line,8,s,line,dair,f66r.67,1.593157462213746,1.8341329433005418,0.05453381553259176,0.6140209217909827,0.3314452626764256,0.045145549817158515,0.6743944254286701,0.2804600247541713,f66r,True,1.0,sair,T,dai,r
1.2738529101812377,0.5759023453964318,0,0,B,crossed_layout,0,f66,5,f66r.68:7:uncertain,7,a,uncertain,dair,f66r.68,2.4319235340383054,1.125691692871464,0.034317273629736134,0.7803645281393452,0.1853181982309188,0.01036400010744235,0.5313537520863815,0.4582822478061762,f66r,False,0.6363636363636364,aly,T,dai,r
1.6220672629596364,1.8855438847646044,0,0,B,crossed_layout,0,f66,5,f66r.68:11:line,11,t,line,dor,f66r.68,3.3305795646394936,5.106844021960626,0.900550231644845,4.76480849000418e-05,0.09940212027025494,0.9709481666857761,3.254440739315907e-05,0.029019288906830795,f66r,False,1.0,tosheo,T,do,r
0.01487529905761472,0.0005526016698046837,1,1,B,crossed_layout,0,f66,5,f66r.72:4:uncertain,4,l,uncertain,ol,f66r.72,0.13017287370832933,0.02421556908724069,0.913721955178461,7.251842987098623e-05,0.08620552639166794,0.983355129038156,4.523559811038162e-05,0.016599635363733465,f66r,False,0.4444444444444444,ld,T,o,l
1.6220672629596364,1.6722158993581822,0,0,B,crossed_layout,0,f66,5,f66r.73:9:line,9,y,line,dor,f66r.73,3.3305795646394936,3.5465016529955093,0.900550231644845,4.76480849000418e-05,0.09940212027025494,0.9143635668873803,5.163652999397446e-05,0.08558479658262565,f66r,False,1.0,ydaiin,T,do,r
0.015409825253355353,0.8129371002667534,1,0,B,crossed_layout,0,f66,5,f66r.75:4:uncertain,4,a,uncertain,ol,f66r.75,0.13260000112073358,1.4642787081773734,0.9121860414266908,7.269890655119009e-05,0.08774125966675811,0.3624166877032854,6.890822480655869e-05,0.6375144040719081,f66r,False,0.36363636363636365,ar,T,o,l
0.011651690004283453,0.00093972649773095,1,1,B,crossed_layout,0,f66,5,f66r.75:11:line,11,d,line,ol,f66r.75,0.1146018396077842,0.0316504176625399,0.923637184414098,7.123462374485502e-05,0.07629158096215703,0.9783004986909193,4.6418711645273894e-05,0.021653082597435487,f66r,False,1.0,daiin,T,o,l
3.0271193980597775e-05,3.471024302595433e-05,1,1,B,crossed_layout,0,f66,5,f66r.78:8:line,8,sh,line,lodaiin,f66r.78,0.0060343765421574744,0.006421793979561792,0.0006485714046402594,0.9958260242659875,0.0035254043293721496,0.0006204008486716216,0.9955586437321741,0.003820955419154369,f66r,False,1.0,sheol,T,lodaii,n
1.253254089886127,1.0520948039094526,0,0,B,crossed_layout,0,f66,5,f66v.1:5:uncertain,5,sh,uncertain,dor,f66v.1,2.262610488069982,1.8640580669475695,0.7915901177790288,1.5323767385051078e-05,0.20839455845358618,0.7252850039066703,1.2498406238382493e-05,0.2747024976870914,f66v,True,0.625,sheefy,H,do,r
1.2797833624871517,0.552362885886155,0,0,?,crossed_layout,0,f68,4,f68r1.1:8:line,8,t,line,okchoal,f68r1.1,2.333453290166249,1.0789842049659824,0.19840863358056954,0.0033285245601627155,0.7982628418592678,0.47336199809124413,0.0022237038840507563,0.5244142980247052,f68r1,True,1.0,tochso,A,okchoa,l
1.298876174583016,1.5004128123986658,0,0,?,crossed_layout,0,f68,4,f68r1.3:3:drawing,3,o,drawing,chokal,f68r1.3,2.3937568014335238,2.934307946214511,0.19028624691087856,0.007728665716804362,0.8019850873723171,0.1308233577523913,0.006096337969262445,0.8630803042783463,f68r1,False,0.42857142857142855,okeey,A,choka,l
1.4109084760983452,1.0857611017643272,0,0,?,crossed_layout,0,f68,4,f68r2.1:2:uncertain,2,d,uncertain,sheal,f68r2.1,2.6490286639395015,1.929849696265346,0.1594273813727101,0.0013203290005434256,0.8392522896267465,0.26245651288596117,0.0014806405557196887,0.7360628465583191,f68r2,True,0.25,dar,A,shea,l
1.964290254581173e-05,1.701302033073912e-05,1,1,?,crossed_layout,0,f68,4,f68v3.3:7:drawing,7,y,drawing,aiiin,f68v3.3,0.004881005725561052,0.004345949318969889,0.000563768836569472,0.9966224614025326,0.0028137697608978263,0.00019200280427787285,0.9969921501543922,0.002815847041329828,f68v3,False,0.6363636363636364,ytey,C,aiii,n
1.1962408594166523,0.9451460652913879,0,0,B,crossed_layout,0,f84,2,f84r.14:1:uncertain,1,sh,uncertain,or,f84r.14,2.1425560767965615,1.6782430014256995,0.7732430182688194,0.0002788084310077056,0.22647817330017292,0.6873418509561879,0.00019520776096926,0.3124629412828429,f84r,False,0.06666666666666667,sheey,B,o,r
1.3046001443169692,1.0637465893225964,0,0,B,crossed_layout,0,f84,2,f84r.14:14:uncertain,14,o,uncertain,or,f84r.14,2.3792457590175173,1.885805122561614,0.8075117054459019,0.00027843583975613485,0.19220985871434193,0.7291855356653957,0.00022175434751311933,0.2705927099870912,f84r,False,0.9333333333333333,oly,B,o,r
0.09155110865571686,0.0793043501432431,1,1,B,crossed_layout,0,f84,2,f84r.16:3:uncertain,3,ch,uncertain,ol,f84r.16,0.34756681326182837,0.3207514038550478,0.7859084598200025,0.00027890423089525833,0.2138126359491023,0.8006527622239503,0.0004381203760716565,0.19890911739997813,f84r,False,0.375,cheol,B,o,l
0.08154386202685371,0.003202897656520061,1,1,B,crossed_layout,0,f84,2,f84r.17:2:uncertain,2,t,uncertain,sol,f84r.17,0.3255807907928988,0.0589587586630619,0.7979770772603398,0.0002047898186831852,0.2018181329209771,0.959956702272726,5.0430608265152856e-05,0.03999286711900891,f84r,True,0.16666666666666666,teol,B,so,l
0.11286943074547194,0.007369372079599475,1,1,B,crossed_layout,0,f84,2,f84r.17:8:uncertain,8,k,uncertain,ol,f84r.17,0.3914312984522155,0.0904048711156055,0.7623728786643581,0.000134460666860205,0.23749266066878177,0.9392591229846198,7.860075638204731e-05,0.060662276258998275,f84r,True,0.6666666666666666,keedy,B,o,l
0.07429019125705925,0.14702868154811827,1,1,B,crossed_layout,0,f84,2,f84r.23:12:uncertain,12,o,uncertain,ol,f84r.23,0.30912650776548006,0.45649631066640445,0.8071302953558712,0.000278451591824233,0.1925912530523045,0.7287539430167532,0.00022168727839877371,0.271024369704848,f84r,False,0.9230769230769231,or,B,o,l
1.3125760232177184,1.4155243945858098,0,0,B,crossed_layout,0,f84,2,f84r.23:13:line,13,p,line,or,f84r.23,2.3978675632249367,2.6568325280054137,0.809976848804978,0.0002783271437334335,0.18974482405128856,0.8411393295425038,0.0002933396797157292,0.15856733077778043,f84r,False,1.0,pol,B,o,r
0.08009805840717898,0.15619337803950176,1,1,B,crossed_layout,0,f84,2,f84r.25:8:uncertain,8,o,uncertain,ol,f84r.25,0.32240018748110216,0.47306576784095533,0.7997382591067749,0.0002787019453699217,0.19998303894785527,0.7204320314840927,0.00022037060931170938,0.2793475979065956,f84r,False,0.7272727272727273,okedy,B,o,l
1.1706236361129583,0.19565943975435085,0,1,B,crossed_layout,0,f84,2,f84r.27:8:uncertain,8,a,uncertain,or,f84r.27,2.0900286887991775,0.5413661805253582,0.7649894823282487,0.00013450105587063253,0.2348760166158806,0.3126746790858083,0.00020539797984223086,0.6871199229343493,f84r,True,0.7272727272727273,aiiin,B,o,r
0.09841392204497906,0.08468234034865574,1,1,B,crossed_layout,0,f84,2,f84r.30:2:uncertain,2,ch,uncertain,ol,f84r.30,0.36209438615430356,0.3327668937848678,0.7780342731675642,0.00027887475139646287,0.2216868520810393,0.7940122146122692,0.0004368628147708249,0.20555092257295995,f84r,False,0.18181818181818182,chckhy,B,o,l
1.3016863981406936,1.0607705076801155,0,0,B,crossed_layout,0,f84,2,f84r.32:10:uncertain,10,o,uncertain,or,f84r.32,2.3724883025341006,1.8803718808719638,0.806609262841763,0.00027847265279930266,0.1931122645054376,0.728164711243651,0.00022159551601980406,0.2716136932403293,f84r,False,0.9090909090909091,oly,B,o,r
0.08500096724283168,0.00475274349849217,1,1,B,crossed_layout,0,f84,2,f84r.33:8:uncertain,8,k,uncertain,ol,f84r.33,0.33332652528014367,0.07221379871106869,0.793704271452126,0.0002788314769273668,0.20601689707094667,0.9511773071417459,0.0001496431542635328,0.04867304970399053,f84r,False,0.5714285714285714,kedy,B,o,l
0.07832426800129891,0.00435730878275677,1,1,B,crossed_layout,0,f84,2,f84r.33:11:uncertain,11,k,uncertain,ol,f84r.33,0.3183859796903637,0.06907409217757832,0.8019665789210554,0.00027863732312630467,0.19775478375581834,0.9532495881978408,0.00014906462395862936,0.04660134717820061,f84r,False,0.7857142857142857,keed,B,o,l
0.0741327028211882,0.7697066564212193,1,0,B,crossed_layout,0,f84,2,f84r.33:13:uncertain,13,a,uncertain,ol,f84r.33,0.3087612045924433,1.3981995627168573,0.8073346937780675,0.00027844318552450875,0.19238686303640806,0.37940232828018605,0.00046464536026376155,0.6201330263595501,f84r,False,0.9285714285714286,ary,B,o,l
1.285780681259142,0.2769144160497092,0,1,B,crossed_layout,0,f84,2,f84r.35:7:uncertain,7,a,uncertain,or,f84r.35,2.336017610626822,0.6719146117185666,0.8016650683011237,0.00027864660720134125,0.19805628509167492,0.37186949253141155,0.00045736305809960376,0.6276731444104888,f84r,False,0.7777777777777778,air,B,o,r
0.13510099719370072,0.008995783994064996,1,1,B,crossed_layout,0,f84,2,f84v.7:1:uncertain,1,k,uncertain,ol,f84v.7,0.4343477033993904,0.10021474391023369,0.7400282735646783,0.0001339295103453261,0.2598377969249763,0.9328941207178886,7.91779557667639e-05,0.0670267013263446,f84v,True,0.16666666666666666,kedy,B,o,l
0.12826438608573656,0.14832488055864196,1,1,B,crossed_layout,0,f84,2,f84v.16:8:uncertain,8,y,uncertain,dol,f84v.16,0.4214628062476325,0.45880701059026374,0.7466671646484995,0.00017907070995520146,0.2531537646415453,0.7275876647571654,0.00016911390082203635,0.2722432213420125,f84v,False,0.6666666666666666,y,B,do,l
0.07690451870003377,0.15521052944715413,1,1,B,crossed_layout,0,f84,2,f84v.16:10:uncertain,10,sh,uncertain,ol,f84v.16,0.31514826662801576,0.471283462544852,0.8037683827433059,0.00027857828307596656,0.19595303897361804,0.7213226031299729,0.00020047191589302199,0.2784769249541341,f84v,False,0.8333333333333334,shedy,B,o,l
0.06000413941119627,0.0016139896489888558,1,1,B,crossed_layout,0,f84,2,f84v.36:1:uncertain,1,k,uncertain,sol,f84v.36,0.2747764723738232,0.04170666731297757,0.826578376256878,0.000421907490276612,0.1729997162528452,0.9715050045067662,0.0001754954592781172,0.028319500033955693,f84v,False,0.1,kedy,B,so,l
1.6144097090813716,1.6961501970846715,0,0,B,crossed_layout,0,f84,2,f84v.36:10:line,10,ch,line,ror,f84v.36,3.3006739152904316,3.6623039678538962,0.8983757154438072,0.00014015160569906358,0.10148413295049348,0.9208033728434075,0.00021307665313421097,0.07898355050345823,f84v,False,1.0,chckhy,B,ro,r
0.8217813404455572,0.08239046460692145,0,1,B,crossed_layout,0,f84,2,f84v.38:7:line,7,l,line,olol,f84v.38,1.481298865985826,0.3289153267856444,0.3581662078708481,0.0016557056833882114,0.6401780864457638,0.7961348233563683,0.0018102900186588392,0.20205488662497287,f84v,False,1.0,lshedy,B,olo,l
0.0009142642908712402,0.0012530597163216118,1,1,B,crossed_layout,0,f84,2,f84v.40:7:line,7,s,line,ykaiin,f84v.40,0.032218422968968305,0.037641895085371885,0.0014853518579328864,0.97791540656512,0.020599241576947206,0.0015155856265782548,0.9742460653180707,0.024238349055351088,f84v,False,1.0,sor,B,ykaii,n
0.1505901744357303,0.2501236077857965,1,1,B,crossed_layout,0,f86,2,f86v4.6:2:uncertain,2,sh,uncertain,ol,f86v4.6,0.46294616258244087,0.6297143238629355,0.7255031771984148,0.00019474336618084676,0.2743020794354042,0.6463043810043042,0.00010969612006812088,0.3535859228756277,f86v4,False,0.16666666666666666,sheey,C,o,l
0.15410885905532049,0.008469275338786176,1,1,B,crossed_layout,0,f86,2,f86v4.8:1:uncertain,1,k,uncertain,ol,f86v4.8,0.46929801318476855,0.0971449124979223,0.7223159769065882,0.00019455568597458254,0.2774894674074371,0.934881288239662,8.932810995292096e-05,0.06502938365038503,f86v4,False,0.1,keedy,C,o,l
0.0009697417740371922,1.5307426585040334e-05,1,1,B,crossed_layout,0,f86,2,f86v6.3:11:line,11,d,line,otaiin,f86v6.3,0.03309090417344612,0.004467176430844098,0.0013766639581628223,0.9773241833016899,0.02129915274014741,0.0008493059033145281,0.9969083781875446,0.0022423159091407266,f86v6,False,1.0,dshor,T,otaii,n
0.28145681085733565,1.2177630582470726,1,0,B,crossed_layout,0,f86,2,f86v6.4:3:uncertain,3,a,uncertain,ol,f86v6.4,0.6787287001419802,2.187439095008754,0.6247155299939515,0.0002934149963926034,0.374991055009656,0.2195407880119346,0.00030128829863579587,0.7801579236894296,f86v6,False,0.25,aiin,T,o,l
0.8868297799523728,1.1501705533300766,0,0,B,crossed_layout,0,f86,2,f86v6.6:11:line,11,q,line,or,f86v6.6,1.582271840972369,2.0494827780395997,0.6657435921297228,0.00030082005153921423,0.333955587818738,0.7582581876481191,0.000171139913649503,0.24157067243823147,f86v6,False,1.0,qokaiin,T,o,r
0.2725412425636222,0.38923902531046994,1,1,B,crossed_layout,0,f86,2,f86v6.7:5:uncertain,5,o,uncertain,ol,f86v6.7,0.6649643666312168,0.8397301175662047,0.6307042820949654,0.00029459525869232763,0.36900112264634227,0.5587480832852079,0.00018986296492962544,0.4410620537498625,f86v6,False,0.35714285714285715,or,T,o,l
0.23782162637810816,0.014131455667281708,1,1,B,crossed_layout,0,f86,2,f86v6.15:8:uncertain,8,k,uncertain,ol,f86v6.15,0.6103977177225303,0.126795441392141,0.6550161042161442,0.00029904174768683936,0.34468485403616883,0.9158635367908285,0.00015737975653021987,0.08397908345264124,f86v6,False,0.8,kaiin,T,o,l
0.7576056897255607,0.09130477109575233,0,1,B,crossed_layout,0,f86,2,f86v6.17:1:uncertain,1,a,uncertain,or,f86v6.17,1.3793772238218063,0.34705235377136734,0.6153238119877708,0.0002914990261098663,0.3843846889861193,0.21351683495294257,0.00029440332538602996,0.7861887617216714,f86v6,False,0.08333333333333333,aiin,T,o,r
0.2042678681153534,0.027284745894900635,1,1,B,crossed_layout,0,f86,2,f86v6.23:7:uncertain,7,a,uncertain,ykar,f86v6.23,0.5651770964280884,0.191499933351184,0.31483789269950574,0.009289661850536618,0.6758724454499577,0.107468572162872,0.016836617592851034,0.875694810244277,f86v6,False,0.5833333333333334,ar,T,yka,r
0.8239069586063628,0.6480667097034253,0,0,B,crossed_layout,0,f86,2,f86v6.25:5:uncertain,5,o,uncertain,or,f86v6.25,1.4819052703319775,1.2153633887078221,0.6416876338238746,0.0002966737635909044,0.35801569241253434,0.5691430955204771,0.0001923148834251696,0.43066458959609766,f86v6,False,0.5555555555555556,okeeeey,T,o,r
0.00776834462388336,0.004236464930717559,1,1,B,crossed_layout,0,f86,2,f86v6.29:9:paragraph,9,p,paragraph,shdaiin,f86v6.29,0.09429341846290204,0.07001135032975782,0.0019370806489643335,0.9367309131220466,0.06133200622898906,0.0028201719856482416,0.9526305032424881,0.044549324771863755,f86v6,False,1.0,polkeey,T,shdaii,n
0.8096580278820982,0.9386524092518642,0,0,B,crossed_layout,0,f86,2,f86v6.32:5:uncertain,5,ch,uncertain,or,f86v6.32,1.459613647836452,1.6678560508318296,0.6361138815089185,0.00029563306078784883,0.3635904854302937,0.6848682450273296,0.00041106097419083,0.3147206939984796,f86v6,False,0.45454545454545453,chey,T,o,r
0.24328937171892295,0.014537873796019146,1,1,B,crossed_layout,0,f86,2,f86v6.32:8:uncertain,8,k,uncertain,ol,f86v6.32,0.6191044991031845,0.12868732908857897,0.651074933597389,0.00029835954204919085,0.34862670686056185,0.9146633002174375,0.00015749656327614504,0.08517920321928642,f86v6,False,0.7272727272727273,kchedy,T,o,l
0.22979070146936295,0.013542104122620486,1,1,B,crossed_layout,0,f86,2,f86v6.34:10:uncertain,10,k,uncertain,ol,f86v6.34,0.5975224740917375,0.12400750243367258,0.6608879177136577,0.00030002952099200664,0.3388120527653503,0.9176351103295834,0.00015719927231960118,0.08220769039809704,f86v6,False,0.9090909090909091,kaiiin,T,o,l
3.889727154663725e-05,0.00011359809978040442,1,1,B,crossed_layout,0,f86,2,f86v6.34:11:line,11,s,line,kaiiin,f86v6.34,0.00643592902725913,0.011002201960020053,8.32788028674819e-05,0.9955488896264356,0.004367831570697038,0.00012275067360568474,0.992402859997664,0.007474389328730448,f86v6,False,1.0,sar,T,kaiii,n
0.22325377133040336,0.02351563479422567,1,1,B,crossed_layout,0,f86,2,f86v6.35:10:line,10,d,line,ol,f86v6.35,0.5869614575155535,0.16574477922395114,0.6657435921297228,0.00030082005153921423,0.333955587818738,0.8914681876284357,0.00019695322180751667,0.10833485914975685,f86v6,False,1.0,dairal,T,o,l
0.23646894215121006,0.014031558403046884,1,1,B,crossed_layout,0,f86,2,f86v6.40:9:uncertain,9,k,uncertain,ol,f86v6.40,0.608236467947853,0.12632664953097625,0.6559980957438266,0.00029920933931964583,0.34370269491685373,0.916161187454441,0.0001573501124753814,0.08368146243308372,f86v6,False,0.8181818181818182,kar,T,o,l
0.026324421949597557,0.046393646159414534,1,1,B,crossed_layout,0,f86,2,f86v6.42:9:line,9,q,line,qokain,f86v6.42,0.18086217581734082,0.24241922662958162,0.006469110296352681,0.8821756375661013,0.11135525213754607,0.004852693656716618,0.8453266118115128,0.1498206945317707,f86v6,False,1.0,qokaiin,T,qokai,n
0.000965478322960325,0.00042051364425846506,1,1,B,crossed_layout,0,f86,2,f86v5.6:6:paragraph,6,p,paragraph,ytaiin,f86v5.6,0.032493350795448024,0.02179732816068939,0.0006120004362722123,0.9777290674332391,0.021658932130488674,0.0010466281590522492,0.9850048080446852,0.0139485637962625,f86v5,False,1.0,pdaiin,T,ytaii,n
1.080336647395279e-05,2.370429696715735e-05,1,1,B,crossed_layout,0,f86,2,f86v5.13:10:line,10,q,line,aiiin,f86v5.13,0.0035181367836718473,0.0051310604697610285,0.00024183881156686614,0.9975643843444051,0.0021937768440280507,0.00022630186325910644,0.9964497370417421,0.0033239610949986694,f86v5,False,1.0,qoar,T,aiii,n
1.9970811877519383,1.9967782454051206,0,0,B,crossed_layout,0,f86,2,f86v5.20:9:line,9,o,line,ytaiiil,f86v5.20,13.863687596276042,14.042052172212953,6.708326362111334e-05,0.9986058224343226,0.001327094302056355,5.9281760910773535e-05,0.9984460783960014,0.0014946398430877334,f86v5,False,1.0,oar,T,ytaiii,l
0.7599297223880306,0.09181595566880583,0,1,B,crossed_layout,0,f86,2,f86v5.23:1:uncertain,1,a,uncertain,or,f86v5.23,1.382922336113427,0.3481494398606776,0.6162669990483247,0.0002916949833461919,0.3834413059683292,0.2141137745572788,0.0002950875193540504,0.7855911379233672,f86v5,False,0.1,aiin,T,o,r
0.8584841267380587,0.11562253201479658,0,1,B,crossed_layout,0,f86,2,f86v5.23:8:uncertain,8,a,uncertain,or,f86v5.23,1.536650188949759,0.39707171115109485,0.6550161042161442,0.00029904174768683936,0.34468485403616883,0.24027723757734418,0.0003246653855885641,0.7593980970370673,f86v5,False,0.8,aiin,T,o,r
0.0009697417740371922,0.002394024577305841,1,1,B,crossed_layout,0,f86,2,f86v5.24:8:line,8,s,line,otaiin,f86v5.24,0.03309090417344612,0.05266339246047274,0.0013766639581628223,0.9773241833016899,0.02129915274014741,0.002646830101700597,0.9641547367010841,0.03319843319721527,f86v5,False,1.0,sair,T,otaii,n
0.2933149869212589,0.018456933513712945,1,1,B,crossed_layout,0,f86,2,f86v5.33:1:uncertain,1,k,uncertain,ol,f86v5.33,0.6969024300960219,0.14583514168419454,0.6168953043108585,0.00029182508483573247,0.38281287060430585,0.9038560054490974,0.00015836674400975407,0.09598562780689276,f86v5,False,0.1111111111111111,kaiin,T,o,l
0.8080028841522982,0.15492469286351168,0,1,B,crossed_layout,0,f86,2,f86v3.20:7:uncertain,7,a,uncertain,lkar,f86v3.20,1.5082921295679854,0.50792642807521,0.6219168557539528,0.02655603177325388,0.3515271124727934,0.2551972393824214,0.04157029941170598,0.7032324612058726,f86v3,False,0.875,ary,C,lka,r
0.15621558173840777,0.10140214564322679,1,1,A,crossed_layout,0,f102,1,f102r1.5:9:line,9,d,line,dain,f102r1.5,0.4852623462742441,0.3805096458514388,0.012746445754186308,0.7143671542633167,0.27288639998249714,0.013981229111200609,0.768166180641545,0.21785259024725445,f102r1,False,1.0,daiin,P,dai,n
0.10946342969907763,0.09404805561969533,1,1,A,crossed_layout,0,f102,1,f102r1.11:2:uncertain,2,sh,uncertain,sol,f102r1.11,0.3846913539597517,0.35284626255096246,0.7659428446360939,0.00021825764662394769,0.2338388977172823,0.7830377344097756,0.00022421942550163767,0.21673804616472278,f102r1,False,0.2857142857142857,sheey,P,so,l
0.9162623045690956,0.9006261410534968,0,0,A,crossed_layout,0,f102,1,f102r1.16:9:line,9,y,line,dor,f102r1.16,1.6299420888981193,1.6042233041637062,0.6768088946456844,8.992837771941389e-05,0.3231011769765961,0.6710201156349986,6.7167030438144e-05,0.3289127173345631,f102r1,False,1.0,ydar,P,do,r
1.0627312857636353,0.48954624109815104,0,1,A,crossed_layout,0,f102,1,f102v2.23:5:uncertain,5,e,uncertain,or,f102v2.23,1.8837390359940482,0.9850385941286366,0.7288771089269083,0.00014238708942183718,0.27098050398366985,0.4947032188666784,8.457321035992627e-05,0.5052122079229617,f102v2,False,0.8333333333333334,eey,P,o,r
0.00023675856322816246,0.0002329770115633309,1,1,A,crossed_layout,0,f102,1,f102v2.33:11:line,11,s,line,okaraiin,f102v2.33,0.016273456918747615,0.016409880935678273,0.0007070852199056002,0.9887834787707678,0.010509436009326873,0.0011216742682689782,0.9886899819245755,0.010188343807155532,f102v2,False,1.0,sorshey,P,okaraii,n
0.12144609279610896,0.05789471426147278,1,1,A,crossed_layout,0,f102,1,f102v1.11:0:uncertain,0,ch,uncertain,sol,f102v1.11,0.40837676021337554,0.2692364908848059,0.7534706600102359,0.00021789112110191436,0.24631144886866221,0.8297585579374361,0.00020461134601402862,0.17003683071654968,f102v1,False,0.0,chol,P,so,l
0.9839174148938672,1.0933814108081712,0,0,B,crossed_layout,0,f106,3,f106r.3:4:uncertain,4,ch,uncertain,or,f106r.3,1.7441387518506746,1.9407649408548848,0.7013074137770386,0.00018050037034363192,0.2985120858526178,0.7392489311974006,0.0002727751273035653,0.2604782936752959,f106r,False,0.8,cheos,S,o,r
0.28321767553812294,0.034641390489560275,1,1,B,crossed_layout,0,f106,3,f106r.8:2:uncertain,2,k,uncertain,ol,f106r.8,0.6811943975948265,0.20359746729450884,0.6236487460309089,8.35272142973479e-05,0.3762677267547937,0.8683824850294376,1.8807192622726842e-05,0.1315987077779397,f106r,True,0.2,kaiin,S,o,l
1.2758290512135377,0.03286485923510182,0,1,B,crossed_layout,0,f106,3,f106r.13:8:uncertain,8,a,uncertain,ror,f106r.13,2.3127175007220937,0.19796986101865588,0.7986719719136967,4.708399778096663e-05,0.20128094408852235,0.12815450071947151,6.904786984363754e-05,0.8717764514106848,f106r,True,0.8,aiin,S,ro,r
1.4259856054435477e-06,7.831514460240543e-07,1,1,B,crossed_layout,0,f106,3,f106r.19:8:uncertain,8,y,uncertain,qotchoraiin,f106r.19,0.0013034759267064099,0.0009460865564606305,0.0001332530862606808,0.9990969073703047,0.0007698395434345371,6.461896975432427e-05,0.9993444377457164,0.0005909432845294762,f106r,False,0.8888888888888888,y,S,qotchoraii,n
1.041627340724793,1.0489396609518264,0,0,B,crossed_layout,0,f106,3,f106r.23:2:uncertain,2,a,uncertain,dair,f106r.23,1.8693370323495215,1.8631895477102478,0.009343971593704916,0.7169568578676302,0.2736991705386647,0.0018619608934480536,0.7232701175240929,0.2748679215824591,f106r,False,0.2222222222222222,al,S,dai,r
0.3194841559030044,0.3769497250068271,1,1,B,crossed_layout,0,f106,3,f106r.38:10:line,10,y,line,dol,f106r.38,0.7362538682866834,0.8215425760484004,0.6002960714966211,5.2927452893767665e-05,0.3996510010504852,0.5658366083405905,5.2954621282825535e-05,0.4341104370381267,f106r,True,1.0,ycheool,S,do,l
0.21715530968313623,1.4370342402101732,1,0,B,crossed_layout,0,f106,3,f106r.39:2:uncertain,2,a,uncertain,ol,f106r.39,0.5769063431410272,2.7156067139753888,0.6703998153845443,0.00017796874087181802,0.329422215874584,0.15223724732663899,0.00021776391539767153,0.8475449887579634,f106r,False,0.2,aiin,S,o,l
1.0178132937009563,1.0251710451327294,0,0,B,crossed_layout,0,f106,3,f106r.41:0:uncertain,0,a,uncertain,dair,f106r.41,1.8257167014687838,1.8204311303149205,0.009131964211681621,0.7087671113874484,0.2821009244008701,0.0018292465746008978,0.715034406294479,0.2831363471309201,f106r,False,0.0,alsheod,S,dai,r
0.5472367036353503,1.0102825249191396,0,0,B,crossed_layout,0,f106,3,f106r.42:9:line,9,d,line,lar,f106r.42,1.0977706603959074,1.8227408702139671,0.5128395331711604,0.019922524297058417,0.46723794253178114,0.7039609821949173,0.013355606379843996,0.2826834114252386,f106r,True,1.0,daiiral,S,la,r
0.0019877631434136816,0.0003222817111370699,1,1,B,crossed_layout,0,f106,3,f106v.8:4:paragraph,4,t,paragraph,otaiin,f106v.8,0.047912228524261954,0.02026998334340689,0.002416998920761108,0.9673351790943261,0.03024782198491273,0.0030835589023277604,0.9860481599550903,0.01086828114258183,f106v,False,1.0,tshodaiin,S,otaii,n
0.43370829853526344,0.07480786911293504,1,1,B,crossed_layout,0,f106,3,f106v.9:8:uncertain,8,a,uncertain,shear,f106v.9,0.9109568600420855,0.31590563969693086,0.46314361081098077,0.005024149951647615,0.5318322392373717,0.1899754982966609,0.00667796331988115,0.803346538383458,f106v,True,0.8888888888888888,am,S,shea,r
0.23143009790821745,0.02392301187080853,1,1,B,crossed_layout,0,f106,3,f106v.23:0:uncertain,0,k,uncertain,ol,f106v.23,0.6000252485527173,0.16712918165738452,0.6597424091578349,0.0001769555963161698,0.3400806352458489,0.8906131498411933,3.6369774023475736e-05,0.10935048038478315,f106v,False,0.0,kalol,S,o,l
0.9768832852822732,0.05651876010019859,0,1,B,crossed_layout,0,f106,3,f106v.23:9:uncertain,9,a,uncertain,or,f106v.23,1.7320502652766603,0.2657320566953372,0.6987958245434752,0.00018031837426516926,0.3010238570822595,0.16798684487115187,0.00023659010613005227,0.831776565022718,f106v,False,0.75,aiin,S,o,r
0.049549488263644734,0.04325666325395053,1,1,B,crossed_layout,0,f106,3,f106v.23:12:line,12,s,line,qokain,f106v.23,0.255948369544431,0.23580935873733655,0.010893101151132404,0.8374364567333,0.15167044211556746,0.007758768961179132,0.8492084555219122,0.1430327755169088,f106v,False,1.0,soraiin,S,qokai,n
0.1924251399010518,1.4016379489968678,1,0,B,crossed_layout,0,f106,3,f106v.33:4:uncertain,4,a,uncertain,ol,f106v.33,0.5358990642360202,2.619398798762635,0.6897287149502476,0.00017962552099424055,0.31009165952875817,0.16273553310693087,0.0002303526463493206,0.8370341142467198,f106v,False,0.5714285714285714,aiin,S,o,l
0.9180090026982151,0.04870426023101049,0,1,B,crossed_layout,0,f107,3,f107r.14:3:uncertain,3,a,uncertain,or,f107r.14,1.6330226105836505,0.244963206237786,0.6774093932870129,0.00017859707868095383,0.32241200963430616,0.1559404603630121,0.00022222298268450303,0.8438373166543034,f107r,False,0.3333333333333333,alam,S,o,r
0.18854980752092343,0.0028315237572368313,1,1,B,crossed_layout,0,f107,3,f107r.19:4:uncertain,4,a,uncertain,ylar,f107r.19,0.540998286529096,0.06028127010167401,0.30104750410258535,0.011657331819991753,0.6872951640774229,0.033100672415323606,0.007822209676149527,0.9590771179085268,f107r,False,0.36363636363636365,aiin,S,yla,r
0.0009620729337144638,0.010616608440785262,1,1,B,crossed_layout,0,f107,3,f107r.21:9:uncertain,9,a,uncertain,lkaiin,f107r.21,0.03306352367528184,0.10957509113983718,0.001529521044617736,0.977342731834943,0.021127747120439296,0.0005650567025465534,0.9268610048555531,0.07257393844190037,f107r,True,0.9,aiin,S,lkaii,n
1.235690600321313,1.1216321333999666,0,0,B,crossed_layout,0,f107,3,f107r.24:2:uncertain,2,ch,uncertain,okil,f107r.24,3.108682711381671,2.8817619253654967,0.11592931156914893,0.2641039991586674,0.6199666892721838,0.13567605900456947,0.4092674194739708,0.4550565215214598,f107r,True,0.18181818181818182,cheol,S,oki,l
0.23143009790821745,0.1737754282811637,1,1,B,crossed_layout,0,f107,3,f107r.26:0:uncertain,0,ch,uncertain,ol,f107r.26,0.6000252485527173,0.5041006009746489,0.6597424091578349,0.0001769555963161698,0.3400806352458489,0.7050998110141807,0.0002661176385048984,0.29463407134731423,f107r,False,0.0,cheor,S,o,l
0.05752259384621981,0.14557478627140497,1,1,B,crossed_layout,0,f107,3,f107r.32:0:uncertain,0,sh,uncertain,salxar,f107r.32,0.2809240993062225,0.465481056709817,0.16114170630014613,0.01579464789214634,0.8230636458077075,0.26338576939247943,0.012384682943039998,0.7242295476644806,f107r,False,0.0,shy,S,salxa,r
0.6734054315934854,0.5168694947367768,0,0,B,crossed_layout,0,f107,3,f107r.36:11:line,11,y,line,lkar,f107r.36,1.2927517736040735,1.0394616150413756,0.5679567783085979,0.023871475677133727,0.40817174601426837,0.5030785866506884,0.010412418080685255,0.48650899526862634,f107r,False,1.0,ychklkaiin,S,lka,r
0.767061479588649,0.23758540932000932,0,1,B,crossed_layout,0,f107,3,f107r.45:7:uncertain,7,k,uncertain,opal,f107r.45,1.3963537255942389,0.610521238327708,0.3798880602453897,0.0016299229476472716,0.6184820168069629,0.654960025474753,0.0007548375822610616,0.34428513694298596,f107r,True,0.7,kaiin,S,opa,l
0.21027158633598708,0.15866163343823586,1,1,B,crossed_layout,0,f107,3,f107r.51:3:uncertain,3,ch,uncertain,ol,f107r.51,0.5656214344442768,0.47752549092653096,0.6756643144378843,0.0001784435254033474,0.3241572420367124,0.7182084385468849,0.000268778911545684,0.2815227825415695,f107r,False,0.3,cheey,S,o,l
0.21948729221635763,0.010821075979999466,1,1,B,crossed_layout,0,f107,3,f107v.2:2:uncertain,2,d,uncertain,ol,f107v.2,0.5807084700146329,0.1103265163290961,0.6686353473279482,0.00017780576988952443,0.33118684690216227,0.9263783766208888,0.00013070238944636118,0.07349092098966493,f107v,False,0.16666666666666666,daiin,S,o,l
0.16666922326737257,0.42332704768313884,1,1,B,crossed_layout,0,f107,3,f107v.2:12:line,12,s,line,ol,f107v.2,0.4916076441820671,0.8894903933494376,0.7112321059112998,0.0001811761230906501,0.2885867179656095,0.5398047611179474,0.0002524967512304007,0.4599427421308222,f107v,False,1.0,sain,S,o,l
1.9815216052960989,1.9767200868847727,0,0,B,crossed_layout,0,f107,3,f107v.5:10:line,10,p,line,aiiil,f107v.5,10.208525088909283,9.164051298850863,0.000845138208984833,0.9915408180165234,0.007614043774491892,0.0017431938186737602,0.9900179580079377,0.00823884817338844,f107v,True,1.0,paiin,S,aiii,l
0.049549488263644734,0.48983856175023616,1,1,B,crossed_layout,0,f107,3,f107v.7:3:paragraph,3,p,paragraph,qokain,f107v.7,0.255948369544431,1.0312398357189048,0.010893101151132404,0.8374364567333,0.15167044211556746,0.03331843262487557,0.4892894782438013,0.4773920891313231,f107v,False,1.0,polcheolkain,S,qokai,n
0.37143575903278403,0.1742877334764002,1,1,B,crossed_layout,0,f107,3,f107v.9:9:uncertain,9,t,uncertain,lkal,f107v.9,0.8424214334722988,0.5277417208531788,0.557706722629955,0.023661519976446437,0.41863175739359854,0.6936396526102991,0.023753090367416796,0.28260725702228406,f107v,False,0.8181818181818182,tar,S,lka,l
0.6985706052575238,0.265666003445032,0,1,B,crossed_layout,0,f107,3,f107v.14:9:line,9,s,line,dlkal,f107v.14,1.3108793005645505,0.6685176772769557,0.4030751365987638,0.012025993343303714,0.5848988700579324,0.6291527895221143,0.0131236877024158,0.3577235227754699,f107v,False,1.0,solain,S,dlka,l
0.22485722373614103,0.02311069728307509,1,1,B,crossed_layout,0,f107,3,f107v.21:1:uncertain,1,k,uncertain,ol,f107v.21,0.5894253880885422,0.16409852306871386,0.6646075613019663,0.00017742662351463254,0.33521501207451915,0.8924860206403039,3.6352833104756826e-05,0.10747762652659137,f107v,False,0.09090909090909091,kaiin,S,o,l
0.00016395320003539536,0.0017421200632457116,1,1,B,crossed_layout,0,f107,3,f107v.24:4:paragraph,4,k,paragraph,lkaiin,f107v.24,0.01365684803818099,0.048028843025883165,0.0007861683933011774,0.990578457769957,0.00863537383674188,0.008187276643201956,0.9672569915719095,0.024555731784888516,f107v,False,1.0,kaolkar,S,lkaii,n
0.08419742465651228,0.022555455633796736,1,1,B,crossed_layout,0,f107,3,f107v.37:7:uncertain,7,k,uncertain,rol,f107v.37,0.33134212571730615,0.16198058590169795,0.794796747734956,4.7097840775243284e-05,0.2051561544242687,0.8937971899504663,1.2327333726192745e-05,0.10619048271580765,f107v,True,0.7,keedy,S,ro,l
0.005466620184898373,0.01233491047071238,1,1,B,crossed_layout,0,f107,3,f107v.38:8:line,8,o,line,lkain,f107v.38,0.08145567426411257,0.12096341197915855,0.005697457401610288,0.9451035592763132,0.04919898332207637,0.0039349100954850745,0.9195733670489584,0.07649172285555648,f107v,False,1.0,okain,S,lkai,n
0.027314382397682555,0.05751661542999331,1,1,B,crossed_layout,0,f107,3,f107v.41:12:line,12,o,line,lkain,f107v.41,0.18730800165454742,0.27369819805023815,0.010493932316778512,0.8782429517146144,0.1112631159686071,0.006636565637876982,0.8271963941811119,0.16616704018101125,f107v,True,1.0,or,S,lkai,n
0.8707536457321894,0.043173179178126034,0,1,B,crossed_layout,0,f107,3,f107v.42:0:uncertain,0,a,uncertain,or,f107v.42,1.5560512359458962,0.22943181031559254,0.6597424091578349,0.0001769555963161698,0.3400806352458489,0.146818039819977,0.00021120133816965886,0.8529707588418534,f107v,False,0.0,ain,S,o,r
0.049549488263644734,0.48983856175023616,1,1,B,crossed_layout,0,f107,3,f107v.42:3:paragraph,3,p,paragraph,qokain,f107v.42,0.255948369544431,1.0312398357189048,0.010893101151132404,0.8374364567333,0.15167044211556746,0.03331843262487557,0.4892894782438013,0.4773920891313231,f107v,False,1.0,pol,S,qokai,n
0.20801423539280156,0.14917463685961674,1,1,B,crossed_layout,0,f111,3,f111r.5:2:uncertain,2,sh,uncertain,ol,f111r.5,0.5619001028078259,0.46030225548699616,0.6774093932870129,0.00017859707868095383,0.32241200963430616,0.726833965512331,0.00011852870736719078,0.27304750578030174,f111r,False,0.3333333333333333,shedy,S,o,l
0.9470408176717395,1.735982953343385,0,0,B,crossed_layout,0,f111,3,f111r.13:7:uncertain,7,d,uncertain,or,f111r.13,1.6813900836171194,3.8725120478168846,0.6880384294634367,0.00017949026582409497,0.31178208027073917,0.9315955618322016,0.00013006602224338096,0.06827437214555501,f111r,False,0.5384615384615384,dain,S,o,r
0.20974901269641733,0.02127707563854425,1,1,B,crossed_layout,0,f111,3,f111r.33:4:uncertain,4,k,uncertain,ol,f111r.33,0.5647608823159275,0.15707978062433517,0.6760674611837351,0.0001784791696678329,0.32375405964659704,0.8968385633739019,3.630722705653856e-05,0.10312512939904152,f111r,False,0.3076923076923077,keey,S,o,l
0.03033286476668095,0.009280166871540454,1,1,B,crossed_layout,0,f111,3,f111r.33:13:line,13,t,line,dl,f111r.33,0.1903166046561529,0.10265231525947628,0.876413368120078,0.0008737731086743355,0.12271285877124756,0.9313192376478674,0.0011395062204624935,0.06754125613167011,f111r,False,1.0,teo,S,d,l
0.743506431296026,0.836281697317264,0,0,B,crossed_layout,0,f111,3,f111r.34:11:line,11,y,line,teedar,f111r.34,1.3698590252454201,1.5080944184427556,0.6063040973410483,0.006766846862816179,0.3869290557961355,0.6448365825649875,0.0035881273630030855,0.35157529007200927,f111r,False,1.0,y,S,teeda,r
0.16666922326737257,0.2542366290462247,1,1,B,crossed_layout,0,f111,3,f111r.49:10:line,10,o,line,ol,f111r.49,0.4916076441820671,0.6362003335556728,0.7112321059112998,0.0001811761230906501,0.2885867179656095,0.6434052737795517,0.00011637240993922666,0.356478353810509,f111r,False,1.0,okeey,S,o,l
0.35383536700482643,0.3211492067905131,1,1,B,crossed_layout,0,f111,3,f111r.50:10:paragraph,10,p,paragraph,lkal,f111r.50,0.8161469505314005,0.7511115059691109,0.5679567783085979,0.023871475677133727,0.40817174601426837,0.5941456292095182,0.010479073744455579,0.39537529704602625,f111r,False,1.0,polkeeo,S,lka,l
1.0178132937009563,1.0251710451327294,0,0,B,crossed_layout,0,f111,3,f111r.52:0:uncertain,0,a,uncertain,dair,f111r.52,1.8257167014687838,1.8204311303149205,0.009131964211681621,0.7087671113874484,0.2821009244008701,0.0018292465746008978,0.715034406294479,0.2831363471309201,f111r,False,0.0,al,S,dai,r
0.47850479575692995,0.00767234210581731,1,1,B,crossed_layout,0,f111,3,f111v.8:11:uncertain,11,a,uncertain,chedar,f111v.8,0.9951212587059833,0.10145708188408002,0.4794150096976923,0.018891285240910768,0.5016937050613969,0.05338276670760779,0.014526103431412713,0.9320911298609796,f111v,False,0.9166666666666666,am,S,cheda,r
0.12575148725670193,0.13467197903082406,1,1,B,crossed_layout,0,f111,3,f111v.18:13:line,13,q,line,dain,f111v.18,0.42594087592583674,0.4387414350157896,0.01009810668481655,0.7443531318040151,0.2455487615111685,0.0055495511201319936,0.7377779439045894,0.2566725049752786,f111v,False,1.0,qokaiin,S,dai,n
0.005466620184898373,0.13431448918121341,1,1,B,crossed_layout,0,f111,3,f111v.28:3:paragraph,3,p,paragraph,lkain,f111v.28,0.08145567426411257,0.4506207776860401,0.005697457401610288,0.9451035592763132,0.04919898332207637,0.019332662919786688,0.7317279247931258,0.2489394122870875,f111v,False,1.0,polkiin,S,lkai,n
1.4360529598417773,1.4732438825123482,0,0,B,crossed_layout,0,f111,3,f111v.34:9:uncertain,9,s,uncertain,chtal,f111v.34,2.7276027899366717,2.839435468670981,0.15097663586165633,0.003327666131605951,0.8456956980067377,0.13971555272062836,0.004049576926446166,0.8562348703529254,f111v,True,0.9,sam,S,chta,l
0.11942640635516383,0.18398504553195405,1,1,B,crossed_layout,0,f111,3,f111v.36:9:paragraph,9,p,paragraph,olor,f111v.36,0.4050306807121713,0.5220541365488165,0.24394378989626372,0.0008359781947067673,0.7552202319090294,0.3029839903015835,0.0006364012177840254,0.6963796084806325,f111v,False,1.0,polchey,S,olo,r
0.12229107881207882,0.2813579573465639,1,1,B,crossed_layout,0,f111,3,f111v.40:8:line,8,o,line,lchsl,f111v.40,0.4228080523289419,0.6876397842126142,0.7459712567175938,0.014109156545484816,0.23991958673692143,0.6208687465082098,0.008254848956515194,0.370876404535275,f111v,False,1.0,oteey,S,lchs,l
1.0119599991587531,1.1725435670753956,0,0,B,crossed_layout,0,f111,3,f111v.44:4:paragraph,4,p,paragraph,or,f111v.44,1.792923192723184,2.093810156597771,0.7112321059112998,0.0001811761230906501,0.2885867179656095,0.7656289073071105,0.00010990670954279853,0.23426118598334678,f111v,False,1.0,pollaiin,S,o,r
1.0119599991587531,0.5830510856573892,0,0,B,crossed_layout,0,f111,3,f111v.50:11:line,11,s,line,or,f111v.50,1.792923192723184,1.120473822381741,0.7112321059112998,0.0001811761230906501,0.2885867179656095,0.5398047611179474,0.0002524967512304007,0.4599427421308222,f111v,False,1.0,sain,S,o,r
0.16666922326737257,0.1275011998749329,1,1,B,crossed_layout,0,f113,3,f113r.6:15:line,15,ch,line,ol,f113r.6,0.4916076441820671,0.4200973528258186,0.7112321059112998,0.0001811761230906501,0.2885867179656095,0.7473741899275194,0.00027422049302690087,0.25235158957945375,f113r,False,1.0,chos,S,o,l
0.00016395320003539536,1.7497071347245941e-06,1,1,B,crossed_layout,0,f113,3,f113r.23:10:line,10,d,line,lkaiin,f113r.23,0.01365684803818099,0.0015343147594299503,0.0007861683933011774,0.990578457769957,0.00863537383674188,0.00036572507533304255,0.9989370593724365,0.000697215552230527,f113r,False,1.0,dair,S,lkaii,n
0.051466839221235294,0.018167054615397395,1,1,B,crossed_layout,0,f113,3,f113r.36:2:paragraph,2,t,paragraph,shedain,f113r.36,0.2598633205677947,0.15020492987516412,0.009231846258225679,0.8351670385397034,0.15560111520207096,0.007594416958795361,0.9011224521701842,0.0912831308710204,f113r,False,1.0,tshedy,S,shedai,n
0.6532330643972668,0.045260802782722764,0,1,B,crossed_layout,0,f113,3,f113r.43:11:uncertain,11,a,uncertain,lkar,f113r.43,1.2618199640023624,0.262279764078268,0.5592880413278799,0.023694399783175682,0.4170175588889443,0.12677226857213544,0.039458385899342044,0.8337693455285226,f113r,False,0.8461538461538461,am,S,lka,r
0.00016395320003539536,3.805796331303517e-05,1,1,B,crossed_layout,0,f113,3,f113r.44:3:paragraph,3,t,paragraph,lkaiin,f113r.44,0.01365684803818099,0.006824370461376139,0.0007861683933011774,0.990578457769957,0.00863537383674188,0.00083431041796531,0.9952808770724758,0.003884812509558891,f113r,False,1.0,tchodairos,S,lkaii,n
0.32334759208995717,0.03593787820325164,1,1,B,crossed_layout,0,f113,3,f113r.46:3:uncertain,3,k,uncertain,chkal,f113r.46,0.8063012305970455,0.22116570909483546,0.5718460743115775,0.05855539526217708,0.3695985304262453,0.8578719889135441,0.017972947444127883,0.12415506364232803,f113r,False,0.3333333333333333,kar,S,chka,l
1.1641031111552222,1.4448316873624272,0,0,B,crossed_layout,0,f113,3,f113v.3:5:uncertain,5,o,uncertain,olol,f113v.3,2.079061789608442,2.7386084136232816,0.23666827125740442,0.0008180476534630186,0.7625136810891326,0.14982928986237493,0.00044060189355142935,0.8497301082440736,f113v,False,0.8333333333333334,olam,S,olo,l
0.17493220045862512,1.3734138022832183,1,0,B,crossed_layout,0,f113,3,f113v.20:6:uncertain,6,a,uncertain,ol,f113v.20,0.5060186554354577,2.5462283021452468,0.704163007891727,0.00018070195743358203,0.2956562901508394,0.17120202814660873,0.00024039005986104526,0.8285575817935303,f113v,False,0.8571428571428571,aiin,S,o,l
0.8084316767827707,0.032497853705611354,0,1,B,crossed_layout,0,f113,3,f113v.42:5:uncertain,5,a,uncertain,or,f113v.42,1.457283550146301,0.1968053090209347,0.6357376047956679,8.420006933211729e-05,0.36417819513499994,0.127422940782475,9.662058917867832e-05,0.8724804386283462,f113v,True,0.4166666666666667,aiin,S,o,r
0.22117411844008283,0.5627626232925647,1,0,B,crossed_layout,0,f113,3,f113v.42:12:line,12,y,line,ol,f113v.42,0.5833530747926502,1.090802774459225,0.6674107943488412,8.57750417044371e-05,0.3325034306094544,0.4695000528987754,9.21597104752331e-05,0.5304077873907493,f113v,True,1.0,ycheo,S,o,l
0.9223018235832651,0.04923773810558382,0,1,B,crossed_layout,0,f113,3,f113v.43:4:uncertain,4,a,uncertain,or,f113v.43,1.6401203092801637,0.24642201777055037,0.678991546738443,0.00017873463062098704,0.32082971863093596,0.1567922702228928,0.00022324577873517707,0.8429844839983721,f113v,False,0.36363636363636365,aiin,S,o,r
8.759391002996783e-05,0.00023357139736848557,1,1,A,crossed_layout,0,f2,1,f2r.3:0:drawing,0,cth,drawing,qotaiin,f2r.3,0.009711691986763206,0.015842707825509568,0.0001861233980543931,0.9932909747599981,0.006522901841947447,0.00023278173502220192,0.9890787464224808,0.010688471842496968,f2r,False,0.0,cthey,H,qotaii,n
0.0012341340923026265,0.0034656952473340824,1,1,A,crossed_layout,0,f2,1,f2r.10:4:drawing,4,cth,drawing,daiin,f2r.10,0.03662005894565708,0.06175946478524634,0.00045179155478932776,0.9749363515174071,0.024611856927803436,0.0005608046870437736,0.958094944537872,0.041344250775084204,f2r,False,0.5,cthey,H,daii,n
0.08688192177278811,0.11696211051933339,1,1,A,crossed_layout,0,f2,1,f2r.12:10:line,10,sh,line,sal,f2r.12,0.3417292750592763,0.4029052357892796,0.7890949023776087,0.00505214674994276,0.20585295087244862,0.7563336772005324,0.003718396828551121,0.23994792597091652,f2r,False,1.0,sho,H,sa,l
0.0011518349402078972,0.002592243947051308,1,1,A,crossed_layout,0,f2,1,f2v.2:8:line,8,o,line,daiin,f2v.2,0.03539651379487499,0.05337577178861042,0.00048366490306121296,0.9757635427066406,0.023752792390298202,0.0006478144202103669,0.9636787703077521,0.03567341527203756,f2v,False,1.0,otchy,H,daii,n
0.0011518349402078972,0.0007925842970964157,1,1,A,crossed_layout,0,f2,1,f2v.3:7:line,7,sh,line,daiin,f2v.3,0.03539651379487499,0.02927937899917867,0.00048366490306121296,0.9757635427066406,0.023752792390298202,0.0003717579525989565,0.9799096367157182,0.01971860533168297,f2v,False,1.0,sho,H,daii,n
5.566276507888921e-05,1.6686362119088244e-05,1,1,A,crossed_layout,0,f2,1,f2v.4:3:paragraph,3,k,paragraph,chodaiin,f2v.4,0.007794064608175332,0.004256465061747052,0.00023231830537856846,0.9946121329937604,0.00515554870086103,0.00011876824307577282,0.9970539912686676,0.0028272404882566976,f2v,False,1.0,kchor,H,chodaii,n
0.007068400580838458,0.00021690789026689654,1,1,A,crossed_layout,0,f2,1,f2v.5:8:line,8,d,line,daiin,f2v.5,0.08914786700022391,0.01563135982904268,0.0009575972170833354,0.9400778456139065,0.05896455716901016,0.0007668434425087548,0.9892236523921408,0.010009504165350338,f2v,True,1.0,dor,H,daii,n
0.0012341340923026265,0.0016312750923260003,1,1,A,crossed_layout,0,f7,1,f7r.4:3:drawing,3,y,drawing,daiin,f7r.4,0.03662005894565708,0.042070016631410474,0.00045179155478932776,0.9749363515174071,0.024611856927803436,0.00036402782056586174,0.9712603573546068,0.02837561482482717,f7r,False,0.5,ychey,H,daii,n
0.0013195310427949016,4.383492734192077e-05,1,1,A,crossed_layout,0,f7,1,f7r.6:5:line,5,d,line,choaiin,f7r.6,0.037957661638390254,0.007042224824257312,0.0005720478852504204,0.9740328527892974,0.0253950993254522,0.00040144323813000657,0.9951305958937787,0.0044679608680913765,f7r,True,1.0,dshoy,H,choaii,n
0.0011518349402078972,0.0007925842970964157,1,1,A,crossed_layout,0,f7,1,f7v.8:9:line,9,sh,line,daiin,f7v.8,0.03539651379487499,0.02927937899917867,0.00048366490306121296,0.9757635427066406,0.023752792390298202,0.0003717579525989565,0.9799096367157182,0.01971860533168297,f7v,False,1.0,sho,H,daii,n
0.0011518349402078972,3.6767347173214956e-05,1,1,A,crossed_layout,0,f10,1,f10v.2:8:line,8,d,line,daiin,f10v.2,0.03539651379487499,0.006474310293986347,0.00048366490306121296,0.9757635427066406,0.023752792390298202,0.00040930936922295604,0.9955224045286695,0.004068286102107567,f10v,False,1.0,dsho,H,daii,n
0.023954417721992097,0.01624940753699397,1,1,A,crossed_layout,0,f18,1,f18r.4:4:paragraph,4,t,paragraph,okain,f18r.4,0.1732958819295039,0.14210715128069762,0.007920672402222884,0.8868144099767136,0.1052649176210635,0.007849920566024442,0.906194631235343,0.08595544819863253,f18r,False,1.0,tchor,H,okai,n
1.9040896126370503,1.8566114495941313,0,0,A,crossed_layout,0,f18,1,f18v.5:5:uncertain,5,o,uncertain,daiir,f18v.5,5.37866825636292,4.788159757742067,0.0004727998838787581,0.9754913482869032,0.024035851829218035,0.0006425673383505073,0.9631647905049548,0.03619264215669465,f18v,False,0.8333333333333334,om,H,daii,r
0.27660583744019707,0.23324279011093024,1,1,A,crossed_layout,0,f27,1,f27v.1:8:uncertain,8,ch,uncertain,kchor,f27v.1,0.6842981850566363,0.6327692117049404,0.3658055188065106,0.011885999328154217,0.6223084818653352,0.32608857700201177,0.02897413513867358,0.6449372878593147,f27v,True,0.8888888888888888,chor,H,kcho,r
0.007557372472527456,0.015472497520849688,1,1,A,crossed_layout,0,f28,1,f28r.1:4:drawing,4,o,drawing,daiin,f28r.1,0.09220610336682192,0.1337093720511605,0.0008933550825404465,0.9380871718245303,0.06101947309292925,0.0011292199540163799,0.911484878898005,0.08738590114797866,f28r,True,0.5,otchol,H,daii,n
5.9566859542681285e-05,4.159854083584741e-05,1,1,A,crossed_layout,0,f28,1,f28r.5:3:drawing,3,sh,drawing,chodaiin,f28r.5,0.008047764795916505,0.006704249845311246,0.00021715454221698805,0.9944372442664705,0.005345601191312405,0.00015522196100889706,0.9953637488686348,0.004481029170356133,f28r,False,0.5,sho,H,chodaii,n
0.001246376251157581,0.001068312052093456,1,1,A,crossed_layout,0,f28,1,f28r.6:3:drawing,3,ch,drawing,daiin,f28r.6,0.036798807807675644,0.033940337998524354,0.0004474117880367998,0.9748155650982436,0.024737023113719694,0.0002810903554454015,0.9767489211372715,0.022969988507282983,f28r,False,0.42857142857142855,cho,H,daii,n
0.001222015583166579,0.0008538374190890665,1,1,A,crossed_layout,0,f28,1,f28r.8:4:drawing,4,sh,drawing,daiin,f28r.8,0.03644230722402427,0.030386042653219356,0.00045621388027586676,0.9750564789776568,0.0244873071420674,0.0003642845209546628,0.9791582550779182,0.020477460401127308,f28r,False,0.5714285714285714,shol,H,daii,n
0.007260061977453927,0.008731621905373453,1,1,A,crossed_layout,0,f37,1,f37r.4:4:drawing,4,y,drawing,daiin,f37r.4,0.0903574841404739,0.09913304456995552,0.0009313726647761753,0.9392899745356533,0.05977865279957063,0.0006688195341555653,0.93359384541708,0.06573733504876449,f37r,True,0.8,yd,H,daii,n
0.0011518349402078972,0.0006628658562646427,1,1,A,crossed_layout,0,f37,1,f37r.6:5:line,5,s,line,daiin,f37r.6,0.03539651379487499,0.02704031435465339,0.00048366490306121296,0.9757635427066406,0.023752792390298202,0.0007492587414057412,0.9814316385592643,0.01781910269932999,f37r,False,1.0,sor,H,daii,n
0.0011518349402078972,0.00034965794957118423,1,1,A,crossed_layout,0,f37,1,f37r.7:4:paragraph,4,k,paragraph,daiin,f37r.7,0.03539651379487499,0.019404043456179815,0.00048366490306121296,0.9757635427066406,0.023752792390298202,0.00027947472448085117,0.9866401871767656,0.013080338098753502,f37r,False,1.0,koiin,H,daii,n
0.001206047847866828,0.001584913949098908,1,1,A,crossed_layout,0,f37,1,f37r.10:6:drawing,6,y,drawing,daiin,f37r.10,0.03620684909663758,0.041465079638583646,0.0004621772289230878,0.975215628140925,0.02432219463015178,0.00036695849897809855,0.9716677022913912,0.0279653392096305,f37r,False,0.6666666666666666,ychey,H,daii,n
1.9051733355728926,1.8586029540184803,0,0,A,crossed_layout,0,f37,1,f37r.10:9:line,9,o,line,daiir,f37r.10,5.395759062401626,4.8090068478089,0.00048366490306121296,0.9757635427066406,0.023752792390298202,0.0006478144202103669,0.9636787703077521,0.03567341527203756,f37r,False,1.0,okchor,H,daii,r
0.0011518349402078972,0.00209301659849822,1,1,A,crossed_layout,0,f37,1,f37v.2:4:line,4,q,line,daiin,f37v.2,0.03539651379487499,0.0478648547122069,0.00048366490306121296,0.9757635427066406,0.023752792390298202,0.0005741951704589853,0.967366944024598,0.03205886080494316,f37v,False,1.0,qokchon,H,daii,n
0.0011518349402078972,3.6767347173214956e-05,1,1,A,crossed_layout,0,f37,1,f37v.4:3:line,3,d,line,daiin,f37v.4,0.03539651379487499,0.006474310293986347,0.00048366490306121296,0.9757635427066406,0.023752792390298202,0.00040930936922295604,0.9955224045286695,0.004068286102107567,f37v,False,1.0,dchor,H,daii,n
0.0011518349402078972,0.00209301659849822,1,1,A,crossed_layout,0,f37,1,f37v.7:1:paragraph,1,q,paragraph,daiin,f37v.7,0.03539651379487499,0.0478648547122069,0.00048366490306121296,0.9757635427066406,0.023752792390298202,0.0005741951704589853,0.967366944024598,0.03205886080494316,f37v,False,1.0,qotor,H,daii,n
0.007068400580838458,0.00021690789026689654,1,1,A,crossed_layout,0,f37,1,f37v.8:3:line,3,d,line,daiin,f37v.8,0.08914786700022391,0.01563135982904268,0.0009575972170833354,0.9400778456139065,0.05896455716901016,0.0007668434425087548,0.9892236523921408,0.010009504165350338,f37v,True,1.0,dor,H,daii,n
0.0011518349402078972,0.0006628658562646427,1,1,A,crossed_layout,0,f37,1,f37v.9:4:line,4,s,line,daiin,f37v.9,0.03539651379487499,0.02704031435465339,0.00048366490306121296,0.9757635427066406,0.023752792390298202,0.0007492587414057412,0.9814316385592643,0.01781910269932999,f37v,False,1.0,soiin,H,daii,n
0.0011518349402078972,0.0009671704814960496,1,1,A,crossed_layout,0,f37,1,f37v.11:3:line,3,ch,line,daiin,f37v.11,0.03539651379487499,0.03229067730403405,0.00048366490306121296,0.9757635427066406,0.023752792390298202,0.000288840279552334,0.9778664309631495,0.021844728757298204,f37v,False,1.0,chor,H,daii,n
0.0011518349402078972,0.0014960832891039878,1,1,A,crossed_layout,0,f37,1,f37v.19:3:line,3,y,line,daiin,f37v.19,0.03539651379487499,0.04028159807042964,0.00048366490306121296,0.9757635427066406,0.023752792390298202,0.00037288400624122794,0.9724651144819294,0.027162001511829414,f37v,False,1.0,y,H,daii,n
0.001192252451121132,0.0006917861044990101,1,1,A,crossed_layout,0,f37,1,f37v.20:3:uncertain,3,s,uncertain,daiin,f37v.20,0.03600226411428426,0.02761227823289227,0.0004674586001596943,0.9753539308406725,0.024178610559168045,0.000740473010881331,0.9810426220510877,0.018216904938031075,f37v,False,0.75,s,H,daii,n
0.2437588414013082,0.3954453426621303,1,1,B,crossed_layout,0,f43,2,f43r.9:4:paragraph,4,p,paragraph,odain,f43r.9,0.6273961242027155,0.8641039258685972,0.0071992233940423,0.6473437323178134,0.3454570442881442,0.012153767795847774,0.5493875317251462,0.4384587004790061,f43r,False,1.0,pshdar,H,odai,n
0.09402571571685134,0.028532573085061453,1,1,B,crossed_layout,0,f43,2,f43v.10:10:line,10,y,line,yfor,f43v.10,0.3526614150746421,0.18355787330817602,0.2167870219133516,7.490935947262765e-05,0.7831380687271756,0.11941191843724616,5.9263477214750137e-05,0.8805288180855392,f43v,True,1.0,ysheey,H,yfo,r
0.2437588414013082,0.15203367796644562,1,1,B,crossed_layout,0,f43,2,f43v.12:11:line,11,d,line,odain,f43v.12,0.6273961242027155,0.48254436660970784,0.0071992233940423,0.6473437323178134,0.3454570442881442,0.0180338309973477,0.7157142619153091,0.2662519070873432,f43v,False,1.0,dshedy,H,odai,n
0.006751665467780771,0.009143739065617145,1,1,B,crossed_layout,0,f46,2,f46r.3:12:line,12,t,line,daiin,f46r.3,0.08691039601465524,0.10314965990802293,0.000729148646494463,0.9415369404075233,0.05773391094598225,0.0028632932845547706,0.9309982364680536,0.0661384702473917,f46r,False,1.0,tshedar,H,daii,n
0.0375076168135276,0.0591134591969127,1,1,B,crossed_layout,0,f46,2,f46v.1:11:line,11,y,line,daiin,f46v.1,0.21361375566897908,0.2732569918013738,0.0013724408398364224,0.8623743925821488,0.13625316657801478,0.0012667724188002028,0.8274494067862236,0.1712838207949762,f46v,True,1.0,ytair,H,daii,n
0.006751665467780771,0.01200362731981755,1,1,B,crossed_layout,0,f46,2,f46v.2:13:line,13,y,line,daiin,f46v.2,0.08691039601465524,0.11691577204588784,0.000729148646494463,0.9415369404075233,0.05773391094598225,0.000748773432868948,0.9221569540485661,0.0770942725185648,f46v,False,1.0,ytchey,H,daii,n
0.9011156388725368,1.4147289412108448,0,0,B,crossed_layout,0,f48,5,f48v.3:11:uncertain,11,a,uncertain,air,f48v.3,2.080679174175541,2.897396761906517,0.2667000429851124,0.49689686246647835,0.2364030945484092,0.05187486010421318,0.8139114967033537,0.13421364319243306,f48v,False,0.9166666666666666,am,H,ai,r
0.375154472273736,0.2392540283551994,1,1,B,crossed_layout,0,f48,5,f48v.6:8:drawing,8,o,drawing,ain,f48v.6,1.0001529330032517,0.7353121622192371,0.25614893663601557,0.4999470002691607,0.24390406309482376,0.20593940858296803,0.6006880372100482,0.19337255420698374,f48v,False,0.5714285714285714,otal,H,ai,n
0.3721227381050516,0.2604732445041986,1,1,B,crossed_layout,0,f48,5,f48v.9:7:drawing,7,o,drawing,lol,f48v.9,0.8146476367617298,0.6460197242149472,0.5685473314259776,0.00020878247790240476,0.43124388609611997,0.6390409447120513,0.00015192976632559765,0.36080712552162314,f48v,False,0.6363636363636364,otchdy,H,lo,l
0.08688192177278811,0.07764188259507938,1,1,A,crossed_layout,0,f52,1,f52v.11:4:line,4,q,line,sal,f52v.11,0.3417292750592763,0.31845218165760675,0.7890949023776087,0.00505214674994276,0.20585295087244862,0.8019297793580348,0.002096562422470692,0.19597365821949458,f52v,False,1.0,qoekar,H,sa,l
0.0009751483527170733,0.0002680433848023166,1,1,B,crossed_layout,0,f66,5,f66r.62:8:paragraph,8,p,paragraph,daiin,f66r.62,0.034632962798596297,0.01841148205199392,0.003760618564897255,0.9762801053880276,0.019959276047075064,0.002677049129211293,0.9873192204404209,0.010003730430367746,f66r,False,1.0,pchof,T,daii,n
0.09099849725640276,0.018894166183357326,1,1,B,crossed_layout,0,f66,5,f66v.9:7:line,7,d,line,qofchal,f66v.9,0.3489515622239161,0.1553854774177359,0.785154479406337,0.0031140821399789943,0.21173143845368392,0.8978924306301289,0.010710057790765441,0.09139751157910568,f66v,True,1.0,dshal,H,qofcha,l
0.30100097856418195,0.38412457970772096,1,1,?,crossed_layout,0,f68,4,f68r2.3:6:line,6,ch,line,qokchdar,f68r2.3,0.7491338170424525,0.8973347087012645,0.36822374087351145,0.036815599052506184,0.5949606600739823,0.40819798894710785,0.05492434659537969,0.5368776644575125,f68r2,False,1.0,chor,A,qokchda,r
0.2317225922371638,0.5534984118898687,1,0,?,crossed_layout,0,f68,4,f68v2.5:6:uncertain,6,a,uncertain,sal,f68v2.5,0.6043833372185506,1.0802745221286518,0.6577524684688753,0.0037580987689507126,0.3384894327621741,0.47293882199608633,0.0019888295718811485,0.5250723484320324,f68v2,False,0.75,ar,A,sa,l
0.23247973593625504,0.05519707237988712,1,1,B,crossed_layout,0,f84,2,f84r.18:11:line,11,q,line,ral,f84r.18,0.617221084446607,0.26452466046715445,0.6519254562697864,0.014748377169399123,0.33332616656081443,0.8324729729400729,0.0028341764927035285,0.16469285056722346,f84r,False,1.0,qokey,B,ra,l
1.3853338140065379,0.7455864104134807,0,0,B,crossed_layout,0,f84,2,f84r.21:8:uncertain,8,y,uncertain,tor,f84r.21,2.5817229231286354,1.3640692011663151,0.831571859755277,0.0013868023935772406,0.1670413378511458,0.609616445185217,0.001898555171667383,0.3884849996431157,f84r,False,0.6153846153846154,y,B,to,r
0.34319702297986365,1.1650203640504047,1,0,B,crossed_layout,0,f84,2,f84r.29:10:line,10,d,line,lor,f84r.29,0.7730498543394567,2.081183533395017,0.41366569634502587,0.0011552049470604858,0.5851790987079137,0.7627667379695481,0.0009127984177693092,0.23632046361268258,f84r,False,1.0,dchdy,B,lo,r
1.6326297195959687,1.578686719642075,0,0,B,crossed_layout,0,f84,2,f84r.30:5:uncertain,5,o,uncertain,sar,f84r.30,3.406974104486082,3.1998504844776146,0.9012618029676861,0.0044627500666497046,0.09427544696566421,0.8857048376912893,0.005465063736423286,0.1088300985722875,f84r,False,0.45454545454545453,or,B,sa,r
0.0003040979133762921,0.0007331088595723197,1,1,B,crossed_layout,0,f84,2,f84r.31:11:line,11,q,line,daiin,f84r.31,0.018377042351311712,0.028797513862718144,0.0006810189859427949,0.9873427897903702,0.011976191223687087,0.0013011903319284336,0.9802369845902196,0.018461825077851785,f84r,False,1.0,qotar,B,daii,n
0.00030858042677143875,6.208110673697305e-05,1,1,B,crossed_layout,0,f84,2,f84r.34:8:uncertain,8,a,uncertain,daiin,f84r.34,0.01850268217803722,0.008162317678121941,0.0006708478518670859,0.9872568089197613,0.012072343228371578,0.00014338378002362752,0.994358287087837,0.005498329132139393,f84r,False,0.8888888888888888,aryly,B,daii,n
1.520874095995706,1.5315526044885694,0,0,B,crossed_layout,0,f84,2,f84r.35:8:uncertain,8,o,uncertain,air,f84r.35,3.3056409704373566,3.248020554636337,0.05640716569333335,0.8424575003204212,0.10113533398624537,0.040737238372329496,0.8540063920656618,0.1052563695620088,f84r,False,0.8888888888888888,oro,B,ai,r
0.0003108499601874191,6.2688376487142e-05,1,1,B,crossed_layout,0,f84,2,f84v.4:5:uncertain,5,a,uncertain,daiin,f84v.4,0.018566005615987535,0.008201511613290899,0.00066581916040002,0.9872134767383041,0.01212070410129593,0.0001430171557062695,0.9943312735584711,0.005525709285822623,f84v,False,0.8333333333333334,al,B,daii,n
0.0003040979133762921,0.0007331088595723197,1,1,B,crossed_layout,0,f84,2,f84v.11:8:line,8,q,line,daiin,f84v.11,0.018377042351311712,0.028797513862718144,0.0006810189859427949,0.9873427897903702,0.011976191223687087,0.0013011903319284336,0.9802369845902196,0.018461825077851785,f84v,False,1.0,qokees,B,daii,n
0.0003040979133762921,0.00024327207409802318,1,1,B,crossed_layout,0,f84,2,f84v.28:5:line,5,s,line,daiin,f84v.28,0.018377042351311712,0.01682287783537591,0.0006810189859427949,0.9873427897903702,0.011976191223687087,0.0012316741144912564,0.9884069924874057,0.010361333398103148,f84v,False,1.0,sain,B,daii,n
0.05744351284898351,0.09560351751027266,1,1,B,crossed_layout,0,f84,2,f84v.35:5:uncertain,5,o,uncertain,tol,f84v.35,0.2691091227379302,0.35709756939960113,0.8298318162991866,0.0013950939685678388,0.1687730897322455,0.7807336898381675,0.0012658506198953646,0.21800045954193728,f84v,False,0.5555555555555556,okeedy,B,to,l
0.6862238277056395,0.3496300555945542,0,1,B,crossed_layout,0,f84,2,f84v.35:9:line,9,q,line,lol,f84v.35,1.2734627693299077,0.7817178803517052,0.41366569634502587,0.0011552049470604858,0.5851790987079137,0.581673756211319,0.00043508564736950955,0.41789115814131156,f84v,False,1.0,qokey,B,lo,l
0.00031577754655174407,0.000476008689848021,1,1,B,crossed_layout,0,f84,2,f84v.40:5:uncertain,5,o,uncertain,daiin,f84v.40,0.018702833125810562,0.022872247932475703,0.0006551694482038367,0.9871198522698232,0.012224978281972805,0.0006216619952427526,0.9842711763575248,0.015107161647232262,f84v,False,0.7142857142857143,olkedy,B,daii,n
0.1592952966272805,0.12371640361738345,1,1,B,crossed_layout,0,f86,2,f86v4.7:0:uncertain,0,sh,uncertain,tol,f86v4.7,0.47918570204125843,0.4129257934738078,0.717382420722539,0.0007985543312934801,0.2818190249461674,0.751098596017644,0.00037705398161595304,0.24852435000074014,f86v4,False,0.0,sh,C,to,l
0.47536932211905575,1.3487053494746366,1,0,B,crossed_layout,0,f86,2,f86v5.7:7:uncertain,7,f,uncertain,shdar,f86v5.7,0.9671729020457317,2.4897876726260475,0.4865599603358837,0.0019326108790622644,0.511507428785054,0.8204098425685765,0.0015576831369619464,0.1780324742944616,f86v5,True,0.875,fchcfhy,T,shda,r
0.8189628177986612,0.022543835511747122,0,1,B,crossed_layout,0,f86,2,f86v5.8:5:uncertain,5,a,uncertain,tor,f86v5.8,1.4763206144375534,0.16321624413216063,0.6392167119199712,0.0013790352269518905,0.359404252853077,0.10535211676894607,0.0016158965913825895,0.8930319866396714,f86v5,False,0.5,ar,T,to,r
0.008015568763217,0.014249589379441041,1,1,B,crossed_layout,0,f86,2,f86v5.18:10:line,10,y,line,daiin,f86v5.18,0.09514455069741391,0.12808290733662955,0.00104184662673885,0.9361784424219309,0.0627797109513302,0.0011006022744257389,0.9150465816472739,0.0838528160783004,f86v5,True,1.0,ycheeytydaiin,T,daii,n
0.02699499742832211,0.062440827105683334,1,1,B,crossed_layout,0,f86,2,f86v5.22:8:line,8,y,line,okain,f86v5.22,0.1848065193756136,0.2870857325068246,0.008584660021813717,0.8797670540540661,0.11164828592412028,0.007757754669956179,0.819555903879718,0.17268634145032588,f86v5,False,1.0,ykaiin,T,okai,n
1.4669037695022253,0.8749390988599806,0,0,B,crossed_layout,0,f86,2,f86v3.16:5:uncertain,5,a,uncertain,sar,f86v3.16,2.8125014087016504,1.5684347253708442,0.8551791971018944,0.00247236254795313,0.14234844035015237,0.6599945450652468,0.002831436855672317,0.3371740180790808,f86v3,False,0.8333333333333334,aldy,C,sa,r
1.4812645363026675,1.6255694256139677,0,0,B,crossed_layout,0,f86,2,f86v3.17:5:paragraph,5,p,paragraph,sar,f86v3.17,2.8552964363935023,3.359708503975232,0.8593826845694829,0.00242938071745988,0.13818793471305718,0.9005031189616625,0.0020816278514959505,0.09741525318684152,f86v3,False,1.0,pchedaiin,C,sa,r
0.002307977733493176,7.638144892172755e-05,1,1,A,crossed_layout,0,f102,1,f102r1.3:6:line,6,d,line,sholdaiin,f102r1.3,0.05098110483613185,0.009778141466883052,0.0015531194523209382,0.9652796671818319,0.033167213365847256,0.001384778096711905,0.9932452255566024,0.0053699963466856925,f102r1,True,1.0,dsheody,P,sholdaii,n
0.0017626501014948144,0.0025253398869556974,1,1,A,crossed_layout,0,f102,1,f102r1.14:10:line,10,o,line,oeeaiin,f102r1.14,0.0437309348804142,0.05255737238968206,0.00034308159512184315,0.9701428267851951,0.029514091619683006,0.0004856584354274684,0.9642255926384588,0.03528874892611381,f102r1,False,1.0,or,P,oeeaii,n
0.8143545805158416,0.1132770089767954,0,1,A,crossed_layout,0,f102,1,f102r2.2:4:uncertain,4,a,uncertain,por,f102r2.2,1.4664452688664684,0.392190251292196,0.6380817379354762,4.542350320533775e-05,0.3618728385613184,0.237948814928216,7.925940126373477e-05,0.7619719256705203,f102r2,True,0.5714285714285714,aiin,P,po,r
0.27106730009167196,0.4377142819720379,1,1,A,crossed_layout,0,f102,1,f102v2.19:12:line,12,q,line,ain,f102v2.19,0.7552539399880367,1.0331763422977978,0.0991077230369858,0.5924420959461552,0.30845018101685895,0.10490178617786611,0.48863315335471164,0.40646506046742237,f102v2,False,1.0,qokeor,P,ai,n
0.04083936162778917,0.123580877527242,1,1,A,crossed_layout,0,f102,1,f102v2.34:7:line,7,y,line,sal,f102v2.34,0.2237967256958508,0.4140430769251395,0.8563089291279606,0.0016006927240488533,0.1420903781479904,0.750517138994647,0.0018220857596345829,0.24766077524571845,f102v2,False,1.0,ychor,P,sa,l
0.0052234118877556145,0.009694578116020022,1,1,A,crossed_layout,0,f102,1,f102v2.35:9:line,9,o,line,daiin,f102v2.35,0.07687464080996247,0.10569900310148807,0.0016096358448220312,0.9481093450166862,0.050281019138491714,0.002093154417383188,0.9293545500529604,0.0685522955296563,f102v2,False,1.0,okeeor,P,daii,n
1.4692764635877298,1.7585075914866741,0,0,A,crossed_layout,0,f102,1,f102v2.37:9:line,9,d,line,sar,f102v2.37,2.8151192311452835,4.019136976083621,0.8563089291279606,0.0016006927240488533,0.1420903781479904,0.9370458009143018,0.00127777108876461,0.06167642799693369,f102v2,False,1.0,dar,P,sa,r
0.00019211747469439252,4.413607230043722e-05,1,1,A,crossed_layout,0,f102,1,f102v1.12:9:line,9,t,line,pchodaiin,f102v1.12,0.014456146088016006,0.0070238826893461465,0.0003477472896298096,0.9900297984097703,0.009622454300599702,0.0003362467283834895,0.9951432478646794,0.004520505406937135,f102v1,False,1.0,toiin,P,pchodaii,n
0.22146240288847976,0.7853927193208572,1,0,B,crossed_layout,0,f106,3,f106r.13:10:line,10,y,line,daiinopal,f106r.13,0.6551395624009497,1.6259590943233242,0.6350140587622254,0.07847302797171164,0.2865129132660629,0.3239944276541479,0.11448833635268243,0.5615172359931698,f106r,True,1.0,ychol,S,daiinopa,l
0.04877775498424851,0.02154335397413821,1,1,B,crossed_layout,0,f106,3,f106r.21:5:paragraph,5,t,paragraph,okain,f106r.21,0.2587940584224373,0.17310737583299823,0.01757577455223579,0.8357862570762744,0.14663796837148985,0.022138522598820997,0.8869302909078214,0.09093118649335771,f106r,False,1.0,tshodair,S,okai,n
1.6671936693471907,1.5268542514758892,0,0,B,crossed_layout,0,f106,3,f106r.22:7:uncertain,7,o,uncertain,daiir,f106r.22,3.540773827220364,3.000913285449661,0.002122688506407008,0.9119520484846708,0.0859252630089222,0.0026780279495878623,0.872401077163681,0.12492089488673112,f106r,True,0.7777777777777778,opchedy,S,daii,r
0.016017527677207266,0.006076342940879716,1,1,B,crossed_layout,0,f106,3,f106r.25:10:line,10,y,line,ykarain,f106r.25,0.13784714407710844,0.08236344193693189,0.0033625742340025184,0.9088744080922841,0.08776301767371333,0.0007502960080294124,0.944509071475656,0.05474063251631457,f106r,False,1.0,ycheeo,S,ykarai,n
0.42570569939200587,0.8500146829515736,1,0,B,crossed_layout,0,f106,3,f106r.28:11:line,11,s,line,raralchl,f106r.28,1.0784761226960669,1.9493196372306305,0.4735287340867106,0.19271007502374476,0.3337611908895446,0.25893831528878086,0.255953243910215,0.485108440801004,f106r,False,1.0,saiin,S,raralch,l
0.002304677412437172,0.0003716575880252014,1,1,B,crossed_layout,0,f106,3,f106r.31:5:paragraph,5,p,paragraph,oraiin,f106r.31,0.05144789924022661,0.021080700825951308,0.002288823652726301,0.9649673944930403,0.03274378185423343,0.0019599453013687553,0.9854942092659488,0.012545845432682385,f106r,False,1.0,poral,S,oraii,n
1.7905279822199454,1.7590254189744727,0,0,B,crossed_layout,0,f106,3,f106r.33:6:uncertain,6,a,uncertain,akair,f106r.33,4.272650492463652,4.024893901902575,0.004171305824598464,0.9440913607937836,0.05173733338161787,0.001493395076705276,0.937075799960825,0.061430804962469755,f106r,False,0.75,aiir,S,akai,r
0.03436586171516125,0.04580418706636464,1,1,B,crossed_layout,0,f106,3,f106r.34:8:line,8,o,line,qotarain,f106r.34,0.20595444186855774,0.24035453025996442,0.003994049581479354,0.8669649405264396,0.1290410098920811,0.004350548636545536,0.8465372573371776,0.14911219402627682,f106r,True,1.0,okaiin,S,qotarai,n
0.2019549527786359,0.20070163545700198,1,1,B,crossed_layout,0,f106,3,f106r.39:6:uncertain,6,ch,uncertain,chekol,f106r.39,0.5532583055190954,0.5516143022681984,0.6814792781173834,0.0015077423010761565,0.31701297958154057,0.6822562910698632,0.0019323141796724903,0.3158113947504642,f106r,False,0.6,cheey,S,cheko,l
1.0154465500967926,1.5632173235564792,0,0,B,crossed_layout,0,f106,3,f106r.46:8:line,8,y,line,lol,f106r.46,1.7997916626304964,3.1125367060597986,0.28721606218393597,0.00047404502393597053,0.7123098927921282,0.11562003296709583,0.0005875410284160505,0.883792426004488,f106r,False,1.0,ycheoar,S,lo,l
0.29300954757848413,0.0616177978258989,1,1,B,crossed_layout,0,f106,3,f106v.5:7:uncertain,7,a,uncertain,chepar,f106v.5,0.7043798174619531,0.27949548715691325,0.3791243684291229,0.007169380961584286,0.6137062506092928,0.17492221711623993,0.0011987041097608693,0.8238790787739992,f106v,True,0.6363636363636364,aiin,S,chepa,r
1.3765359277431326,1.089216861250855,0,0,B,crossed_layout,0,f106,3,f106v.7:9:uncertain,9,d,uncertain,ail,f106v.7,3.7256163002764384,2.5166038123527423,0.07559233163167757,0.6798521993697225,0.24455546899859998,0.17475385515849956,0.5965660824635578,0.2286800623779427,f106v,False,0.75,dal,S,ai,l
0.8191493025966525,0.8062424879990229,0,0,B,crossed_layout,0,f106,3,f106v.7:12:line,12,o,line,loror,f106v.7,1.4754714583127702,1.454460914919739,0.6395754826232976,0.00080866044406078,0.35961585693264175,0.6347278308016698,0.00038076135058842084,0.3648914078477417,f106v,False,1.0,oraiin,S,loro,r
0.2580014423588308,0.03170284867685903,1,1,B,crossed_layout,0,f106,3,f106v.9:2:uncertain,2,a,uncertain,orainkar,f106v.9,0.6945097598056753,0.19897890176778368,0.330723765740887,0.05135697708420041,0.6179192571749126,0.1227513846565309,0.006081683192190599,0.8711669321512786,f106v,True,0.2222222222222222,aiin,S,orainka,r
0.011061255480559397,0.0012902677575474244,1,1,B,crossed_layout,0,f106,3,f106v.11:9:uncertain,9,sh,uncertain,kaiin,f106v.11,0.11199103459071894,0.03737395216500619,0.0006474909251956684,0.9253101782195942,0.07404233085521011,0.0003506126468614706,0.974427022880754,0.025222364472384542,f106v,True,0.9,sham,S,kaii,n
0.00036639657374386183,0.00011002174025449881,1,1,B,crossed_layout,0,f106,3,f106v.36:3:paragraph,3,p,paragraph,cholkaiin,f106v.36,0.01994297510888631,0.011028607433242126,0.00039512463324259915,0.9862716877313219,0.013333187635435461,0.00041409430662347455,0.9923846963341095,0.007201209359267093,f106v,False,1.0,pyoaly,S,cholkaii,n
0.07999069378373688,0.0027253165813643414,1,1,B,crossed_layout,0,f106,3,f106v.39:3:paragraph,3,k,paragraph,oteol,f106v.39,0.32215552807452713,0.054315421961316064,0.7998738942022555,0.0002757629991013069,0.19985034279864317,0.9630513153909226,6.906262922910262e-05,0.03687962197984832,f106v,False,1.0,ko,S,oteo,l
0.16525888888040807,0.18637989840603414,1,1,B,crossed_layout,0,f107,3,f107r.2:12:line,12,o,line,lor,f107r.2,0.4894230678413218,0.5256864105636537,0.28721606218393597,0.00047404502393597053,0.7123098927921282,0.30516901529622337,0.0002024462464113318,0.6946285384573653,f107r,False,1.0,olcheey,S,lo,r
0.15489941199908824,0.007963673152083548,1,1,B,crossed_layout,0,f107,3,f107r.9:2:uncertain,2,k,uncertain,tcheol,f107r.9,0.47082136798673774,0.09409338083333725,0.7215536794328669,0.00029713348688197483,0.27814918708025116,0.9368608050378189,7.486584725173147e-05,0.0630643291149295,f107r,False,0.2,kain,S,tcheo,l
0.15198327458530578,0.21810933237915836,1,1,B,crossed_layout,0,f107,3,f107r.9:9:uncertain,9,a,uncertain,kain,f107r.9,0.46923704105162406,0.5796852321194497,0.00401933086771302,0.7223465045477939,0.273634164584493,0.0013159173402551576,0.6691097481471124,0.3295743345126325,f107r,False,0.9,an,S,kai,n
1.3859869221106818,1.5867155293371553,0,0,B,crossed_layout,0,f107,3,f107r.18:10:line,10,o,line,ypaiinal,f107r.18,2.780708362375061,3.4420329008064687,0.1455202304212848,0.04593724436987369,0.8085425252088415,0.0920120805167728,0.0356326108780167,0.8723553086052104,f107r,True,1.0,oaiin,S,ypaiina,l
0.00012438199967833676,3.7289507161236654e-05,1,1,B,crossed_layout,0,f107,3,f107r.23:2:paragraph,2,p,paragraph,chodaiin,f107r.23,0.011798429995845077,0.00659066909105454,0.0005454663130763374,0.9918553007793109,0.007599232907612633,0.00052850885752646,0.9954421151293781,0.004029376013095394,f107r,False,1.0,pal,S,chodaii,n
0.8010307191059326,1.0236121642025158,0,0,B,crossed_layout,0,f107,3,f107r.28:10:line,10,o,line,ykalkal,f107r.28,1.5157994790363658,1.940225096260504,0.3497026226634979,0.036444081283961934,0.6138532960525401,0.260575780744358,0.0507372672265808,0.6886869520290613,f107r,False,1.0,olkeeolkeeo,S,ykalka,l
0.0001284405338147279,1.855160929206627e-05,1,1,B,crossed_layout,0,f107,3,f107v.4:6:paragraph,6,t,paragraph,alkaiin,f107v.4,0.01180815540459204,0.004577531729289865,0.00028274484639201304,0.9918486145667494,0.007868640586858523,0.0002613523805195537,0.9968321251257667,0.0029065224937138037,f107v,False,1.0,tol,S,alkaii,n
0.22328497986188467,0.12689048195757024,1,1,B,crossed_layout,0,f107,3,f107v.5:0:uncertain,0,sh,uncertain,tol,f107v.5,0.5870618816975421,0.4190704485992979,0.6656972521708917,0.0003468640043811083,0.3339558838247273,0.7479063570887055,0.0004210383473630883,0.2516726045639315,f107v,True,0.0,sheockhedy,S,to,l
0.0018333191169314883,0.0098001105388442,1,1,B,crossed_layout,0,f107,3,f107v.33:9:uncertain,9,a,uncertain,kaiin,f107v.33,0.04459807448075667,0.10488055759661463,0.0003301428664731637,0.9695598924357935,0.03010996469773331,0.0002359560889256101,0.9298819254344239,0.06988211847665048,f107v,False,0.9,aldy,S,kaii,n
1.1449311598242975,0.34507459477589575,0,1,B,crossed_layout,0,f107,3,f107v.35:9:line,9,t,line,lol,f107v.35,2.0392642966985925,0.7747743086933273,0.24328776998608193,0.00019539438321267578,0.7565168356307054,0.5844800516061402,0.0002878634132850435,0.4152320849805746,f107v,True,1.0,tol,S,lo,l
0.16351475682306715,0.24565854873746418,1,1,B,crossed_layout,0,f107,3,f107v.36:0:uncertain,0,ch,uncertain,tol,f107v.36,0.4866382334320618,0.6237558728568547,0.7136861925714907,0.0007642031696817556,0.2855496042588277,0.6489791918681778,0.0011040722926811428,0.34991673583914096,f107v,False,0.0,chey,S,to,l
0.11713531925647508,0.275511089480024,1,1,B,crossed_layout,0,f107,3,f107v.36:9:paragraph,9,p,paragraph,odain,f107v.36,0.41131516958947034,0.6883976358836056,0.012602122964074628,0.7519375902820706,0.23546028675385486,0.017204292246444805,0.6205426880960699,0.36225301965748535,f107v,False,1.0,poraiin,S,odai,n
0.2988767234874097,0.008870614645563667,1,1,B,crossed_layout,0,f107,3,f107v.43:0:uncertain,0,k,uncertain,pol,f107v.43,0.7051161081377567,0.09944475290480884,0.6133931207446318,6.860211637070069e-05,0.3865382771389975,0.9333921551503661,1.9487982466129347e-05,0.06658835686716791,f107v,True,0.0,keeeo,S,po,l
0.11713531925647508,0.16000269263805106,1,1,B,crossed_layout,0,f107,3,f107v.47:10:line,10,o,line,odain,f107v.47,0.41131516958947034,0.4938891798742398,0.012602122964074628,0.7519375902820706,0.23546028675385486,0.014663828926401903,0.7101082238969362,0.27522794717666194,f107v,False,1.0,oteedy,S,odai,n
0.002845293461313929,0.000437378856971854,1,1,B,crossed_layout,0,f111,3,f111r.2:0:uncertain,0,sh,uncertain,daiin,f111r.2,0.056189597742507785,0.022016569384272322,0.0009810674933845435,0.9618010472916617,0.03721788521495396,0.0007413176213068712,0.9848551317477493,0.014403550630943843,f111r,False,0.0,sheeky,S,daii,n
1.0288537475949084,1.2700288417256744,0,0,B,crossed_layout,0,f111,3,f111r.26:5:uncertain,5,y,uncertain,air,f111r.26,2.0041641178822798,2.374065408204907,0.0724727199822169,0.6782478262868235,0.24927945373095955,0.020850840729089704,0.7862478832508736,0.1929012760200366,f111r,False,0.45454545454545453,ykeey,S,ai,r
0.971309807809364,1.1162576941512592,0,0,B,crossed_layout,0,f111,3,f111r.40:10:line,10,y,line,lainal,f111r.40,2.17075183489229,2.6881989579058634,0.22209489931682008,0.21061959025568536,0.5672855104274945,0.15515703770638026,0.27139458330130817,0.5734483789923116,f111r,False,1.0,ycheey,S,laina,l
0.11355563853790526,0.03470516657598047,1,1,B,crossed_layout,0,f111,3,f111r.51:3:uncertain,3,k,uncertain,chl,f111r.51,0.3941898338219521,0.20434215666383293,0.7609165603169414,0.0016131358555395582,0.2374703038275189,0.8679343596007717,0.000675469752655663,0.1313901706465725,f111r,True,0.25,kar,S,ch,l
1.0154465500967926,0.9652989447283179,0,0,B,crossed_layout,0,f111,3,f111v.5:11:line,11,o,line,lol,f111v.5,1.7997916626304964,1.712319606331371,0.28721606218393597,0.00047404502393597053,0.7123098927921282,0.30516901529622337,0.0002024462464113318,0.6946285384573653,f111v,False,1.0,okeeo,S,lo,l
1.0853404205528796,1.807439886324849,0,0,B,crossed_layout,0,f111,3,f111v.10:5:uncertain,5,a,uncertain,lol,f111v.10,1.9262964667650468,4.341657553207165,0.26310371659661275,0.00046973077770214733,0.7364265526256851,0.049320883266159785,7.452081729276152e-05,0.9506045959165473,f111v,False,0.4166666666666667,aiin,S,lo,l
0.33304171313679337,0.051047677400139636,1,1,B,crossed_layout,0,f111,3,f111v.12:0:uncertain,0,a,uncertain,qear,f111v.12,0.7643620315595625,0.25192819896906077,0.40477506018347253,0.00651129603827412,0.5887136437782533,0.1592928293475096,0.0009338843385886846,0.8397732863139016,f111v,False,0.0,ain,S,qea,r
0.6106718255508912,1.053635241665578,0,0,B,crossed_layout,0,f111,3,f111v.12:10:line,10,sh,line,kshartar,f111v.12,1.258530285421172,2.0190426324753994,0.5174359020969364,0.0645945575114278,0.4179695403916358,0.694831844877906,0.058446309532024295,0.24672184559006982,f111v,False,1.0,sheaiin,S,ksharta,r
0.953696901571577,0.7277386288192811,0,0,B,crossed_layout,0,f111,3,f111v.37:6:uncertain,6,ch,uncertain,tor,f111v.37,1.6929642069195754,1.3345380162210234,0.6903749570137746,0.00033424994439298656,0.30929079304183243,0.6029502938531515,0.0005306837562760371,0.3965190223905726,f111v,True,0.5454545454545454,chey,S,to,r
0.13646375799022936,0.1154925409234768,1,1,B,crossed_layout,0,f111,3,f111v.49:4:uncertain,4,sh,uncertain,lor,f111v.49,0.4372259481479075,0.3968912379690292,0.26097737267471166,0.0004692733633366113,0.7385533539619518,0.24010166078125814,0.00040523973163441435,0.7594930994871075,f111v,False,0.36363636363636365,sheey,S,lo,r
0.21152981790660563,0.09876277523360286,1,1,B,crossed_layout,0,f113,3,f113r.6:9:uncertain,9,sh,uncertain,alchl,f113r.6,0.581046294027401,0.37985774306825565,0.6684787968266845,0.01300204098139808,0.3185191621919174,0.7685133661616945,0.019869225619891212,0.21161740821841432,f113r,False,0.6,sheey,S,alch,l
0.3379885500054135,0.8262364250146967,1,0,B,crossed_layout,0,f113,3,f113r.16:10:line,10,d,line,chepchar,f113r.16,0.794619473497821,1.6264845809909203,0.3974323474455494,0.026072442327164182,0.5764952102272864,0.603129524880441,0.0729940375771714,0.32387643754238765,f113r,True,1.0,dor,S,chepcha,r
0.8189036190249365,0.8767903328000606,0,0,B,crossed_layout,0,f113,3,f113r.39:6:uncertain,6,sh,uncertain,por,f113r.39,1.4736004484433978,1.5655803564643462,0.6398509662066608,6.649382073264365e-05,0.3600825399726064,0.6620700960309026,8.812748915430303e-05,0.3378417764799431,f113r,True,0.5454545454545454,shed,S,po,r
0.4033014387815056,0.13699032528555707,1,1,B,crossed_layout,0,f113,3,f113v.2:14:line,14,s,line,cheyor,f113v.2,0.8618243154647247,0.4393596747905357,0.4483638550506288,0.0013798367519159069,0.5502563081974553,0.26088563528638703,0.0016525139120595216,0.7374618508015535,f113v,False,1.0,sar,S,cheyo,r
1.3825396000249703,0.41469403186259,0,1,B,crossed_layout,0,f113,3,f113v.3:0:uncertain,0,a,uncertain,sar,f113v.3,2.579617632238336,0.8774498711976243,0.8301319875381814,0.002582737178240998,0.1672852752835776,0.45503553150013026,0.000635723672276273,0.5443287448275934,f113v,False,0.0,aiin,S,sa,r
0.013011777793534495,0.14400308866420497,1,1,B,crossed_layout,0,f113,3,f113v.13:11:line,11,d,line,llor,f113v.13,0.12141268576153565,0.45085372562547515,0.08060511773913435,0.00010783759548206292,0.9192870446653836,0.2682718150385886,0.00011840069473824197,0.7316097842666731,f113v,True,1.0,dar,S,llo,r
1.0154465500967926,0.9652989447283179,0,0,B,crossed_layout,0,f113,3,f113v.23:12:line,12,o,line,lol,f113v.23,1.7997916626304964,1.712319606331371,0.28721606218393597,0.00047404502393597053,0.7123098927921282,0.30516901529622337,0.0002024462464113318,0.6946285384573653,f113v,False,1.0,olkeey,S,lo,l
0.002487680848938663,0.000737226226716988,1,1,B,crossed_layout,0,f113,3,f113v.37:7:paragraph,7,p,paragraph,daiin,f113v.37,0.05262152302753449,0.028834480406018183,0.0011252506364303405,0.9641827184967751,0.03469203086679443,0.001237537295008646,0.9802118680495299,0.018550594655461418,f113v,False,1.0,pcholky,S,daii,n
0.5053599905158848,0.343292799870883,0,1,B,crossed_layout,0,f113,3,f113v.38:9:line,9,o,line,qoteal,f113v.38,1.012702462719765,0.7744098316759667,0.49561698571571905,0.003437961571289268,0.5009450527129917,0.5846277310890755,0.0021482824663834285,0.41322398644454106,f113v,True,1.0,osheol,S,qotea,l
0.013244473622681316,0.0045546372169052544,1,1,B,crossed_layout,0,f113,3,f113v.44:5:paragraph,5,p,paragraph,oloiin,f113v.44,0.12411147914044893,0.07220099553664713,0.002150415081961107,0.9175689776848306,0.08028060723320815,0.002266772645989957,0.9511857483872352,0.04654747896677476,f113v,False,1.0,polaiin,S,oloii,n
1.3709805872156315,1.3837575256961026,0,0,A,crossed_layout,0,f2,1,f2r.12:6:drawing,6,s,drawing,chan,f2r.12,3.892800184742635,4.644350104411028,0.2844805947282352,0.06732097191406483,0.6481984333576999,0.4543349468335491,0.03998630812237518,0.5056787450440757,f2r,False,0.6,saiin,H,cha,n
0.001994237502037317,0.001639014271894597,1,1,A,crossed_layout,0,f2,1,f2v.3:5:drawing,5,ch,drawing,chodain,f2v.3,0.047356365605464,0.04249935048582369,0.0014818843642885576,0.9677079601338319,0.030810155501879603,0.0008208629639884222,0.9709713614822206,0.028207775553790927,f2v,False,0.7142857142857143,chcthy,H,chodai,n
1.3309397633132984,1.4138933155178168,0,0,A,crossed_layout,0,f2,1,f2v.6:10:line,10,d,line,chan,f2v.6,3.7063772691954187,4.797961143785302,0.30051607737555336,0.07660714312993704,0.6228767794945097,0.5815192731724156,0.03594758983332548,0.3825331369942589,f2v,False,1.0,daiin,H,cha,n
4.8325251569031065e-05,5.788775195281107e-05,1,1,A,crossed_layout,0,f7,1,f7r.4:6:line,6,o,line,odaiin,f7r.4,0.00721873328170284,0.00790518634297154,0.0001548552128289572,0.9950088527554894,0.00483629203168145,0.0001732270292917364,0.9945355272204005,0.005291245750307767,f7r,False,1.0,oaiir,H,odaii,n
0.2637892979276363,0.09780216856181487,1,1,A,crossed_layout,0,f7,1,f7v.3:10:uncertain,10,d,uncertain,cheol,f7v.3,0.6518342910006841,0.3610310162890562,0.6364705689110707,0.0007138566320097447,0.36281557445691964,0.7786079517035839,0.000513198833890365,0.22087884946252576,f7v,False,0.9090909090909091,dy,H,cheo,l
0.034349431950399134,0.001005249841541102,1,1,A,crossed_layout,0,f10,1,f10v.1:0:uncertain,0,d,uncertain,paiin,f10v.1,0.20323559287135257,0.03317828664743926,0.0006974412458131521,0.8686003306701839,0.1307022280840031,0.0006453599560624577,0.9772649896285026,0.022089650415434807,f10v,True,0.0,daiin,H,paii,n
0.1722614965806701,0.18954111079449382,1,1,A,crossed_layout,0,f10,1,f10v.1:8:line,8,d,line,sain,f10v.1,0.5090964641094669,0.5502701465517743,0.007872876890931519,0.702662365838787,0.2894647572702816,0.019440403931050638,0.6828922439297337,0.29766735213921575,f10v,True,1.0,dain,H,sai,n
6.472863152269813e-05,4.129959116952705e-06,1,1,A,crossed_layout,0,f28,1,f28v.3:3:paragraph,3,t,paragraph,choiin,f28v.3,0.00844796985658639,0.0022619489454448103,0.00031206809537497515,0.9941614246291688,0.005526507275456202,0.0003097983131338378,0.9984333649218242,0.0012568367650420222,f28v,False,1.0,tshoiin,H,choii,n
6.452388005599675e-05,9.433563817023467e-05,1,1,A,crossed_layout,0,f37,1,f37r.9:6:line,6,q,line,loldaiin,f37r.9,0.008296874631410767,0.010021322732364585,0.00011059653519226958,0.9942655498298042,0.005623853635003451,0.00010991744023808378,0.9930778178451611,0.006812264714600906,f37r,False,1.0,qoto,H,loldaii,n
0.6360086127940621,0.03253223726823999,0,1,A,crossed_layout,0,f37,1,f37v.20:2:uncertain,2,d,uncertain,ykol,f37v.20,1.197895051618854,0.19697452556572162,0.435910828806536,0.00034108614432159433,0.5637480850491424,0.872378109679407,0.00016655446190970126,0.1274553358586832,f37v,False,0.5,daiin,H,yko,l
0.35995538892951984,0.5619500780452638,1,0,B,crossed_layout,0,f46,2,f46r.10:8:paragraph,8,p,paragraph,sheol,f46r.10,0.7974931190692776,1.0915540348847212,0.5753480557309947,0.0008295439467549509,0.4238224003222503,0.46925563188142233,0.0013497403060339288,0.5293946278125436,f46r,False,1.0,pchdair,H,sheo,l
1.1979909425940143,1.063075877875915,0,0,B,crossed_layout,0,f46,2,f46v.2:0:uncertain,0,a,uncertain,ytair,f46v.2,2.1529674961071623,1.8868403049071174,0.002410388278242078,0.7727399678835304,0.22484964383822748,0.0010709702836258447,0.728530409482909,0.27039862023346517,f46v,False,0.0,aiin,H,ytai,r
0.4874338155669844,0.5544875024437999,1,0,B,crossed_layout,0,f48,5,f48v.1:10:uncertain,10,y,uncertain,ypair,f48v.1,1.0261157285305964,1.1037460786714421,0.032157621045875155,0.4768119718416697,0.4910304071124552,0.01670532010649233,0.5179879620081759,0.4653067178853318,f48v,True,0.8333333333333334,y,H,ypai,r
1.6542684431378684e-05,1.114047081464666e-06,1,1,B,crossed_layout,0,f66,5,f66r.56:2:paragraph,2,t,paragraph,sheodaiin,f66r.56,0.004534328747726097,0.0012412505182508408,0.0006277626261892981,0.9968619767323359,0.002510260641474766,0.0003817869642793064,0.9991400007144464,0.0004782123212741261,f66r,False,1.0,tocpheey,T,sheodaii,n
0.051763636744782834,0.0030924536508624583,1,1,B,crossed_layout,0,f66,5,f66r.58:9:line,9,q,line,ykol,f66r.58,0.2531399015751145,0.057926021016318274,0.8390682667124904,0.0001069761076118086,0.1608247571798978,0.9606441229110521,6.76598786583623e-05,0.03928821721028966,f66r,False,1.0,qo,T,yko,l
1.659945707786003,0.28800352613091496,0,1,B,crossed_layout,0,f66,5,f66r.65:8:uncertain,8,a,uncertain,cheor,f66r.65,3.4917178032225866,0.6886615425803501,0.9109541257760244,0.00014864911881796742,0.08889722510515775,0.37938039782202587,0.00019041720542611643,0.620429184972548,f66r,False,0.8,aly,T,cheo,r
1.1526402249850496,1.272250358015389,0,0,B,crossed_layout,0,f66,5,f66r.68:0:uncertain,0,o,uncertain,sair,f66r.68,2.1555639190657607,2.378332143493409,0.03393224062367944,0.7416224142556274,0.2244453451206932,0.02058620658966777,0.7870821754048385,0.19233161800549378,f66r,False,0.0,ol,T,sai,r
1.3060660714665069,0.5129881965614359,0,0,?,crossed_layout,0,f68,4,f68r2.4:7:line,7,k,line,dcholal,f68r2.4,2.442270461696383,1.0505892431593948,0.18399386125216308,0.01604194645783412,0.7999641922900028,0.48277094497391115,0.02228916544131843,0.4949398895847703,f68r2,False,1.0,kcheoey,A,dchola,l
0.4949573855958743,0.011193994761698585,1,1,?,crossed_layout,0,f68,4,f68v3.2:6:uncertain,6,sh,uncertain,chal,f68v3.2,1.0301197687004044,0.11671633733257013,0.4896694960484711,0.02679980942726691,0.4835306945242619,0.9222844396326878,0.006189505995305081,0.07152605437200714,f68v3,False,0.42857142857142855,sheey,C,cha,l
0.05152380949435753,0.22683489478744157,1,1,B,crossed_layout,0,f84,2,f84r.28:4:uncertain,4,y,uncertain,qol,f84r.28,0.2526577847455311,0.5928394933742444,0.8393487116581879,0.0002926671378996622,0.16035862120391245,0.663036641998785,0.0003768934734560884,0.3365864645277588,f84r,False,0.3076923076923077,y,B,qo,l
0.08286570688924645,0.24128249877182872,1,1,B,crossed_layout,0,f84,2,f84r.33:5:uncertain,5,y,uncertain,cheol,f84r.33,0.32894021858057687,0.6165982291311454,0.7961210872213981,0.0006581889318651316,0.20322072384673678,0.6522069730768889,0.0009188929331778353,0.3468741339899333,f84r,False,0.35714285714285715,y,B,cheo,l
0.013160345679284056,0.009290506310243198,1,1,B,crossed_layout,0,f84,2,f84v.14:12:line,12,q,line,sain,f84v.14,0.12673098353523363,0.10787323236329911,0.006324842791425441,0.9159044573720634,0.07777069983651108,0.008592714543883226,0.9279550110245538,0.0634522744315629,f84v,False,1.0,qokshedy,B,sai,n
0.35989143809293483,0.149523384956309,1,1,B,crossed_layout,0,f84,2,f84v.32:6:line,6,sh,line,lolor,f84v.32,0.7992577104493649,0.46237028021444715,0.42303543700861473,0.0023197976678207763,0.5746447653235645,0.2726377681417291,0.0015693968495133722,0.7257928350087575,f84v,False,1.0,shedy,B,lolo,r
0.1784356413076602,0.19939618184717922,1,1,B,crossed_layout,0,f86,2,f86v4.5:3:drawing,3,o,drawing,qoeol,f86v4.5,0.5120959899722568,0.5475839301793377,0.7012029691042714,0.00020712360586537968,0.2985899072898632,0.684164935042971,0.0001701086286094062,0.3156649563284195,f86v4,True,0.375,oqokeol,C,qoeo,l
0.24410775545041963,0.04564043872599732,1,1,B,crossed_layout,0,f86,2,f86v6.6:1:uncertain,1,k,uncertain,sheol,f86v6.6,0.6215426925940789,0.23733430331751745,0.6499755286907621,0.0013285293413145061,0.3486959419679234,0.8483113070437892,0.0012579892475370563,0.15043070370867384,f86v6,False,0.09090909090909091,keear,T,sheo,l
0.32086742843629024,0.24924075152087238,1,1,B,crossed_layout,0,f86,2,f86v6.20:1:uncertain,1,p,uncertain,otol,f86v6.20,0.7384959740754266,0.6284405803180484,0.5993638703444305,0.0001887742951407528,0.4004473553604287,0.6468752497788571,0.00021737561702804716,0.3529073746041147,f86v6,True,0.1111111111111111,podaiin,T,oto,l
6.861069955837636e-06,2.8824121314749157e-07,1,1,B,crossed_layout,0,f86,2,f86v6.36:9:line,9,l,line,araiin,f86v6.36,0.0027119604951102174,0.0006187311751687338,5.283397463627682e-05,0.9981219779235061,0.0018251881018578066,0.00013545000857769925,0.9995712201827589,0.0002933298086633594,f86v6,False,1.0,lshar,T,araii,n
0.9703152316857677,0.6244791931390781,0,0,B,crossed_layout,0,f86,2,f86v6.44:4:uncertain,4,k,uncertain,qoal,f86v6.44,1.7768462882517508,1.222244392402766,0.29182061578641905,0.02390930856767282,0.6842700756459081,0.428615404758078,0.02611701025772251,0.5452675849841994,f86v6,False,0.4444444444444444,kaiin,T,qoa,l
0.2870210942277469,0.10922495269898957,1,1,B,crossed_layout,0,f86,2,f86v5.28:13:line,13,y,line,ytarar,f86v5.28,0.7634776290684592,0.4172185497213576,0.33533112317885605,0.07559422852101871,0.5890746483001252,0.21107464536758408,0.04005833972311565,0.7488670149093002,f86v5,False,1.0,ysheoar,T,ytara,r
0.13720391984055863,0.1829523047945683,1,1,A,crossed_layout,0,f102,1,f102r1.9:2:drawing,2,o,drawing,qokeol,f102r1.9,0.4384594940738118,0.5199144935023268,0.7379221394062198,0.0003164909063264305,0.26176136968745395,0.6974131666437898,0.0002733563984191547,0.30231347695779104,f102r1,False,0.3333333333333333,oteeody,P,qokeo,l
0.1541776076754181,0.11722333213635072,1,1,A,crossed_layout,0,f102,1,f102v2.30:8:line,8,o,line,deear,f102v2.30,0.47566093366103906,0.40608025741695986,0.2743189903223653,0.0065437494058681895,0.7191372602717666,0.2387331328711913,0.006595866536719317,0.7546710005920894,f102v2,True,1.0,oldeey,P,deea,r
1.1777871605513046,1.8496087497345695,0,0,A,crossed_layout,0,f102,1,f102v2.36:8:line,8,t,line,qokeor,f102v2.36,2.1051950627159317,4.710633217586256,0.7672077109488666,0.00037248034732358467,0.23241980870380974,0.9615256739513192,0.00028358346277464354,0.038190742585906295,f102v2,False,1.0,tchor,P,qokeo,r
1.1475271787116372,0.7656517537392193,0,0,B,crossed_layout,0,f106,3,f106r.14:7:paragraph,7,p,paragraph,okeor,f106r.14,2.04455804445541,1.3918032517718169,0.7573403115136691,0.0002629897624016005,0.24239669872392938,0.6185465005203508,0.0003653243556667862,0.3810881751239824,f106r,False,1.0,podaroar,S,okeo,r
1.612698712771688,1.6604984092984145,0,0,B,crossed_layout,0,f106,3,f106r.20:5:uncertain,5,ch,uncertain,sail,f106r.20,6.862460153875338,7.740665601402215,0.008593966365433026,0.7587332693369812,0.23267276429758577,0.0046754936077518195,0.7930366763956925,0.20228782999655565,f106r,False,0.5555555555555556,chedy,S,sai,l
0.27166809926098656,0.12465377707477915,1,1,B,crossed_layout,0,f106,3,f106r.47:3:uncertain,3,o,uncertain,char,f106r.47,0.709862847573723,0.45331978507687687,0.3445237393147523,0.044098002816538924,0.6113782578687089,0.22312447434554533,0.046515244615139305,0.7303602810393154,f106r,False,0.6,oky,S,cha,r
0.2570441248255063,0.11878578908727952,1,1,B,crossed_layout,0,f106,3,f106v.2:5:uncertain,5,o,uncertain,char,f106v.2,0.6837759120340755,0.439230858342892,0.33591161660291735,0.04155457756560078,0.6225338058314819,0.21912308637795375,0.04334921282834728,0.737527700793699,f106v,False,0.4166666666666667,otar,S,cha,r
0.0416485594513345,0.03442194693834648,1,1,B,crossed_layout,0,f106,3,f106v.2:11:uncertain,11,a,uncertain,keorain,f106v.2,0.22900045315368384,0.2042508458381832,0.005069539496951601,0.8532258301119164,0.141704630391132,0.001655887367545421,0.8679892945030122,0.13035481812944252,f106v,False,0.9166666666666666,amchy,S,keorai,n
0.3506656225237563,0.5316980871827505,1,0,B,crossed_layout,0,f106,3,f106v.17:4:paragraph,4,p,paragraph,chodal,f106v.17,0.8106094972819168,1.0764294903893257,0.5701409388506344,0.02323002112638593,0.4066290400229796,0.47420096690232183,0.021030592983749256,0.504768440113929,f106v,False,1.0,pshodalos,S,choda,l
0.08422841367898518,0.3771230113053444,1,1,B,crossed_layout,0,f106,3,f106v.19:8:paragraph,8,p,paragraph,sain,f106v.19,0.3386451469820017,0.8385510509897647,0.008246488081408552,0.79078359806456,0.20096991385403137,0.01342827809481378,0.5592049161240641,0.4273668057811222,f106v,False,1.0,polchs,S,sai,n
0.023006331551838302,0.0171570394724586,1,1,B,crossed_layout,0,f106,3,f106v.20:8:line,8,y,line,okcharain,f106v.20,0.16704015341594688,0.14124831401518959,0.004286689757702393,0.8906681109846132,0.10504519925768456,0.00130468667170272,0.9067342500712271,0.09196106325707025,f106v,True,1.0,ycheo,S,okcharai,n
0.23539781165233842,0.2092221293954887,1,1,B,crossed_layout,0,f106,3,f106v.27:5:paragraph,5,p,paragraph,oarar,f106v.27,0.6397227864583467,0.5857596875925584,0.32566958960483283,0.032494144761422906,0.6418362656337442,0.31208678974261084,0.021614820387257757,0.6662983898701316,f106v,False,1.0,psheody,S,oara,r
0.2705348767418027,0.0007378037496678199,1,1,B,crossed_layout,0,f107,3,f107r.11:5:uncertain,5,l,uncertain,keeol,f107r.11,0.6619225521117392,0.028116223144394048,0.632035477740616,0.00035486355591278593,0.36760965870347134,0.9806999958647131,0.00018774783742226124,0.0191122562978648,f107r,False,0.45454545454545453,l,S,keeo,l
0.7543087641824845,0.802993638671079,0,0,B,crossed_layout,0,f107,3,f107r.12:4:paragraph,4,p,paragraph,aiinal,f107r.12,1.7808601913141389,1.8772470437083788,0.2910098334140137,0.3669083767529818,0.3420817898330044,0.2722026385028665,0.2988596941028818,0.42893766739425165,f107r,False,1.0,polchls,S,aiina,l
0.3325410605511966,0.18150067354866364,1,1,B,crossed_layout,0,f107,3,f107r.13:9:line,9,cth,line,otaral,f107r.13,0.7674915446888039,0.5228499934382922,0.58743798246084,0.009774096579164523,0.4027879209599955,0.6959955594229306,0.00559077313907486,0.2984136674379947,f107r,True,1.0,cthedy,S,otara,l
0.25588226623966837,0.21921254876492013,1,1,B,crossed_layout,0,f107,3,f107r.15:9:line,9,t,line,airal,f107r.15,0.7282408797293562,0.6673463851530289,0.6036395005960916,0.09760739549144948,0.2987531039124589,0.6296637921334713,0.10304262530610783,0.2672935825604208,f107r,False,1.0,tolshoror,S,aira,l
0.28506081209247247,0.07423733550463021,1,1,B,crossed_layout,0,f107,3,f107r.24:3:uncertain,3,k,uncertain,cheol,f107r.24,0.6841240382530065,0.30882953726716955,0.6223836048615333,0.00016886010695248876,0.37744753503151424,0.8072964555981385,8.300398644208755e-05,0.19262054041541943,f107r,True,0.2727272727272727,kair,S,cheo,l
0.03622010157240523,0.19649048958882162,1,1,B,crossed_layout,0,f107,3,f107r.37:4:paragraph,4,p,paragraph,olkain,f107r.37,0.21200537769085157,0.5505571429537349,0.004282365246329407,0.8633363404552242,0.13238129429844642,0.0077489255651765525,0.6827564091769331,0.3094946652578902,f107r,False,1.0,poaral,S,olkai,n
0.8954042774972097,0.07422368018027486,0,1,B,crossed_layout,0,f107,3,f107r.46:5:uncertain,5,a,uncertain,cheor,f107r.46,1.5963695019563697,0.30922204170165674,0.6689189456380733,0.00037290595195561393,0.3307081484099712,0.1923643052940612,0.000558845004881881,0.8070768497010569,f107r,False,0.45454545454545453,aiin,S,cheo,r
0.9114274832718923,0.0840470602502433,0,1,B,crossed_layout,0,f107,3,f107v.25:3:uncertain,3,a,uncertain,qokeor,f107v.25,1.6221942855341511,0.3312347813724426,0.6749724408539998,0.00018654232066608759,0.3248410168253342,0.20484839700783244,0.00029571586332197846,0.7948558871288456,f107v,True,0.2727272727272727,al,S,qokeo,r
3.306738348688514e-05,1.4872948475217168e-06,1,1,B,crossed_layout,0,f107,3,f107v.28:4:paragraph,4,t,paragraph,raraiin,f107v.28,0.005938321013561361,0.0012925564623226,8.432478046995411e-05,0.9958923291862106,0.004023346033319376,7.07161486691146e-05,0.9991044693595492,0.0008248144917815994,f107v,False,1.0,tolkeeedy,S,raraii,n
0.011452230168536325,0.005291209223495968,1,1,B,crossed_layout,0,f107,3,f107v.46:9:line,9,y,line,qokeeylkain,f107v.46,0.11677374036592601,0.07689193913833436,0.004349977450023079,0.9222477438170658,0.07340227873291115,0.0009462196353958574,0.9480979769811738,0.0509558033834302,f107v,False,1.0,y,S,qokeeylkai,n
0.7543087641824845,1.019903054597612,0,0,B,crossed_layout,0,f107,3,f107v.48:9:line,9,y,line,aiinal,f107v.48,1.7808601913141389,2.4662477708803854,0.2910098334140137,0.3669083767529818,0.3420817898330044,0.18096119029841512,0.4921819625825997,0.326856847118985,f107v,False,1.0,ycheosaiin,S,aiina,l
0.5414980612839977,0.6132601552020192,0,0,B,crossed_layout,0,f111,3,f111r.16:5:uncertain,5,t,uncertain,oteal,f111r.16,1.0688618706264734,1.1743464875644762,0.4766949111300474,0.005990915295781582,0.517314173574171,0.443084422615173,0.006402909393028247,0.5505126679917989,f111r,False,0.5,tey,S,otea,l
0.017418023704701663,0.0020998035734945426,1,1,B,crossed_layout,0,f111,3,f111r.38:11:line,11,s,line,ltain,f111r.38,0.14275605858330845,0.04912227208196596,0.001807840431995268,0.9057871271745118,0.09240503239349303,0.0022662557340097206,0.966524178205953,0.03120956606003713,f111r,False,1.0,saiin,S,ltai,n
0.3170259211785119,0.5973632183639737,1,0,B,crossed_layout,0,f111,3,f111r.39:9:line,9,s,line,cheamar,f111r.39,0.8073101796399295,1.205796914506256,0.3583922620549381,0.07016144448130579,0.5714462934637561,0.524098643099026,0.04237155225566265,0.4335298046453113,f111r,False,1.0,saiin,S,cheama,r
0.2762001355497482,0.03802089552486362,1,1,B,crossed_layout,0,f111,3,f111r.41:9:line,9,q,line,otaral,f111r.41,0.6929646024524143,0.21826065978666329,0.6185814164918313,0.020444891802595053,0.3609736917055737,0.8596011632592171,0.005187321466753129,0.1352115152740297,f111r,False,1.0,qokeol,S,otara,l
0.0005780054637530563,2.3669388297760522e-05,1,1,B,crossed_layout,0,f111,3,f111r.53:8:line,8,t,line,chcthydain,f111r.53,0.02603399167671809,0.0057127342707790065,0.00193200435697875,0.9821164551143091,0.015951540528712293,0.0016276222064420278,0.9960480638811522,0.0023243139124058555,f111r,False,1.0,tair,S,chcthydai,n
0.6067163105146394,0.15129056541634178,0,1,B,crossed_layout,0,f111,3,f111v.1:7:uncertain,7,sh,uncertain,okeal,f111v.1,1.1589086655900689,0.46654883118270246,0.4478511867954236,0.002748737637766972,0.5494000755668094,0.7236937256800763,0.0025566225043365,0.27374965181558714,f111v,True,0.7777777777777778,shedy,S,okea,l
0.020541016211574312,0.028449693435642364,1,1,B,crossed_layout,0,f111,3,f111v.7:11:uncertain,11,a,uncertain,chedain,f111v.7,0.15749141280813803,0.1842267386211752,0.004283370248204871,0.8965827123831217,0.09913391736867345,0.0012322651176211684,0.8801206800788223,0.11864705480355667,f111v,False,0.9166666666666666,al,S,chedai,n
0.2396266903473956,0.05120809036367675,1,1,B,crossed_layout,0,f111,3,f111v.8:2:uncertain,2,k,uncertain,cheol,f111v.8,0.613328582955036,0.2516849015735668,0.6536867759993582,0.0003454192626722785,0.34596780473796956,0.8399149183819733,0.0001449803684675038,0.15994010124955918,f111v,False,0.16666666666666666,kechy,S,cheo,l
0.23185961264654426,0.04983990688952636,1,1,B,crossed_layout,0,f111,3,f111v.13:3:uncertain,3,k,uncertain,cheol,f111v.13,0.6009102951851777,0.24799719578930185,0.6593378026991766,0.0003553450238921448,0.3403068522769313,0.8420645903536539,0.00014982468393170468,0.15778558496241438,f111v,False,0.2727272727272727,kedy,S,cheo,l
0.49296072364487425,0.13612873531993447,1,1,B,crossed_layout,0,f111,3,f111v.26:10:line,10,o,line,alpchdar,f111v.26,1.0067268583699425,0.4427337067187617,0.4903947764046558,0.011931148290041733,0.4976740753053025,0.25738625789876696,0.006874578649510791,0.7357391634517222,f111v,True,1.0,ol,S,alpchda,r
0.5446221531481811,1.3184539436535094,0,0,B,crossed_layout,0,f111,3,f111v.27:11:uncertain,11,l,uncertain,ldar,f111v.27,1.07613577809555,2.4217806471321195,0.5178782033672152,0.007824279296521462,0.4742975173362633,0.8104737697118156,0.0029005592528064976,0.18662567103537786,f111v,False,0.9166666666666666,llo,S,lda,r
0.6683835472889922,1.152540126545039,0,0,B,crossed_layout,0,f111,3,f111v.33:10:uncertain,10,ch,uncertain,cheal,f111v.33,1.2607374713913582,2.072994428299372,0.4173305757160436,0.009263745631867125,0.5734056786520892,0.23766569317262864,0.006460779371232232,0.755873527456139,f111v,False,0.9090909090909091,char,S,chea,l
0.30548200741856796,0.43919160576402666,1,1,B,crossed_layout,0,f111,3,f111v.33:11:paragraph,11,p,paragraph,char,f111v.33,0.7696861556518436,0.9532535066314638,0.3633552523277322,0.05009968973152421,0.5865450579407436,0.4521052498915547,0.031428316382672176,0.516466433725773,f111v,False,1.0,polar,S,cha,r
0.20619520316874468,0.15101479191467998,1,1,B,crossed_layout,0,f111,3,f111v.47:8:paragraph,8,p,paragraph,lchar,f111v.47,0.6097222320440313,0.4912035194283184,0.2906426449898842,0.054034493244994417,0.6553228617651216,0.2585362426068973,0.030032394707550654,0.7114313626855521,f111v,False,1.0,psalar,S,lcha,r
0.03622010157240523,0.19649048958882162,1,1,B,crossed_layout,0,f113,3,f113r.7:7:paragraph,7,p,paragraph,olkain,f113r.7,0.21200537769085157,0.5505571429537349,0.004282365246329407,0.8633363404552242,0.13238129429844642,0.0077489255651765525,0.6827564091769331,0.3094946652578902,f113r,False,1.0,pchosos,S,olkai,n
0.1835958055960285,0.04131993969534259,1,1,B,crossed_layout,0,f113,3,f113r.19:4:paragraph,4,k,paragraph,cheol,f113r.19,0.521176054753015,0.22402986018578563,0.6968035819210591,0.0004299192228249836,0.3027664988561159,0.8561705637697538,0.0001875279921408676,0.14364190823810535,f113r,False,1.0,kshoraiin,S,cheo,l
0.26807217660408544,1.4945150434986878,1,0,B,crossed_layout,0,f113,3,f113r.26:5:uncertain,5,l,uncertain,char,f113r.26,0.7034629955263044,2.953746386677267,0.3424338674015825,0.043469752296126804,0.6140963803022907,0.85780424447821,0.013123250749504666,0.1290725047722855,f113r,False,0.5555555555555556,lkeeody,S,cha,r
0.8356655602067095,1.1465372100090692,0,0,B,crossed_layout,0,f113,3,f113r.46:9:line,9,y,line,araiinol,f113r.46,1.7783880713415998,2.824249390313956,0.29150891875375534,0.15086640956673764,0.557624671679507,0.14119399232602567,0.2876010789845657,0.5712049286894085,f113r,False,1.0,y,S,araiino,l
0.563999462805021,0.6742100474297577,0,0,B,crossed_layout,0,f113,3,f113v.7:11:line,11,y,line,oteal,f113v.7,1.0974292649872632,1.262691454699831,0.46734852152362544,0.003244889953770983,0.5294065885226036,0.416765726611738,0.005289770775627994,0.577944502612634,f113v,True,1.0,ycheody,S,otea,l
0.03911116597141223,0.12398323738859157,1,1,A,crossed_layout,1,f5,1,f5r.1:4:uncertain,4,o,uncertain,oar,f5r.1,0.21901781808504045,0.4148501386713884,0.13881039078289342,0.002039465316904481,0.8591501439002021,0.2480493849296818,0.001853207387757148,0.7500974076825611,f5r,True,0.5,olsy,H,oa,r
0.0004503124638213925,0.0019224573775557456,1,1,A,crossed_layout,1,f5,1,f5r.5:7:line,7,sh,line,shodaiin,f5r.5,0.02204464079274212,0.04561476360570702,0.00032285888424881266,0.984835968999601,0.014841172116150153,0.0002402809673617173,0.9688768695384087,0.030882849494229574,f5r,True,1.0,sho,H,shodaii,n
0.8789246399477176,0.8222412208458634,0,0,A,crossed_layout,1,f5,1,f5v.4:4:uncertain,4,d,uncertain,shol,f5v.4,1.5749712513765421,1.4875540148487376,0.335649814131433,0.002870609399426004,0.6614795764691409,0.356616654404138,0.004415746543923493,0.6389675990519385,f5v,False,0.4444444444444444,daiin,H,sho,l
0.8349727090581291,0.9527797835117398,0,0,A,crossed_layout,1,f5,1,f5v.5:6:uncertain,6,ch,uncertain,chol,f5v.5,1.5119237263211434,1.7040611983730471,0.3506433502936846,0.006498641905445506,0.64285800780087,0.30692090127767135,0.005774360497111858,0.6873047382252168,f5v,False,0.8571428571428571,chotaiin,H,cho,l
0.18377024441826012,0.6583199505966293,1,0,A,crossed_layout,1,f14,1,f14r.2:6:line,6,y,line,okol,f14r.2,0.5225544177379593,1.2319760797176427,0.6961381678357587,0.0014778921029633242,0.30238394006127794,0.42573391260184473,0.0010844098155624075,0.5731816775825929,f14r,False,1.0,ydaiin,H,oko,l
0.831580924419139,0.44800084249234456,0,1,A,crossed_layout,1,f14,1,f14v.2:8:uncertain,8,d,uncertain,chol,f14v.2,1.506609722528411,0.942165977008529,0.35193728693447307,0.006538833533904776,0.6415238795316223,0.5204509193433086,0.012783503771472214,0.4667655768852191,f14v,False,0.8888888888888888,daiin,H,cho,l
0.770701829430461,0.7074161153522175,0,0,A,crossed_layout,1,f14,1,f14v.5:2:uncertain,2,ch,uncertain,okchor,f14v.5,1.4273929713472837,1.3248812995920871,0.6130579730733712,0.015139874178192694,0.3718021527484362,0.5884565263897845,0.012361438341314637,0.39918203526890095,f14v,False,0.2857142857142857,chky,H,okcho,r
0.8349727090581291,0.8672534883975533,0,0,A,crossed_layout,1,f20,1,f20r.11:6:uncertain,6,o,uncertain,chol,f20r.11,1.5119237263211434,1.5554801549604198,0.3506433502936846,0.006498641905445506,0.64285800780087,0.34021528049168775,0.0025701375841970706,0.6572145819241151,f20r,False,0.8571428571428571,ody,H,cho,l
0.23025121840739765,0.18216617139530078,1,1,A,crossed_layout,1,f20,1,f20r.13:2:uncertain,2,ch,uncertain,chor,f20r.13,0.6044787352465353,0.5236348439635828,0.3362310971005142,0.006059926791816498,0.6577089761076693,0.29914842113271983,0.005234549838215056,0.6956170290290652,f20r,False,0.5,cheey,H,cho,r
0.8488617094988637,0.8753807926142181,0,0,A,crossed_layout,1,f21,1,f21r.6:8:uncertain,8,o,uncertain,chol,f21r.6,1.5337794859676512,1.5684036595740107,0.34537139756391944,0.006336265514863294,0.6482923369212171,0.3371812785825292,0.002480944163446748,0.6603377772540241,f21r,False,0.7272727272727273,ol,H,cho,l
0.16491835000188787,0.25710703065962803,1,1,A,crossed_layout,1,f21,1,f21v.4:7:line,7,o,line,chtol,f21v.4,0.48878054578204266,0.6408387768471799,0.7126271994556199,0.00043197579809612654,0.286940824746284,0.6413399679991364,0.0002329713188719447,0.35842706068199165,f21v,False,1.0,osho,H,chto,l
1.0204524768018681,0.8784164922094875,0,0,B,crossed_layout,1,f34,2,f34r.1:2:drawing,2,y,drawing,yl,f34r.1,1.8092837264101038,1.5690407350810602,0.28533255657555173,0.0007330032850085721,0.7139344401394397,0.337032416552601,0.0004796624772793391,0.6624879209701197,f34r,True,0.25,yfody,H,y,l
0.0002652276172335144,0.0002941316870928819,1,1,B,crossed_layout,1,f34,2,f34r.5:9:line,9,o,line,okaiin,f34r.5,0.016952795216015847,0.017896357443601022,0.00033993617915463074,0.9883179886008128,0.01134207522003252,0.00041277256881895255,0.9876718127911707,0.011915414640010195,f34r,False,1.0,oteol,H,okaii,n
0.8208449792842318,0.7048031409346581,0,0,B,crossed_layout,1,f34,2,f34r.12:2:uncertain,2,a,uncertain,okor,f34r.12,1.4775193456561078,1.3000340514047564,0.6403899467351927,0.0005043043560815895,0.3591057489087257,0.593384710349842,0.0004986770074190198,0.406116612642739,f34r,False,0.16666666666666666,ar,H,oko,r
1.125077769267467,0.8512929167416741,0,0,B,crossed_layout,1,f34,2,f34r.14:8:uncertain,8,ch,uncertain,qokal,f34r.14,2.02601274497418,1.539452540127816,0.24553272973504112,0.00896303053860261,0.7455042397263563,0.3440159736026289,0.0071958533020045025,0.6487881730953665,f34r,False,0.6666666666666666,chedy,H,qoka,l
0.04392432752389941,0.02101692356715809,1,1,B,crossed_layout,1,f34,2,f34v.1:9:line,9,t,line,spaiin,f34v.1,0.2351876690854285,0.16663611680643417,0.0045637318645928735,0.8495744773504793,0.1458617907849278,0.014738801113730883,0.8909175836099755,0.09434361527629358,f34v,True,1.0,tol,H,spaii,n
0.3056029524497462,0.10724137995642888,1,1,B,crossed_layout,1,f34,2,f34v.6:7:uncertain,7,a,uncertain,lr,f34v.6,0.7171026577477804,0.3816126046813265,0.39010973605865906,0.0015723721970837595,0.6083178917442572,0.23069228894661178,0.0017285788603162114,0.767579132193072,f34v,True,0.7777777777777778,ar,H,l,r
1.0607831218363837,1.3524533212120984,0,0,B,crossed_layout,1,f34,2,f34v.9:8:uncertain,8,sh,uncertain,kal,f34v.9,1.8891622875566465,2.4966318885044685,0.2699637702517463,0.003525530773971238,0.7265106989742824,0.17718987975877126,0.0009610442944482238,0.8218490759467805,f34v,False,0.8,shs,H,ka,l
1.13501774266088,1.3875271823113189,0,0,B,crossed_layout,1,f34,2,f34v.11:5:uncertain,5,sh,uncertain,okal,f34v.11,2.0333575336622456,2.5864964144240505,0.2442858943273898,0.004787335228422459,0.7509267704441877,0.16648955617803232,0.0011726835561593001,0.8323377602658083,f34v,False,0.8333333333333334,shedy,H,oka,l
0.027344474890009293,0.0011389405157603066,1,1,B,crossed_layout,1,f39,2,f39v.14:0:uncertain,0,a,uncertain,tar,f39v.14,0.18038498432680328,0.035330030326022464,0.11631465033790404,0.001217871947209158,0.8824674777148869,0.023521553889904245,0.0006699364228880925,0.9758085096872077,f39v,False,0.0,aiin,H,ta,r
1.6132238345100736,1.7992197502082576,0,0,A,crossed_layout,1,f42,1,f42r.7:5:line,5,y,line,shan,f42r.7,7.624382441067114,8.634268709628614,0.2440995386147831,0.005067948428227606,0.7508325129569893,0.10710391362254502,0.0025166691634863317,0.8903794172139686,f42r,True,1.0,yshol,H,sha,n
0.846429703060222,0.8078002712774577,0,0,A,crossed_layout,1,f42,1,f42r.10:6:drawing,6,sh,drawing,chol,f42r.10,1.529941228812576,1.4938270669955578,0.34629147364485396,0.006364445152025777,0.6473440812031204,0.3550693985524281,0.01923514865100203,0.6256954527965699,f42r,False,0.75,shol,H,cho,l
0.8327483740459691,0.7954611280178681,0,0,A,crossed_layout,1,f42,1,f42r.10:7:uncertain,7,d,uncertain,shol,f42r.10,1.5015526506505736,1.4466318858918483,0.3531730956585698,0.00312388960576623,0.643703014735664,0.36687693541224287,0.004957692740850876,0.6281653718469064,f42r,False,0.875,dain,H,sho,l
0.27709077796514847,0.7447465406955581,1,0,A,crossed_layout,1,f42,1,f42r.17:0:uncertain,0,sh,uncertain,shotol,f42r.17,0.6738864186111708,1.364157358873775,0.6268158566248622,0.0019421723304403954,0.37124197104469736,0.3884612615005286,0.002638128969827564,0.6089006095296439,f42r,False,0.0,shol,H,shoto,l
0.8598120534068026,0.46100535426735184,0,1,A,crossed_layout,1,f42,1,f42v.3:5:drawing,5,d,drawing,chol,f42v.3,1.5511222080507947,0.960099680092071,0.3412445220493923,0.00621068943907549,0.6525447885115322,0.514021396833671,0.01196706221635873,0.4740115409499703,f42v,False,0.625,dl,H,cho,l
1.4082646646840697,1.445687743381317,0,0,A,crossed_layout,1,f42,1,f42v.5:3:drawing,3,s,drawing,chetan,f42v.5,4.68814609776105,5.67096045788871,0.3748227345020954,0.03879068068568042,0.5863865848122242,0.5348692126580584,0.019627762665586235,0.44550302467635533,f42v,False,0.42857142857142855,s,H,cheta,n
0.00026772558988016556,0.00012578817443753584,1,1,A,crossed_layout,1,f42,1,f42v.8:1:paragraph,1,p,paragraph,saiin,f42v.8,0.017058463601908862,0.01165526594940374,0.00037825209139381833,0.9882456031422295,0.011376144766376594,0.0002366775014537356,0.9919537311890999,0.007809591309446217,f42v,False,1.0,posheor,H,saii,n
1.7067554904739303e-05,1.0814230345103607e-06,1,1,A,crossed_layout,1,f42,1,f42v.11:9:uncertain,9,d,uncertain,teaiin,f42v.11,0.004267355892091817,0.0010764102141660743,6.565152371742931e-05,0.9970464645879972,0.0028878838882853597,2.1473472019094583e-05,0.9992541675663056,0.0007243589616752671,f42v,False,0.9,d,H,teaii,n
0.7712955428998765,0.842595226017212,0,0,A,crossed_layout,1,f42,1,f42v.14:7:line,7,ch,line,aral,f42v.14,1.4727477546106729,1.5519775503144038,0.3602954269009914,0.039261274902481526,0.6004432981965271,0.3410422656155109,0.02024005780740709,0.638717676577082,f42v,False,1.0,chokey,H,ara,l
7.918878058355697e-05,2.198428088186147e-05,1,1,A,crossed_layout,1,f53,1,f53v.9:5:line,5,y,line,shodaiin,f53v.9,0.009209768624480932,0.0048454438823149724,0.0001444577722570189,0.9936366075286669,0.006218934699076091,7.638450537655738e-05,0.9966470280417454,0.0032765874528781266,f53v,False,1.0,ychocthy,H,shodaii,n
7.918878058355697e-05,0.00011466592743463873,1,1,A,crossed_layout,1,f53,1,f53v.10:2:line,2,o,line,shodaiin,f53v.10,0.009209768624480932,0.01105075755822558,0.0001444577722570189,0.9936366075286669,0.006218934699076091,0.00011877039559933685,0.9923694600744084,0.007511769529992285,f53v,False,1.0,otsho,H,shodaii,n
0.6863759128903599,0.17357485970713926,0,1,A,crossed_layout,1,f58,3,f58r.8:7:uncertain,7,d,uncertain,kal,f58r.8,1.283398667508807,0.5073812617828622,0.41082655209841107,0.006760487028245583,0.5824129608733434,0.7034982492396857,0.003847053752677378,0.2926546970076369,f58r,False,0.7777777777777778,dy,S,ka,l
0.2807651424524723,0.042350045446651864,1,1,A,crossed_layout,1,f58,3,f58r.12:8:line,8,y,line,shar,f58r.12,0.6871792852113379,0.22990674734399846,0.37026995709144045,0.008663087447888887,0.6210669554606707,0.14365390395597888,0.003656090037954305,0.8526900060060668,f58r,False,1.0,ytar,S,sha,r
0.6285269109579257,0.01783989175418968,0,1,A,crossed_layout,1,f58,3,f58r.17:9:uncertain,9,a,uncertain,olar,f58r.17,1.1912521166469505,0.14534253476856163,0.55909483695277,0.0029825409058537897,0.43792262214137617,0.09299137023941546,0.0028439508015452642,0.9041646789590392,f58r,False,0.9,aly,S,ola,r
1.2319037419709078,1.8842079477588531,0,0,A,crossed_layout,1,f58,3,f58r.27:5:uncertain,5,a,uncertain,tal,f58r.27,2.2262420541195684,5.120589884691309,0.21371468460084617,0.0029267904207156835,0.7833585249784382,0.02874410887653862,0.0012722195215558916,0.9699836716019055,f58r,False,0.45454545454545453,al,S,ta,l
0.4646530140316318,0.0035083292926613285,1,1,A,crossed_layout,1,f58,3,f58r.27:9:uncertain,9,a,uncertain,chor,f58r.27,0.9551231102353848,0.06289525945624462,0.4797722345749633,0.004430192471047658,0.515797572953989,0.0410606968829174,0.0015983439046233531,0.9573409592124593,f58r,False,0.8181818181818182,ar,S,cho,r
0.4374128617871482,0.0032821793037273554,1,1,A,crossed_layout,1,f58,3,f58r.29:6:uncertain,6,a,uncertain,chor,f58r.29,0.9152366374896541,0.06072289210805559,0.4655498766465342,0.004193234981444255,0.5302568883720216,0.039765316293826077,0.0014511030522439733,0.95878358065393,f58r,False,0.5,ar,S,cho,r
0.8265778317886281,1.2201405010534563,0,0,A,crossed_layout,1,f58,3,f58r.31:2:uncertain,2,o,uncertain,okal,f58r.31,1.5022210949214563,2.209206703242584,0.3530094977785755,0.008310569660668237,0.6386799325607563,0.21625318658474244,0.005381557022799962,0.7783652563924576,f58r,False,0.2,or,S,oka,l
0.5764455840450369,0.7090656633734314,0,0,A,crossed_layout,1,f58,3,f58r.31:4:uncertain,4,o,uncertain,chol,f58r.31,1.1168870294775355,1.3077207993781716,0.4610876631040029,0.004120697998814331,0.5347916388971827,0.4039585581785242,0.0012316014837482146,0.5948098403377275,f58r,False,0.4,ol,S,cho,l
0.7158909798652493,1.1887751534677364,0,0,A,crossed_layout,1,f58,3,f58r.31:10:line,10,o,line,qokal,f58r.31,1.3487005240733911,2.1772487910290175,0.39264555659358824,0.0185703557941393,0.5887840876122725,0.22109697763659408,0.0161284097685544,0.7627746125948515,f58r,False,1.0,oqotaly,S,qoka,l
0.5430951717007642,0.015136548123159902,0,1,A,crossed_layout,1,f58,3,f58r.32:6:uncertain,6,t,uncertain,chol,f58r.32,1.068779267268604,0.13419503815469644,0.47672220569093726,0.00437862362271752,0.5188991706863453,0.9111780900102912,0.0037750682576981514,0.08504684173201073,f58r,False,0.75,taly,S,cho,l
0.5536286146551881,1.7402494542312663,0,0,A,crossed_layout,1,f58,3,f58r.35:5:uncertain,5,a,uncertain,shol,f58r.35,1.0805556138882049,3.906440209903317,0.47284668453674283,0.0020497110804930437,0.525103604382764,0.06668748215440604,0.0010163388770908688,0.932296178968503,f58r,False,0.625,ar,S,sho,l
0.25821487604869975,0.0967211101699554,1,1,A,crossed_layout,1,f58,3,f58r.39:2:uncertain,2,o,uncertain,okar,f58r.39,0.6516256277925039,0.3632501513563105,0.35504611208956616,0.008391256857457731,0.6365626310529762,0.21713026797631363,0.005458504488162571,0.7774112275355238,f58r,False,0.25,olol,S,oka,r
0.7770289315378959,0.6728132038707015,0,0,A,crossed_layout,1,f58,3,f58r.41:4:uncertain,4,s,uncertain,okal,f58r.41,1.425863770251944,1.2581097356768214,0.3721964576261649,0.00908789370412289,0.6187156486697122,0.41809139747203916,0.003824738760713491,0.5780838637672474,f58r,False,0.6666666666666666,s,S,oka,l
0.7419880756427303,0.40542631909594673,0,1,A,crossed_layout,1,f58,3,f58v.4:11:line,11,f,line,okal,f58v.4,1.372855004489627,0.8757367309155851,0.38612637154306884,0.009676971607222183,0.6041966568497089,0.5449754964635881,0.009733268773852853,0.4452912347625591,f58v,False,1.0,faiir,S,oka,l
0.47643924095841167,1.5632738892768223,1,0,A,crossed_layout,1,f58,3,f58v.8:5:uncertain,5,a,uncertain,ytal,f58v.8,0.9699144237442834,3.1248212132081012,0.5105363454094123,0.0027842738765308287,0.4866793807140569,0.1146397113108337,0.0025212934196151638,0.8828389952695512,f58v,False,0.5,aiin,S,yta,l
0.35958452048777023,0.1447789561719673,1,1,A,crossed_layout,1,f58,3,f58v.13:9:line,9,sh,line,kar,f58v.13,0.8046409095448693,0.45586411378821495,0.4204552355959759,0.007040203999981861,0.5725045604040422,0.26713922537902707,0.003787417650777663,0.7290733569701953,f58v,False,1.0,shar,S,ka,r
1.2054364446157884,1.8808477220623863,0,0,A,crossed_layout,1,f58,3,f58v.14:8:uncertain,8,a,uncertain,tal,f58v.14,2.1707072157804137,5.080457894334839,0.22210176828782352,0.0031072076447123294,0.7747910240674643,0.02955491958964634,0.0013825661830836127,0.96906251422727,f58v,False,0.7272727272727273,ar,S,ta,l
0.48655884523773396,0.7661567613424664,1,0,A,crossed_layout,1,f58,3,f58v.18:9:line,9,o,line,aral,f58v.18,1.0177992975548513,1.417810997464219,0.4938691312068982,0.026894966916992474,0.4792359018761092,0.37427977659803036,0.013804879025522118,0.6119153443764475,f58v,False,1.0,okain,S,ara,l
1.2214590288342784,0.8146481671067661,0,0,A,crossed_layout,1,f58,3,f58v.24:5:uncertain,5,a,uncertain,okor,f58v.24,2.1968629556495625,1.4684182492646958,0.7810944926556311,0.0007941130688380929,0.2181113942755309,0.6378164568264812,0.0008052512906469265,0.3613782918828718,f58v,False,0.45454545454545453,air,S,oko,r
0.8109318025698716,1.2418161495174482,0,0,A,crossed_layout,1,f58,3,f58v.26:1:uncertain,1,o,uncertain,qokal,f58v.26,1.4918701550328477,2.2803068165365463,0.3555513514232523,0.01566216779211224,0.6287864807846355,0.20585397089968063,0.012486043753084907,0.7816599853472345,f58v,False,0.09090909090909091,ol,S,qoka,l
0.5828966337533382,1.8440016361325364,0,0,A,crossed_layout,1,f58,3,f58v.33:1:uncertain,1,a,uncertain,chol,f58v.33,1.1262165211832413,4.676603235135357,0.4581155627144289,0.004072851072350445,0.5378115862132208,0.03910228604673188,0.0013794407582684123,0.9595182731949997,f58v,False,0.3333333333333333,ar,S,cho,l
0.7871004944533673,1.1381754091639598,0,0,A,crossed_layout,1,f58,3,f58v.36:4:uncertain,4,sh,uncertain,okal,f58v.36,1.441245010906231,2.0374877934261133,0.368249376860271,0.008924810920970392,0.6228258122187585,0.2435875337742056,0.004083472129769548,0.7523289940960248,f58v,False,0.5714285714285714,shokey,S,oka,l
0.916375358388987,1.3464453802782874,0,0,B,crossed_layout,1,f78,2,f78r.22:4:line,4,s,line,lr,f78r.22,1.6518352531834464,2.510527932009333,0.6719188918354881,0.00984603595092251,0.3182350722135894,0.8164347663040462,0.008073854344860536,0.17549137935109327,f78r,False,1.0,sain,B,l,r
0.3568053558244155,0.11490566916299529,1,1,B,crossed_layout,1,f78,2,f78r.26:7:line,7,d,line,anl,f78r.26,0.8355109197029613,0.4254320521678216,0.5603845478555913,0.03689690466158322,0.40271854748282543,0.7446157038269261,0.03529636607980577,0.22008793009326816,f78r,False,1.0,daiin,B,an,l
0.49655708772723334,0.23560861291845264,1,1,B,crossed_layout,1,f78,2,f78v.12:6:uncertain,6,s,uncertain,qokal,f78v.12,1.0349966637057773,0.6238925712509229,0.4880170089470931,0.028651207592251322,0.48333178346065564,0.6489177026358787,0.016292218332829223,0.33479007903129204,f78v,False,0.8571428571428571,sain,B,qoka,l
0.045000813190701136,0.015960868840140773,1,1,B,crossed_layout,1,f78,2,f78v.14:4:uncertain,4,ch,uncertain,okol,f78v.14,0.23539121060793877,0.13558982889404564,0.8494546242423198,0.001094025354939717,0.1494513504027406,0.9102975930428868,0.0007428929277575498,0.08895951402935559,f78v,False,0.5714285714285714,chedy,B,oko,l
0.6276933030166307,0.05487647286013707,0,1,B,crossed_layout,1,f78,2,f78v.31:8:line,8,l,line,sholkal,f78v.31,1.2412685609938028,0.2742869054964289,0.4230005484474792,0.035220480299290806,0.54177897125323,0.8268589165310481,0.016179772869044335,0.15696131059990756,f78v,False,1.0,lol,B,sholka,l
0.018100757291687586,0.03571421820856731,1,1,B,crossed_layout,1,f81,2,f81r.24:0:uncertain,0,o,uncertain,par,f81r.24,0.14520108159413708,0.2080115745392816,0.09450819848276512,0.001238466791984906,0.90425333472525,0.13298128234388965,0.0012890977912193382,0.8657296198648909,f81r,False,0.0,ody,B,pa,r
0.49691130031226716,0.6346224320511362,1,0,B,crossed_layout,1,f81,2,f81v.5:8:line,8,q,line,okar,f81v.5,1.017388886731531,1.2101398812182813,0.49055773866401137,0.015432616670763715,0.4940096446652249,0.5587253829874389,0.009047911344877604,0.4322267056676836,f81v,False,1.0,qokain,B,oka,r
0.016716413689593375,0.013015744875366445,1,1,B,crossed_layout,1,f81,2,f81v.9:0:uncertain,0,o,uncertain,yar,f81v.9,0.13924979583627753,0.12204190951143049,0.09082617404875445,0.0011826362294333525,0.9079911897218121,0.08022155933549285,0.0008922507205033252,0.918886189944004,f81v,False,0.0,olchey,B,ya,r
0.5038151123146941,0.08903566881589914,0,1,B,crossed_layout,1,f81,2,f81v.13:8:line,8,d,line,okal,f81v.13,1.0275051431892703,0.35051648096433974,0.49055773866401137,0.015432616670763715,0.4940096446652249,0.784303269160026,0.009746252106050514,0.20595047873392344,f81v,False,1.0,dshedy,B,oka,l
0.9528435857870142,0.8931268643436342,0,0,B,crossed_layout,1,f81,2,f81v.22:7:line,7,sh,line,salchtedytar,f81v.22,1.805956613543444,1.6427904018305204,0.6637053585558267,0.050303297597652945,0.2859913438465204,0.656116806322964,0.023646707005021837,0.320236486672014,f81v,False,1.0,shol,B,salchtedyta,r
0.0014988958050987408,4.6744154694730826e-05,1,1,A,crossed_layout,1,f87,1,f87r.1:6:line,6,d,line,saiin,f87r.1,0.040654111254247165,0.007135587089092418,0.0008391002494474742,0.9722140501188614,0.02694684963169114,0.0002052006838871043,0.9950661993044316,0.004728600011681277,f87r,True,1.0,dcheeckhos,H,saii,n
0.2590112844362045,1.334046870594987,1,0,A,crossed_layout,1,f87,1,f87r.5:8:line,8,t,line,chor,f87r.5,0.651003795872721,2.477045777031158,0.3564818766470504,0.00668106127292654,0.636837062080023,0.8129916362288339,0.007396540916244846,0.17961182285492128,f87r,False,1.0,tos,H,cho,r
0.045682521151903445,0.02547021216009694,1,1,A,crossed_layout,1,f93,1,f93r.1:7:line,7,y,line,oar,f93r.1,0.2383162725678829,0.17379886426005273,0.14997455422956824,0.002291344694118841,0.847734101076313,0.11219389245017185,0.0013008233544711141,0.886505284195357,f93r,True,1.0,ycham,H,oa,r
0.16219806610841125,0.08762766072548231,1,1,A,crossed_layout,1,f93,1,f93r.2:10:line,10,d,line,cthoshol,f93r.2,0.4856051627053065,0.3414570231125506,0.7141974249045859,0.0020584705287754477,0.28374410456663873,0.7892438270561537,0.002907568578780732,0.20784860436506555,f93r,False,1.0,dsho,H,cthosho,l
0.03322823669907463,0.014809044769689285,1,1,A,crossed_layout,1,f93,1,f93r.6:0:uncertain,0,o,uncertain,tar,f93r.6,0.2018160661819493,0.13258962756240092,0.12718109797580826,0.003363499342187163,0.8694554026820045,0.08417674065468193,0.0036306589100615727,0.9121926004352566,f93r,False,0.0,otor,H,ta,r
0.8197881476444049,1.3557142713023664,0,0,A,crossed_layout,1,f93,1,f93r.30:2:line,2,o,line,cthol,f93r.30,1.4798035088939188,2.5043465641650404,0.35853764052160453,0.0024724723147034875,0.6389898871636919,0.17624490242912125,0.0008692884418336395,0.8228858091290452,f93r,False,1.0,ol,H,ctho,l
0.9427982818466627,1.0835670706454779,0,0,A,crossed_layout,1,f93,1,f93v.1:4:drawing,4,o,drawing,opor,f93v.1,1.6742695455352545,1.9220299837195103,0.6864949344429246,0.0001803558527388428,0.3133247097043366,0.7360018605757405,0.00011519438547952896,0.26388294503877996,f93v,True,0.5,opchy,H,opo,r
0.0004503124638213925,0.00011848688631901132,1,1,A,crossed_layout,1,f93,1,f93v.1:8:line,8,y,line,shodaiin,f93v.1,0.02204464079274212,0.01126206494648318,0.00032285888424881266,0.984835968999601,0.014841172116150153,0.00016030943567478767,0.9922241212211577,0.00761556934316761,f93v,True,1.0,yteeody,H,shodaii,n
0.18377024441826012,0.020305970125750188,1,1,A,crossed_layout,1,f93,1,f93v.3:9:line,9,s,line,okol,f93v.3,0.5225544177379593,0.15370954736647535,0.6961381678357587,0.0014778921029633242,0.30238394006127794,0.8989360879822761,0.0006065183179371921,0.10045739369978675,f93v,False,1.0,sol,H,oko,l
0.8672524271794655,0.9716354303315935,0,0,A,crossed_layout,1,f93,1,f93v.4:5:drawing,5,ch,drawing,chol,f93v.4,1.5629637094183573,1.7352769631400233,0.3384550833969773,0.006126564938823734,0.655418351664199,0.30035134653058715,0.0053152028502658965,0.694333450619147,f93v,False,0.5555555555555556,chol,H,cho,l
0.30304975760119435,0.030305959193947928,1,1,A,crossed_layout,1,f93,1,f93v.9:7:drawing,7,s,drawing,ytchol,f93v.9,0.7209099856796196,0.19290091307810847,0.6067146337941617,0.00817559221739632,0.38510977398844193,0.874844848779367,0.00422416363484305,0.12093098758578992,f93v,False,0.7777777777777778,sar,H,ytcho,l
0.03459274740634537,0.7014527163706841,1,0,B,crossed_layout,1,f94,3,f94r.1:7:line,7,d,line,oar,f94r.1,0.20694052605218283,1.30389905867581,0.12929696339170507,0.004330465428873334,0.8663725711794215,0.589434357481087,0.005535567876345311,0.4050300746425677,f94r,True,1.0,dor,H,oa,r
0.9380486039588181,0.44911732330765264,0,1,B,crossed_layout,1,f94,3,f94r.4:8:uncertain,8,k,uncertain,chol,f94r.4,1.6943994027944822,0.9354659558267125,0.3089832629414366,0.012497552176252112,0.6785191848823113,0.5228735670257317,0.006568740536165434,0.4705576924381029,f94r,False,0.8,kar,H,cho,l
0.14208357279652029,0.032596984798717615,1,1,B,crossed_layout,1,f94,3,f94r.4:9:uncertain,9,a,uncertain,kar,f94r.4,0.46473780264153214,0.22248687061346556,0.25669044852163947,0.018706795876884633,0.7246027556014759,0.10276706363190523,0.04014619217421237,0.8570867441938825,f94r,False,0.9,am,H,ka,r
0.9028090466003185,1.0006820036729025,0,0,B,crossed_layout,1,f94,3,f94v.6:5:drawing,5,o,drawing,aral,f94v.6,1.7536909485313743,1.8597064362420992,0.2965421427595922,0.06841848826332304,0.6350393689770848,0.2755323393823018,0.035582703912825364,0.6888849567048728,f94v,False,0.5555555555555556,otor,H,ara,l
0.002500221043000995,0.000549518212840385,1,1,B,crossed_layout,1,f94,3,f94v.8:7:uncertain,7,a,uncertain,par,f94v.8,0.05249242150990352,0.02475395467841733,0.03497053961948932,0.0007604568280682689,0.9642690035524425,0.016102518611209135,0.0009092528004047488,0.9829882285883861,f94v,True,0.875,ar,H,pa,r
0.18377024441826012,0.05082354092942387,1,1,A,crossed_layout,1,f96,1,f96r.5:6:line,6,l,line,okol,f96r.5,0.5225544177379593,0.2515100863342668,0.6961381678357587,0.0014778921029633242,0.30238394006127794,0.8400166992986153,0.0011514443183024514,0.1588318563830822,f96r,False,1.0,lor,H,oko,l
0.09683418834353719,0.3054572925671931,1,1,A,crossed_layout,1,f101,1,f101r.2:11:uncertain,11,o,uncertain,okol,f101r.2,0.3589248046158852,0.7152647677069507,0.7797454830318192,0.00043197605087187246,0.2198225409173091,0.609093338949132,0.00020314987726437845,0.3907035111736037,f101r,False,0.4583333333333333,ol,P,oko,l
0.5289379519618276,0.19662412410224683,0,1,A,crossed_layout,1,f101,1,f101r.2:23:uncertain,23,d,uncertain,chol,f101r.2,1.045410764392221,0.5469663726124031,0.4845069399239379,0.00246403016587605,0.5130290299101861,0.6844578602026973,0.004028003192448312,0.31151413660485444,f101r,False,0.9583333333333334,daiin,P,cho,l
0.4795851892609067,0.41258133101064143,1,1,A,crossed_layout,1,f101,1,f101v.25:20:line,20,o,line,olchor,f101v.25,0.9720751678276025,0.8741907775469576,0.4891429192660637,0.001084800269617959,0.5097722804643184,0.45394402838458414,0.0004961810038772448,0.5455597906115386,f101v,True,1.0,olaiin,P,olcho,r
0.3148893515144121,0.07117364099019602,1,1,A,crossed_layout,1,f101,1,f101v.26:21:uncertain,21,a,uncertain,qokar,f101v.26,0.74111950030374,0.3463003903473903,0.3916697656083486,0.010055310717596003,0.5982749236740554,0.14453871774560959,0.06886263537172942,0.7865986468826609,f101v,False,0.9545454545454546,ary,P,qoka,r
0.45555942161108054,1.3326544950048809,1,0,B,crossed_layout,1,f115,2,f115r.7:7:paragraph,7,k,paragraph,chorar,f115r.7,0.9372661262886808,2.4485153318420982,0.4767453182315892,0.0010331406546700672,0.5222215411137408,0.8157755853099559,0.0010252706134748545,0.18319914407656937,f115r,False,1.0,kcheor,S,chora,r
0.503986275182398,0.49633224537606635,0,1,B,crossed_layout,1,f115,2,f115r.12:5:uncertain,5,o,uncertain,chol,f115r.12,1.0064540239680233,0.9949663211011059,0.49776820153771495,0.0004855877139538572,0.5017462107483311,0.5017475871313741,0.00017937980063711687,0.4980730330679888,f115r,False,0.625,o,S,cho,l
0.5536066620072579,0.18555008427444775,0,1,B,crossed_layout,1,f115,3,f115r.27:5:uncertain,5,k,uncertain,chol,f115r.27,1.08123533581132,0.5250662287898451,0.47262395655462974,0.0025190867331669536,0.5248569567122033,0.6949272076527715,0.0009679770873069627,0.3041048152599215,f115r,False,0.45454545454545453,kchedshedy,S,cho,l
0.28244958873917625,1.2358502340286628,1,0,B,crossed_layout,1,f115,3,f115r.37:9:line,9,d,line,pchar,f115r.37,0.6835633194577,2.235472494708879,0.3742032268251663,0.003171225281784673,0.6226255478930489,0.7845065361827074,0.0031417723799313972,0.21235169143736118,f115r,True,1.0,dor,S,pcha,r
0.2867811427280465,0.05811425317387286,1,1,B,crossed_layout,1,f115,3,f115r.40:6:uncertain,6,a,uncertain,qokar,f115r.40,0.6918313281369187,0.27884716540052734,0.37636515146099964,0.0045673294272650595,0.6190675191117353,0.16462763742071074,0.011122963848188871,0.8242493987311004,f115r,True,0.6666666666666666,aiir,S,qoka,r
1.1786508888894864,1.9262710353774866,0,0,B,crossed_layout,1,f115,3,f115r.41:4:paragraph,4,t,paragraph,okchor,f115r.41,2.1241978646369697,5.845851697954282,0.764694895005521,0.005926595679518979,0.22937850931496007,0.980171750365405,0.002441304298751631,0.01738694533584311,f115r,False,1.0,tcheodl,S,okcho,r
0.002805834173261819,0.0021258645630088282,1,1,B,crossed_layout,1,f115,3,f115v.7:3:uncertain,3,sh,uncertain,roiin,f115v.7,0.05638053048128838,0.04897874622925302,0.0018067932104877226,0.9616737666456292,0.03651944014388323,0.001613994269589593,0.9666203372024488,0.03176566852796168,f115v,False,0.3333333333333333,shedy,S,roii,n
0.5031933677177651,0.9650243660533825,0,0,B,crossed_layout,1,f115,3,f115v.19:2:uncertain,2,x,uncertain,lxor,f115v.19,1.00533922655119,1.7122500378278092,0.5013408870836493,0.0005061279422953446,0.4981529849740554,0.6944455207635962,0.0003707479655593811,0.3051837312708444,f115v,False,0.2222222222222222,xoiin,S,lxo,r
0.17645106740193361,0.20458908081436583,1,1,B,crossed_layout,1,f115,3,f115v.24:3:uncertain,3,o,uncertain,soin,f115v.24,0.5724257710508206,0.6166454052286796,0.07557563725290439,0.6724851098194214,0.2519392529276742,0.06637382430629517,0.6521856462712634,0.2814405294224415,f115v,True,0.3333333333333333,opchees,S,soi,n
0.327996119999478,0.07579091496435592,1,1,B,crossed_layout,1,f115,3,f115v.26:9:uncertain,9,a,uncertain,qokar,f115v.26,0.762230289246512,0.3340649557903005,0.39928830468369564,0.011127518683587178,0.5895841766327172,0.17984413088515672,0.026857744121403695,0.7932981249934395,f115v,False,0.9,ar,S,qoka,r
0.46420883858458656,1.0035369688392917,1,0,B,crossed_layout,1,f116,3,f116r.35:9:line,9,q,line,qorar,f116r.35,0.9617081660087672,1.8065229523954676,0.47684631660949867,0.009705058640157164,0.5134486247503441,0.7024471727588179,0.01167372903089204,0.2858790982102902,f116r,False,1.0,qokeey,S,qora,r
1.6211321947489625,1.636140919318104,0,0,A,crossed_layout,1,f5,1,f5r.3:1:uncertain,1,ch,uncertain,otan,f5r.3,8.134988390868335,9.044791640252868,0.2415257836358293,0.003557332662629169,0.7549168837015415,0.23276792302894334,0.0018934176088458658,0.7653386593622108,f5r,False,0.14285714285714285,chy,H,ota,n
4.424696119966038e-05,3.27557689643295e-05,1,1,A,crossed_layout,1,f5,1,f5v.5:7:line,7,o,line,chotaiin,f5v.5,0.006917658616906889,0.005889957859855672,0.00016413195440516306,0.9952165218811119,0.004619346164482806,5.521555855072233e-05,0.9959257148288715,0.004019069612577736,f5v,False,1.0,otol,H,chotaii,n
0.5389941606608428,0.5526369275750045,0,0,A,crossed_layout,1,f20,1,f20r.3:7:line,7,o,line,daral,f20r.3,1.0997855406471235,1.1226393374307209,0.46658584948457044,0.029854614107638427,0.503559536407791,0.45925287645759916,0.031599871694243026,0.5091472518481578,f20r,False,1.0,ochol,H,dara,l
0.39649779453538686,0.24179072181092917,1,1,A,crossed_layout,1,f20,1,f20r.12:7:line,7,o,line,dar,f20r.12,0.8534248222631822,0.6177343838220644,0.4439611673909319,0.002569541342027983,0.5534692912670401,0.3470905626473568,0.0012158896964326457,0.6516935476562105,f20r,False,1.0,ochaiin,H,da,r
0.00010669988172166145,0.00012323235872640923,1,1,A,crossed_layout,1,f20,1,f20v.7:7:line,7,sh,line,soaiin,f20v.7,0.010673085086423974,0.011451201565927839,0.0001351074149372474,0.9926292791473366,0.00723561343772612,0.00011394650716179957,0.9920940496469282,0.007792003845910115,f20v,False,1.0,shain,H,soaii,n
0.14385535737036614,0.3431632677877178,1,1,A,crossed_layout,1,f21,1,f21r.3:0:uncertain,0,sh,uncertain,qotol,f21r.3,0.45174635606725433,0.7749422944131329,0.7311572595425025,0.0013035113116972548,0.26753922914580036,0.5844119993959449,0.0027413382629751844,0.4128466623410799,f21r,False,0.0,shy,H,qoto,l
1.845071725985643e-05,2.1931853451328988e-07,1,1,A,crossed_layout,1,f21,1,f21r.5:7:line,7,d,line,okeoaiin,f21r.5,0.004428971022478468,0.0004880616048710435,5.6578120720151404e-05,0.9969347786359624,0.003008643243317398,1.4673640892088599e-05,0.9996617586911379,0.0003235676679699901,f21r,False,1.0,dchor,H,okeoaii,n
0.11754481736708222,0.28105487669348606,1,1,A,crossed_layout,1,f21,1,f21r.6:2:uncertain,2,y,uncertain,kol,f21r.6,0.4011768434786621,0.6782363158037543,0.7572403308210046,0.0006602589249864534,0.2420994102540089,0.6249287785539279,0.0004029773344240315,0.3746682441116482,f21r,False,0.18181818181818182,y,H,ko,l
0.6155140422876034,0.7493944065367208,0,0,A,crossed_layout,1,f21,1,f21v.3:8:line,8,sh,line,dal,f21v.3,1.1714946031376705,1.3708726003718474,0.4439611673909319,0.002569541342027983,0.5534692912670401,0.38665731164865064,0.0024423789984333874,0.610900309352916,f21v,False,1.0,sho,H,da,l
2.564789402850557e-05,3.837581906672185e-05,1,1,A,crossed_layout,1,f21,1,f21v.7:7:line,7,ch,line,sheaiin,f21v.7,0.005254069889122446,0.006383101338868298,0.00011090943607534834,0.9963647797397801,0.003524310824144461,6.933251429256206e-05,0.9955853446692134,0.004345322816493796,f21v,False,1.0,cho,H,sheaii,n
0.004214536602432465,0.012957899352041672,1,1,B,crossed_layout,1,f34,2,f34r.4:3:drawing,3,sh,drawing,aiin,f34r.4,0.06835917791384463,0.12183212378447805,0.0007551750254273515,0.9537220793269817,0.04552274564759098,0.0009855707236042172,0.9190198170918589,0.07999461218453685,f34r,False,0.375,shy,H,aii,n
0.00023132243891383215,0.00015214919927078593,1,1,B,crossed_layout,1,f34,2,f34r.11:2:drawing,2,ch,drawing,kaldaiin,f34r.11,0.015653417592254505,0.012668815400153716,7.414616410882042e-05,0.9892085279939389,0.010717325841952334,4.1819947307494235e-05,0.9912570897996552,0.008701090253037268,f34r,False,0.25,cheky,H,kaldaii,n
0.002945198821842655,0.0009636421223287929,1,1,B,crossed_layout,1,f34,2,f34r.11:8:line,8,ch,line,aiin,f34r.11,0.05699036216171329,0.032301137507654336,0.000726695624747745,0.9612673500565858,0.0380059543186665,0.00038555174161264525,0.9778593410067761,0.02175510725161117,f34r,False,1.0,char,H,aii,n
0.17356775393024365,0.28547940611035644,1,1,B,crossed_layout,1,f34,2,f34v.7:12:line,12,y,line,otain,f34v.7,0.5130453514432247,0.7033922757591091,0.009567637975947374,0.7007416962212507,0.2896906658028019,0.016681474508515606,0.6141264835578357,0.36919204193364863,f34v,False,1.0,ysheos,H,otai,n
0.705493815938036,0.4230056450591513,0,1,B,crossed_layout,1,f39,2,f39r.12:10:line,10,y,line,dal,f39r.12,1.3024791695514877,0.889371055002922,0.4054288982871594,0.0012943149642029121,0.5932767867486376,0.5398494150955632,0.0005128784148718819,0.459637706489565,f39r,False,1.0,ytor,H,da,l
0.002945198821842655,5.3207642430983486e-05,1,1,B,crossed_layout,1,f39,2,f39r.13:10:line,10,d,line,aiin,f39r.13,0.05699036216171329,0.007742019073567783,0.000726695624747745,0.9612673500565858,0.0380059543186665,0.0004130279913930172,0.994648014488083,0.0049389575205239745,f39r,False,1.0,daiin,H,aii,n
0.74580424016498,0.8840957530667324,0,0,B,crossed_layout,1,f39,2,f39v.4:9:uncertain,9,o,uncertain,dal,f39v.4,1.3631327044266235,1.5787396257704598,0.3887372588056086,0.0012130465706534836,0.6100496946237379,0.3347742280631198,0.0007185039783216904,0.6645072679585585,f39v,False,0.6923076923076923,o,H,da,l
0.03748826662932709,0.12381108346078436,1,1,B,crossed_layout,1,f39,2,f39v.10:6:drawing,6,q,drawing,fchor,f39v.10,0.21279229777102557,0.41297432817333146,0.1366828749641752,0.0004515642209147131,0.8628655608149101,0.2486896446450517,0.00023702713850367644,0.7510733282164447,f39v,False,0.6,qokain,H,fcho,r
1.2205056523776583,1.0242931695400102,0,0,B,crossed_layout,1,f39,2,f39v.12:2:uncertain,2,ch,uncertain,otal,f39v.12,2.198113250364348,1.8182368109390445,0.21792245248100928,0.0017845400781650827,0.7802930074408256,0.28356732130253914,0.0015796230101141318,0.7148530556873468,f39v,False,0.25,chd,H,ota,l
0.6155140422876034,0.7493944065367208,0,0,A,crossed_layout,1,f42,1,f42r.3:4:line,4,sh,line,dal,f42r.3,1.1714946031376705,1.3708726003718474,0.4439611673909319,0.002569541342027983,0.5534692912670401,0.38665731164865064,0.0024423789984333874,0.610900309352916,f42r,False,1.0,shor,H,da,l
0.37202937888784915,0.17801704886368092,1,1,A,crossed_layout,1,f42,1,f42r.11:6:drawing,6,ch,drawing,dar,f42r.11,0.8173349735030353,0.513625579783134,0.4300672962951465,0.002443430959539866,0.5674892727453136,0.29713126831819436,0.0024088056396858433,0.7004599260421198,f42r,False,0.75,chy,H,da,r
0.6155140422876034,0.37737249169334575,0,1,A,crossed_layout,1,f42,1,f42r.12:7:line,7,q,line,dal,f42r.12,1.1714946031376705,0.8247052158592221,0.4439611673909319,0.002569541342027983,0.5534692912670401,0.5645975541563176,0.002051556885287189,0.43335088895839524,f42r,False,1.0,qopor,H,da,l
4.864291488678154e-06,4.267324942832312e-06,1,1,A,crossed_layout,1,f42,1,f42r.17:5:line,5,q,line,chkaiin,f42r.17,0.002303602194007971,0.0021564857196826326,7.452715704019821e-05,0.9984045387377803,0.001520934105179486,6.827274108990117e-05,0.9985063546037775,0.00142537265513254,f42r,False,1.0,qody,H,chkaii,n
1.503559351561651,1.5446662739853074,0,0,A,crossed_layout,1,f42,1,f42v.2:6:drawing,6,d,drawing,dan,f42v.2,8.70133237473057,8.325579336987092,0.4254579302654453,0.002402359252363938,0.5721397104821907,0.6627627852590684,0.0031171010991537496,0.3341201136417779,f42v,False,0.6666666666666666,dain,H,da,n
0.09222056949045648,0.016010357820541977,1,1,A,crossed_layout,1,f42,1,f42v.4:7:uncertain,7,d,uncertain,kol,f42v.4,0.3494052279577297,0.1359244254803101,0.7849076208018617,0.000720462110830228,0.21437191708730796,0.9100864970446889,0.0008903198090948483,0.08902318314621632,f42v,False,0.875,dg,H,ko,l
3.1527746643867177e-06,2.2934236931783655e-06,1,1,A,crossed_layout,1,f42,1,f42v.5:7:line,7,o,line,chetaiin,f42v.5,0.0018467919382659523,0.0015589953428015969,4.89029807255889e-05,0.9987207203516608,0.0012303766676136413,1.860905656261152e-05,0.9989199704258505,0.0010614205175869603,f42v,False,1.0,okeokear,H,chetaii,n
0.1286239837637562,0.25729591392934553,1,1,A,crossed_layout,1,f45,1,f45r.5:0:uncertain,0,sh,uncertain,kol,f45r.5,0.4222114111585297,0.6414037177664104,0.7462798245000158,0.00024434508711862116,0.25347583041286564,0.6410888766386805,0.00047215152678670646,0.35843897183453277,f45r,True,0.0,sho,H,ko,l
0.39649779453538686,0.03036050869386766,1,1,A,crossed_layout,1,f45,1,f45r.7:4:paragraph,4,t,paragraph,dar,f45r.7,0.8534248222631822,0.1911629958289918,0.4439611673909319,0.002569541342027983,0.5534692912670401,0.12229587159485023,0.001804778124023595,0.8758993502811262,f45r,False,1.0,tchol,H,da,r
0.6155140422876034,0.24900612939850025,0,1,A,crossed_layout,1,f45,1,f45r.10:8:line,8,l,line,dal,f45r.10,1.1714946031376705,0.6294206453469346,0.4439611673909319,0.002569541342027983,0.5534692912670401,0.6464359576896642,0.001432610867789155,0.35213143144254655,f45r,False,1.0,l,H,da,l
0.11923263040646093,0.06691397292549259,1,1,A,crossed_layout,1,f45,1,f45v.1:2:uncertain,2,ch,uncertain,kol,f45v.1,0.4040957603082936,0.2915660411813609,0.7557098015088418,0.00025154160575399924,0.24403865688540421,0.8170147099970377,0.00014564617478096545,0.18283964382818121,f45v,True,0.2222222222222222,chey,H,ko,l
0.12157986315375052,0.13633373895208256,1,1,A,crossed_layout,1,f45,1,f45v.3:5:uncertain,5,ch,uncertain,qotol,f45v.3,0.40975638946157233,0.43752031723553386,0.7527504708818424,0.0013926724555223052,0.24585685666263513,0.7384026740938534,0.0010219362833569536,0.26057538962278964,f45v,False,0.5,chy,H,qoto,l
0.9372311304239613,1.1823051147553765,0,0,A,crossed_layout,1,f45,1,f45v.10:3:drawing,3,y,drawing,tsholol,f45v.10,1.6675864678513925,2.1160023056936557,0.3147795084171368,0.0013329045450704733,0.6838875870377926,0.23068525448542845,0.0009013641683962627,0.7684133813461752,f45v,False,0.75,ytchord,H,tsholo,l
0.6155140422876034,0.27938340091011127,0,1,A,crossed_layout,1,f53,1,f53r.6:8:line,8,s,line,dal,f53r.6,1.1714946031376705,0.6763105062764949,0.4439611673909319,0.002569541342027983,0.5534692912670401,0.6257635339059217,0.0009677534905323085,0.373268712603546,f53r,False,1.0,sodar,H,da,l
1.5629671589630494,1.698794216524597,0,0,A,crossed_layout,1,f58,3,f58r.1:0:uncertain,0,ch,uncertain,kor,f58r.1,3.108802386735769,3.674770667013722,0.8839508793479671,0.00012942532581660779,0.11591969532621636,0.9215588059787619,0.0001372202783717793,0.07830397374286631,f58r,True,0.0,cholfy,S,ko,r
0.2252041141717984,0.3279293051928449,1,1,A,crossed_layout,1,f58,3,f58r.1:7:uncertain,7,m,uncertain,dal,f58r.1,0.5904970052821219,0.7494934706392932,0.6641140817888347,0.0006481757246268004,0.3352377424865386,0.5948123591055073,0.0005248115760460949,0.40466282931844655,f58r,True,0.875,m,S,da,l
0.0008155672382076675,0.000637968316458698,1,1,A,crossed_layout,1,f58,3,f58r.4:2:uncertain,2,sh,uncertain,aiin,f58r.4,0.030116868998784522,0.026557243306223936,0.0009654029212725853,0.9793409604919496,0.019693636586777967,0.0007850003045092863,0.9817603155006056,0.017454684194885058,f58r,False,0.25,shalom,S,aii,n
1.5092541127215342,1.2783378041185711,0,0,A,crossed_layout,1,f58,3,f58r.5:1:uncertain,1,a,uncertain,dchair,f58r.5,2.980721788363912,2.324851170869045,0.009326565326347909,0.8639918950369173,0.12668153963673465,0.001852056005605021,0.7985527581295748,0.19959518586482008,f58r,False,0.08333333333333333,am,S,dchai,r
1.0145489165754953,0.05756342765104435,0,1,A,crossed_layout,1,f58,3,f58r.5:9:uncertain,9,a,uncertain,ar,f58r.5,1.8142193499143362,0.2739911512699188,0.7087724272510029,0.0068695033732599255,0.2843580693757374,0.1661246120845639,0.006846946931686368,0.8270284409837496,f58r,False,0.75,ary,S,a,r
0.5384936206153866,0.5951557747788552,0,0,A,crossed_layout,1,f58,3,f58r.10:7:uncertain,7,ch,uncertain,otal,f58r.10,1.0604576954696734,1.1435963012637607,0.4794799203705271,0.003275710847795849,0.517244368781677,0.452629869807969,0.0037455481304610717,0.5436245820615699,f58r,False,0.6363636363636364,cheam,S,ota,l
0.2072994395408927,0.11160807427661393,1,1,A,crossed_layout,1,f58,3,f58r.11:6:line,6,sh,line,orar,f58r.11,0.5831963325625095,0.41658604316352493,0.3102173937591962,0.0222992968168112,0.6674833094239926,0.21828301971920472,0.03252157501082507,0.7491954052699702,f58r,False,1.0,shoar,S,ora,r
0.4966258551998709,0.1538237711110224,1,1,A,crossed_layout,1,f58,3,f58r.18:9:line,9,t,line,otal,f58r.18,1.0001593387406416,0.4721684791726286,0.4999447804500084,0.0035088262096400176,0.4965463933403515,0.720880245796744,0.0036150071519065546,0.2755047470513495,f58r,False,1.0,todal,S,ota,l
0.17681681894793308,0.26246619716883485,1,1,A,crossed_layout,1,f58,3,f58r.27:6:uncertain,6,ch,uncertain,al,f58r.27,0.5158464932136597,0.6620718890012072,0.6993824536589692,0.006676508000428442,0.2939410383406024,0.6319700575896492,0.01182737089233961,0.35620257151801105,f58r,False,0.5454545454545454,chear,S,a,l
1.0353001992470663,0.05846304958391903,0,1,A,crossed_layout,1,f58,3,f58r.27:10:uncertain,10,a,uncertain,ar,f58r.27,1.8518546453064797,0.27658944695294185,0.7159427014319657,0.007021301022730215,0.2770359975453041,0.16725725147593812,0.007202446387684183,0.8255403021363777,f58r,False,0.9090909090909091,am,S,a,r
1.561207664535237,1.0388884140672305,0,0,A,crossed_layout,1,f58,3,f58r.29:3:uncertain,3,d,uncertain,alol,f58r.29,3.1144908464602103,1.8449955627632624,0.11546353084915503,0.0020407271156593246,0.8824957420351855,0.2783562606845524,0.0018414493508092968,0.7198022899646384,f58r,False,0.25,daly,S,alo,l
0.992684684853716,0.05663757718206265,0,1,A,crossed_layout,1,f58,3,f58r.29:7:uncertain,7,a,uncertain,ar,f58r.29,1.7752075939358007,0.271312274881582,0.7011356678905128,0.006712061704710497,0.29215227040477654,0.16494133012238885,0.006493129845071585,0.8285655400325395,f58r,False,0.5833333333333334,aldam,S,a,r
4.336475071384398e-06,5.519103508070392e-06,1,1,A,crossed_layout,1,f58,3,f58r.37:5:uncertain,5,o,uncertain,chkaiin,f58r.37,0.002237324244466573,0.0024558791656881683,0.00016873684700770552,0.9984504068691429,0.001380856283849528,8.235944545571247e-05,0.9982991623470518,0.0016184782074925956,f58r,False,0.8333333333333334,olfcham,S,chkaii,n
0.9320554532535604,0.05417547737889643,0,1,A,crossed_layout,1,f58,3,f58r.40:1:uncertain,1,a,uncertain,ar,f58r.40,1.670173023805022,0.26416101025358285,0.6794966915623842,0.006287651253236216,0.3142156571843797,0.161706410356017,0.005610754520682074,0.8326828351233009,f58r,False,0.125,airaly,S,a,r
0.0011106376276154358,0.00012109120286355062,1,1,A,crossed_layout,1,f58,3,f58v.1:8:line,8,d,line,opaldaiin,f58v.1,0.03711343493543251,0.012953227245918391,0.004239008384226096,0.9746029976659782,0.02115799394979567,0.0036781999254956923,0.9910616933623597,0.005260106712144707,f58v,True,1.0,dair,S,opaldaii,n
0.3186436388714803,0.5061004523645722,1,0,A,crossed_layout,1,f58,3,f58v.11:0:uncertain,0,sh,uncertain,tchol,f58v.11,0.7382210499650174,1.02202365741802,0.5994780977283387,0.002755321377442556,0.3977665808942188,0.4924251465582659,0.009193779425014849,0.4983810740167192,f58v,False,0.0,shol,S,tcho,l
0.1529347344447986,0.042768873795662354,1,1,A,crossed_layout,1,f58,3,f58v.16:8:line,8,d,line,al,f58v.16,0.4739575319283077,0.23146676232657867,0.7199868529277942,0.007108697998385031,0.2729044490738207,0.8517684735855265,0.004080073516496822,0.14415145289797668,f58v,False,1.0,daiin,S,a,l
0.07453293780868377,0.2063956463787458,1,1,A,crossed_layout,1,f58,3,f58v.20:9:line,9,o,line,chkalarol,f58v.20,0.33629585759968283,0.5842132764194284,0.7920723617231862,0.03438622335634686,0.1735414149204669,0.6670129717224904,0.02493945224522354,0.308047576032286,f58v,False,1.0,olain,S,chkalaro,l
0.21683231497351696,0.0992532142445482,1,1,A,crossed_layout,1,f58,3,f58v.23:7:line,7,q,line,dal,f58v.23,0.5768968965882091,0.3639519372912073,0.6704042050773203,0.0006604049018283556,0.3289353900208512,0.777033154848051,0.0003936093863115636,0.2225732357656374,f58v,True,1.0,qokal,S,da,l
1.0115745486150498,0.05743618455743537,0,1,A,crossed_layout,1,f58,3,f58v.24:8:uncertain,8,a,uncertain,ar,f58v.24,1.8088743706580097,0.2736232833304858,0.7077385325089806,0.0068479380885393595,0.28541352940248016,0.16596305220349636,0.006797598733551588,0.827239349062952,f58v,False,0.7272727272727273,als,S,a,r
0.018152535382788222,0.07416519034200275,1,1,A,crossed_layout,1,f58,3,f58v.32:8:uncertain,8,o,uncertain,kol,f58v.32,0.14473540296088946,0.3087965300974571,0.9045452601933204,0.00037167143184206874,0.09508306837483774,0.8073149258050681,0.00023352707305888197,0.192451547121873,f58v,False,0.8888888888888888,olchedy,S,ko,l
0.1819052217127443,0.29265590364905736,1,1,B,crossed_layout,1,f78,2,f78r.15:4:uncertain,4,o,uncertain,dal,f78r.15,0.5206089358180059,0.6977410805715119,0.6970775470865405,0.002695970106190028,0.3002264828072696,0.616536802214374,0.0018765652946882065,0.3815866324909378,f78r,False,0.5714285714285714,or,B,da,l
0.000318781220841652,0.00012918435925780836,1,1,B,crossed_layout,1,f78,2,f78r.25:4:line,4,s,line,raiin,f78r.25,0.01892506506765589,0.012703786602127556,0.000858172000661717,0.9869678085873596,0.012174019411978643,0.0017476056626176384,0.9912330618306335,0.007019332506748805,f78r,False,1.0,sol,B,raii,n
0.4584454147692004,0.5895039127874503,1,0,B,crossed_layout,1,f78,2,f78r.31:3:uncertain,3,sh,uncertain,otal,f78r.31,0.9474170983024752,1.1348634222277432,0.5185600254541688,0.005381145245973062,0.4760588292998582,0.45537802470899164,0.003439021058588819,0.5411829542324196,f78r,False,0.42857142857142855,shedy,B,ota,l
0.18027023228873584,0.027532378976628576,1,1,B,crossed_layout,1,f78,2,f78v.2:6:uncertain,6,d,uncertain,dal,f78v.2,0.5178113699274209,0.1812831840768287,0.6984305789468607,0.0027069290783601893,0.29886249197477915,0.8819182380236426,0.001519471019946479,0.11656229095641087,f78v,False,0.6,dal,B,da,l
0.15858453343531173,0.05343220950334082,1,1,B,crossed_layout,1,f78,2,f78v.2:10:line,10,q,line,dal,f78v.2,0.47997339367533276,0.2586589045389684,0.7169908467021117,0.0028624795793125496,0.28014667371857566,0.8358645584819624,0.0013783634686700135,0.16275707804936754,f78v,False,1.0,qokedy,B,da,l
0.09522489228257211,0.0238021216836327,1,1,B,crossed_layout,1,f78,2,f78v.9:9:line,9,d,line,rorarol,f78v.9,0.35578189417479245,0.1671723979168269,0.7814460098111454,0.0007041570055037858,0.2178498331833508,0.8905864717204621,0.0006459584309801232,0.10876756984855787,f78v,False,1.0,dshedy,B,roraro,l
0.15858453343531173,0.2562784560583302,1,1,B,crossed_layout,1,f78,2,f78v.14:7:line,7,ch,line,dal,f78v.14,0.47997339367533276,0.6453024937232555,0.7169908467021117,0.0028624795793125496,0.28014667371857566,0.6393587205328625,0.005413153651941683,0.3552281258151959,f78v,False,1.0,cheey,B,da,l
0.00016076579415189078,3.1659460036167846e-06,1,1,B,crossed_layout,1,f78,2,f78v.28:8:uncertain,8,d,uncertain,aiin,f78v.28,0.013410412711051395,0.0019899310714813667,0.0006038712232994566,0.9907476788248565,0.008648449951844115,0.0002916184326029312,0.9986216357061733,0.0010867458612236593,f78v,False,0.8888888888888888,d,B,aii,n
1.0506549444091347,0.7356319553812007,0,0,B,crossed_layout,1,f78,2,f78v.31:1:uncertain,1,o,uncertain,ar,f78v.31,1.8883053397604481,1.366600261725811,0.7196045608718038,0.0102712652059625,0.27012417392223365,0.6005942578018608,0.011601702151983972,0.38780404004615526,f78v,False,0.125,or,B,a,r
0.5774884323930092,0.6437390929294073,0,0,B,crossed_layout,1,f81,2,f81r.2:5:uncertain,5,ch,uncertain,otar,f81r.2,1.1207944072877893,1.2173834257414329,0.5344942514186631,0.005665200133248784,0.459840548448088,0.5646966441908683,0.005241353474434816,0.4300620023346967,f81r,False,0.7142857142857143,chedy,B,ota,r
0.11381152679467248,0.08376443408714362,1,1,B,crossed_layout,1,f81,2,f81r.4:6:line,6,q,line,al,f81r.4,0.4037269541151684,0.33762152656342775,0.7559030135699399,0.011512257938273164,0.23258472849178688,0.7913448736268203,0.00825729868078089,0.20039782769239886,f81r,False,1.0,qol,B,a,l
0.19346164574092115,0.09991125488010681,1,1,B,crossed_layout,1,f81,2,f81r.17:6:line,6,o,line,ochedar,f81r.17,0.55773580212512,0.37529490244364205,0.30041242118939104,0.020220036699571096,0.6793675421110379,0.21751612995427844,0.011536063505253867,0.7709478065404677,f81r,False,1.0,osheedy,B,ocheda,r
0.7052347548431072,1.182785163822567,0,0,B,crossed_layout,1,f81,2,f81r.18:5:line,5,q,line,oror,f81r.18,1.3051929047180422,2.119107025062959,0.5922871703709375,0.003045833547955977,0.4046669960811065,0.7682279726064801,0.001582680119982362,0.23018934727353765,f81r,False,1.0,qokedy,B,oro,r
0.612368876346483,0.528653553313768,0,0,B,crossed_layout,1,f81,2,f81v.21:8:line,8,q,line,otar,f81v.21,1.1723249112601977,1.0475268918893137,0.5503363191158391,0.005957951057518311,0.44370572982664247,0.5120257318278811,0.0041774761752231436,0.48379679199689574,f81v,False,1.0,qokal,B,ota,r
0.1520885241344182,0.3347883042346125,1,1,A,crossed_layout,1,f87,1,f87v.1:7:line,7,s,line,oldar,f87v.1,0.46654956502257666,0.7597638927464858,0.2752125842296554,0.0010940582035302885,0.7236933575668143,0.40886905578174865,0.0005379666917213963,0.59059297752653,f87v,True,1.0,schey,H,olda,r
0.6574482095354883,0.8616916368667529,0,0,A,crossed_layout,1,f93,1,f93r.3:6:uncertain,6,o,uncertain,dal,f93r.3,1.2329116111501512,1.5434501640088951,0.4254579302654453,0.002402359252363938,0.5721397104821907,0.34306404486691155,0.0010963514695213183,0.6558396036635672,f93r,False,0.6666666666666666,ol,H,da,l
1.0634573933983527,0.171726190445872,0,1,A,crossed_layout,1,f93,1,f93v.3:7:drawing,7,d,drawing,otal,f93v.3,1.8957323665708352,0.5076330329242414,0.2687371418443837,0.00414882796022251,0.7271140301953938,0.703375489336865,0.007338782726514007,0.28928572793662105,f93v,False,0.7777777777777778,dair,H,ota,l
0.39649779453538686,0.03036050869386766,1,1,A,crossed_layout,1,f93,1,f93v.4:9:line,9,t,line,dar,f93v.4,0.8534248222631822,0.1911629958289918,0.4439611673909319,0.002569541342027983,0.5534692912670401,0.12229587159485023,0.001804778124023595,0.8758993502811262,f93v,False,1.0,tshoky,H,da,r
0.39649779453538686,0.34623675433803713,1,1,A,crossed_layout,1,f93,1,f93v.9:9:line,9,y,line,dar,f93v.9,0.8534248222631822,0.7774340060733004,0.4439611673909319,0.002569541342027983,0.5534692912670401,0.41555148234866507,0.001044998474268695,0.5834035191770662,f93v,False,1.0,ychol,H,da,r
0.4189885386256341,0.32018745502464796,1,1,B,crossed_layout,1,f94,3,f94v.1:5:drawing,5,o,drawing,dar,f94v.1,0.8854688488666633,0.7383696658955174,0.45671608256436824,0.001972339384609243,0.5413115780510225,0.39964899402027493,0.000934658936137445,0.5994163470435877,f94v,True,0.7142857142857143,opchackhy,H,da,r
0.865668752106415,0.8359274488737871,0,0,B,crossed_layout,1,f94,3,f94v.5:4:drawing,4,ch,drawing,qokeal,f94v.5,1.5871147362483238,1.5421975577155376,0.33283643207225877,0.018932842640922237,0.648230725286819,0.3433620363172295,0.02077441121006677,0.6358635524727037,f94v,True,0.5714285714285714,chorchor,H,qokea,l
0.39191503314202136,0.00960751070816789,1,1,B,crossed_layout,1,f94,3,f94v.5:6:uncertain,6,a,uncertain,tchor,f94v.5,0.8481389504212907,0.10475376392981624,0.4408197014481076,0.0036794388067304187,0.555500859745162,0.06855826810975295,0.001478078636095041,0.9299636532541521,f94v,True,0.8571428571428571,am,H,tcho,r
6.6271909294220455e-06,6.127421408418704e-07,1,1,B,crossed_layout,1,f94,3,f94v.7:2:paragraph,2,p,paragraph,qokaiin,f94v.7,0.0026776306434846153,0.0008601937045598063,6.989846703018667e-05,0.9981457291572192,0.0017843723757506244,9.82751260633816e-05,0.9994039368751969,0.0004977879987394936,f94v,False,1.0,pchedaiin,H,qokaii,n
0.568570339535959,0.29477424823448506,0,1,B,crossed_layout,1,f94,3,f94v.8:8:line,8,y,line,ar,f94v.8,1.1127127200386717,0.7067600161647566,0.528680372041072,0.008895916886573981,0.462423711072354,0.38042263830170536,0.006882786082966822,0.6126945756153278,f94v,True,1.0,ytar,H,a,r
0.4583063204732861,0.23211081634266512,1,1,B,crossed_layout,1,f94,3,f94v.10:9:line,9,t,line,dar,f94v.10,0.9473988020194272,0.6080626862759538,0.47591783132564947,0.005515566791417398,0.5185666018829331,0.3373192262916619,0.006603654117530603,0.6560771195908075,f94v,False,1.0,todaiin,H,da,r
0.9756236723889604,1.5703218261981853,0,0,A,crossed_layout,1,f100,1,f100r.13:7:line,7,sh,line,deeomchol,f100r.13,1.7349941995801286,3.1689255310516717,0.30041022019199726,0.002314759269711882,0.6972750205382908,0.11118811334565258,0.005462910912319985,0.8833489757420274,f100r,False,1.0,shor,P,deeomcho,l
0.006825843623536578,0.005969810266592668,1,1,A,crossed_layout,1,f100,1,f100r.24:9:line,9,sh,line,raiin,f100r.24,0.08827124439895097,0.08255838528571945,0.0019078277406768059,0.9406492372698797,0.05744293498944361,0.0020248179529843632,0.9443814538456293,0.053593728201386394,f100r,False,1.0,sheor,P,raii,n
0.3128226562359402,0.4345243168298999,1,1,A,crossed_layout,1,f100,1,f100r.26:9:line,9,ch,line,al,f100r.26,0.730825901518249,0.9099789644389307,0.6025588674267546,0.0039341763048223585,0.39350695626842314,0.5321928509356164,0.003405175669769918,0.46440197339461364,f100r,False,1.0,chol,P,a,l
1.363513557545887,1.358403331136457,0,0,A,crossed_layout,1,f100,1,f100v.20:7:line,7,s,line,chockhar,f100v.20,2.545201542924271,2.5191048390632913,0.8226623480959171,0.0060137367176189,0.17132391518646414,0.8227177169043751,0.0028311152156545887,0.1744511678799703,f100v,False,1.0,soral,P,chockha,r
0.060955035041090136,0.1360464946529778,1,1,A,crossed_layout,1,f101,1,f101r.2:5:uncertain,5,o,uncertain,kol,f101r.2,0.27698258020055827,0.4360992782496974,0.8253153737104868,0.00021322199768394548,0.1744714042918293,0.7391303510464738,0.00011400105380849995,0.2607556478997177,f101r,False,0.20833333333333334,o,P,ko,l
1.3626429738784052,1.7784356363808453,0,0,A,crossed_layout,1,f101,1,f101r.8:5:uncertain,5,d,uncertain,kor,f101r.8,2.5189374955126267,4.135079274541795,0.8253153737104868,0.00021322199768394548,0.1744714042918293,0.9428806366398789,0.00020562619522905215,0.056913737164892224,f101r,False,0.20833333333333334,daiin,P,ko,r
0.5975766029007654,0.5934847412527361,0,0,A,crossed_layout,1,f101,1,f101v.20:25:line,25,y,line,dar,f101v.20,1.1426785138795739,1.1358204645569159,0.5461473362496578,0.0009347565283834132,0.45291790722195885,0.5445571455399837,0.000366814239172117,0.45507604022084414,f101v,False,1.0,ycheor,P,da,r
0.5975766029007654,0.07237580447156541,0,1,A,crossed_layout,1,f101,1,f101v.23:23:line,23,t,line,dar,f101v.23,1.1426785138795739,0.3050847218033895,0.5461473362496578,0.0009347565283834132,0.45291790722195885,0.18985482515884522,0.0007504911325156324,0.8093946837086391,f101v,False,1.0,teeeol,P,da,r
0.4540040518653581,0.43587787084304597,1,1,B,crossed_layout,1,f115,2,f115r.7:0:uncertain,0,ch,uncertain,dar,f115r.7,0.9339531835000666,0.9078172059790165,0.47631661083070015,0.0002612630301648452,0.5234221261391351,0.46666931717853616,0.0003397874347080495,0.5329908953867559,f115r,False,0.0,chedy,S,da,r
0.010237716206654115,0.0036345940489701505,1,1,B,crossed_layout,1,f115,3,f115r.17:10:line,10,ch,line,okeedain,f115r.17,0.1087214144349057,0.06385532242119883,0.0021362291655598067,0.9274096126831883,0.07045415815125176,0.0013650675347120745,0.9567040943001821,0.041930838165105906,f115r,False,1.0,cheol,S,okeedai,n
0.352577543754325,0.3740849259970507,1,1,B,crossed_layout,1,f115,3,f115r.30:9:line,9,sh,line,qotal,f115r.30,0.793014059455327,0.8277704665818854,0.577137084373249,0.006056221190517553,0.4168066944362335,0.5633992441869223,0.008354437207242696,0.42824631860583484,f115r,False,1.0,shod,S,qota,l
3.8720362402488154e-05,1.1071343308528696e-05,1,1,B,crossed_layout,1,f115,3,f115r.33:10:line,10,ch,line,chokchaiin,f115r.33,0.006443199925337576,0.0034194850504085626,0.00011444719316320994,0.9955438722692929,0.004341680537543967,2.9474721218380322e-05,0.9976326002996422,0.0023379249791393012,f115r,False,1.0,cheeo,S,chokchaii,n
0.25623052662200835,0.4597147149111659,1,1,B,crossed_layout,1,f115,3,f115r.35:8:uncertain,8,o,uncertain,al,f115r.35,0.6413920860089405,0.9438601822712591,0.6410940454513399,0.0019560754615363563,0.35694987908712367,0.5198400950669066,0.0014542901278848596,0.47870561480520846,f115r,True,0.7272727272727273,odaiin,S,a,l
0.018920487747530846,0.01368828287281549,1,1,B,crossed_layout,1,f115,3,f115v.1:9:uncertain,9,o,uncertain,raiin,f115v.1,0.15061938070250838,0.12641735231625678,0.00386012393900351,0.9008636190170356,0.09527625704396091,0.0023857770461040008,0.916103589863159,0.0815106330907369,f115v,True,0.9,om,S,raii,n
0.2364850040576203,0.05235369960770846,1,1,B,crossed_layout,1,f115,3,f115v.6:9:line,9,d,line,al,f115v.6,0.6101675401696047,0.25561036995116354,0.6551206183565595,0.002039687544904597,0.3428396940985358,0.8376326772328995,0.0011556089460620334,0.16121171382103855,f115v,True,1.0,dchedy,S,a,l
0.03075766488145694,0.09013542158836205,1,1,B,crossed_layout,1,f115,3,f115v.13:10:line,10,o,line,kol,f115v.13,0.1911102037707187,0.34432832810887476,0.8759314023602374,0.00011443326361984486,0.12395416437614269,0.787674606896901,6.766190387181732e-05,0.212257731199227,f115v,True,1.0,okeeo,S,ko,l
0.0002953948481387069,0.0003526796422910042,1,1,B,crossed_layout,1,f115,3,f115v.14:9:line,9,s,line,ldaiin,f115v.14,0.01797845895166163,0.019721353104519404,0.00047664362310658094,0.9876156075393946,0.011907748837498995,0.000616456472167202,0.9864232071388733,0.012960336388959473,f115v,False,1.0,saiin,S,ldaii,n
0.7494077072472742,0.54569884425568,0,0,B,crossed_layout,1,f115,3,f115v.16:1:uncertain,1,o,uncertain,ar,f115v.16,1.3750010547098004,1.070655645148257,0.6097869817059925,0.004660593807598701,0.38555242448640875,0.5207885110605325,0.00310890799600953,0.47610258094345803,f115v,False,0.08333333333333333,oteey,S,a,r
0.8710013444320042,0.5716439655473827,0,0,B,crossed_layout,1,f115,3,f115v.26:10:line,10,o,line,ar,f115v.26,1.5674529342739345,1.1098496335457018,0.657220196845853,0.005376251387100568,0.33740355176704645,0.5325652570028501,0.00409242221296236,0.4633423207841875,f115v,False,1.0,olain,S,a,r
0.26421298925135783,0.2914191986673884,1,1,B,crossed_layout,1,f115,3,f115v.35:6:uncertain,6,ch,uncertain,al,f115v.35,0.6573225686920193,0.7033762084108367,0.6340539172325595,0.005014919888652886,0.36093116287878757,0.6141333231453867,0.008434611863741141,0.3774320649908721,f115v,False,0.5454545454545454,ches,S,a,l
0.29955515861105164,0.2152166154931711,1,1,B,crossed_layout,1,f115,3,f115v.42:1:uncertain,1,sh,uncertain,al,f115v.42,0.7115268357489538,0.5792060805891593,0.6106735075908669,0.004673138470435415,0.3846533539386977,0.6693320114783285,0.005326748262851741,0.3253412402588197,f115v,False,0.1,sheey,S,a,l
0.19714316582243088,0.007324317210013679,1,1,B,crossed_layout,1,f115,3,f115v.42:3:uncertain,3,k,uncertain,oteeol,f115v.42,0.5441740684186925,0.09013349138941795,0.685783896024356,0.0005105969861812275,0.3137055069894627,0.939435819966052,9.693343930336646e-05,0.06046724659464456,f115v,False,0.3,keody,S,oteeo,l
0.8507338813552451,0.5123614030254549,0,0,B,crossed_layout,1,f116,3,f116r.18:12:uncertain,12,y,uncertain,ar,f116r.18,1.5278543055576288,1.0200030969695333,0.6511913098517009,0.002015927833126505,0.3467927623151726,0.5053979492388073,0.001486757064405416,0.4931152936967873,f116r,True,0.9230769230769231,y,S,a,r
0.711300699168061,0.6442339136712194,0,0,B,crossed_layout,1,f116,3,f116r.25:7:uncertain,7,ch,uncertain,otal,f116r.25,1.312923947824032,1.2137022701946814,0.4025042864061863,0.0022693520755780413,0.5952263615182357,0.43116074221846024,0.00258034678034448,0.5662589110011952,f116r,False,0.5833333333333334,ches,S,ota,l
0.2277391439166007,0.75044344817956,1,0,B,crossed_layout,1,f116,3,f116r.25:9:uncertain,9,a,uncertain,oin,f116r.25,0.652437624607883,1.4166168265279833,0.061029365359663926,0.6362044532113088,0.30276618142902706,0.026578947859551418,0.3745897097783836,0.598831342362065,f116r,False,0.75,ain,S,oi,n
0.23714912530614052,0.43527015367212535,1,1,B,crossed_layout,1,f116,3,f116r.25:11:uncertain,11,o,uncertain,al,f116r.25,0.6147797441415334,0.9118495219516549,0.6530295837828981,0.005309079137556451,0.34166133707954544,0.5315032719051552,0.003991575527775246,0.4645051525670695,f116r,False,0.9166666666666666,om,S,a,l
0.030893939553512398,0.0665090876971974,1,1,B,crossed_layout,1,f116,3,f116r.31:10:line,10,o,line,dlr,f116r.31,0.19182047476178612,0.2907884572130021,0.12407083585445632,0.0004288962412522419,0.8755002679042915,0.18217117779582226,0.00037363881564924956,0.8174551833885285,f116r,True,1.0,olkeey,S,dl,r
0.53956280413168,0.23173917858420295,0,1,B,crossed_layout,1,f116,3,f116r.32:1:uncertain,1,sh,uncertain,rain,f116r.32,1.0730984980034575,0.6218953113402605,0.01076339117655716,0.4752970992567372,0.5139395095667058,0.020500834632085282,0.6498166832366659,0.32968248213124884,f116r,False,0.09090909090909091,shey,S,rai,n
0.0009837263260915156,0.00178752161329795,1,1,A,crossed_layout,1,f5,1,f5v.4:9:line,9,sh,line,taiin,f5v.4,0.03273583432747198,0.04412813007259432,0.0005238076831142451,0.9775647476927941,0.021911444624091746,0.00046215546127845517,0.9698757689412795,0.029662075597442234,f5v,False,1.0,shokeeol,H,taii,n
0.18863371441873594,0.33267535126810854,1,1,A,crossed_layout,1,f14,1,f14r.1:5:line,5,o,line,dain,f14r.1,0.5369153764343049,0.7621561516892431,0.0074277485846734655,0.6892430039436509,0.30332924747167567,0.005129106701500222,0.5896144751036614,0.4052564181948385,f14r,True,1.0,o,H,dai,n
0.7449186440368474,0.031038579943779353,0,1,A,crossed_layout,1,f14,1,f14r.10:4:uncertain,4,d,uncertain,dol,f14r.10,1.360098601275845,0.19234728484176405,0.38955566466201796,0.00029987083133648483,0.6101444645066455,0.8751806312838936,0.0004872823788488783,0.12433208633725763,f14r,False,0.5714285714285714,dy,H,do,l
0.00022355826024710441,0.0005197858155622361,1,1,A,crossed_layout,1,f20,1,f20r.7:7:line,7,s,line,otaiin,f20r.7,0.0156597292535767,0.024665355848618866,0.0004615892991219142,0.9892042003048769,0.010334210396001239,0.0018138411070161822,0.9830485977437384,0.015137561149245426,f20r,False,1.0,schodain,H,otaii,n
0.00022355826024710441,0.00033056388288715897,1,1,A,crossed_layout,1,f21,1,f21r.10:8:line,8,sh,line,otaiin,f21r.10,0.0156597292535767,0.01901935806881166,0.0004615892991219142,0.9892042003048769,0.010334210396001239,0.0004953037269272041,0.9869033035375342,0.012601392735538664,f21r,False,1.0,shol,H,otaii,n
0.36092450806851595,0.371624522482213,1,1,B,crossed_layout,1,f34,2,f34r.5:3:drawing,3,o,drawing,ol,f34r.5,0.7982516817563392,0.8139175276981739,0.5750456197785458,0.00029192888316723005,0.42466245133828695,0.5688351307193428,0.00021088855136206647,0.4309539807292951,f34r,False,0.3333333333333333,okes,H,o,l
1.4159200607012115,1.4932305524761498,0,0,B,crossed_layout,1,f34,2,f34r.6:3:drawing,3,ch,drawing,oll,f34r.6,2.6802401667337734,2.9215831344219816,0.15601534443686402,0.005186070353627286,0.8387985852095087,0.13198234538868944,0.007952153023483479,0.860065501587827,f34r,False,0.375,chesydaiin,H,ol,l
0.36092450806851595,1.368752744431696,1,0,B,crossed_layout,1,f34,2,f34r.14:4:uncertain,4,a,uncertain,ol,f34r.14,0.7982516817563392,2.53465831652441,0.5750456197785458,0.00029192888316723005,0.42466245133828695,0.17258053778087296,0.00029813551552857143,0.8271213267035985,f34r,False,0.3333333333333333,al,H,o,l
0.6139212748741569,0.0529305810813644,0,1,B,crossed_layout,1,f34,2,f34v.5:1:uncertain,1,a,uncertain,or,f34v.5,1.1654908257403598,0.2564011590843306,0.5538930147353729,0.00029442324610031285,0.4458125620185269,0.16253640473501607,0.000289926550114208,0.8371736687148698,f34v,False,0.1,air,H,o,r
0.0014906302620726814,0.0010028380557867284,1,1,B,crossed_layout,1,f39,2,f39r.5:2:paragraph,2,p,paragraph,ykaiin,f39r.5,0.04039778186827414,0.03321289875624202,0.0006366089919685868,0.9723868026157875,0.02697658839224383,0.0007510324226229621,0.9772415440662461,0.02200742351113093,f39r,False,1.0,pchdaiin,H,ykaii,n
7.882713880875148e-05,2.1549463855056575e-05,1,1,B,crossed_layout,1,f39,2,f39r.7:12:line,12,l,line,aiiin,f39r.7,0.009311565930736508,0.0050355801351453676,0.00032346315220679905,0.9935664984905964,0.006110038357196927,0.0004501043311695013,0.9965156861855405,0.003034209483289839,f39r,False,1.0,lchedy,H,aiii,n
0.025554743664156034,0.03086356866595085,1,1,B,crossed_layout,1,f39,2,f39r.9:4:paragraph,4,p,paragraph,shdaiin,f39r.9,0.17509517998294047,0.19455370325099086,0.0025509377631375754,0.885709083636795,0.11173997860006737,0.003958818137923571,0.8738431769130753,0.12219800494900107,f39r,False,1.0,pchdar,H,shdaii,n
0.3660516345969264,0.03408295184970155,1,1,B,crossed_layout,1,f39,2,f39r.14:3:uncertain,3,d,uncertain,ol,f39r.14,0.8058152175501124,0.20198989316422297,0.5720387494534211,0.00029231646483002314,0.4276689340817488,0.869350650326163,0.00021295164359969542,0.13043639803023735,f39r,False,0.3,daiin,H,o,l
0.397760369440465,0.20326599609720283,1,1,B,crossed_layout,1,f39,2,f39r.15:1:uncertain,1,ch,uncertain,ol,f39r.15,0.8523207504106493,0.5542698990313434,0.5538930147353729,0.00029442324610031285,0.4458125620185269,0.6810016037908047,0.0003985524095774735,0.3185998437996178,f39r,False,0.1,cheol,H,o,l
0.7176682065841268,0.06830774012817614,0,1,B,crossed_layout,1,f39,2,f39v.3:6:uncertain,6,a,uncertain,or,f39v.3,1.3189441250220273,0.29505940060704,0.5988833471101517,0.00028846458199840503,0.4008281883078499,0.1846537039157194,0.0003075222600430078,0.8150387738242375,f39v,False,0.6,aiin,H,o,r
0.8036322081542209,1.5916179659253318,0,0,B,crossed_layout,1,f39,2,f39v.9:12:line,12,d,line,or,f39v.9,1.4502053626848128,3.2133097487373745,0.6337485564002808,0.000282117798001989,0.36596932580171715,0.8919820130078463,0.00019847041761824407,0.10781951657453559,f39v,False,1.0,dar,H,o,r
0.13323149827052727,0.3401687639081592,1,1,A,crossed_layout,1,f42,1,f42r.1:4:line,4,s,line,pchear,f42r.1,0.43682122218754416,0.7698623327727641,0.2548421769590123,0.006397250201547783,0.73876057283944,0.4112900952712576,0.0022364693467607113,0.5864734353819817,f42r,True,1.0,solkaiin,H,pchea,r
0.00010392893731365,5.2906223063382786e-05,1,1,A,crossed_layout,1,f42,1,f42r.4:4:line,4,q,line,cthaiin,f42r.4,0.010556957893545786,0.007483998290451967,0.00016726973599552074,0.9927091823062797,0.00712354795772478,6.220744203241433e-05,0.9948259195915674,0.005111872966400144,f42r,False,1.0,qokar,H,cthaii,n
0.04398632332336319,0.021052418749716036,1,1,A,crossed_layout,1,f42,1,f42r.10:8:line,8,q,line,dain,f42r.10,0.23503371900834702,0.15685604472731884,0.004155218642115846,0.8496651403327659,0.1461796410251182,0.0008554005686799875,0.8969776575930893,0.10216694183823061,f42r,False,1.0,qotor,H,dai,n
0.18863371441873594,0.10271534129385175,1,1,A,crossed_layout,1,f42,1,f42v.1:8:line,8,d,line,dain,f42v.1,0.5369153764343049,0.37405924813812397,0.0074277485846734655,0.6892430039436509,0.30332924747167567,0.0035810277030447154,0.7716083987120569,0.22481057358489837,f42v,True,1.0,dshey,H,dai,n
0.001030841169451694,0.001191127396327707,1,1,A,crossed_layout,1,f42,1,f42v.12:6:uncertain,6,y,uncertain,taiin,f42v.12,0.03350027073864199,0.03605608077874708,0.0005089959565593869,0.9770469056540372,0.022444098389403613,0.0005664172309433921,0.9753175480191241,0.02411603474993249,f42v,False,0.8571428571428571,y,H,taii,n
0.7635943176544724,0.03843172637904593,0,1,A,crossed_layout,1,f45,1,f45r.5:8:uncertain,8,d,uncertain,dol,f45r.5,1.3882045486869445,0.21546753229955048,0.38203995982954797,0.0001253610761120229,0.6178346790943401,0.861267004807264,0.00022367278307166985,0.13850932240966435,f45r,True,0.8888888888888888,daiin,H,do,l
0.2379218479367332,0.10530129232625704,1,1,A,crossed_layout,1,f45,1,f45v.3:9:uncertain,9,y,uncertain,ykar,f45v.3,0.6374919243856348,0.3847952312257214,0.3311724549899746,0.025998030105426086,0.6428295149045994,0.2245001757981442,0.009612127176316534,0.7658876970255393,f45v,False,0.9,yd,H,yka,r
0.7935935537282061,1.3659097904461532,0,0,A,crossed_layout,1,f45,1,f45v.5:6:uncertain,6,p,uncertain,dol,f45v.5,1.4343266181274277,2.526657790518761,0.37001954465129,0.0001247861392811625,0.6298556692094288,0.17354024900906181,9.780797096185595e-05,0.8263619430199762,f45v,True,0.75,py,H,do,l
0.6651891948342676,0.9411083912654044,0,0,A,crossed_layout,1,f45,1,f45v.11:0:uncertain,0,ch,uncertain,or,f45v.11,1.2418548014666804,1.6727621150088465,0.5762478883129744,0.0009234149877579266,0.4228286966992678,0.6855906975063691,0.0007570377212074139,0.3136522647724236,f45v,False,0.0,chor,H,o,r
0.33043978927343903,0.02192991809230803,1,1,A,crossed_layout,1,f53,1,f53v.4:0:uncertain,0,d,uncertain,qokol,f53v.4,0.7552801211359066,0.1619867399437675,0.5924313447666341,0.0022012477459537627,0.4053674074874122,0.8937933773264389,0.0030525968427706123,0.10315402583079034,f53v,False,0.0,daiiin,H,qoko,l
1.233735484725023,0.07188022625551906,0,1,A,crossed_layout,1,f58,3,f58r.25:5:uncertain,5,a,uncertain,or,f58r.25,2.2220119286737234,0.3037739576632576,0.7851605675284969,0.0004971955718970215,0.214342236899606,0.18928660708831208,0.0005829974997559885,0.810130395411932,f58r,False,0.8333333333333334,aldar,S,o,r
0.11141832643450894,0.5135477766241083,1,0,A,crossed_layout,1,f58,3,f58r.31:5:uncertain,5,e,uncertain,ol,f58r.31,0.38889503666355835,1.0205533849345167,0.7637143110249109,0.000516452438693095,0.23576923653639587,0.4929272403253273,0.0006889938334705009,0.5063837658412021,f58r,False,0.5,ekar,S,o,l
0.4798621130915647,0.21704886884512342,1,1,A,crossed_layout,1,f58,3,f58r.36:6:line,6,o,line,shoekar,f58r.36,1.0502619682762582,0.6102014182391126,0.4569825523049837,0.06013697387234466,0.4828804738226717,0.31140829465245135,0.03348647067266115,0.6551052346748875,f58r,False,1.0,opolkeor,S,shoeka,r
1.0632815548092047,0.04693352910982985,0,1,A,crossed_layout,1,f58,3,f58v.4:0:uncertain,0,a,uncertain,or,f58v.4,1.8858132857894592,0.24033626754833085,0.7288648918967425,0.000543929211534949,0.27059117889172246,0.15292392154233417,0.0005281049516289622,0.8465479735060369,f58v,False,0.0,aiin,S,o,r
1.3612442747651452,1.1856155859885193,0,0,A,crossed_layout,1,f58,3,f58v.4:4:uncertain,4,a,uncertain,dair,f58v.4,2.5460378695194494,2.1226613921783466,0.0076068182700832964,0.8211685537942612,0.17122462793565557,0.0008746433762309413,0.7695024287102408,0.22962292791352842,f58v,False,0.36363636363636365,al,S,dai,r
1.6540346005058315,1.453761991125218,0,0,A,crossed_layout,1,f58,3,f58v.25:6:uncertain,6,o,uncertain,qokair,f58v.25,3.509080415414267,2.7853262284260283,0.0055480087370871605,0.9066182184661394,0.08783377279677354,0.0047632661438837855,0.8501815487711053,0.14505518508501086,f58v,False,0.6666666666666666,or,S,qokai,r
1.222851508011257,1.855850593642184,0,0,A,crossed_layout,1,f58,3,f58v.25:7:uncertain,7,t,uncertain,or,f58v.25,2.1988399060768664,4.774173748570043,0.7816868375512122,0.0005004453707699964,0.21781271707801791,0.9631227111464516,0.00033207587871209086,0.03654521297483624,f58v,False,0.7777777777777778,tas,S,o,r
0.4738778229742092,0.8517571043640879,1,0,A,crossed_layout,1,f58,3,f58v.25:9:line,9,y,line,ykal,f58v.25,0.9872249354453865,1.5471448522404725,0.5044471607340195,0.018082168271155736,0.4774706709948247,0.3421865946719306,0.010567740219817537,0.6472456651082519,f58v,False,1.0,ykaly,S,yka,l
1.6655484329441737,1.5569630311459974,0,0,A,crossed_layout,1,f58,3,f58v.26:10:uncertain,10,a,uncertain,qokair,f58v.26,3.5643936633157014,3.091727379946832,0.005838853693733751,0.9096312004132014,0.08452994589306485,0.0007688856683917392,0.8819313012076525,0.11729981312395579,f58v,False,0.9090909090909091,alam,S,qokai,r
0.08917669362858055,0.005146599428952521,1,1,A,crossed_layout,1,f58,3,f58v.30:8:uncertain,8,d,uncertain,ol,f58v.30,0.3426454745355804,0.07543363213955193,0.7885939380019859,0.0004939319288262408,0.2109121300691879,0.9490568192184762,0.00043373977670172734,0.05050944100482216,f58v,False,0.8888888888888888,dam,S,o,l
0.331158786990997,0.2813027403732388,1,1,B,crossed_layout,1,f78,2,f78r.6:2:uncertain,2,sh,uncertain,dol,f78r.6,0.7539351035656127,0.67826657947833,0.5929839231712164,0.00020327113709033657,0.4068128056916934,0.6249156694475086,9.836325251523495e-05,0.37498596729997613,f78r,False,0.25,shedy,B,do,l
1.3944385969895423,1.403761348318146,0,0,B,crossed_layout,1,f78,2,f78r.6:8:line,8,q,line,or,f78r.6,2.6014398876515967,2.6251807087651473,0.8347669359480814,0.0004591106134700911,0.16477395343844856,0.8376509589668422,0.0002644003341665766,0.16208464069899114,f78r,False,1.0,qokal,B,o,r
1.3944385969895423,1.83764059788946,0,0,B,crossed_layout,1,f78,2,f78r.11:7:line,7,d,line,or,f78r.11,2.6014398876515967,4.597386659684754,0.8347669359480814,0.0004591106134700911,0.16477395343844856,0.9584116140301596,0.0002790024563030361,0.04130938351353743,f78r,False,1.0,dor,B,o,r
0.09263428773021198,0.0012200465453336066,1,1,B,crossed_layout,1,f78,2,f78r.13:1:uncertain,1,k,uncertain,ol,f78r.13,0.3501008912092268,0.036153246430590154,0.7845292319213686,0.0005140944424755491,0.21495667363615586,0.9752518624990402,9.927586660636279e-05,0.024648861634353456,f78r,False,0.1111111111111111,kedy,B,o,l
0.05445263197027685,0.0034361368562155574,1,1,B,crossed_layout,1,f78,2,f78r.14:8:line,8,d,line,ol,f78r.14,0.26055463656548505,0.06128270407890869,0.8347669359480814,0.0004591106134700911,0.16477395343844856,0.9584116140301596,0.0002790024563030361,0.04130938351353743,f78r,False,1.0,dchckhedy,B,o,l
0.2261540139995228,0.3018499047732174,1,1,B,crossed_layout,1,f78,2,f78r.20:0:uncertain,0,sh,uncertain,sol,f78r.20,0.5922464689542674,0.7100400462557175,0.6633092413579007,0.0008446128048418969,0.33584614583725736,0.6113031700881593,0.00041277305641580634,0.3882840568554249,f78r,False,0.0,shedy,B,so,l
0.4106659841717074,0.2584198660649579,1,1,B,crossed_layout,1,f78,2,f78r.24:4:line,4,s,line,olol,f78r.24,0.8728994972448358,0.6442257033959413,0.5460483110213352,0.0016341258908516008,0.4523175630878132,0.6398360995027701,0.001416322282727139,0.3587475782145028,f78r,False,1.0,sokeedy,B,olo,l
0.2261540139995228,0.3018499047732174,1,1,B,crossed_layout,1,f78,2,f78r.26:0:uncertain,0,sh,uncertain,sol,f78r.26,0.5922464689542674,0.7100400462557175,0.6633092413579007,0.0008446128048418969,0.33584614583725736,0.6113031700881593,0.00041277305641580634,0.3882840568554249,f78r,False,0.0,shey,B,so,l
1.2924909950465255,1.3017106512789385,0,0,B,crossed_layout,1,f78,2,f78r.26:3:uncertain,3,sh,uncertain,or,f78r.26,2.3521140440163952,2.3724500214933126,0.8036465035771111,0.0004946827973588276,0.19585881362553006,0.8066294308696911,0.0002531804396874384,0.19311738869062145,f78r,False,0.42857142857142855,shedy,B,o,r
0.09323150331335218,0.001228228351391498,1,1,B,crossed_layout,1,f78,2,f78r.29:1:uncertain,1,k,uncertain,ol,f78r.29,0.35137577330162684,0.03627566352188395,0.7838362646278296,0.0005147663532948514,0.21564896901887567,0.9751691129034233,9.941901950695947e-05,0.02473146807706977,f78r,False,0.1,kedy,B,o,l
0.05445263197027685,0.05262871178244373,1,1,B,crossed_layout,1,f78,2,f78r.29:10:line,10,q,line,ol,f78r.29,0.26055463656548505,0.2555788827852543,0.8347669359480814,0.0004591106134700911,0.16477395343844856,0.8376509589668422,0.0002644003341665766,0.16208464069899114,f78r,False,1.0,qokeedy,B,o,l
0.06237671607043342,0.000816211942524774,1,1,B,crossed_layout,1,f78,2,f78r.33:7:uncertain,7,k,uncertain,ol,f78r.33,0.2807522059859574,0.02950998554658763,0.8231617175190713,0.0004729962305027588,0.17636528625042577,0.9797530162849534,9.100915908989848e-05,0.020155974555956663,f78r,False,0.7777777777777778,keedy,B,o,l
0.05789917963017867,0.044528180111525234,1,1,B,crossed_layout,1,f78,2,f78r.35:9:uncertain,9,y,uncertain,ol,f78r.35,0.2694739321200231,0.23331217728016224,0.829622006081791,0.00046536267448229855,0.1699126312437266,0.850679635445557,0.00021784484240692465,0.1491025197120361,f78r,False,0.9,y,B,o,l
1.3944385969895423,1.3435854504841904,0,0,B,crossed_layout,1,f78,2,f78r.36:6:line,6,o,line,or,f78r.36,2.6014398876515967,2.4724164808915314,0.8347669359480814,0.0004591106134700911,0.16477395343844856,0.8194482173422931,0.0003626986794418677,0.18018908397826497,f78r,False,1.0,osal,B,o,r
0.29624296595667443,0.09685665795319301,1,1,B,crossed_layout,1,f78,2,f78v.3:4:uncertain,4,e,uncertain,dol,f78v.3,0.701261567838981,0.35869299361724233,0.6150341534929916,0.00020069384658767735,0.3847651526604207,0.7798707819317449,0.0001297442682561717,0.219999473799999,f78v,False,0.5,eesolchey,B,do,l
0.05879087794356372,0.003699263686952739,1,1,B,crossed_layout,1,f78,2,f78v.3:7:uncertain,7,d,uncertain,ol,f78v.3,0.27174678080276476,0.06363280023431934,0.8283160330929661,0.0004669250226131452,0.17121704188442066,0.9568516683196739,0.0002833709188877897,0.042864960761438226,f78v,False,0.875,dam,B,o,l
0.09875733123266585,0.04323623429218219,1,1,B,crossed_layout,1,f78,2,f78v.4:0:uncertain,0,ch,uncertain,ol,f78v.4,0.3630354020361528,0.22999276553136047,0.7775269560532397,0.0005207861715976238,0.22195225777516253,0.8526391673602867,0.0006618851179152541,0.14669894752179807,f78v,False,0.0,chy,B,o,l
0.05445263197027685,0.05262871178244373,1,1,B,crossed_layout,1,f78,2,f78v.4:9:line,9,q,line,ol,f78v.4,0.26055463656548505,0.2555788827852543,0.8347669359480814,0.0004591106134700911,0.16477395343844856,0.8376509589668422,0.0002644003341665766,0.16208464069899114,f78v,False,1.0,qor,B,o,l
0.040274141015134164,0.16306017921832727,1,1,B,crossed_layout,1,f78,2,f78v.8:8:line,8,y,line,dain,f78v.8,0.22876295063775728,0.4976355234342107,0.009984473139930113,0.8533663032933377,0.1366492235667322,0.012829771776137052,0.7082666300869864,0.2789035981368765,f78v,False,1.0,y,B,dai,n
0.07131477185786203,0.032167710420750784,1,1,B,crossed_layout,1,f78,2,f78v.9:5:uncertain,5,ch,uncertain,ol,f78v.9,0.30235885081485736,0.1961693615030159,0.8109254237936961,0.00048682609877925083,0.18858775010752465,0.8728651173458858,0.0006278161314075618,0.12650706652270668,f78v,False,0.5555555555555556,chedol,B,o,l
1.2655085956400907,1.2793265995170588,0,0,B,crossed_layout,1,f78,2,f78v.10:2:uncertain,2,sh,uncertain,or,f78v.10,2.291310628945847,2.3213330110342763,0.7952066936922852,0.0005034648894559994,0.20428984141825876,0.7996615210442043,0.0002559658004311111,0.20008251315536463,f78v,False,0.2857142857142857,shedy,B,o,r
0.06237671607043342,0.028526117226845067,1,1,B,crossed_layout,1,f78,2,f78v.22:7:uncertain,7,ch,uncertain,ol,f78v.22,0.2807522059859574,0.18398841674552863,0.8231617175190713,0.0004729962305027588,0.17636528625042577,0.8802660811032743,0.0006141104649868989,0.11911980843173892,f78v,False,0.7777777777777778,chedy,B,o,l
0.06840677439681217,0.06768885859426296,1,1,B,crossed_layout,1,f78,2,f78v.23:5:uncertain,5,sh,uncertain,ol,f78v.23,0.29545088569317074,0.29352349535727185,0.8148176375287697,0.00048251350783568014,0.18469984896339461,0.8159069329866343,0.00024927698264063183,0.1838437900307251,f78v,False,0.625,shedy,B,o,l
5.173187744636821e-05,3.83967822038734e-05,1,1,B,crossed_layout,1,f78,2,f78v.27:10:line,10,o,line,olkaiin,f78v.27,0.007569667388538016,0.006480648831157382,0.00030865016205789965,0.9947668472952689,0.004924502542673234,0.00020816536421353402,0.9955180306715999,0.004273803964186515,f78v,False,1.0,olkain,B,olkaii,n
0.8810802050408095,0.12996787124835507,0,1,B,crossed_layout,1,f78,2,f78v.31:0:uncertain,0,a,uncertain,sor,f78v.31,1.5741276222162224,0.42549347966569245,0.6633092413579007,0.0008446128048418969,0.33584614583725736,0.2544200193222462,0.0009959806444333646,0.7445840000333205,f78v,False,0.0,ar,B,so,r
0.07064061422939247,0.031893912666767915,1,1,B,crossed_layout,1,f81,2,f81r.3:4:uncertain,4,ch,uncertain,ol,f81r.3,0.3007671922610651,0.19527484497084416,0.8118205739164536,0.00048584125301368394,0.1876935848305328,0.8734064891283269,0.0006268377139212099,0.1259666731577519,f81r,False,0.5714285714285714,chedy,B,o,l
1.3729888603606546,0.3344752236668008,0,1,B,crossed_layout,1,f81,2,f81r.5:7:uncertain,7,a,uncertain,or,f81r.5,2.546101789068166,0.7596852915446792,0.8283160330929661,0.0004669250226131452,0.17121704188442066,0.4085177174267095,0.0008571273646537606,0.5906251552086368,f81r,False,0.875,ain,B,o,r
0.08969750989990277,0.015030873588967231,1,1,B,crossed_layout,1,f81,2,f81r.6:1:uncertain,1,e,uncertain,ol,f81r.6,0.3437876614440713,0.13104246547942258,0.7879698523925204,0.0005107263619675756,0.211519421245512,0.9131713705747796,0.0002746736780939467,0.08655395574712656,f81r,False,0.16666666666666666,eses,B,o,l
0.05445263197027685,0.0034361368562155574,1,1,B,crossed_layout,1,f81,2,f81r.6:6:line,6,d,line,ol,f81r.6,0.26055463656548505,0.06128270407890869,0.8347669359480814,0.0004591106134700911,0.16477395343844856,0.9584116140301596,0.0002790024563030361,0.04130938351353743,f81r,False,1.0,dshees,B,o,l
1.2871400953499992,0.27983766738775134,0,1,B,crossed_layout,1,f81,2,f81r.14:2:uncertain,2,a,uncertain,or,f81r.14,2.339902210593379,0.6768604349457338,0.801979839370843,0.0004964444753518965,0.19752371615380498,0.37363816575475084,0.0008367843702133976,0.6255250498750358,f81r,False,0.4,ain,B,o,r
0.06840677439681217,0.03098573647548407,1,1,B,crossed_layout,1,f81,2,f81r.22:5:uncertain,5,ch,uncertain,ol,f81r.22,0.29545088569317074,0.19228394948608946,0.8148176375287697,0.00048251350783568014,0.18469984896339461,0.8752190531899198,0.0006235346543864539,0.12415741215569362,f81r,False,0.625,chedar,B,o,l
0.1339815824255526,0.1392841864020111,1,1,B,crossed_layout,1,f81,2,f81r.28:6:line,6,y,line,lchl,f81r.28,0.44060819534553314,0.4460248757595724,0.7368239211202495,0.008931792791423587,0.25424428608832694,0.7340626607865407,0.004127325659785841,0.2618100135536734,f81r,False,1.0,y,B,lch,l
0.05445263197027685,0.0024703159605932164,1,1,B,crossed_layout,1,f81,2,f81r.29:8:line,8,l,line,ol,f81r.29,0.26055463656548505,0.05176587492001295,0.8347669359480814,0.0004591106134700911,0.16477395343844856,0.9647547353079223,0.00020176933969932574,0.03504349535237826,f81r,False,1.0,l,B,o,l
0.06482270538146262,0.0008481284461605897,1,1,B,crossed_layout,1,f81,2,f81r.30:5:uncertain,5,k,uncertain,ol,f81r.30,0.28677848131070305,0.030086687183060522,0.8197304635340437,0.00047695564816636383,0.17979258081778998,0.9793614489505297,9.176942529424952e-05,0.020546781624176044,f81r,False,0.7142857142857143,kaiin,B,o,l
0.2261540139995228,0.3018499047732174,1,1,B,crossed_layout,1,f81,2,f81r.31:0:uncertain,0,sh,uncertain,sol,f81r.31,0.5922464689542674,0.7100400462557175,0.6633092413579007,0.0008446128048418969,0.33584614583725736,0.6113031700881593,0.00041277305641580634,0.3882840568554249,f81r,False,0.0,shedy,B,so,l
0.08811848189798752,0.10390368635841359,1,1,B,crossed_layout,1,f81,2,f81v.1:6:uncertain,6,p,uncertain,ol,f81v.1,0.3400928285759882,0.3733719185823718,0.7899904791866951,0.00021333983789468636,0.20979618097541033,0.7719760963872916,0.00018898525248374465,0.22783491836022457,f81v,True,0.6,pchedy,B,o,l
0.0253328934870967,0.014735070942859384,1,1,B,crossed_layout,1,f81,2,f81v.2:11:line,11,s,line,dl,f81v.2,0.17339400681225148,0.1303725307581785,0.8867540953583669,0.001414524024296763,0.11183138061733626,0.9135955123739227,0.0011518709254413099,0.08525261670063597,f81v,False,1.0,saiin,B,d,l
0.07619497993625003,0.000998129830680183,1,1,B,crossed_layout,1,f81,2,f81v.4:4:uncertain,4,k,uncertain,ol,f81v.4,0.31371403440667583,0.03266483316163888,0.8045678335519669,0.000493703052595977,0.19493846339543713,0.9776128590002858,9.506367532083747e-05,0.022292077324393395,f81v,False,0.4444444444444444,kaiin,B,o,l
0.08797440622496303,0.038900976929183005,1,1,B,crossed_layout,1,f81,2,f81v.6:2:uncertain,2,ch,uncertain,ol,f81v.6,0.3400483243549342,0.2172370281146291,0.7900148491694015,0.00050869897749863,0.20947645185309996,0.860211290269306,0.0006496732034148969,0.13913903652727921,f81v,False,0.2,chedy,B,o,l
0.4141398271410185,0.2853608440191327,1,1,B,crossed_layout,1,f81,2,f81v.7:0:uncertain,0,o,uncertain,olor,f81v.7,0.87798948074748,0.6856826732773955,0.45421937727228917,0.0016554344776936705,0.5441251882500171,0.377170327104358,0.0011181054590850763,0.6217115674365569,f81v,False,0.0,ol,B,olo,r
1.2344916049391017,1.2536698789189646,0,0,B,crossed_layout,1,f81,2,f81v.8:1:uncertain,1,sh,uncertain,or,f81v.8,2.223686592410269,2.2643639369307085,0.785393171002439,0.0005132537406299546,0.21409357525693115,0.791599530609373,0.0002590394374218186,0.20814142995320514,f81v,False,0.125,shedy,B,o,r
0.2471256011834037,0.3749236816479362,1,1,B,crossed_layout,1,f81,2,f81v.19:8:uncertain,8,ch,uncertain,dol,f81v.19,0.6250728187750895,0.8188722325477369,0.6483870497282035,0.00019596721403655138,0.35141698305775987,0.5668849084286464,0.00029305745293740546,0.4328220341184162,f81v,False,0.8888888888888888,chy,B,do,l
0.07174673598076549,0.032343079109298886,1,1,B,crossed_layout,1,f81,2,f81v.25:6:uncertain,6,ch,uncertain,ol,f81v.25,0.3033756653521892,0.19674059299897453,0.8103540831926624,0.00048745252644859726,0.18915846428088898,0.8725195769965086,0.0006284386872570901,0.1268519843162343,f81v,False,0.5454545454545454,chey,B,o,l
0.7464014691533569,1.284798262442866,0,0,A,crossed_layout,1,f87,1,f87v.8:3:drawing,3,y,drawing,cthodol,f87v.8,1.364997630794976,2.335195085143927,0.38823507506265803,0.0017303754480741968,0.6100345494892678,0.1981692353581825,0.0006658353169529189,0.8011649293248645,f87v,False,0.6,yteodaiin,H,cthodo,l
0.04398632332336319,0.08181213013262666,1,1,A,crossed_layout,1,f87,1,f87v.12:7:line,7,k,line,dain,f87v.12,0.23503371900834702,0.33175825809526976,0.004155218642115846,0.8496651403327659,0.1461796410251182,0.006517535430753596,0.7945675288381933,0.19891493573105307,f87v,False,1.0,ksheol,H,dai,n
0.0001622052873629398,0.00024340526516761422,1,1,A,crossed_layout,1,f87,1,f87v.13:3:drawing,3,s,drawing,ykaiin,f87v.13,0.013193708508735375,0.01635463754127627,0.00019887669247026755,0.9908965081373,0.00890461517022982,0.000497357442562994,0.9887278413715135,0.010774801185923496,f87v,False,0.5,saral,H,ykaii,n
0.792749253992984,0.1213675227749764,0,1,A,crossed_layout,1,f87,1,f87v.15:3:drawing,3,a,drawing,or,f87v.15,1.4345209161119985,0.4093300347123107,0.6291345575118984,0.0008957276405582832,0.3699697148475434,0.24564866195799617,0.0013783765042640816,0.7529729615377397,f87v,False,0.6,al,H,o,r
0.25243589743437167,0.05924854229032713,1,1,A,crossed_layout,1,f93,1,f93r.3:7:drawing,7,s,drawing,ol,f93r.3,0.6342261440839034,0.2727737378155912,0.6442863147161868,0.000885717049221231,0.354827968234592,0.8277266207442421,0.00031313082835748125,0.1719602484274004,f93r,False,0.7777777777777778,schodchy,H,o,l
0.3512558459433287,0.14627031574691507,1,1,A,crossed_layout,1,f93,1,f93r.4:4:uncertain,4,s,uncertain,chotol,f93r.4,0.7865896693478063,0.4559193761195059,0.5797128341612008,0.0024251517558251875,0.417862014082974,0.7290454304017953,0.001041895917133102,0.26991267368107147,f93r,False,0.5714285714285714,s,H,choto,l
0.5539801430969431,0.5022668684146341,0,0,A,crossed_layout,1,f93,1,f93r.26:2:line,2,q,line,sor,f93r.26,1.0799496376910773,1.0053094184642022,0.5256397974915222,0.001314866134356817,0.47304533637412094,0.5004245981011805,0.0014121242846080611,0.4981632776142115,f93r,False,1.0,qokor,H,so,r
8.920708785762439e-05,9.46174651068588e-06,1,1,B,crossed_layout,1,f94,3,f94r.2:10:line,10,t,line,olaiin,f94r.2,0.009718704342262777,0.003202283907527968,7.109715164684054e-05,0.9932861467871387,0.006642756061214627,8.687391492552773e-05,0.997782807548577,0.002130318536497315,f94r,False,1.0,todal,H,olaii,n
0.4657707895621334,0.05708211787849628,1,1,B,crossed_layout,1,f94,3,f94r.4:2:uncertain,2,k,uncertain,ol,f94r.4,0.9524382322657613,0.26734684055416646,0.5167583740366098,0.001321951179852637,0.48191967478353737,0.8308460925824437,0.00042663794420283853,0.16872726947335345,f94r,False,0.2,kchdy,H,o,l
0.5019951966845919,0.013930007011477103,0,1,B,crossed_layout,1,f94,3,f94v.2:0:uncertain,0,t,uncertain,ol,f94v.2,1.0047928947565425,0.1265015141258673,0.4983416654258397,0.0013260914412986343,0.5003322431328617,0.9160501491256005,0.0009954133688125154,0.08295443750558719,f94v,False,0.0,teedy,H,o,l
0.9868537461940605,1.1886912733476473,0,0,B,crossed_layout,1,f94,3,f94v.2:5:drawing,5,y,drawing,teedal,f94v.2,1.8822904870300101,2.202408347018364,0.2712527206641126,0.055954403493484454,0.672792875842403,0.21727463291010082,0.02414151522902762,0.7585838518608715,f94v,False,0.7142857142857143,ykeedy,H,teeda,l
0.3609335728476912,0.33424561155660754,1,1,B,crossed_layout,1,f94,3,f94v.4:5:drawing,5,o,drawing,ol,f94v.4,0.7995232381232223,0.7590924315204258,0.5745390118255377,0.0012972964099197423,0.4241636917645427,0.590867916146059,0.0006518216055258651,0.40848026224841505,f94v,False,0.8333333333333334,okchy,H,o,l
0.00018341859387765872,6.947318780127341e-05,1,1,B,crossed_layout,1,f94,3,f94v.9:4:uncertain,4,y,uncertain,otaiin,f94v.9,0.014059140629135011,0.00872110895625212,0.00024724283764737405,0.9903022754809766,0.00945048168137599,0.00027567883703346556,0.9939732222404285,0.0057510989225381635,f94v,False,0.4,y,H,otaii,n
0.5019951966845919,1.6629692544882722,0,0,B,crossed_layout,1,f94,3,f94v.10:0:uncertain,0,a,uncertain,ol,f94v.10,1.0047928947565425,3.511056536601442,0.4983416654258397,0.0013260914412986343,0.5003322431328617,0.0877135454753649,0.0008579365793335197,0.9114285179453016,f94v,False,0.0,air,H,o,l
0.6502099296722432,0.2609696735756211,0,1,B,crossed_layout,1,f94,3,f94v.11:7:uncertain,7,e,uncertain,or,f94v.11,1.220374573484276,0.6481723517694389,0.569528583330877,0.001300140609818113,0.4291712760593049,0.36053793026948017,0.0013739191617833117,0.6380881505687366,f94v,False,0.7777777777777778,eedy,H,o,r
0.5539801430969431,0.5804977543708221,0,0,A,crossed_layout,1,f96,1,f96r.6:6:line,6,o,line,sor,f96r.6,1.0799496376910773,1.1174020501578539,0.5256397974915222,0.001314866134356817,0.47304533637412094,0.5384175013674133,0.0006594075924500223,0.4609230910401367,f96r,False,1.0,oiir,H,so,r
0.2968661414730727,0.03038726121032596,1,1,A,crossed_layout,1,f96,1,f96r.12:3:drawing,3,d,drawing,ol,f96r.12,0.7030355461007103,0.19102561679625588,0.6142783550288646,0.0009046290790838866,0.3848170158920515,0.8759827607950893,0.0015237133021479504,0.12249352590276262,f96r,False,0.42857142857142855,dy,H,o,l
0.00029202731318556053,0.0008302197964950994,1,1,A,crossed_layout,1,f96,1,f96v.2:3:drawing,3,s,drawing,dteodoiin,f96v.2,0.018038221965081317,0.03143306693819066,0.0007151487248017215,0.987574696840562,0.011710154434636404,0.0026065945242132733,0.9784478966746385,0.018945508801148158,f96v,False,0.42857142857142855,saro,H,dteodoii,n
0.04398632332336319,0.09455312505576174,1,1,A,crossed_layout,1,f96,1,f96v.12:2:line,2,s,line,dain,f96v.12,0.23503371900834702,0.3610906020931894,0.004155218642115846,0.8496651403327659,0.1461796410251182,0.00821793976249566,0.7785757945106019,0.21320626572690243,f96v,False,1.0,soysar,H,dai,n
0.1699292292063283,0.05256069635725128,1,1,A,crossed_layout,1,f100,1,f100v.15:9:uncertain,9,s,uncertain,chotol,f100v.15,0.4979493284634043,0.25541409515811964,0.7081125895905438,0.0008026726311985145,0.2910847377782578,0.8377466426654601,0.0002827908100039592,0.16197056652453604,f100v,False,0.9,s,P,choto,l
0.23967920941436188,0.21244910605742404,1,1,A,crossed_layout,1,f101,1,f101r.1:2:uncertain,2,sh,uncertain,ol,f101r.1,0.6131802115648007,0.569089856622374,0.6537540067033223,0.00013487913248545614,0.34611111416419227,0.6740418826278493,7.407927134280687e-05,0.32588403810080785,f101r,True,0.09523809523809523,shey,P,o,l
0.1981892412976236,0.1804592219352832,1,1,A,crossed_layout,1,f101,1,f101r.3:12:uncertain,12,sh,uncertain,ol,f101r.3,0.5455260711023227,0.5154367794403543,0.6851415237078393,0.00013103224707475202,0.31472744404508596,0.6995811008493099,7.292922650655462e-05,0.3003459699241836,f101r,True,0.48,sheody,P,o,l
0.15778568186417447,0.012756944896462822,1,1,A,crossed_layout,1,f101,1,f101r.3:23:uncertain,23,d,uncertain,ol,f101r.3,0.4758193906907492,0.12022404017636029,0.7190582788562268,0.0001260960715035778,0.28081562507226976,0.9200447631878143,0.00018009928791304881,0.07977513752427264,f101r,True,0.92,dar,P,o,l
0.006282730837884089,0.0013186946994080068,1,1,A,crossed_layout,1,f101,1,f101r.4:20:line,20,d,line,dairin,f101r.4,0.09046275295647037,0.0416252122665055,0.011132062918376177,0.9392214400682992,0.049646497013324714,0.00695948771028893,0.9715598575540526,0.021480654735658446,f101r,False,1.0,daiin,P,dairi,n
1.069168929971258,0.26876057508402895,0,1,A,crossed_layout,1,f101,1,f101r.5:17:uncertain,17,a,uncertain,or,f101r.5,1.8959364552819575,0.6593354218735625,0.7310047037573645,0.0002961682100201632,0.2686991280326155,0.3663277225404902,0.0005023776408235522,0.6331698998186863,f101r,False,0.68,aiin,P,o,r
0.1384302560566792,0.059869341535608384,1,1,A,crossed_layout,1,f101,1,f101r.5:19:uncertain,19,ch,uncertain,ol,f101r.5,0.4407225381490441,0.2742465057726875,0.7367655254289638,0.0002938327594304177,0.26294064181160576,0.8268820713479541,0.00020325894286349607,0.1729146697091825,f101r,False,0.76,chey,P,o,l
0.8560047827946815,0.8566396156474831,0,0,A,crossed_layout,1,f101,1,f101v.19:2:uncertain,2,o,uncertain,or,f101v.19,1.5323504184339949,1.5332192407656895,0.6541514893375368,0.00013483453895320988,0.34571367612351006,0.6544284654585415,6.599203526584214e-05,0.34550554250619275,f101v,True,0.1,ody,P,o,r
0.9278021477355777,0.3279366864148493,0,1,A,crossed_layout,1,f101,1,f101v.19:7:uncertain,7,s,uncertain,fol,f101v.19,1.6491255173188242,0.7489338090624688,0.31883335758090736,0.0001276298054903514,0.6810390126136023,0.5950431481434383,5.361443462589803e-05,0.40490323742193574,f101v,True,0.35,s,P,fo,l
0.30978192689115036,0.5328648563338367,1,0,A,crossed_layout,1,f101,1,f101v.19:20:line,20,o,line,orolodain,f101v.19,0.7449905557083201,1.0675351352744002,0.020319902255422326,0.596671777486076,0.38300832025850173,0.01366241311866439,0.4771334923054164,0.5092040945759192,f101v,True,1.0,or,P,orolodai,n
0.20148834807130128,0.18103802659731322,1,1,A,crossed_layout,1,f101,1,f101v.23:1:uncertain,1,o,uncertain,ol,f101v.23,0.5512234221651314,0.5165049108160864,0.6824411648872182,0.0003134473387747773,0.3172453877740071,0.6990633421052822,0.0001458115056103385,0.30079084638910747,f101v,False,0.043478260869565216,olor,P,o,l
0.15498535066071994,0.06660332049330149,1,1,A,crossed_layout,1,f101,1,f101v.27:11:uncertain,11,ch,uncertain,ol,f101v.27,0.47097846604159616,0.2908695106111944,0.7214751122341081,0.00029989316654636,0.27822499459934563,0.817409258465102,0.00020680904890596447,0.18238393248599197,f101v,False,0.55,chs,P,o,l
1.3317698097666564,1.865346901697492,0,0,B,crossed_layout,1,f115,2,f115r.10:9:line,9,d,line,qekor,f115r.10,2.442621111586286,4.868554179713314,0.8159845648416676,6.628854471261681e-05,0.18394914661361966,0.9657313671190694,3.766678139653134e-05,0.03423096609953431,f115r,True,1.0,daiin,S,qeko,r
1.038358183171322,0.08379835527358416,0,1,B,crossed_layout,1,f115,3,f115r.21:2:uncertain,2,a,uncertain,or,f115r.21,1.840008724683385,0.3306874265061159,0.7204016801505579,0.0002782245218912718,0.27932009532755075,0.20454295420628207,0.0002995351284694843,0.7951575106652485,f115r,False,0.25,al,S,o,r
0.13763558800649286,0.05425258136530646,1,1,B,crossed_layout,1,f115,3,f115r.29:8:uncertain,8,ch,uncertain,ol,f115r.29,0.439066807907498,0.25976790640384456,0.7376115706458254,0.00011397929038447131,0.26227445006379013,0.8352222750225531,0.0001543399565418162,0.16462338502090504,f115r,True,0.8888888888888888,chedyo,S,o,l
1.0797145667103305,0.09213658161859345,0,1,B,crossed_layout,1,f115,3,f115v.4:4:uncertain,4,a,uncertain,or,f115v.4,1.9153168441633073,0.34884586389302297,0.7346132487520373,0.0002730464759591009,0.2651137047720036,0.2144821799106348,0.00030581462535063375,0.7852120054640147,f115v,False,0.4444444444444444,al,S,o,r
1.597854735709829,1.334734677275741,0,0,B,crossed_layout,1,f115,3,f115v.9:9:line,9,s,line,ror,f115v.9,3.235957371355922,2.449914568595773,0.8937949039961999,6.492902264374376e-05,0.10614016698115647,0.8168726201901597,0.00010583023516536383,0.18302154957467495,f115v,False,1.0,saiin,S,ro,r
0.24116962211842996,0.018523905061744762,1,1,B,crossed_layout,1,f115,3,f115v.16:3:uncertain,3,k,uncertain,qoteol,f115v.16,0.6159484984862318,0.14610548777217697,0.6525007664853002,0.0004925156352398694,0.34700671787945997,0.903686648076277,0.00014879940201776578,0.09616455252170521,f115v,False,0.25,kar,S,qoteo,l
1.0530256434694494,0.8379077776367662,0,0,B,crossed_layout,1,f115,3,f115v.39:8:line,8,y,line,lror,f115v.39,1.8670875618063745,1.5041349381703015,0.7253500405925809,0.0005237003704824452,0.27412625903693655,0.6470742923312154,0.0003841930070773154,0.35254151466170724,f115v,False,1.0,ycheeol,S,lro,r
1.0648086695437962,1.7622647592889726,0,0,B,crossed_layout,1,f116,3,f116r.1:7:uncertain,7,l,uncertain,or,f116r.1,1.8874628532106863,4.028065429551197,0.7296027985666775,0.00011523779238056079,0.2702819636409419,0.9386689433949192,3.514882978099058e-05,0.06129590777529977,f116r,True,0.7777777777777778,llory,S,o,r
0.16329055082786698,0.07042183084725644,1,1,B,crossed_layout,1,f116,3,f116r.19:12:line,12,ch,line,dain,f116r.19,0.49884262546362296,0.3109343555267598,0.01366936679994827,0.7076742716924844,0.27865636150756734,0.013162669419899424,0.8061195101292887,0.18071782045081194,f116r,False,1.0,chol,S,dai,n
1.4886459797769445,1.7242670276125984,0,0,B,crossed_layout,1,f116,3,f116r.31:9:uncertain,9,d,uncertain,opchekan,f116r.31,7.991054807248118,8.583825131828052,0.4836395562881107,0.003930545300792428,0.512429898411097,0.8393400318738367,0.0026062205075055274,0.15805374761865792,f116r,True,0.9,dlr,S,opcheka,n
0.1266927371479633,0.042572816555179895,1,1,B,crossed_layout,1,f116,3,f116r.40:7:uncertain,7,ch,uncertain,ol,f116r.40,0.4185442779619453,0.2278035006118259,0.7481791785266296,0.0002677667883054185,0.25155305468506506,0.853934014842802,0.00033530167556658106,0.14573068348163148,f116r,False,0.6363636363636364,chedy,S,o,l
1.4713006352798863,1.5955668541805001,0,0,B,crossed_layout,1,f116,3,f116r.49:11:line,11,s,line,lkan,f116r.49,6.514496374665451,6.992121459942288,0.45017208405669323,0.010938082245211764,0.538889833698095,0.7400397120377029,0.00785528067345579,0.2521050072888412,f116r,False,1.0,sodal,S,lka,n
0.0019633000368638647,0.00010235564213047559,1,1,A,crossed_layout,1,f5,1,f5v.1:9:line,9,d,line,daiin,f5v.1,0.04632318956858531,0.010468754944364273,0.0005419917558655548,0.968401225679695,0.031056782564439472,0.00015503282366619375,0.9927698760438565,0.007075091132477454,f5v,True,1.0,dchol,H,daii,n
0.0002716868416707439,0.00020993768455881864,1,1,A,crossed_layout,1,f14,1,f14v.2:9:line,9,y,line,daiin,f14v.2,0.017089600823646217,0.015035667695499681,0.0002449348843630287,0.9882242743862946,0.01153079072934236,0.0002493109599876222,0.9896321894731794,0.010118499566832891,f14v,False,1.0,ychy,H,daii,n
0.00044614739559001055,0.0004460646347157224,1,1,A,crossed_layout,1,f14,1,f14v.8:1:drawing,1,o,drawing,daiin,f14v.8,0.021885559642897057,0.021886247284321193,0.00024251047245378351,0.9849445695505894,0.014812919976956634,0.000246313752768538,0.9849441000899578,0.014809586157273638,f14v,False,0.16666666666666666,okshody,H,daii,n
0.0003658762033362682,1.8586032480614974e-05,1,1,A,crossed_layout,1,f14,1,f14v.8:3:drawing,3,d,drawing,daiin,f14v.8,0.01982194400934905,0.00446006132749774,0.00024350185558389434,0.9863544318668891,0.013402066277526891,7.80184092990775e-05,0.9969132947661892,0.003008686824511694,f14v,False,0.5,dol,H,daii,n
0.0002716868416707439,0.0002558609902718811,1,1,A,crossed_layout,1,f20,1,f20r.6:7:line,7,o,line,daiin,f20r.6,0.017089600823646217,0.01656544770679406,0.0002449348843630287,0.9882242743862946,0.01153079072934236,0.00021504062780317002,0.9885833765703674,0.011201582801829386,f20r,False,1.0,ocho,H,daii,n
0.0002716868416707439,7.07561992170689e-05,1,1,A,crossed_layout,1,f20,1,f20v.4:4:paragraph,4,t,paragraph,daiin,f20v.4,0.017089600823646217,0.008681723199416283,0.0002449348843630287,0.9882242743862946,0.01153079072934236,0.00010476936749065614,0.9940003582053454,0.005894872427163967,f20v,False,1.0,tshol,H,daii,n
0.0002716868416707439,0.00014129201395455648,1,1,A,crossed_layout,1,f21,1,f21r.2:8:line,8,q,line,daiin,f21r.2,0.017089600823646217,0.012356364311850714,0.0002449348843630287,0.9882242743862946,0.01153079072934236,0.00025183602625771645,0.9914717941472891,0.00827636982645311,f21r,False,1.0,qotol,H,daii,n
0.0002716868416707439,0.00014129201395455648,1,1,A,crossed_layout,1,f21,1,f21v.2:7:line,7,q,line,daiin,f21v.2,0.017089600823646217,0.012356364311850714,0.0002449348843630287,0.9882242743862946,0.01153079072934236,0.00025183602625771645,0.9914717941472891,0.00827636982645311,f21v,False,1.0,qotol,H,daii,n
0.0002716868416707439,0.00020993768455881864,1,1,A,crossed_layout,1,f21,1,f21v.6:5:line,5,y,line,daiin,f21v.6,0.017089600823646217,0.015035667695499681,0.0002449348843630287,0.9882242743862946,0.01153079072934236,0.0002493109599876222,0.9896321894731794,0.010118499566832891,f21v,False,1.0,ykcho,H,daii,n
0.6090716619946763,0.6687899148894115,0,0,B,crossed_layout,1,f34,2,f34r.12:4:drawing,4,q,drawing,tol,f34r.12,1.163470922436068,1.2474925857585257,0.4464371770101333,0.003446485534207827,0.5501163374556588,0.42117958498735236,0.0011045488415215186,0.5777158661711261,f34r,False,0.3333333333333333,qokar,H,to,l
0.16922317973533377,0.13033228442853712,1,1,B,crossed_layout,1,f39,2,f39v.8:10:line,10,t,line,ain,f39v.8,0.5175635824475633,0.4896055380315043,0.022436923914756917,0.6985505469310598,0.2790125291541833,0.08863557324860707,0.7122198064615352,0.19914462028985783,f39v,False,1.0,tar,H,ai,n
0.3999949965499774,0.47791313419028625,1,1,B,crossed_layout,1,f39,2,f39v.11:4:drawing,4,y,drawing,chl,f39v.11,0.8629072757776761,0.9713786080498277,0.5498434128008461,0.0059509709629492775,0.44420561623620447,0.5100184673516174,0.0023075564748084696,0.48767397617357416,f39v,False,0.5,ykeedy,H,ch,l
0.0003000268735175459,1.4854556726954643e-05,1,1,A,crossed_layout,1,f42,1,f42r.14:5:drawing,5,d,drawing,daiin,f42r.14,0.017955096591896622,0.003989453032397324,0.000244463946940714,0.9876316006753638,0.012123935377695285,7.380925363291553e-05,0.997238541738359,0.0026876490080082194,f42r,False,0.8333333333333334,dam,H,daii,n
0.07151386293393397,0.055587067290709696,1,1,A,crossed_layout,1,f42,1,f42r.18:5:line,5,o,line,chorain,f42r.18,0.3056855719655667,0.2657332792015497,0.003750407686060928,0.8090576591431345,0.18719193317080446,0.003062623664571962,0.8317758601949072,0.16516151614052077,f42r,False,1.0,otchoty,H,chorai,n
1.6040551524069326,1.2325165612321756,0,0,A,crossed_layout,1,f42,1,f42r.21:6:line,6,k,line,odan,f42r.21,6.923891489285353,3.201875331566242,0.24224802134485865,0.008235708660898268,0.749516269994243,0.30277537466554544,0.10867746081323353,0.588547164521221,f42r,False,1.0,kchaiin,H,oda,n
0.0002716868416707439,0.00038242313374354815,1,1,A,crossed_layout,1,f42,1,f42v.2:9:line,9,sh,line,daiin,f42v.2,0.017089600823646217,0.02019058542262486,0.0002449348843630287,0.9882242743862946,0.01153079072934236,0.0001403582848539531,0.9861024280615439,0.013757213653602203,f42v,False,1.0,sho,H,daii,n
0.3219486466779817,0.3693829631112555,1,1,A,crossed_layout,1,f42,1,f42v.6:1:drawing,1,s,drawing,cheotchar,f42v.6,0.8908334644967442,0.903156736020969,0.2726885814846029,0.18800895262814354,0.5393024658872535,0.3820551141026786,0.08322943720153234,0.534715448695789,f42v,False,0.16666666666666666,sy,H,cheotcha,r
0.00013692190890763923,0.00017535113194696767,1,1,A,crossed_layout,1,f42,1,f42v.12:4:drawing,4,ch,drawing,oteeaiin,f42v.12,0.012041863618983522,0.013605865511629532,7.639425105710303e-05,0.9916879538673512,0.008235651881591572,4.619694034321325e-05,0.990613463840843,0.009340339218813703,f42v,False,0.5714285714285714,chkchy,H,oteeaii,n
0.0003220613995911733,0.00036948982019184193,1,1,A,crossed_layout,1,f42,1,f42v.13:5:drawing,5,ch,drawing,daiin,f42v.13,0.018600442672680115,0.01983374645841586,0.00024412352591918261,0.9871899122844481,0.012565964189632718,0.00012394229769220177,0.9863463626977328,0.013529695004575017,f42v,False,0.7142857142857143,chokeey,H,daii,n
0.0002716868416707439,0.00014129201395455648,1,1,A,crossed_layout,1,f42,1,f42v.13:7:line,7,q,line,daiin,f42v.13,0.017089600823646217,0.012356364311850714,0.0002449348843630287,0.9882242743862946,0.01153079072934236,0.00025183602625771645,0.9914717941472891,0.00827636982645311,f42v,False,1.0,qoteey,H,daii,n
0.40059077383480224,0.4409762987753091,1,1,A,crossed_layout,1,f45,1,f45r.1:8:line,8,sh,line,ofchar,f45r.1,0.8677939638561125,0.9208841996123409,0.4429333372505749,0.009082525651015515,0.5479841370984097,0.4672756096529732,0.0045391836825551405,0.5281852066644717,f45r,True,1.0,shor,H,ofcha,r
0.0019633000368638647,0.0019157110197025769,1,1,A,crossed_layout,1,f45,1,f45r.5:9:line,9,o,line,daiin,f45r.5,0.04632318956858531,0.04569247805162607,0.0005419917558655548,0.968401225679695,0.031056782564439472,0.0004572247061217481,0.9688246799217647,0.0307180953721136,f45r,True,1.0,otchar,H,daii,n
0.12004802873085117,0.043073527282192124,1,1,A,crossed_layout,1,f53,1,f53v.1:0:uncertain,0,sh,uncertain,tshor,f53v.1,0.4057041035787895,0.22921220007026982,0.24486354762318654,0.0002686607820387399,0.7548677915947747,0.1466083618083927,0.000291028362376407,0.853100609829231,f53v,True,0.0,shey,H,tsho,r
0.7499712939389824,1.1522399584647878,0,0,A,crossed_layout,1,f58,3,f58r.2:8:line,8,y,line,olchokal,f58r.2,1.4141842060283925,2.0952684679850293,0.37522186228365056,0.025640300869088185,0.5991378368472612,0.23402450869412914,0.014095973894007203,0.7518795174118635,f58r,False,1.0,ykechod,S,olchoka,l
1.3401749179721452,0.6887019337647332,0,0,A,crossed_layout,1,f58,3,f58r.6:3:uncertain,3,y,uncertain,oteor,f58r.6,2.4642673982671965,1.2759680611892632,0.8183870145087114,0.0004032210635244656,0.1812097644277641,0.5865761898538107,0.0004758358147809805,0.4129479743314083,f58r,False,0.375,y,S,oteo,r
0.5451648753534881,0.009546837620837155,0,1,A,crossed_layout,1,f58,3,f58r.12:0:uncertain,0,a,uncertain,shoar,f58r.12,1.1104212033256255,0.10885650232131876,0.5059781215998702,0.030863089136337826,0.46315878926379206,0.06483308175720989,0.00784414022362912,0.9273227780191611,f58r,False,0.0,ar,S,shoa,r
1.2616165668366328,1.6864392650914475,0,0,A,crossed_layout,1,f58,3,f58r.23:8:line,8,t,line,sar,f58r.23,2.299895337449451,3.653528294361091,0.791519064900829,0.005403103948096936,0.20307783115107406,0.9159884036277438,0.004546137897538348,0.0794654584747178,f58r,False,1.0,tazain,S,sa,r
1.9173230843080145,1.9627902041007927,0,0,A,crossed_layout,1,f58,3,f58r.26:6:line,6,y,line,podaiir,f58r.26,5.624974689460111,6.779509436330931,0.0012489879321331175,0.9784875385286149,0.020263473539252008,0.0004872761565296848,0.990410148050803,0.009102575792667347,f58r,True,1.0,yteor,S,podaii,r
0.5437918742901423,0.20090587586615904,0,1,A,crossed_layout,1,f58,3,f58r.38:9:line,9,d,line,ytolkal,f58r.38,1.0752013927993898,0.5552011023260274,0.47460480346393596,0.008009842893545767,0.5173853536425183,0.6805621856855472,0.005049744029654604,0.31438807028479815,f58r,False,1.0,dtshol,S,ytolka,l
1.6915615113987588,1.6269444859192062,0,0,A,crossed_layout,1,f58,3,f58v.4:2:uncertain,2,y,uncertain,okair,f58v.4,3.724819610944849,3.3947905486049508,0.009478306835880614,0.9148876061829442,0.07563408698117519,0.006026329242298296,0.8988986966360918,0.09507497412160983,f58v,False,0.18181818181818182,y,S,okai,r
0.22111320007699914,0.004563313685463265,1,1,A,crossed_layout,1,f58,3,f58v.16:7:uncertain,7,a,uncertain,taldar,f58v.16,0.594813574606654,0.07249992272643878,0.32685745231471497,0.011012537419383323,0.6621300102659018,0.046416270695068935,0.0025950467004842567,0.9509886826044468,f58v,False,0.875,al,S,talda,r
0.05999694619784955,0.0713749388570929,1,1,A,crossed_layout,1,f58,3,f58v.24:7:uncertain,7,a,uncertain,ain,f58v.24,0.29656185329199913,0.3054465535257308,0.02883785506018604,0.8141904172824944,0.15697172765731957,0.003852972988853388,0.809191710840767,0.18695531617037958,f58v,False,0.6363636363636364,ar,S,ai,n
0.5288349137722015,0.5042529871184513,0,0,A,crossed_layout,1,f58,3,f58v.29:8:uncertain,8,a,uncertain,yfair,f58v.29,1.0639074421489574,1.0092107319138477,0.01523845007479751,0.5064267837162819,0.4783347662089206,0.002126830957713212,0.5010551970040743,0.49681797203821265,f58v,True,0.8888888888888888,alam,S,yfai,r
0.310886766642535,0.17052500268153323,1,1,A,crossed_layout,1,f58,3,f58v.34:0:uncertain,0,sh,uncertain,tol,f58v.34,0.7254629258421387,0.5009430133238439,0.6048029468761684,0.0018746132990059092,0.3933224398248257,0.7066447339658458,0.0027348761368172145,0.2906203898973369,f58v,True,0.0,sheo,S,to,l
0.12777274440497052,0.010511244006172388,1,1,B,crossed_layout,1,f78,2,f78r.13:6:uncertain,6,d,uncertain,tol,f78r.13,0.4266669561294412,0.11181695296890845,0.7439786076811067,0.006659317062187177,0.24936207525670598,0.9254218367548983,0.004361962429909451,0.0702162008151923,f78r,False,0.6666666666666666,dy,B,to,l
0.003429872431334558,0.011377384269537412,1,1,B,crossed_layout,1,f78,2,f78r.18:6:line,6,y,line,okain,f78r.18,0.0660323690175527,0.1200393486306819,0.007747811671379073,0.9552615034237205,0.036990684904900435,0.009782719479488782,0.9201625534080528,0.0700547271124584,f78r,False,1.0,y,B,okai,n
0.06207617340255483,0.01961259366633242,1,1,B,crossed_layout,1,f78,2,f78r.19:5:line,5,s,line,chl,f78r.19,0.28821150444542476,0.15660436686672105,0.8189166328424807,0.010262811480001969,0.17082055567751744,0.8971341488151312,0.0081864306110429,0.09467942057382601,f78r,False,1.0,sol,B,ch,l
0.024002924140901154,0.003485497387320475,1,1,B,crossed_layout,1,f78,2,f78r.26:6:uncertain,6,a,uncertain,ain,f78r.26,0.18386612522503606,0.0629654985614463,0.024295142672750434,0.8803407009203985,0.09536415640685099,0.00198998977183091,0.957294351208982,0.040715659019187014,f78r,False,0.8571428571428571,anl,B,ai,n
1.9812518846651153,1.9813556293060897,0,0,B,crossed_layout,1,f78,2,f78r.27:2:uncertain,2,a,uncertain,daiil,f78r.27,11.060091512947984,13.125176730003377,0.00046836097327598256,0.9910176075721645,0.008514031454559578,0.00011192525844457009,0.9907043588570039,0.009183715884551557,f78r,False,0.6666666666666666,aldy,B,daii,l
0.5308706174722111,1.0105078074312235,0,0,B,crossed_layout,1,f78,2,f78r.28:4:uncertain,4,o,uncertain,tchal,f78r.28,1.0694219120921555,1.8479083310308126,0.47650989829062906,0.0169923311653224,0.5064977705440485,0.2777948327109966,0.023362038297324302,0.698843128991679,f78r,True,0.5,olkee,B,tcha,l
1.231982318475346,0.33583432591123735,0,1,B,crossed_layout,1,f78,2,f78r.38:0:uncertain,0,a,uncertain,sar,f78r.38,2.239800231003051,0.7731446138457562,0.7813720688346062,0.006912288983989177,0.21171564218140465,0.40449808628571626,0.01036124964423531,0.5851406640700484,f78r,False,0.0,aiin,B,sa,r
0.00012620951851241742,0.0004316352732961843,1,1,B,crossed_layout,1,f78,2,f78v.11:9:line,9,sh,line,daiin,f78v.11,0.011832919792458292,0.021663999748286884,0.00046998915038464324,0.9918315892687561,0.007698421580859178,0.00043658101862276144,0.9850958426654473,0.01446757631593005,f78v,False,1.0,sheor,B,daii,n
0.767707403410304,0.6738713124921976,0,0,B,crossed_layout,1,f78,2,f78v.20:8:line,8,ch,line,okalor,f78v.20,1.3993530957230156,1.2583183271227543,0.6182088791188198,0.0026920293736768883,0.3790990915075033,0.5789422930998173,0.0030267546243436423,0.41803095227583903,f78v,True,1.0,chedy,B,okalo,r
0.022478454588140715,0.001582559274836028,1,1,B,crossed_layout,1,f81,2,f81r.5:8:line,8,s,line,ain,f81r.5,0.17803649286556134,0.04735704278344028,0.02442122518454697,0.8839051724641914,0.09167360235126154,0.013117095948643308,0.9677075059073005,0.019175398144056353,f81r,False,1.0,sar,B,ai,n
0.003429872431334558,0.006219435365109171,1,1,B,crossed_layout,1,f81,2,f81r.7:4:line,4,p,line,okain,f81r.7,0.0660323690175527,0.09123772243546314,0.007747811671379073,0.9552615034237205,0.036990684904900435,0.01352369596997017,0.9387170559325034,0.04775924809752632,f81r,False,1.0,pchedy,B,okai,n
0.34430638074482606,0.35296236402537845,1,1,B,crossed_layout,1,f81,2,f81r.21:6:line,6,q,line,lol,f81r.21,0.7740822611092998,0.7864881898042818,0.5847604885843429,0.0006528465366331528,0.4145866648790239,0.57975361274655,0.00029966655455252215,0.41994672069889755,f81r,False,1.0,qotal,B,lo,l
0.08245254114007261,0.012538361822460396,1,1,B,crossed_layout,1,f81,2,f81v.17:8:line,8,q,line,ral,f81v.17,0.3315957342843843,0.11972700884420126,0.7946570442334691,0.004681817929601526,0.20066113783692943,0.920361787813527,0.0009282680843054068,0.07870994410216763,f81v,False,1.0,qokchdy,B,ra,l
0.12149402974024325,0.6942624487901319,1,0,A,crossed_layout,1,f87,1,f87r.4:6:line,6,d,line,odar,f87r.4,0.41596829932230783,1.315835944680782,0.24224802134485865,0.008235708660898268,0.749516269994243,0.5796041616099202,0.018703164334262973,0.4016926740558169,f87r,False,1.0,daiin,H,oda,r
0.20448168278341233,0.022847585527505876,1,1,A,crossed_layout,1,f87,1,f87r.7:7:line,7,s,line,chekol,f87r.7,0.5613615521714621,0.16501572146753907,0.6776623139324313,0.005237276322100525,0.31710040974546816,0.891918799868514,0.002439888855952536,0.10564131127553339,f87r,False,1.0,solsheor,H,cheko,l
3.4667033000579495e-05,2.7720654481478025e-05,1,1,A,crossed_layout,1,f87,1,f87r.9:4:line,4,sh,line,saraiin,f87r.9,0.006072395129640612,0.005406023796159126,7.473393745762354e-05,0.9957997821296373,0.004125483932904978,3.466656067468684e-05,0.9962598417287563,0.003705491710569061,f87r,False,1.0,sho,H,saraii,n
0.0002716868416707439,1.328006012731003e-05,1,1,A,crossed_layout,1,f87,1,f87r.13:6:line,6,d,line,daiin,f87r.13,0.017089600823646217,0.0037732064807216056,0.0002449348843630287,0.9882242743862946,0.01153079072934236,7.178966686165875e-05,0.997388029712229,0.0025401806209092988,f87r,False,1.0,daiin,H,daii,n
0.24871353944370056,0.08295963640459111,1,1,A,crossed_layout,1,f87,1,f87v.10:5:line,5,k,line,chepcheol,f87v.10,0.6303425354736656,0.3367295146588019,0.646023013480939,0.0026841918696518924,0.3512927946494092,0.7918343099227343,0.00931944330416899,0.19884624677309667,f87v,True,1.0,kchor,H,chepcheo,l
1.1931686275420028,0.34730749368914837,0,1,A,crossed_layout,1,f87,1,f87v.11:4:drawing,4,l,drawing,odal,f87v.11,2.1595583535336957,0.7831620885755725,0.2238247758293829,0.007629559458254034,0.7685456647123631,0.5810917637117003,0.004415916771957267,0.41449231951634236,f87v,False,0.6666666666666666,lseeey,H,oda,l
0.32478087104847,0.23520182652832605,1,1,A,crossed_layout,1,f93,1,f93r.5:5:drawing,5,ch,drawing,otodar,f93r.5,0.7559336576612044,0.6151590679863634,0.3979344441981085,0.009902519880946094,0.5921630359209455,0.3385564662880974,0.008585626633732798,0.6528579070781698,f93r,False,0.8333333333333334,chodain,H,otoda,r
0.13973258678596753,0.1745168777687896,1,1,A,crossed_layout,1,f93,1,f93r.8:0:uncertain,0,sh,uncertain,lor,f93r.8,0.4434105091620547,0.505925073061057,0.26403783323227725,0.0005680750515467299,0.735394091716176,0.2949978757649308,0.0007934383714359129,0.7042086858636333,f93r,False,0.0,sheeody,H,lo,r
0.12149402974024325,0.13719478515218236,1,1,A,crossed_layout,1,f93,1,f93r.8:4:line,4,sh,line,odar,f93r.8,0.41596829932230783,0.4425964402251999,0.24224802134485865,0.008235708660898268,0.749516269994243,0.2595701042724525,0.004620726393129905,0.7358091693344178,f93r,False,1.0,shodam,H,oda,r
0.2657373219015111,0.13456176579846613,1,1,A,crossed_layout,1,f93,1,f93r.11:6:line,6,q,line,sal,f93r.11,0.6658539347080952,0.4370523537553973,0.6303155086941898,0.010576088247834573,0.35910840305797564,0.7386422268220808,0.003990415531635119,0.25736735764628416,f93r,False,1.0,qokor,H,sa,l
0.7806998074465948,1.1426031015710523,0,0,A,crossed_layout,1,f93,1,f93r.13:2:uncertain,2,r,uncertain,kchol,f93r.13,1.5186018172300935,2.1515252497169475,0.34902400810767265,0.0561877968965756,0.5947881949957519,0.22507453595046806,0.039727998842647105,0.7351974652068848,f93r,False,0.6666666666666666,r,H,kcho,l
0.7774436740116152,0.24175955798747625,0,1,A,crossed_layout,1,f93,1,f93r.14:3:line,3,o,line,chr,f93r.14,1.4372276796630135,0.6304467763879534,0.6159654177665338,0.01475834845617681,0.3692762337772893,0.340963695182482,0.013059967588212831,0.6459763372293053,f93r,False,1.0,ochol,H,ch,r
0.0002716868416707439,0.0002558609902718811,1,1,A,crossed_layout,1,f93,1,f93r.22:3:line,3,o,line,daiin,f93r.22,0.017089600823646217,0.01656544770679406,0.0002449348843630287,0.9882242743862946,0.01153079072934236,0.00021504062780317002,0.9885833765703674,0.011201582801829386,f93r,False,1.0,oain,H,daii,n
0.00031528643992417463,1.5710522269162105e-05,1,1,A,crossed_layout,1,f93,1,f93v.2:6:drawing,6,d,drawing,daiin,f93v.2,0.018404405325191327,0.004102206836391158,0.000244226014378645,0.987324063463602,0.01243171052201933,7.484001358231201e-05,0.9971606056243296,0.0027645543620881327,f93v,False,0.75,dar,H,daii,n
0.00033132145528071654,0.0003196298705195798,1,1,A,crossed_layout,1,f93,1,f93v.3:6:drawing,6,o,drawing,daiin,f93v.3,0.01886512442809658,0.01851818357906251,0.00024398638368032687,0.987008815667152,0.012747197949167528,0.00022707045596441247,0.9872462011467681,0.012526728397267511,f93v,False,0.6666666666666666,otal,H,daii,n
0.7880241924034799,1.3536259392276,0,0,A,crossed_layout,1,f93,1,f93v.9:8:drawing,8,d,drawing,sar,f93v.9,1.4456170622846685,2.5607080877691106,0.6224121994951968,0.010452704952977713,0.3671350955518254,0.8146355183327498,0.015872149523386843,0.1694923321438632,f93v,False,0.8888888888888888,dar,H,sa,r
1.5430099078023622,1.5810284524605955,0,0,B,crossed_layout,1,f94,3,f94v.1:7:line,7,o,line,oteedan,f94v.1,7.122511485110203,8.398569321470635,0.31688176888035235,0.007176462147958254,0.6759417689716893,0.2864980056878105,0.0029633211013403147,0.7105386732108493,f94v,True,1.0,ol,H,oteeda,n
0.0005501945191699479,0.0007030303203739481,1,1,B,crossed_layout,1,f94,3,f94v.2:7:line,7,y,line,qotarain,f94v.2,0.024334255191417298,0.02742560015413499,0.0002830409075917017,0.9832742347497582,0.016442724342650167,0.00016446156557875505,0.9811695726510857,0.018665965783335643,f94v,False,1.0,yshedy,H,qotarai,n
0.0002716868416707439,7.07561992170689e-05,1,1,A,crossed_layout,1,f96,1,f96r.8:5:line,5,t,line,daiin,f96r.8,0.017089600823646217,0.008681723199416283,0.0002449348843630287,0.9882242743862946,0.01153079072934236,0.00010476936749065614,0.9940003582053454,0.005894872427163967,f96r,False,1.0,todar,H,daii,n
0.0002716868416707439,1.328006012731003e-05,1,1,A,crossed_layout,1,f96,1,f96v.3:6:line,6,d,line,daiin,f96v.3,0.017089600823646217,0.0037732064807216056,0.0002449348843630287,0.9882242743862946,0.01153079072934236,7.178966686165875e-05,0.997388029712229,0.0025401806209092988,f96v,False,1.0,dsheos,H,daii,n
0.1300496838539925,0.02026969849283431,1,1,A,crossed_layout,1,f100,1,f100v.18:10:line,10,s,line,sal,f100v.18,0.4272954964428432,0.15358313575124152,0.7436545484139475,0.0027131744812455105,0.253632277104807,0.8990148578804842,0.0006292573938665692,0.10035588472564909,f100v,False,1.0,sain,P,sa,l
0.00243034359762497,0.0022315188593115425,1,1,A,crossed_layout,1,f101,1,f101r.8:16:uncertain,16,o,uncertain,daiin,f101r.8,0.051989333379986895,0.04982768797945376,0.0010966165539749541,0.9646053164034382,0.03429806704258703,0.001118726519358715,0.966051704923221,0.032829568557420453,f101r,False,0.6666666666666666,or,P,daii,n
0.1821211754598187,0.035675626059658294,1,1,A,crossed_layout,1,f101,1,f101r.9:10:uncertain,10,s,uncertain,chl,f101r.9,0.5219466793331695,0.208024396208796,0.6964314793185803,0.0036451275351605176,0.2999233931462592,0.8657219258967027,0.001451426795518897,0.13282664730777838,f101r,False,0.4166666666666667,s,P,ch,l
0.8882563949336041,0.3962626905607989,0,1,A,crossed_layout,1,f101,1,f101v.22:1:uncertain,1,k,uncertain,lol,f101v.22,1.5840854915904772,0.8499799951086783,0.33353602707090724,6.907277594400751e-05,0.6663949001531488,0.5547924289177159,0.00017624842251305376,0.44503132265977113,f101v,True,0.05,keeol,P,lo,l
1.0950531427831054,0.9439926623092878,0,0,B,crossed_layout,1,f115,3,f115r.15:11:uncertain,11,o,uncertain,air,f115r.15,2.057235408547894,1.78984275284084,0.04127495452786114,0.718449023078279,0.24027602239385984,0.05032010669951896,0.6604763271763585,0.2892035661241225,f115r,False,0.9166666666666666,om,S,ai,r
1.0050897025951353,0.13358726338403754,0,1,B,crossed_layout,1,f116,3,f116r.13:0:uncertain,0,a,uncertain,sar,f116r.13,1.7878812298314373,0.4327715987836945,0.7073954298778374,0.003007528418296142,0.2895970417038666,0.257720417169362,0.0014424069783086518,0.7408371758523293,f116r,False,0.0,ain,S,sa,r
0.14612108739459345,0.04051441534029869,1,1,B,crossed_layout,1,f116,3,f116r.14:3:uncertain,3,l,uncertain,chl,f116r.14,0.45892126445598486,0.22353478671502944,0.7275300459192526,0.004399333947455617,0.2680706201332918,0.8564644166324639,0.002447088422367472,0.14108849494516867,f116r,False,0.5,l,S,ch,l
0.14344193233046768,0.1591736524349602,1,1,B,crossed_layout,1,f116,3,f116r.25:10:uncertain,10,a,uncertain,ain,f116r.25,0.48588626906756055,0.4849174837806991,0.04099554474389595,0.714058278462513,0.24494617679359104,0.006825239330494678,0.7145379373313295,0.2786368233381757,f116r,False,0.8333333333333334,al,S,ai,n
0.15929132215545183,0.04283806473646046,1,1,B,crossed_layout,1,f116,3,f116r.29:4:uncertain,4,l,uncertain,chl,f116r.29,0.48268943471602976,0.23025779899341958,0.715642297924463,0.004334068653864009,0.28002363342167313,0.8524825457955101,0.0023585667592885095,0.14515888744520142,f116r,False,0.3076923076923077,l,S,ch,l
1.0623839625866984,0.9057851569365019,0,0,B,crossed_layout,1,f116,3,f116r.30:5:uncertain,5,o,uncertain,air,f116r.30,1.9900885030509503,1.722542362507487,0.040591235716555304,0.7076853193788188,0.2517234449046258,0.0509180906306239,0.6460676403071952,0.30301426906218093,f116r,False,0.7142857142857143,ollaiin,S,ai,r
0.13411559124417957,0.4206990008026894,1,1,B,crossed_layout,1,f116,3,f116r.36:11:line,11,p,line,ain,f116r.36,0.46836847818181604,0.9505841460426575,0.0415513679095253,0.7227815183481189,0.23566711374235588,0.05237316851499941,0.5174229153854931,0.43020391609950737,f116r,False,1.0,pairain,S,ai,n
0.14207434677733374,0.15735089752050094,1,1,B,crossed_layout,1,f116,3,f116r.50:6:uncertain,6,a,uncertain,ain,f116r.50,0.4833419278485759,0.4816383983338026,0.04107568058694625,0.715318704862561,0.2436056145504928,0.006813565266291445,0.7161638496884281,0.2770225850452805,f116r,False,0.8571428571428571,ary,S,ai,n
0.17517092268326642,0.12509444093028424,1,1,A,crossed_layout,1,f5,1,f5r.2:8:line,8,q,line,otol,f5r.2,0.5069009415176867,0.41545194163981697,0.7037325057609894,0.0006392040521885233,0.2956282901868222,0.7497845787779508,0.00024217212203035864,0.24997324910001878,f5r,False,1.0,qoaiin,H,oto,l
0.824334477075661,0.5044395047759522,0,0,A,crossed_layout,1,f5,1,f5r.6:1:uncertain,1,ch,uncertain,cheor,f5r.6,1.4858917542407888,1.0075036777608144,0.6410284122516249,0.0019438059508783076,0.3570277817974969,0.5018350085339546,0.0007588167194644603,0.497406174746581,f5r,False,0.125,chey,H,cheo,r
0.03004759950599866,0.035031886472788785,1,1,A,crossed_layout,1,f14,1,f14v.1:7:line,7,o,line,ydain,f14v.1,0.19506465359067454,0.21068790572898818,0.008201179762987152,0.8735337481014572,0.11826507213555555,0.007361446800850108,0.8641251010011656,0.12851345219798424,f14v,True,1.0,okchor,H,ydai,n
0.0002330683134949795,0.00045930302536258735,1,1,A,crossed_layout,1,f20,1,f20r.1:6:line,6,ch,line,chaiin,f20r.1,0.015934503005650816,0.02215768346151163,0.0003886688664162287,0.989015815747091,0.010595515386492694,0.00017539812047421728,0.9847588049963908,0.015065796883134962,f20r,True,1.0,chod,H,chaii,n
1.4779509660434598,1.4751381438371294,0,0,A,crossed_layout,1,f21,1,f21r.1:8:line,8,s,line,chan,f21r.1,6.191163328021116,6.636421796912684,0.3963898382616106,0.013685924196848233,0.5899242375415411,0.44427119573302215,0.010051664286539874,0.545677139980438,f21r,True,1.0,saiin,H,cha,n
0.091860030743948,0.14250426575911895,1,1,B,crossed_layout,1,f34,2,f34v.6:9:line,9,o,line,chedain,f34v.6,0.3521661905518117,0.451772135195785,0.004635548425669125,0.7834069375711209,0.21195751400320997,0.0038922756960997873,0.7311441948073808,0.26496352949651936,f34v,True,1.0,olchdaiin,H,chedai,n
0.0018496547253947244,0.00010889908747406447,1,1,B,crossed_layout,1,f34,2,f34v.9:10:line,10,d,line,oldaiin,f34v.9,0.044869416639355494,0.010803199671310935,0.00042744805878241224,0.9693775547081955,0.03019499723302206,0.00016527091988828292,0.9925397593812451,0.007294969698866652,f34v,False,1.0,daiin,H,oldaii,n
4.015867314592057e-05,1.0824812377628692e-05,1,1,B,crossed_layout,1,f39,2,f39v.13:6:uncertain,6,y,uncertain,daiiin,f39v.13,0.0065305199188664224,0.003391799603098021,7.162781877486775e-05,0.9954836181952846,0.004444753985940518,4.422454272520668e-05,0.9976517451424703,0.0023040303148044363,f39v,False,0.8571428571428571,y,H,daiii,n
0.36997716075216813,0.4668886450676947,1,1,A,crossed_layout,1,f42,1,f42r.8:6:uncertain,6,y,uncertain,char,f42r.8,0.848555242375973,0.9688205639999135,0.41389454585198615,0.030764861937937843,0.555340592210076,0.47701942643201234,0.012056989756880526,0.5109235838111071,f42r,False,0.8571428571428571,y,H,cha,r
0.6230258981071064,0.5731756522466603,0,0,A,crossed_layout,1,f42,1,f42r.20:7:line,7,sh,line,chal,f42r.20,1.2277432033945606,1.1532855086662146,0.42698485281470444,0.031060553888534265,0.5419545932967613,0.44960017160786875,0.03151395275641984,0.5188858756357114,f42r,False,1.0,shol,H,cha,l
1.9907732090294206,1.9938658273829926,0,0,A,crossed_layout,1,f42,1,f42v.4:4:drawing,4,y,drawing,odaiil,f42v.4,13.357352581179471,13.860553369975806,9.528756091352802e-05,0.9954617194472133,0.00444299299187317,6.722915909806293e-05,0.9969912882576464,0.0029414825832555763,f42v,False,0.5,ykchy,H,odaii,l
0.7882725470356519,1.386871063471336,0,0,A,crossed_layout,1,f42,1,f42v.6:4:uncertain,4,d,uncertain,cthar,f42v.6,1.4614785778613215,2.674492440215839,0.6183144537850631,0.01856476000823357,0.3631207862067034,0.8216698328897666,0.021692014537275536,0.15663815257295774,f42v,False,0.6666666666666666,d,H,ctha,r
0.4528875859068465,0.8479683516702265,1,0,A,crossed_layout,1,f45,1,f45v.7:4:drawing,4,y,drawing,tyol,f45v.7,0.9343757359398328,1.5211811685754015,0.5232688429410339,0.0017448992338268065,0.47498625782513937,0.34840055600673125,0.000918514051544839,0.650680929941724,f45v,False,0.8,ytchom,H,tyo,l
3.19894722905916e-05,2.5743036688197016e-05,1,1,A,crossed_layout,1,f53,1,f53v.7:5:line,5,sh,line,odaiin,f53v.7,0.005854425680737471,0.005227495515882743,0.00010281090403520671,0.995950243815017,0.003946945280947614,5.9084347973229806e-05,0.9963831329001157,0.0035577827519111104,f53v,False,1.0,sheey,H,odaii,n
0.3833537337577565,0.7252853223161388,1,0,A,crossed_layout,1,f53,1,f53v.11:4:line,4,y,line,chkodal,f53v.11,0.8572029525843801,1.3460369025558334,0.5520217618992984,0.021101242330174186,0.4268769957705274,0.3933711605455201,0.008961316270434894,0.597667523184045,f53v,False,1.0,ycheey,H,chkoda,l
0.31037471514494164,0.007885740140068917,1,1,A,crossed_layout,1,f58,3,f58r.14:8:line,8,d,line,chal,f58r.14,0.7456362422387339,0.09670417511995835,0.5964047933221222,0.02008205795976218,0.38351314871811565,0.9351669342426194,0.004302919478615952,0.06053014627876453,f58r,False,1.0,daiir,S,cha,l
0.39069540516374696,0.24730278764709776,1,1,A,crossed_layout,1,f58,3,f58r.25:6:paragraph,6,k,paragraph,aldar,f58r.25,0.8533521127202093,0.6450801128296495,0.4373171220836955,0.009185691971475205,0.5534971859448293,0.34200603266736307,0.01853668673112981,0.6394572806015072,f58r,False,1.0,kshar,S,alda,r
0.7142224024209731,0.16403573075187827,0,1,A,crossed_layout,1,f58,3,f58v.27:9:uncertain,9,a,uncertain,char,f58v.27,1.3487685776432086,0.5001906736757719,0.5872967124978798,0.020076252010236287,0.3926270354918839,0.2792976067326886,0.013689060617028794,0.7070133326502825,f58v,False,0.9,alaiinom,S,cha,r
0.8636297188738384,0.5967834059432469,0,0,A,crossed_layout,1,f58,3,f58v.36:7:line,7,o,line,dalar,f58v.36,1.657281054315441,1.278701654332959,0.6278123171735934,0.05515160144645572,0.3170360813799509,0.4919833473250472,0.09585038407431316,0.41216626860063954,f58v,False,1.0,olkeey,S,dala,r
0.8636297188738384,0.6532761621419607,0,0,A,crossed_layout,1,f58,3,f58v.37:8:line,8,y,line,dalar,f58v.37,1.657281054315441,1.2585481159720588,0.6278123171735934,0.05515160144645572,0.3170360813799509,0.5603948332098099,0.021640792134135254,0.4179643746560549,f58v,False,1.0,ykeeody,S,dala,r
0.007123478012680968,0.003888942493561951,1,1,B,crossed_layout,1,f78,2,f78r.15:7:line,7,q,line,olkain,f78r.15,0.09109646295812687,0.06720731772103457,0.0031458734351009245,0.9388089736066789,0.05804515295822018,0.0029924298741774292,0.9544838433391076,0.042523726786715024,f78r,False,1.0,qokol,B,olkai,n
0.06019165940124159,0.01618563901827643,1,1,B,crossed_layout,1,f78,2,f78r.36:3:drawing,3,s,drawing,qol,f78r.36,0.2756734324495893,0.13660490716823293,0.826064631249283,0.0009113346747995737,0.1730240340759173,0.9096573341600211,0.0007700766783846289,0.08957258916159429,f78r,False,0.5,saiin,B,qo,l
0.00015006716894835017,0.0002787325916409532,1,1,B,crossed_layout,1,f78,2,f78v.4:8:uncertain,8,o,uncertain,olkedykain,f78v.4,0.01297832979695692,0.017581615020817058,0.0006200340711059175,0.9910444492743169,0.008335516654577256,0.0006407802694209831,0.9878873095678404,0.011471910162738552,f78v,False,0.8888888888888888,ol,B,olkedykai,n
0.04345242170466376,0.11119341931401877,1,1,B,crossed_layout,1,f78,2,f78v.6:9:line,9,o,line,qol,f78v.6,0.2307903629125834,0.388548240999576,0.852167914049486,0.0008717644520779465,0.14696032149843608,0.7638979150710505,0.000626327109649394,0.2354757578193,f78v,False,1.0,otor,B,qo,l
0.043973552300675595,0.01318926227458377,1,1,B,crossed_layout,1,f78,2,f78v.12:7:line,7,d,line,sain,f78v.12,0.23676358267198047,0.12489409431415815,0.006351423172263553,0.8486469597900098,0.1450016170377266,0.0035596784393191394,0.9170713613169573,0.07936896024372359,f78v,False,1.0,dchokol,B,sai,n
0.05553538614473395,0.04516522575814051,1,1,B,crossed_layout,1,f78,2,f78v.18:5:uncertain,5,q,uncertain,qol,f78v.18,0.2637595740422388,0.2356477199531891,0.8329145650061479,0.0009017099277211294,0.16618372506613102,0.8493036057152551,0.0008461136731649602,0.1498502806115801,f78v,False,0.625,qol,B,qo,l
1.4538676068067635,1.8520366977016423,0,0,B,crossed_layout,1,f78,2,f78v.18:8:line,8,l,line,qor,f78v.18,2.7665014072034424,4.738751956619869,0.852167914049486,0.0008717644520779465,0.14696032149843608,0.9620503476197566,0.0004960565988653713,0.03745359578137819,f78v,False,1.0,lchedy,B,qo,r
0.004946165111941089,0.0022420113397796718,1,1,B,crossed_layout,1,f78,2,f78v.19:6:paragraph,6,q,paragraph,orain,f78v.19,0.0763621518614552,0.05201564141179181,0.0038739999212170813,0.9484462019823993,0.04767979809638381,0.004271709159157237,0.9645877266597658,0.031140564181077073,f78v,False,1.0,qofcheol,B,orai,n
0.04345242170466376,0.03898566108010424,1,1,B,crossed_layout,1,f78,2,f78v.22:9:line,9,q,line,qol,f78v.22,0.2307903629125834,0.2176792343467154,0.852167914049486,0.0008717644520779465,0.14696032149843608,0.8599476638679584,0.0008753336674372472,0.1391770024646045,f78v,False,1.0,qol,B,qo,l
0.0689914957957512,0.14220817091260105,1,1,B,crossed_layout,1,f81,2,f81r.25:2:uncertain,2,o,uncertain,qol,f81r.25,0.29724006257597546,0.44799974011404553,0.8138077572522596,0.0009273389510752348,0.18526490379666502,0.7330585106471785,0.0005769284061505923,0.2663645609466708,f81r,False,0.2857142857142857,otain,B,qo,l
0.04345242170466376,0.09904948754904945,1,1,B,crossed_layout,1,f81,2,f81v.7:8:line,8,y,line,qol,f81v.7,0.2307903629125834,0.3639589594570483,0.852167914049486,0.0008717644520779465,0.14696032149843608,0.777029372730387,0.00086064050186036,0.22210998676775276,f81v,False,1.0,ykol,B,qo,l
0.004766197052947059,0.005491998076597548,1,1,B,crossed_layout,1,f81,2,f81v.20:7:line,7,l,line,qotain,f81v.20,0.07483086254520736,0.0808688780969098,0.003665848836373002,0.94945342563947,0.046880725524156855,0.004510997141099694,0.9454880452073381,0.05000095765156226,f81v,False,1.0,lsho,B,qotai,n
0.05196973891160962,0.03886027663545476,1,1,B,crossed_layout,1,f81,2,f81v.25:8:uncertain,8,ch,uncertain,qol,f81v.25,0.25436374942679374,0.21714243393177138,0.8383567813118744,0.0008936927885068532,0.16074952589961874,0.8602676941866231,0.0006830599447150619,0.1390492458686619,f81v,False,0.7272727272727273,chedy,B,qo,l
0.019753267127318036,0.003274583583123238,1,1,B,crossed_layout,1,f81,2,f81v.26:8:line,8,d,line,okeol,f81v.26,0.15182612849503643,0.0604553681410381,0.900110403251589,0.0010246091908133487,0.09886498755759783,0.958961387718367,0.0011759347164763693,0.03986267756515645,f81v,False,1.0,dsheol,B,okeo,l
0.00036547917005511814,0.00011240895708874335,1,1,A,crossed_layout,1,f87,1,f87r.6:7:line,7,y,line,soraiin,f87r.6,0.019890970189267835,0.0109829779838396,0.000356322748662251,0.9863072405701717,0.013336436681166096,0.00017703883072439904,0.9924160838984254,0.007406877270850147,f87r,False,1.0,y,H,soraii,n
0.11534336597840499,0.018296840322663693,1,1,A,crossed_layout,1,f87,1,f87v.8:5:line,5,t,line,sheol,f87v.8,0.39738141193565574,0.14640719761360937,0.7592350958912346,0.0012359930162507147,0.23952891109251462,0.9034976804567315,0.0017334545035483403,0.0947688650397203,f87v,False,1.0,techol,H,sheo,l
0.17517092268326642,0.16146287913178226,1,1,A,crossed_layout,1,f87,1,f87v.9:2:paragraph,2,o,paragraph,otol,f87v.9,0.5069009415176867,0.48265297434995486,0.7037325057609894,0.0006392040521885233,0.2956282901868222,0.7156603841513753,0.00041411417558306527,0.28392550167304165,f87v,False,1.0,opcheey,H,oto,l
0.2208468387607315,0.03100355410721605,1,1,A,crossed_layout,1,f87,1,f87v.14:2:uncertain,2,d,uncertain,keol,f87v.14,0.5834951941147677,0.19265720741030712,0.6673450512117146,0.0007106480588841988,0.3319443007294012,0.8749926434627513,0.0010085755182029131,0.12399878101904598,f87v,False,0.3333333333333333,dair,H,keo,l
0.031016336282845572,0.0013690867519478732,1,1,A,crossed_layout,1,f93,1,f93r.5:6:line,6,t,line,chodain,f93r.5,0.19568770684142064,0.0394780541969626,0.00475972997081468,0.8731565786240714,0.12208369140511402,0.0017461047901482366,0.9730069032994446,0.02524699191040708,f93r,False,1.0,tar,H,chodai,n
0.8221790213091971,0.6977845360894588,0,0,B,crossed_layout,1,f94,3,f94v.3:3:uncertain,3,t,uncertain,sdal,f94v.3,1.4842870363358225,1.2961845917499477,0.3574251267747586,0.002833892309417475,0.639740980915824,0.4072016770522166,0.004277818060831478,0.5885205048869518,f94v,False,0.42857142857142855,tamdy,H,sda,l
0.00035699503408795883,0.0007112705944193553,1,1,B,crossed_layout,1,f94,3,f94v.10:5:drawing,5,o,drawing,tararain,f94v.10,0.01948478170492608,0.02757126039013014,0.00011014264832376544,0.9865849728940346,0.013304884457641558,0.00014319539998838116,0.9810705148648304,0.01878628973518113,f94v,False,0.5555555555555556,otody,H,tararai,n
0.43488390354667883,0.18163439706353451,1,1,A,crossed_layout,1,f96,1,f96r.1:6:line,6,y,line,chodar,f96r.1,0.9094371736729288,0.5185370097768445,0.46499520337109035,0.0026120480627120028,0.5323927485661977,0.3007940549631013,0.0011265710300618975,0.6980793740068368,f96r,True,1.0,ytol,H,choda,r
3.498517608466413e-05,0.00011303632262542316,1,1,A,crossed_layout,1,f96,1,f96v.9:2:line,2,cth,line,cheoraiin,f96v.9,0.00608191118890555,0.010918207702394635,4.917775981103913e-05,0.9957932138264117,0.00415760841377716,4.319429520541267e-05,0.9924606397540842,0.007496165950710319,f96v,False,1.0,ctheor,H,cheoraii,n
0.05848517044634024,0.2142344440316556,1,1,A,crossed_layout,1,f100,1,f100r.25:9:line,9,y,line,okeol,f100r.25,0.2710019915268982,0.5723818723631477,0.8287437604717011,0.0005043243827195257,0.17075191514557936,0.672505572676857,0.0004138978008974722,0.3270805295222456,f100r,False,1.0,yaiin,P,okeo,l
0.7009891522259346,0.2744594080659513,0,1,A,crossed_layout,1,f101,1,f101r.6:16:paragraph,16,cph,paragraph,oeeor,f101r.6,1.2969417174821138,0.668569189724062,0.5910347288998963,0.0019772372466824242,0.40698803385342125,0.37001941803630817,0.0008502563859897246,0.6291303255777021,f101r,False,1.0,cphoar,P,oeeo,r
0.1261199536667279,0.02930888707653674,1,1,A,crossed_layout,1,f101,1,f101r.7:18:uncertain,18,d,uncertain,cheol,f101r.7,0.41752517260571437,0.18661026482860105,0.748707871529557,0.0003497096994262651,0.2509424187710168,0.8786678028698264,0.0005552260631683721,0.12077697106700519,f101r,True,0.9473684210526315,dy,P,cheo,l
1.2199184006002222,1.6342213399129413,0,0,A,crossed_layout,1,f101,1,f101r.8:24:line,24,d,line,cheor,f101r.8,2.193500278845008,3.3881466809285956,0.7806175056420256,0.0007621265781414023,0.21862036777983312,0.9033963162158248,0.00108986276082552,0.09551382102334964,f101r,False,1.0,daiin,P,cheo,r
0.6591561358379121,0.5163524891996094,0,0,A,crossed_layout,1,f101,1,f101v.19:18:drawing,18,o,drawing,dorar,f101v.19,1.2364047567486043,1.029208700712003,0.5725952671785857,0.0029757024139914403,0.4244290304074228,0.5061779497815473,0.003843228162905124,0.4899788220555476,f101v,True,0.9,okoraiin,P,dora,r
0.19353797012577717,0.11334931597340588,1,1,B,crossed_layout,1,f115,2,f115r.3:0:uncertain,0,ch,uncertain,qol,f115r.3,0.5377175525906155,0.3923271378690584,0.6888598733411022,0.00012601793078340589,0.31101410872811436,0.7618996312649328,7.195613702204834e-05,0.2380284125980452,f115r,False,0.0,cheol,S,qo,l
0.1515924050064651,0.09680456012378323,1,1,B,crossed_layout,1,f115,2,f115r.3:4:uncertain,4,ch,uncertain,qol,f115r.3,0.46468964922906464,0.3585334199926689,0.7246269413626291,0.00012395651722600236,0.275249102120145,0.779957046656101,7.556235648883406e-05,0.21996739098741022,f115r,False,0.4444444444444444,chedy,S,qo,l
0.7353466883843381,0.7188791493781718,0,0,B,crossed_layout,1,f115,2,f115r.4:10:line,10,y,line,dardyr,f115r.4,1.346584567414254,1.321102230537047,0.6059424719120708,0.0008356677541765233,0.3932218603337526,0.5992943536282341,0.0004766026020992373,0.4002290437696666,f115r,True,1.0,ycheedy,S,dardy,r
0.334354684332932,0.07845512313624371,1,1,B,crossed_layout,1,f115,3,f115r.36:7:paragraph,7,s,paragraph,oranol,f115r.36,0.7596763741706221,0.319059140266745,0.5906288059051212,0.0009976954664524989,0.40837349862842626,0.8015924691186157,0.0006979263483506884,0.19770960453303354,f115r,False,1.0,sorols,S,orano,l
0.11096691421094622,0.12340897878145902,1,1,B,crossed_layout,1,f115,3,f115r.40:9:line,9,d,line,opchdain,f115r.40,0.39971578915261524,0.42541541422518514,0.013463814264428607,0.7580075960040691,0.2285285897315024,0.014586462271130732,0.7446242911890874,0.24078924653978187,f115r,True,1.0,dar,S,opchdai,n
0.0011460046537097282,0.0007817364523152301,1,1,B,crossed_layout,1,f115,3,f115v.12:3:paragraph,3,p,paragraph,soraiin,f115v.12,0.03564407093680603,0.030041982660510877,0.0009618145438488321,0.9755961223556011,0.023442063100550203,0.001798533228546238,0.9793917967115433,0.018809670059910348,f115v,False,1.0,pchdarody,S,soraii,n
0.0003481475949673433,0.00019970824096930337,1,1,B,crossed_layout,1,f115,3,f115v.32:8:line,8,y,line,teeodaiin,f115v.32,0.0198317287501007,0.014850564805447584,0.0009707305815727051,0.9863477421719757,0.012681527246451552,0.0005162657944230659,0.989759170938586,0.009724563266991003,f115v,False,1.0,ychedal,S,teeodaii,n
0.5291091582523451,0.2295743918157896,0,1,B,crossed_layout,1,f115,3,f115v.40:0:uncertain,0,k,uncertain,ycheeol,f115v.40,1.0441889176076389,0.597518273752498,0.48491745218467996,0.0014708620514062665,0.5136116857639138,0.6608898418607686,0.0006159734931273419,0.3384941846461041,f115v,False,0.0,kaiin,S,ycheeo,l
0.04068872247103772,0.035895697229988296,1,1,B,crossed_layout,1,f116,3,f116r.41:10:line,10,q,line,orain,f116r.41,0.22734271532056163,0.2161410440222817,0.006544374534298779,0.8542067981175141,0.13924882734818722,0.011010319146653671,0.8608650223873944,0.12812465846595206,f116r,False,1.0,qo,S,orai,n
0.22488204236382597,0.18113753524542783,1,1,B,crossed_layout,1,f116,3,f116r.49:0:uncertain,0,sh,uncertain,sysor,f116r.49,0.5894320903566809,0.516827526553196,0.33524895505474994,0.00014657117572114533,0.6646044737695288,0.30079972677477357,0.00029323831896246844,0.698907034906264,f116r,False,0.0,shey,S,syso,r
0.12501352307234767,1.0874490205765728,1,0,B,crossed_layout,1,f116,3,f116r.50:5:uncertain,5,a,uncertain,qol,f116r.50,0.41547369601150974,1.9299816147839157,0.7497732728754716,0.00042695567999369484,0.24979977144453475,0.2624325152353862,0.0003815649297473143,0.7371859198348665,f116r,False,0.7142857142857143,ain,S,qo,l
0.9777220298123833,1.2523824341636418,0,0,A,crossed_layout,2,f3,1,f3r.5:4:line,4,y,line,cthol,f3r.5,1.7406837374257034,2.2700303077602166,0.2992278292993154,0.003183279364014532,0.69758889133667,0.2073255309673132,0.002711007379949503,0.7899634616527373,f3r,False,1.0,ychtaiin,H,ctho,l
0.0001592379477900648,0.00023383053958322421,1,1,A,crossed_layout,2,f3,1,f3r.19:6:drawing,6,ch,drawing,qosaiin,f3r.19,0.013048723606230727,0.015730469239797408,0.0001641846562461224,0.9909960941542101,0.008839721189543725,6.34107302628405e-05,0.9891556976248493,0.010780891644887889,f3r,False,0.75,chor,H,qosaii,n
0.2864795790360922,0.7532501769686375,1,0,A,crossed_layout,2,f3,1,f3r.20:6:uncertain,6,o,uncertain,okol,f3r.20,0.687368250619827,1.3730732243338168,0.6209856129163489,0.0010904737270774872,0.3779239133565737,0.38606797107587604,0.00046856523915195773,0.613463463684972,f3r,False,0.75,or,H,oko,l
0.8083920418760027,1.086975670495709,0,0,A,crossed_layout,2,f9,1,f9r.2:1:uncertain,1,y,uncertain,chol,f9r.2,1.4697995416973306,1.9401865299532781,0.36103245981162285,0.006456003151362408,0.6325115370370147,0.26058274658235825,0.004421849971573314,0.7349954034460684,f9r,False,0.125,ytaiin,H,cho,l
0.1536358836446995,0.6229372731583565,1,0,A,crossed_layout,2,f9,1,f9r.6:4:drawing,4,s,drawing,shar,f9r.6,0.47246706368117536,1.1902156812351812,0.27500281119846737,0.004266123112579636,0.720731065688953,0.5543510208799304,0.007411639333548679,0.43823733978652096,f9r,True,0.5714285714285714,sy,H,sha,r
0.00021895426549318111,1.2807919368805435e-05,1,1,A,crossed_layout,2,f9,1,f9r.9:4:uncertain,4,d,uncertain,saiin,f9r.9,0.01544373009198004,0.0038022804376939643,0.0003794294458531926,0.9893523142636165,0.010268256290530317,0.00021689195740763427,0.9973679300212693,0.00241517802132308,f9r,False,0.6666666666666666,dchy,H,saii,n
0.8433433605030867,0.7849368027663749,0,0,A,crossed_layout,2,f13,1,f13r.4:2:paragraph,2,sh,paragraph,otchor,f13r.4,1.5289516774103071,1.4466951579045189,0.6451746167099315,0.008296305195838549,0.3465290780942299,0.619586919655524,0.013552234634096891,0.3668608457103791,f13r,False,1.0,shorodo,H,otcho,r
0.8025277182535362,0.5571818021055008,0,0,A,crossed_layout,2,f13,1,f13r.6:5:uncertain,5,o,uncertain,okchor,f13r.6,1.471728479530668,1.0890074878788532,0.6272825991078852,0.012167332574044742,0.36055006831806996,0.5256935538603565,0.004221784725816173,0.47008466141382726,f13r,False,0.625,oiin,H,okcho,r
1.5363138558979361,1.6029686143158899,0,0,A,crossed_layout,2,f13,1,f13v.7:6:line,6,o,line,shon,f13v.7,9.60530570077921,11.056811748382978,0.3576489730947985,0.001283851717865714,0.6410671751873359,0.2713177383002853,0.0004694269373733882,0.7282128347623413,f13v,False,1.0,otchy,H,sho,n
1.119194583909315,1.1614693633232827,0,0,A,crossed_layout,2,f13,1,f13v.9:3:drawing,3,y,drawing,ytal,f13v.9,2.0111617503369903,2.0984411540215864,0.24807327893250572,0.0077895611357283465,0.7441371599317659,0.23351042189614574,0.008938795705209602,0.7575507823986446,f13v,False,0.375,y,H,yta,l
1.4463957653575261,1.3203151336002468,0,0,A,crossed_layout,2,f13,1,f13v.9:6:drawing,6,sh,drawing,tal,f13v.9,2.7695611660820956,2.4192414432841565,0.14664896903954072,0.005912047308616553,0.8474389836518427,0.18695442928174544,0.0010906187126039119,0.8119549520056506,f13v,False,0.75,sho,H,ta,l
0.8026781539222871,0.4031988326791416,0,1,A,crossed_layout,2,f19,1,f19v.3:1:uncertain,1,d,uncertain,chol,f19v.3,1.4607854263681825,0.8723682438159611,0.36329529168605795,0.006431830995562181,0.6302728773183799,0.5462494231391498,0.009660586261338346,0.4440899905995119,f19v,False,0.2,daiin,H,cho,l
0.180999905737674,1.599133430652945,1,0,A,crossed_layout,2,f19,1,f19v.7:3:paragraph,3,t,paragraph,cthor,f19v.7,0.5195510285986435,3.256903681181106,0.2992278292993154,0.003183279364014532,0.69758889133667,0.8929752639463163,0.002414471844007613,0.10461026420967613,f19v,False,1.0,toy,H,ctho,r
0.708188647519318,1.2991572422325368,0,0,A,crossed_layout,2,f24,1,f24r.7:5:line,5,y,line,qodol,f24r.7,1.3086518296807446,2.373794439663136,0.40369795124603475,0.0024954413948126268,0.5938066073591526,0.19293751034885542,0.002200677257089384,0.8048618123940552,f24r,False,1.0,ychor,H,qodo,l
9.039573815114571e-05,6.43908838340091e-06,1,1,A,crossed_layout,2,f24,1,f24v.11:3:line,3,k,line,okodaiin,f24v.11,0.009896047649866901,0.0027114340496542143,0.00023202595701996305,0.9931640545782265,0.006603919464753425,0.00018031398547168232,0.998122342142458,0.0016973438720704066,f24v,False,1.0,ksho,H,okodaii,n
0.5078653365163212,0.46921444430036763,0,1,A,crossed_layout,2,f44,1,f44r.3:5:line,5,y,line,ototaykal,f44r.3,1.0273681947954558,0.978143164240785,0.49060430726040627,0.011141509104837506,0.49825418363475626,0.5076326735703931,0.01642719638828625,0.47594013004132063,f44r,False,1.0,ychor,H,ototayka,l
0.752869319020211,0.38924413266218066,0,1,A,crossed_layout,2,f44,1,f44r.10:6:uncertain,6,d,uncertain,chol,f44r.10,1.3831832865058156,0.8519392222195754,0.3833719565162561,0.006217925272283306,0.6104101182114606,0.5540395139881851,0.009763217376691617,0.4361972686351233,f44r,False,0.8571428571428571,dam,H,cho,l
0.8748456299886678,1.173998862161624,0,0,A,crossed_layout,2,f44,1,f44v.10:5:line,5,o,line,kal,f44v.10,1.5777415322930493,2.1136886061529214,0.3350059136047927,0.007289472884601143,0.6577046135106063,0.23105550915933018,0.005601939662349584,0.7633425511783203,f44v,False,1.0,okal,H,ka,l
0.9777220298123833,0.3012311148130752,0,1,A,crossed_layout,2,f44,1,f44v.12:5:line,5,l,line,cthol,f44v.12,1.7406837374257034,0.7115385214686567,0.2992278292993154,0.003183279364014532,0.69758889133667,0.610668561202104,0.0024904595989214055,0.38684097919897453,f44v,False,1.0,lchor,H,ctho,l
0.8026781539222871,1.0831635265901305,0,0,A,crossed_layout,2,f47,1,f47r.2:1:uncertain,1,ch,uncertain,chol,f47r.2,1.4607854263681825,1.9374783179080464,0.36329529168605795,0.006431830995562181,0.6302728773183799,0.26107236920291443,0.006047758201671224,0.7328798725954143,f47r,False,0.2,choldy,H,cho,l
6.0798294851248814e-05,8.87326115115312e-05,1,1,A,crossed_layout,2,f47,1,f47r.3:7:line,7,q,line,okaiin,f47r.3,0.008097555025733614,0.009708694788656573,0.00017104635488414665,0.9944029248828603,0.005426028762255628,9.329609516081474e-05,0.9932930383235627,0.006613665581276466,f47r,False,1.0,qokcheo,H,okaii,n
0.9667523685489982,1.7726285799458443,0,0,A,crossed_layout,2,f47,1,f47r.6:4:uncertain,4,a,uncertain,shol,f47r.6,1.715593989882847,4.106605709005657,0.30447718002934243,0.0005407460703663928,0.6949820739002912,0.05804816576331401,0.0010191675588443487,0.9409326666778417,f47r,True,0.4444444444444444,aiin,H,sho,l
1.212591647667713,0.8288518230908739,0,0,A,crossed_layout,2,f47,1,f47r.6:9:line,9,s,line,cholol,f47r.6,2.1789617563025665,1.4949303543160746,0.22083461678965605,0.001031790127817567,0.7781335930825264,0.35479796640542527,0.0028954281231042918,0.6423066054714704,f47r,True,1.0,schesy,H,cholo,l
0.7421168627311177,1.364972271369046,0,0,A,crossed_layout,2,f47,1,f47v.6:4:paragraph,4,p,paragraph,chol,f47v.6,1.3666439110654371,2.542474641677022,0.38779230705082185,0.006170959171541766,0.6060367337776363,0.1716480482741862,0.0044676421198047754,0.8238843096060091,f47v,False,1.0,pchodaiin,H,cho,l
0.0008460621557983977,0.0003344402595429225,1,1,B,crossed_layout,2,f50,2,f50r.7:9:line,9,y,line,dariin,f50r.7,0.03015668582782505,0.018974497056498067,0.0002387762131682994,0.9793139321093765,0.02044729167745538,0.00027363443434401315,0.9869339920533694,0.012792373512286521,f50r,False,1.0,yk,H,darii,n
0.0006723855392117483,0.0005378630604643195,1,1,B,crossed_layout,2,f50,2,f50r.10:0:drawing,0,o,drawing,solkaiin,f50r.10,0.027002934371477872,0.024284556603184033,0.0004220304166901453,0.9814570676155543,0.01812090196775567,0.0006021050288407437,0.9833081075930408,0.01608978737811849,f50r,False,0.0,opalke,H,solkaii,n
0.025272251660894404,0.2158607513454766,1,1,B,crossed_layout,2,f50,2,f50v.1:8:uncertain,8,f,uncertain,ofar,f50v.1,0.17237870370102762,0.5753009359993787,0.11219822340842847,0.0004234044149526105,0.8873783721766189,0.32820044078382654,0.0006533187953065421,0.6711462404208669,f50v,True,0.8888888888888888,fardam,H,ofa,r
1.180662278100658,0.4360648172418844,0,1,B,crossed_layout,2,f50,2,f50v.3:8:line,8,d,line,okal,f50v.3,2.12301922684909,0.9117636142577151,0.2295659811206949,0.004225269417062535,0.7662087494622426,0.5315349221005193,0.003066447767626706,0.46539863013185406,f50v,False,1.0,dar,H,oka,l
1.1486916471877007,0.5517832954467226,0,0,A,crossed_layout,2,f54,1,f54v.2:7:line,7,y,line,ypchal,f54v.2,2.073925275426823,1.0975120999084196,0.23751239738497348,0.009349575098444028,0.7531380275165825,0.467321688641086,0.015177832663306365,0.5175004786956077,f54v,False,1.0,yair,H,ypcha,l
0.752869319020211,0.38924413266218066,0,1,A,crossed_layout,2,f54,1,f54v.4:6:uncertain,6,d,uncertain,chol,f54v.4,1.3831832865058156,0.8519392222195754,0.3833719565162561,0.006217925272283306,0.6104101182114606,0.5540395139881851,0.009763217376691617,0.4361972686351233,f54v,False,0.8571428571428571,dy,H,cho,l
1.0432331105773671,0.38645490050832676,0,1,A,crossed_layout,2,f54,1,f54v.9:4:uncertain,4,d,uncertain,okal,f54v.9,1.8744537755879738,0.8455430241461219,0.2727301730585615,0.01018689126078917,0.7170829356806493,0.5565013050149119,0.007952408987671473,0.4355462859974165,f54v,False,0.8,dy,H,oka,l
0.0010145476416740023,0.001111457759892904,1,1,B,crossed_layout,2,f55,2,f55r.11:9:line,9,o,line,otaldiin,f55r.11,0.03317460451143704,0.03479314539951115,0.00042558379172540306,0.9772674838681666,0.022306932340108068,0.0005172788450084542,0.9761717149099463,0.02331100624504513,f55r,False,1.0,oain,H,otaldii,n
0.1406034461756608,0.010128574124486804,1,1,B,crossed_layout,2,f55,2,f55r.13:5:uncertain,5,a,uncertain,shar,f55r.13,0.44868122303632907,0.10923983562481529,0.2629484993239013,0.0043391816153410465,0.7327123190607577,0.06926270921250872,0.0036608756324113968,0.9270764151550798,f55r,False,0.8333333333333334,ain,H,sha,r
0.15580933344255116,0.02827492507928047,1,1,B,crossed_layout,2,f55,2,f55v.3:9:uncertain,9,a,uncertain,kar,f55v.3,0.47523398107568016,0.18780822749655515,0.27755248332593974,0.003097402721667439,0.7193501139523928,0.11546607007371569,0.006595438720406587,0.8779384912058776,f55v,False,0.9,am,H,ka,r
0.028641965925878952,0.004861369496512174,1,1,B,crossed_layout,2,f55,2,f55v.4:3:uncertain,3,a,uncertain,keeyfar,f55v.4,0.19926203295735948,0.08427752033047177,0.10739088077845967,0.021613138186915626,0.8709959810346247,0.0323516219397158,0.024391591789726916,0.9432567862705574,f55v,False,0.42857142857142855,al,H,keeyfa,r
0.10502797234975791,0.1888624112992901,1,1,B,crossed_layout,2,f55,2,f55v.8:8:uncertain,8,y,uncertain,okar,f55v.8,0.3794138919410609,0.5327202392826579,0.2270095875998005,0.004240573532344976,0.7687498388678546,0.30582243519552094,0.002927430522518448,0.6912501342819607,f55v,False,0.8888888888888888,y,H,oka,r
0.2169097215349451,0.2932886714788401,1,1,B,crossed_layout,2,f55,2,f55v.12:4:drawing,4,a,drawing,sl,f55v.12,0.5780012716274218,0.6981857112039164,0.6698912107548252,0.001573505174352196,0.32853528407082266,0.6163468182593534,0.0014269773081395211,0.38222620443250693,f55v,False,0.5,ar,H,s,l
6.0798294851248814e-05,0.00040982868639367117,1,1,A,crossed_layout,2,f56,1,f56r.10:8:line,8,sh,line,okaiin,f56r.10,0.008097555025733614,0.020999838562243734,0.00017104635488414665,0.9944029248828603,0.005426028762255628,0.00027542124532899055,0.9855494472224715,0.014175131532199488,f56r,False,1.0,shy,H,okaii,n
0.16296010658926854,0.5736844104885127,1,0,A,crossed_layout,2,f56,1,f56r.18:2:drawing,2,s,drawing,kchoar,f56r.18,0.5489735667846272,1.306942259825682,0.23795780655862142,0.07853594430939986,0.6835062491319788,0.4413971345073205,0.1544262552798548,0.4041766102128247,f56r,False,0.6666666666666666,sotodan,H,kchoa,r
0.1933490993812569,0.14779630684334794,1,1,A,crossed_layout,2,f56,1,f56v.1:4:uncertain,4,q,uncertain,shor,f56v.1,0.537827816717393,0.4580444265394574,0.3106571584438674,0.0005356152593996593,0.6888072262967331,0.271656272345949,0.0003713707754783341,0.7279723568785726,f56v,True,0.6666666666666666,qotcheol,H,sho,r
0.034777085115454354,0.02863051145389727,1,1,A,crossed_layout,2,f56,1,f56v.11:4:line,4,q,line,tchain,f56v.11,0.2064345219866384,0.18447515230098058,0.002965802833355714,0.8666764919103687,0.1303577052562756,0.000772691839157212,0.8799691475728516,0.11925816058799119,f56v,False,1.0,qokchey,H,tchai,n
0.817925294087517,1.0887175765295987,0,0,A,crossed_layout,2,f56,1,f56v.14:0:uncertain,0,ch,uncertain,chol,f56v.14,1.4848939931668683,1.9478285561520465,0.35727478592812434,0.006496172748390075,0.6362290413234857,0.2592060763913485,0.006011094456024326,0.7347828291526272,f56v,False,0.0,cheo,H,cho,l
0.25859382511271883,0.1653958953363303,1,1,?,crossed_layout,2,f67,4,f67r2.73:10:line,10,y,line,olar,f67r2.73,0.6457194212210954,0.49364673370192635,0.35831846003304946,0.002507562370023892,0.6391739775969266,0.28532090180634323,0.004451529956568095,0.7102275682370887,f67r2,False,1.0,yshey,A,ola,r
0.3760745751602781,0.1663944618517031,1,1,B,crossed_layout,2,f77,2,f77r.25:1:uncertain,1,sh,uncertain,qokar,f77r.25,0.836233586186445,0.49423044813825734,0.427085346541046,0.012810739908017356,0.5601039135509366,0.2867910909912255,0.0032686407323089966,0.7099402682764655,f77r,True,0.14285714285714285,shedy,B,qoka,r
0.03856785270785945,0.0076855066649827745,1,1,B,crossed_layout,2,f77,2,f77r.45:5:uncertain,5,s,uncertain,sl,f77r.45,0.21790606316465752,0.09376217023445184,0.8598124685750772,0.002680722622348296,0.13750680880257443,0.9370759120708473,0.0019125481786143705,0.06101153975053826,f77r,False,0.5,s,B,s,l
0.6701085658252628,0.0044448728413429735,0,1,B,crossed_layout,2,f77,2,f77v.26:8:line,8,t,line,ldol,f77v.26,1.2512569335551336,0.06990816945109685,0.42008205587768893,0.002164485532407861,0.5777534585899031,0.9526986373696636,0.0003188952571623767,0.04698246737317393,f77v,False,1.0,tshedy,B,ldo,l
0.49639016310654593,0.6816280881733783,1,0,B,crossed_layout,2,f77,2,f77v.32:5:line,5,q,line,qokal,f77v.32,1.0344533743470918,1.3121171137044239,0.4882008207497727,0.02843248949331804,0.48336668975690916,0.4027294518149905,0.027960259933878052,0.5693102882511315,f77v,False,1.0,qokaiin,B,qoka,l
0.5817719198689137,0.1846037990665076,0,1,B,crossed_layout,2,f80,2,f80r.47:8:line,8,s,line,qokal,f80r.47,1.1370714002188784,0.532230721917966,0.45468162275879964,0.012165694427895214,0.5331526828133052,0.6914847204891968,0.009635230480310095,0.29888004903049303,f80r,True,1.0,sal,B,qoka,l
0.5027389417241163,0.07078097743407188,0,1,B,crossed_layout,2,f80,2,f80v.9:9:uncertain,9,l,uncertain,qokal,f80v.9,1.0441372600545842,0.30849379359715956,0.48493481558912527,0.028621337091360707,0.486443847319514,0.8074843513129505,0.009115512720586291,0.18340013596646335,f80v,False,0.9,ly,B,qoka,l
0.9864475575983611,0.18405769258883392,0,1,B,crossed_layout,2,f80,2,f80v.16:10:line,10,s,line,tal,f80v.16,1.766681986229572,0.5269197685967306,0.2938838558863547,0.007697721023675382,0.69841842308997,0.6940349552251783,0.00527372161246389,0.30069132316235786,f80v,False,1.0,solcheol,B,ta,l
2.5534443456878613e-05,2.0245284377788028e-05,1,1,B,crossed_layout,2,f80,2,f80v.20:7:line,7,t,line,okaiin,f80v.20,0.005338961085157257,0.00526022780959926,0.0002551180946741527,0.9963061532754324,0.0034387286298935313,0.0013857792103606646,0.9963605269200148,0.0022536938696244694,f80v,False,1.0,tar,B,okaii,n
0.14755326443003658,1.0208341291153595,1,0,B,crossed_layout,2,f80,2,f80v.21:0:uncertain,0,k,uncertain,tar,f80v.21,0.4650088853226204,1.8249581752528703,0.2675266541180163,0.00800673048958977,0.724466615392394,0.7110720311718978,0.006678685139302781,0.2822492836887995,f80v,False,0.0,kain,B,ta,r
0.31969381771222105,0.9474718716008268,1,0,B,crossed_layout,2,f80,2,f80v.36:7:uncertain,7,sh,uncertain,olal,f80v.36,0.7460633964435379,1.6868028233687444,0.5962282354928906,0.008047855808220402,0.39572390869888885,0.31061451998520867,0.0022067099871988295,0.6871787700275925,f80v,False,0.7777777777777778,shedy,B,ola,l
0.3685768932370753,0.07825540540804621,1,1,B,crossed_layout,2,f80,2,f80v.39:9:line,9,q,line,aral,f80v.39,0.8409573147104437,0.33596339337590214,0.5582729984751532,0.02606517245481523,0.4156618290700315,0.7922549131704437,0.021658269242599146,0.18608681758695703,f80v,False,1.0,qokain,B,ara,l
0.49639016310654593,0.3063165698083812,1,1,B,crossed_layout,2,f80,2,f80v.41:9:line,9,p,line,qokal,f80v.41,1.0344533743470918,0.7459881491736181,0.4882008207497727,0.02843248949331804,0.48336668975690916,0.596259334038133,0.02607672988146993,0.37766393608039706,f80v,False,1.0,pol,B,qoka,l
0.46421106402058787,0.17303819430703454,1,1,A,crossed_layout,2,f88,1,f88r.29:7:uncertain,7,d,uncertain,chol,f88r.29,0.9517050063825085,0.5060710254587384,0.517021074680743,0.002420329806000602,0.48055859551325647,0.7041374471441268,0.0034732911286755753,0.2923892617271976,f88r,False,0.875,dal,P,cho,l
1.1157542024919094,0.09532042249888094,0,1,A,crossed_layout,2,f88,1,f88r.30:6:line,6,d,line,ofal,f88r.30,1.9856170898240353,0.35646884897431913,0.2525048335991102,0.0011682850618684095,0.7463268813390215,0.7810740044418729,0.0012328374673339932,0.217693158090793,f88r,False,1.0,dar,P,ofa,l
0.5380728358951506,0.010003649380313461,0,1,A,crossed_layout,2,f99,1,f99v.12:8:uncertain,8,a,uncertain,chor,f99v.12,1.0585690096913156,0.10904645105226186,0.5174739950431757,0.002417968519873373,0.4801080364369508,0.06844681134489367,0.004352496166578737,0.9272006924885277,f99v,False,0.8888888888888888,aiin,P,cho,r
0.5480905970483223,0.5272054107767996,0,0,A,crossed_layout,2,f99,1,f99v.32:8:line,8,d,line,okolol,f99v.32,1.070065004818539,1.040170258175016,0.4762975375684623,0.00041845466217939667,0.5232840077693584,0.4862700836547958,0.0006153041682270719,0.5131146121769771,f99v,True,1.0,dol,P,okolo,l
0.4312809800371325,0.5853607622055854,1,0,A,crossed_layout,2,f99,1,f99v.43:0:uncertain,0,o,uncertain,ychol,f99v.43,0.902007052623998,1.1239534995496934,0.535141733163109,0.0009759333247383589,0.46388233351215263,0.45883472992053514,0.0003318368028770245,0.540833433276588,f99v,False,0.0,olkeeoldy,P,ycho,l
0.19576509051212554,0.16578240103001132,1,1,A,crossed_layout,2,f3,1,f3r.18:4:uncertain,4,q,uncertain,opchol,f3r.18,0.5418852744337792,0.4902767800882388,0.6868727358326154,0.0005314796844208547,0.3125957844829638,0.7118885093576477,0.0004067730488796398,0.2877047175934725,f3r,True,0.6666666666666666,qoty,H,opcho,l
0.23805684318693876,0.11855106139380889,1,1,A,crossed_layout,2,f3,1,f3v.2:6:line,6,o,line,dar,f3v.2,0.6161508350941464,0.4038796868316743,0.34235968946149314,0.00523105024839556,0.6524092602901115,0.2427480355818576,0.0014289712311888522,0.7558229931869536,f3v,False,1.0,okom,H,da,r
1.4357911534344905,1.442130537099125,0,0,A,crossed_layout,2,f3,1,f3v.4:8:line,8,y,line,een,f3v.4,5.354070909508594,5.681828104558366,0.4235803617045338,0.0244491664554531,0.5519704718400131,0.49142126219167803,0.019480464597050627,0.4890982732112714,f3v,False,1.0,ychear,H,ee,n
0.1379237167741929,0.8082411200753945,1,0,A,crossed_layout,2,f9,1,f9r.4:5:uncertain,5,d,uncertain,otar,f9r.4,0.4431503284008046,1.4669430652576485,0.2606978149147738,0.0037754578201168146,0.7355267272651095,0.6331265519904502,0.005125450744165109,0.3617479972653847,f9r,False,0.625,dor,H,ota,r
0.0018619070714770707,0.0017212715425650674,1,1,A,crossed_layout,2,f9,1,f9r.7:9:line,9,q,line,aiin,f9r.7,0.04532520659481749,0.043255516691229734,0.0008520912125875325,0.9690713480925619,0.030076560694850527,0.00040587224400744705,0.9704625752669144,0.029131552489078113,f9r,False,1.0,qotcho,H,aii,n
0.8919200401224685,0.2523946165904958,0,1,A,crossed_layout,2,f9,1,f9r.8:6:drawing,6,s,drawing,dal,f9r.8,1.6012332593973453,0.6393784770634141,0.3295951093578975,0.005235807592936062,0.6651690830491664,0.6419894626868603,0.005602126600793726,0.3524084107123459,f9r,False,0.75,s,H,da,l
0.28377657630389685,0.16243116113783765,1,1,A,crossed_layout,2,f9,1,f9v.5:6:drawing,6,ch,drawing,ar,f9v.5,0.688559114120949,0.490135076716573,0.3737684488260105,0.005758315407764565,0.6204732357662249,0.2818236246740687,0.006217939924688998,0.7119584354012424,f9v,True,0.75,chty,H,a,r
1.0759214284654566,0.2631823458469166,0,1,A,crossed_layout,2,f9,1,f9v.7:5:drawing,5,d,drawing,otal,f9v.7,1.9177918356412207,0.6558535770806038,0.26465928326507204,0.0037799394683811142,0.7315607772665469,0.6346998571012065,0.005145065542382841,0.36015507735641067,f9v,False,0.7142857142857143,dor,H,ota,l
0.23805684318693876,0.41316422696974076,1,1,A,crossed_layout,2,f13,1,f13r.3:10:line,10,q,line,dar,f13r.3,0.6161508350941464,0.8789202059644288,0.34235968946149314,0.00523105024839556,0.6524092602901115,0.45278078893913226,0.0034449408481631973,0.5437742702127045,f13r,False,1.0,qodchy,H,da,r
0.0007426851663225704,0.002535111057730517,1,1,A,crossed_layout,2,f13,1,f13r.7:8:line,8,sh,line,doaiin,f13r.7,0.028666563164491145,0.0532968532391259,0.0008346976997661235,0.9803259628841199,0.018839339416114015,0.0013711494671748365,0.9637314870695849,0.034897363463240245,f13r,False,1.0,shochy,H,doaii,n
0.23805684318693876,0.11855106139380889,1,1,A,crossed_layout,2,f19,1,f19r.7:6:line,6,o,line,dar,f19r.7,0.6161508350941464,0.4038796868316743,0.34235968946149314,0.00523105024839556,0.6524092602901115,0.2427480355818576,0.0014289712311888522,0.7558229931869536,f19r,False,1.0,or,H,da,r
0.2885694591972199,0.8530986392601594,1,0,A,crossed_layout,2,f19,1,f19v.9:6:line,6,d,line,ddor,f19v.9,0.6899335788917483,1.5288920345867685,0.37957841067533915,0.000539200872485035,0.6198823884521758,0.6527577103370138,0.0006988853256516235,0.34654340433733455,f19v,False,1.0,daiin,H,ddo,r
0.3542628737657595,0.3005113234421336,1,1,A,crossed_layout,2,f24,1,f24r.13:6:line,6,q,line,ar,f24r.13,0.8066645116142231,0.7227211192494151,0.4130260914815067,0.015271811045079287,0.571702097473414,0.3808741663670347,0.013172380660207502,0.6059534529727578,f24r,False,1.0,qor,H,a,r
0.8581559848441755,0.24622313665017487,0,1,A,crossed_layout,2,f24,1,f24r.16:4:line,4,s,line,dal,f24r.16,1.5464152507347275,0.6296547175592279,0.34235968946149314,0.00523105024839556,0.6524092602901115,0.6463310842298402,0.005661177731438146,0.3480077380387217,f24r,False,1.0,sshey,H,da,l
1.5324132632703706,1.531208103975426,0,0,A,crossed_layout,2,f25,1,f25r.3:8:line,8,d,line,dan,f25r.3,7.5786836563470175,6.76892757995616,0.34235968946149314,0.00523105024839556,0.6524092602901115,0.6665741123872699,0.009169586673882592,0.32425630093884755,f25r,False,1.0,dchckhy,H,da,n
0.003936947563188956,0.0020235745584810706,1,1,A,crossed_layout,2,f25,1,f25r.4:7:line,7,q,line,qotchain,f25r.4,0.06660848329179914,0.046854842822465506,0.0015451715779565963,0.9548801131072286,0.04357471531481475,0.0002960142523278502,0.9680444220625913,0.03165956368508085,f25r,False,1.0,qotcheaiin,H,qotchai,n
1.1252907798040714,0.6111632881168887,0,0,B,crossed_layout,2,f26,2,f26r.3:6:drawing,6,y,drawing,dal,f26r.3,2.008300092509014,1.1633565124563259,0.2485658330399918,0.0026816837578401095,0.748752483202168,0.44647258220129077,0.0014689716317051096,0.5520584461670042,f26r,False,0.5454545454545454,y,H,da,l
0.09046689878279478,0.0869573846339196,1,1,B,crossed_layout,2,f26,2,f26r.7:2:uncertain,2,sh,uncertain,dar,f26r.7,0.345867585560626,0.33764584746305143,0.21219447201707287,0.0009708681375824061,0.7868346598453447,0.20836209291601443,0.00030637380732154374,0.7913315332766641,f26r,True,0.18181818181818182,sheo,H,da,r
0.054450556479446285,0.18249181787962948,1,1,B,crossed_layout,2,f26,2,f26r.7:6:drawing,6,sh,drawing,aiin,f26r.7,0.26236672430973107,0.5219263871605252,0.002590640273125299,0.8337190905625697,0.16369026916430504,0.0030010565946553104,0.6964412750181568,0.30055766838718795,f26r,True,0.5454545454545454,sha,H,aii,n
0.22842425318943865,1.2860126437213504,1,0,B,crossed_layout,2,f26,2,f26v.5:9:line,9,t,line,ar,f26v.5,0.6037084039140436,2.3404797979602234,0.3338196034853203,0.008120140956858979,0.6580602555578207,0.801196425145474,0.0013589220961975725,0.19744465275832843,f26v,False,1.0,toeedy,H,a,r
0.005473147619933278,0.001377235793973629,1,1,A,crossed_layout,2,f44,1,f44r.1:5:line,5,y,line,otoloaiin,f44r.1,0.07855008526022353,0.03917213077182297,0.0013851329402374732,0.9470089166769146,0.05160595038284794,0.0011267340197325055,0.9732132512512467,0.025660014729020898,f44r,True,1.0,ydsh,H,otoloaii,n
0.3542628737657595,0.20480314913622216,1,1,A,crossed_layout,2,f44,1,f44v.2:8:line,8,t,line,ar,f44v.2,0.8066645116142231,0.5683029935632914,0.4130260914815067,0.015271811045079287,0.571702097473414,0.3141053042444712,0.011485082383207482,0.6744096133723213,f44v,False,1.0,tol,H,a,r
1.038297079998514,0.35878213608673204,0,1,A,crossed_layout,2,f44,1,f44v.11:6:line,6,y,line,otal,f44v.11,1.8489634467525418,0.7999113310496495,0.27759174159906236,0.003792222369079074,0.7186160360318585,0.5743844784472926,0.004170182896843487,0.42144533865586387,f44v,False,1.0,ychey,H,ota,l
0.0018619070714770707,2.6253530349840234e-05,1,1,A,crossed_layout,2,f47,1,f47r.2:5:line,5,d,line,aiin,f47r.2,0.04532520659481749,0.005549468495183606,0.0008520912125875325,0.9690713480925619,0.030076560694850527,0.00048012007531508306,0.996160790241939,0.003359089682745788,f47r,False,1.0,dor,H,aii,n
0.7469408717841404,0.3156034724139825,0,1,A,crossed_layout,2,f47,1,f47r.4:5:line,5,d,line,kchdal,f47r.4,1.513677689340251,0.8650290851059279,0.35021731308593734,0.0865485635535356,0.563234123360527,0.5490353380872408,0.15285388276681425,0.29811077914594486,f47r,False,1.0,dain,H,kchda,l
0.2705756179241925,0.08216366933418914,1,1,A,crossed_layout,2,f54,1,f54r.2:3:drawing,3,s,drawing,qockhodal,f54r.2,0.6772953402546583,0.33837773518848124,0.6253365116482109,0.014102815199964442,0.3605606731518247,0.7909301879214417,0.013434988777122521,0.1956348233014359,f54r,False,0.6,sockhody,H,qockhoda,l
0.20884881084819718,0.21635271155936794,1,1,A,crossed_layout,2,f54,1,f54r.4:3:uncertain,3,ch,uncertain,kol,f54r.4,0.5657139740258578,0.5774504670833217,0.6756209763200506,0.0024769820515116612,0.3219020416284378,0.6701470164223128,0.0019108094194547553,0.32794217415823246,f54r,False,0.42857142857142855,chom,H,ko,l
0.0019267710090994125,0.0014724976346692088,1,1,A,crossed_layout,2,f54,1,f54r.8:6:drawing,6,o,drawing,aiin,f54r.8,0.046086546813554806,0.03988370617987287,0.0008191439888531532,0.9685600838744838,0.030620772136663102,0.00026745652728077987,0.9727333550558935,0.026999188416825737,f54r,False,0.75,okeam,H,aii,n
0.7439599780437981,0.2735922086526691,0,1,A,crossed_layout,2,f54,1,f54v.1:8:line,8,d,line,al,f54v.1,1.3686649062298317,0.6747794206269563,0.387249449640927,0.005738349141019216,0.6070122012180538,0.6264279890530574,0.007540172037579206,0.3660318389093634,f54v,True,1.0,dcheain,H,a,l
0.17461125188688825,0.08773436911931212,1,1,A,crossed_layout,2,f54,1,f54v.4:0:uncertain,0,ch,uncertain,dar,f54v.4,0.5105688200771759,0.3442557596879969,0.2928267615056827,0.005227615527896113,0.7019456229664212,0.2064835452601118,0.005802226344062697,0.7877142283958255,f54v,False,0.0,chor,H,da,r
0.8769055573344394,0.8540859147725368,0,0,B,crossed_layout,2,f55,2,f55r.2:11:line,11,y,line,al,f55r.2,1.5828594157392275,1.5391119373934787,0.3338196034853203,0.008120140956858979,0.6580602555578207,0.34409720117364395,0.004862253425444597,0.6510405454009115,f55r,False,1.0,ykaiir,H,a,l
0.008068152016156814,0.00010027545851593723,1,1,B,crossed_layout,2,f55,2,f55r.3:10:line,10,d,line,aiin,f55r.3,0.09562082467136611,0.010923277391506215,0.001250854859315115,0.9358694347493038,0.06287971039138096,0.001038876600913821,0.9924571522131167,0.006503971185969436,f55r,False,1.0,daiin,H,aii,n
1.109659897680236,1.130526900109741,0,0,B,crossed_layout,2,f55,2,f55r.11:6:uncertain,6,sh,uncertain,dal,f55r.11,1.9782865784497763,2.0129963634451604,0.2537911068793994,0.0026868920209479137,0.7435220010996527,0.24775801533086775,0.0008045292921700563,0.7514374553769622,f55r,False,0.6666666666666666,shdy,H,da,l
0.9575371601249603,0.9380124642098256,0,0,B,crossed_layout,2,f55,2,f55v.3:4:uncertain,4,ch,uncertain,al,f55v.3,1.7176440911355153,1.6940779437107547,0.30404481855782783,0.008119724650098954,0.6878354567920733,0.30905211778627456,0.012383112423170604,0.6785647697905548,f55v,False,0.4,chedy,H,a,l
0.9345479072469267,1.0858691852615494,0,0,B,crossed_layout,2,f55,2,f55v.4:4:drawing,4,o,drawing,al,f55v.4,1.6785327604287286,1.9422218775468534,0.31240019076647185,0.00812322925790754,0.6794765799756206,0.26021537683290513,0.005923046225997869,0.7338615769410971,f55v,False,0.5714285714285714,ochedy,H,a,l
0.18031695607565523,0.004027997152703344,1,1,B,crossed_layout,2,f55,2,f55v.7:8:uncertain,8,a,uncertain,ar,f55v.7,0.5181946561709143,0.06831635305141447,0.29875052973290805,0.0030044213652012067,0.6982450489018907,0.04336656272928751,0.002883047301576453,0.9537503899691361,f55v,True,0.8,aldy,H,a,r
0.8581559848441755,0.24622313665017487,0,1,A,crossed_layout,2,f56,1,f56r.7:4:line,4,s,line,dal,f56r.7,1.5464152507347275,0.6296547175592279,0.34235968946149314,0.00523105024839556,0.6524092602901115,0.6463310842298402,0.005661177731438146,0.3480077380387217,f56r,False,1.0,schol,H,da,l
0.5683753754469298,1.0728563139642024,0,0,A,crossed_layout,2,f56,1,f56r.9:4:line,4,y,line,tchol,f56r.9,1.0996741191514594,1.902920199167155,0.46662188599909854,0.0005715484594005201,0.532806565541501,0.26740156253801767,0.00037189800555285923,0.7322265394564293,f56r,True,1.0,yt,H,tcho,l
0.9817875802140443,0.5354046959670998,0,0,A,crossed_layout,2,f56,1,f56r.11:5:line,5,sh,line,chokor,f56r.11,1.7462440191618929,1.0567014863485282,0.699345947805743,0.0025772554409677823,0.2980767967532892,0.5155086179286249,0.003761458465758988,0.4807299236056162,f56r,False,1.0,sh,H,choko,r
0.9402865070287232,1.0618018848936361,0,0,A,crossed_layout,2,f56,1,f56r.13:2:line,2,s,line,kchal,f56r.13,2.0790062777218723,2.654648478331098,0.2366773779324945,0.19959762850933319,0.5637249935581723,0.15880756255941175,0.4065461353970676,0.43464630204352056,f56r,False,1.0,s,H,kcha,l
0.8581559848441755,0.24622313665017487,0,1,A,crossed_layout,2,f56,1,f56v.3:6:line,6,s,line,dal,f56v.3,1.5464152507347275,0.6296547175592279,0.34235968946149314,0.00523105024839556,0.6524092602901115,0.6463310842298402,0.005661177731438146,0.3480077380387217,f56v,False,1.0,schy,H,da,l
0.0018619070714770707,0.0019670055373135842,1,1,A,crossed_layout,2,f56,1,f56v.5:4:line,4,ch,line,aiin,f56v.5,0.04532520659481749,0.04641279441647514,0.0008520912125875325,0.9690713480925619,0.030076560694850527,0.0006048941329504801,0.9683410807790758,0.031054025087973714,f56v,False,1.0,chokchol,H,aii,n
0.17431479292508678,0.3991525238183944,1,1,A,crossed_layout,2,f56,1,f56v.8:4:line,4,sh,line,kol,f56v.8,0.5071670333270704,0.8578756289872013,0.7036027207526692,0.0023600778382849583,0.2940372014090459,0.5517644341573461,0.0030071317882707496,0.44522843405438317,f56v,False,1.0,shotchot,H,ko,l
1.8836011853993434e-05,1.553825871494573e-07,1,1,A,crossed_layout,2,f56,1,f56v.15:4:line,4,s,line,chotaiin,f56v.15,0.004539235327420732,0.0004462186528294613,0.00015061999013406393,0.9968585864285798,0.002990793581286181,7.738483879425561e-05,0.9996907526257077,0.00023186253549803404,f56v,False,1.0,s,H,chotaii,n
0.024375146361551248,0.0005502482610389803,1,1,?,crossed_layout,2,f67,4,f67r1.1:8:line,8,d,line,aiin,f67r1.1,0.1705029537649618,0.025984272919794115,0.00217162434397741,0.8885328659634988,0.1092955096925238,0.002911086861410306,0.9821503018035412,0.014938611335048563,f67r1,True,1.0,daiir,A,aii,n
0.42104329256844014,0.6445578229975877,1,0,B,crossed_layout,2,f77,2,f77r.25:5:uncertain,5,ch,uncertain,dal,f77r.25,0.8888754896110324,1.2187221746087562,0.5400348850895631,0.0022860136007025085,0.4576791013097344,0.4296631114024433,0.005318865725864406,0.5650180228716922,f77r,True,0.7142857142857143,chedy,B,da,l
0.26105950197940253,0.33369138960893713,1,1,B,crossed_layout,2,f77,2,f77r.29:4:line,4,q,line,qotal,f77r.29,0.6646452895588302,0.7742996929534841,0.6308437887308326,0.016285147520625202,0.35287106374854227,0.5846723646446885,0.014084605758884242,0.4012430295964272,f77r,False,1.0,qokaiin,B,qota,l
0.0004726436449388509,2.0560924655733626e-05,1,1,B,crossed_layout,2,f77,2,f77r.34:7:line,7,s,line,raiin,f77r.34,0.02309416514359636,0.005315299223050953,0.001070905499558602,0.9841197861400669,0.014809308360374385,0.0014680450020056253,0.9963224939790957,0.0022094610188985743,f77r,False,1.0,solkeey,B,raii,n
9.859544361772906e-06,1.8795930714040773e-07,1,1,B,crossed_layout,2,f77,2,f77r.39:6:line,6,d,line,laiin,f77r.39,0.0033006251530934656,0.0005008766258620741,0.00013604629549324727,0.9977147960443358,0.002149157660171081,0.00011347776560435575,0.9996528790394015,0.00023364319499400959,f77r,False,1.0,daiiin,B,laii,n
0.038518946653645046,0.013106973018713344,1,1,B,crossed_layout,2,f77,2,f77r.41:9:line,9,q,line,arol,f77r.41,0.21883121903723685,0.12377541290318665,0.8592612740853056,0.004007238234325287,0.13673148768036913,0.9177827441867425,0.002589429521152101,0.07962782629210541,f77r,False,1.0,qokeedy,B,aro,l
0.23151105553112067,0.028271629064718508,1,1,B,crossed_layout,2,f77,2,f77r.42:7:line,7,d,line,al,f77r.42,0.6168788753248357,0.19186529748452877,0.652080112169204,0.015943041324519704,0.33197684650627624,0.8754730676332301,0.012207528784803526,0.11231940358196624,f77r,False,1.0,d,B,a,l
0.0004726436449388509,0.002603576424989401,1,1,B,crossed_layout,2,f77,2,f77r.43:7:line,7,sh,line,raiin,f77r.43,0.02309416514359636,0.05405620376472632,0.001070905499558602,0.9841197861400669,0.014809308360374385,0.0014333795192570243,0.9632243684941135,0.03534225198662962,f77r,False,1.0,sheey,B,raii,n
0.391847301677521,0.6076810632280922,1,0,B,crossed_layout,2,f77,2,f77v.6:10:line,10,o,line,dal,f77v.6,0.8462062180346022,1.1576175339191752,0.5562455451777452,0.002252231775810315,0.44150222304644454,0.4482521680533562,0.0010625641869012868,0.5506852677597424,f77v,True,1.0,olshedy,B,da,l
0.37828152352073463,0.4500447685959492,1,1,B,crossed_layout,2,f77,2,f77v.11:6:uncertain,6,sh,uncertain,dal,f77v.11,0.8310848809960931,0.9305420240936327,0.5621063893739897,0.006043890607606123,0.4318497200184041,0.5246611882727643,0.001953167883967257,0.4733856438432685,f77v,False,0.6,shedy,B,da,l
0.34051812523260505,0.027250658353741096,1,1,B,crossed_layout,2,f77,2,f77v.13:11:line,11,d,line,dal,f77v.13,0.7748370692031827,0.18408841917152358,0.5844546259498996,0.005904922893492795,0.40964045115660774,0.8802050663425042,0.00639784459300062,0.11339708906449532,f77v,False,1.0,darcheedal,B,da,l
0.8717175868569763,0.9381077107319624,0,0,B,crossed_layout,2,f77,2,f77v.14:10:line,10,q,line,ar,f77v.14,1.5908454695663579,1.692216944937977,0.652080112169204,0.015943041324519704,0.33197684650627624,0.6790565236245721,0.011492440793934054,0.30945103558149384,f77v,False,1.0,qol,B,a,r
0.6901464748191888,1.105218884702604,0,0,B,crossed_layout,2,f77,2,f77v.22:7:line,7,q,line,dar,f77v.22,1.2875699093308433,1.97004255699136,0.5844546259498996,0.005904922893492795,0.40964045115660774,0.741991907321717,0.0027625906603547896,0.25524550201792817,f77v,False,1.0,qokal,B,da,r
0.34051812523260505,0.027250658353741096,1,1,B,crossed_layout,2,f77,2,f77v.23:9:line,9,d,line,dal,f77v.23,0.7748370692031827,0.18408841917152358,0.5844546259498996,0.005904922893492795,0.40964045115660774,0.8802050663425042,0.00639784459300062,0.11339708906449532,f77v,False,1.0,daiin,B,da,l
0.14585844530384,0.007881181213118496,1,1,B,crossed_layout,2,f77,2,f77v.33:9:line,9,s,line,rain,f77v.33,0.4677036981766278,0.10448801228663794,0.0142247308889261,0.7231146458682459,0.2626606232428279,0.01820681151196996,0.9301349729894357,0.05165821549859437,f77v,False,1.0,solkchedy,B,rai,n
0.6901464748191888,1.105218884702604,0,0,B,crossed_layout,2,f77,2,f77v.39:8:line,8,q,line,dar,f77v.39,1.2875699093308433,1.97004255699136,0.5844546259498996,0.005904922893492795,0.40964045115660774,0.741991907321717,0.0027625906603547896,0.25524550201792817,f77v,False,1.0,qokeey,B,da,r
0.4759304102446664,0.48879020988018124,1,1,B,crossed_layout,2,f80,2,f80r.14:11:line,11,q,line,otal,f80r.14,0.9717235982923975,0.9889684541268083,0.5098965217193697,0.004606026857367538,0.4854974514232627,0.5038378969705345,0.0036173925015285566,0.4925447105279369,f80r,False,1.0,qokedy,B,ota,l
0.41690525554381036,0.2060310407721372,1,1,B,crossed_layout,2,f80,2,f80r.22:10:line,10,y,line,qokl,f80r.22,0.8985030392798041,0.5666454333959315,0.536443063477072,0.014318465679348294,0.4492384708435797,0.6751849102351142,0.007853708042846845,0.31696138172203897,f80r,False,1.0,yshey,B,qok,l
0.6757560476149278,0.15836137671281317,0,1,B,crossed_layout,2,f80,2,f80r.29:8:uncertain,8,a,uncertain,dar,f80r.29,1.2661152799395825,0.4847317752995812,0.578277754545319,0.005944420722977211,0.41577782473170377,0.27723475836784917,0.008135320692250862,0.7146299209399001,f80r,False,0.8888888888888888,ary,B,da,r
1.5057419123754274,0.046717681078504616,0,1,B,crossed_layout,2,f80,2,f80r.37:10:uncertain,10,a,uncertain,qotor,f80r.37,2.9254081851646765,0.24118497452648183,0.8669939870358621,0.0013731319453599315,0.13163288101877818,0.15169719498528872,0.00225269132161779,0.8460501136930936,f80r,False,0.9090909090909091,alom,B,qoto,r
0.0006516839093761738,0.00022681907769184722,1,1,B,crossed_layout,2,f80,2,f80r.52:7:uncertain,7,y,uncertain,aiin,f80r.52,0.027139838046384143,0.01662031359955038,0.0012331795595327383,0.9813639372585028,0.017402883181964535,0.0018528100853938817,0.9885457813221498,0.009601408592456458,f80r,False,0.6363636363636364,y,B,aii,n
0.13273502031256995,0.008688272653777102,1,1,B,crossed_layout,2,f80,2,f80v.12:0:uncertain,0,k,uncertain,ycheol,f80v.12,0.4302855231315999,0.09847110307430632,0.7421148991514661,0.00053318072508533,0.25735192012344854,0.9340222979196856,0.00013548822842202862,0.06584221385189246,f80v,False,0.0,kain,B,ycheo,l
0.34051812523260505,0.5324931049522434,1,0,B,crossed_layout,2,f80,2,f80v.15:11:line,11,ch,line,dal,f80v.15,0.7748370692031827,1.066055542665033,0.5844546259498996,0.005904922893492795,0.40964045115660774,0.4776230797108775,0.013018523733922389,0.5093583965552001,f80v,False,1.0,cheol,B,da,l
0.054330555063655785,1.064709064684544,1,0,B,crossed_layout,2,f80,2,f80v.41:1:uncertain,1,a,uncertain,arol,f80v.41,0.2636188319999408,1.9060921743560364,0.8329958239082687,0.004461077122615353,0.16254309896911603,0.2668142870952169,0.007171703573904604,0.7260140093308786,f80v,False,0.1111111111111111,ar,B,aro,l
0.5635474580520091,0.7052199892697114,0,0,B,crossed_layout,2,f80,2,f80v.42:3:uncertain,3,sh,uncertain,olkal,f80v.42,1.1299244926392715,1.3499854754747396,0.456939639665146,0.025384262466688987,0.5176760978681649,0.39229599842092155,0.028839492922283678,0.5788645086567947,f80v,False,0.3,shar,B,olka,l
0.23151105553112067,0.04868089822446339,1,1,B,crossed_layout,2,f80,2,f80v.42:10:line,10,s,line,al,f80v.42,0.6168788753248357,0.2516881562981799,0.652080112169204,0.015943041324519704,0.33197684650627624,0.8399130235333763,0.008492324115858811,0.15159465235076486,f80v,False,1.0,sor,B,a,l
0.7343444078857759,0.6044954186127758,0,0,A,crossed_layout,2,f88,1,f88r.27:8:line,8,y,line,oldal,f88r.27,1.347840438443097,1.1546238431172648,0.39287970828656477,0.002352713204014043,0.6047675785094212,0.4491832876693956,0.0020982367599535253,0.5487184755706509,f88r,False,1.0,ykar,P,olda,l
0.5169946420791695,0.14173917620022602,0,1,A,crossed_layout,2,f88,1,f88r.28:8:uncertain,8,a,uncertain,ar,f88r.28,1.0326455706941091,0.4701567600900131,0.5056198717115515,0.005567172335682147,0.48881295595276625,0.25245491627702993,0.025658928795210447,0.7218861549277595,f88r,False,0.8888888888888888,alsy,P,a,r
1.084046715840845,1.1418549883376456,0,0,A,crossed_layout,2,f88,1,f88r.29:0:uncertain,0,ch,uncertain,kor,f88r.29,1.9249136806772653,2.0344529550419472,0.7358000026038429,0.0008439817629701963,0.2633560156331869,0.7552950023384319,0.0006045163412844601,0.24410048132028359,f88r,False,0.0,chey,P,ko,r
0.6375728616316605,0.41952183503496643,0,1,A,crossed_layout,2,f88,1,f88r.29:8:line,8,y,line,dal,f88r.29,1.2028395312140907,0.8855686179227963,0.4344194097015978,0.0019426892770600462,0.5636379010213421,0.5412741451380778,0.00146193998601337,0.45726391487590884,f88r,False,1.0,ykeeey,P,da,l
0.0009603316282019384,1.6746467118705507e-05,1,1,A,crossed_layout,2,f88,1,f88v.6:7:line,7,d,line,saldaiin,f88v.6,0.03233561080843349,0.004350385347551907,0.0005116377354185951,0.9778359752673245,0.021652386997256936,0.0002508562394314787,0.9969890845869998,0.0027600591735688113,f88v,True,1.0,dshor,P,saldaii,n
0.6375728616316605,0.3771563468066705,0,1,A,crossed_layout,2,f88,1,f88v.16:8:line,8,q,line,dal,f88v.16,1.2028395312140907,0.8233248376072806,0.4344194097015978,0.0019426892770600462,0.5636379010213421,0.5651380226051016,0.001214733837911931,0.43364724355698653,f88v,False,1.0,qokeey,P,da,l
0.5462808125586929,0.17560896556106317,0,1,A,crossed_layout,2,f99,1,f99r.28:8:line,8,d,line,oteoefol,f99r.28,1.0678548215732613,0.5080562466282663,0.4770277761718807,0.0006884008283408886,0.5222838229997784,0.7031691848302677,0.0010278804504924883,0.29580293471923985,f99r,True,1.0,dsheol,P,oteoefo,l
0.14522263605188823,0.10829581000505455,1,1,A,crossed_layout,2,f99,1,f99r.48:8:line,8,o,line,orar,f99r.48,0.45756534021195167,0.3875610825182974,0.2670823075946452,0.004703552261837656,0.7282141401435172,0.22970355145244048,0.005875660426997488,0.7644207881205619,f99r,False,1.0,okeeey,P,ora,r
1.5072387285420188,1.0349722777616246,0,0,A,crossed_layout,2,f99,1,f99r.49:9:line,9,q,line,oolsal,f99r.49,3.003065771410928,1.8746498652955803,0.12473465318371764,0.014486961190778509,0.8607783856255038,0.2726931063576349,0.016155747942424026,0.711151145699941,f99r,False,1.0,qokeeo,P,oolsa,l
0.4710027790021585,0.654595684461156,1,0,A,crossed_layout,2,f99,1,f99r.50:8:line,8,y,line,al,f99r.50,0.9658726328655809,1.2328864840190763,0.5119686469462362,0.0055404402266243545,0.4824909128271394,0.42546534044568135,0.004901811417214388,0.5696328481371042,f99r,False,1.0,yshaiin,P,a,l
0.009409156886983893,0.006775973229110013,1,1,A,crossed_layout,2,f99,1,f99v.12:9:line,9,o,line,aiin,f99v.12,0.10461099327038312,0.08720823576856512,0.00279416103826063,0.9300556880155425,0.06715015094619695,0.0009127409733603366,0.9413425831954771,0.057744675831162495,f99v,False,1.0,okoraiin,P,aii,n
0.00020523832973728186,0.00025667581349078064,1,1,A,crossed_layout,2,f99,1,f99v.22:11:line,11,q,line,qokaiin,f99v.22,0.01507332476747373,0.016663261023258092,0.0005494206289912919,0.9896063585365159,0.009844220834492943,0.00031666776308236457,0.9885163538538342,0.011166978383083585,f99v,False,1.0,qokeey,P,qokaii,n
0.4015647400473581,0.6834493662192589,1,0,A,crossed_layout,2,f99,1,f99v.24:4:uncertain,4,o,uncertain,okeodal,f99v.24,0.865620390819952,1.270797936792817,0.5488103555357418,0.006270180274502248,0.444919464189756,0.4144304931245161,0.001999699535669247,0.5835698073398148,f99v,False,0.8,oldy,P,okeoda,l
0.10033641818901558,0.09177250261468003,1,1,A,crossed_layout,2,f99,1,f99v.34:0:uncertain,0,o,uncertain,yoiin,f99v.34,0.36681171165117393,0.34823836224806126,0.0010496500036028355,0.7754944107110388,0.22345593928535834,0.0004938895734275488,0.7855427184828732,0.21396339194369934,f99v,False,0.0,ol,P,yoii,n
0.06628868340721836,0.1950936364390587,1,1,A,crossed_layout,2,f99,1,f99v.38:5:drawing,5,y,drawing,shokol,f99v.38,0.2902413519024145,0.5405748431863184,0.8177652412116313,0.00035829598862114557,0.1818764627997476,0.687496920697957,0.0003567440689203179,0.3121463352331227,f99v,False,0.8333333333333334,ykey,P,shoko,l
0.7090026857748094,0.8756814701747129,0,0,A,crossed_layout,2,f99,1,f99v.39:4:drawing,4,o,drawing,qokololal,f99v.39,1.3415703213489056,1.6149438016312432,0.3945909241574759,0.020549915323952256,0.5848591605185719,0.3264776640508557,0.02432480274068566,0.6491975332084586,f99v,False,0.8,okeol,P,qokolola,l
0.4370992591108817,0.8353598720110813,1,0,A,crossed_layout,2,f3,1,f3r.9:4:line,4,y,line,ol,f3r.9,0.9101817000522878,1.5003945081278929,0.5321180694603986,0.0007789961124301648,0.46710293442717116,0.35345672385948357,0.0005236248096704976,0.646019651330846,f3r,False,1.0,ydar,H,o,l
0.32503054940190734,0.19370113263954666,1,1,A,crossed_layout,2,f3,1,f3r.15:7:line,7,o,line,oporar,f3r.15,0.7474525454238968,0.5402356381848714,0.4019070151706271,0.002438572074715584,0.5956544127546572,0.31006254008625433,0.0022788766296742385,0.6876585832840715,f3r,True,1.0,oteol,H,opora,r
0.5371087538333188,0.34926759300678467,0,1,A,crossed_layout,2,f3,1,f3r.19:1:uncertain,1,ch,uncertain,ol,f3r.19,1.0549198141260494,0.7815799041077921,0.48132397308864633,0.0009086009515098616,0.5177674259598438,0.5817293888957903,0.0007580793053876484,0.417512531798822,f3r,False,0.125,cheor,H,o,l
0.5113985409370019,0.03792535892075162,0,1,A,crossed_layout,2,f3,1,f3v.2:5:uncertain,5,d,uncertain,dol,f3v.2,1.0169836482417827,0.21415655071194137,0.4941484264834202,0.0003690413591595265,0.5054825321574202,0.862049996582706,0.0004912307971952421,0.13745877262009898,f3v,False,0.8333333333333334,dar,H,do,l
0.4792120678836931,0.29173568444114895,1,1,A,crossed_layout,2,f9,1,f9r.4:6:drawing,6,y,drawing,dor,f9r.4,0.970533762786286,0.6944197216664991,0.489308394928906,0.00037438236026848793,0.5103172227108256,0.3818106932561352,0.00023148422100388927,0.6179578225228609,f9r,False,0.75,ytol,H,do,r
0.49146750914096005,1.488998579024324,1,0,A,crossed_layout,2,f9,1,f9v.7:6:drawing,6,d,drawing,dor,f9v.7,0.9882154391788506,2.8686805109842406,0.495531533028168,0.00036752307347886,0.5041009438983532,0.8625991122293247,0.000489012745199583,0.13691187502547572,f9v,False,0.8571428571428571,daim,H,do,r
0.001952264649744319,0.0007996092298500335,1,1,A,crossed_layout,2,f13,1,f13v.8:10:line,10,t,line,taiin,f13v.8,0.046335592378923464,0.029726646193836002,0.0007411540477906917,0.9683929003962745,0.030865945555934863,0.0008234306546775552,0.9796058902617625,0.01957067908356009,f13v,False,1.0,tchtod,H,taii,n
0.004469300176515252,0.0004093118436185192,1,1,A,crossed_layout,2,f19,1,f19r.9:6:line,6,d,line,shdaiin,f19r.9,0.0704985826052172,0.021042380430773916,0.0008496184909111533,0.9523088316862541,0.04684154982283481,0.0003542056962670664,0.9855203859893884,0.014125408314344456,f19r,False,1.0,daiin,H,shdaii,n
0.5504604543144793,0.7193683570677754,0,0,A,crossed_layout,2,f19,1,f19r.12:3:line,3,o,line,daiinol,f19r.12,1.186752241044375,1.4090601896213582,0.4392906685312525,0.08177467842411536,0.4789346530446322,0.37655690627631144,0.05062154647872518,0.5728215472449634,f19r,False,1.0,os,H,daiino,l
0.3723731643338134,0.13337171600797845,1,1,A,crossed_layout,2,f24,1,f24r.1:1:uncertain,1,y,uncertain,or,f24r.1,0.8152182514939231,0.431198135285022,0.43130913291579,0.0003683630298765807,0.5683225040543334,0.25811754355414535,0.00023685183861523447,0.7416456046072394,f24r,True,0.125,y,H,o,r
0.46440348252655617,0.36027549859164804,1,1,A,crossed_layout,2,f24,1,f24r.1:8:line,8,q,line,or,f24r.1,0.9490668172432978,0.7973879409723684,0.48171355133735316,0.00031905667516437256,0.5179673919874824,0.4242425172813374,0.00036748034076445067,0.5753900023778982,f24r,True,1.0,qotaiin,H,o,r
0.01051136572767306,0.0035454584223994466,1,1,A,crossed_layout,2,f24,1,f24r.11:4:line,4,q,line,qokain,f24r.11,0.11061959329203035,0.062409453152633534,0.0027030166458445397,0.9261902061633027,0.07110677719085286,0.00046957815499363604,0.9576633839613489,0.04186703788365768,f24r,False,1.0,qokchy,H,qokai,n
1.952816736296613,1.9211843607864907,0,0,A,crossed_layout,2,f24,1,f24v.2:6:drawing,6,o,drawing,otaiir,f24v.2,6.427423628050527,5.675608525264475,0.0004954845956039025,0.9878859450236901,0.0116185703807061,0.0006750004246406088,0.9797603717749958,0.019564627800363638,f24v,False,0.6666666666666666,otchos,H,otaii,r
0.5670883053051402,0.2923950981539003,0,1,A,crossed_layout,2,f25,1,f25v.1:7:uncertain,7,s,uncertain,qofchor,f25v.1,1.1015019572475726,0.69825707867194,0.5309959009282543,0.002973030371071683,0.46603106870067396,0.38101815461753946,0.0026655159115439846,0.6163163294709164,f25v,True,0.875,sos,H,qofcho,r
0.6023896114437357,0.5643461577423308,0,0,B,crossed_layout,2,f26,2,f26r.8:6:drawing,6,y,drawing,ol,f26r.8,1.1486604277407775,1.0931123324063505,0.4510438404898109,0.0002880782529688615,0.5486680812572203,0.4687490486516289,0.00010259739483021093,0.5311483539535409,f26r,False,0.6666666666666666,ytedy,H,o,l
0.3946747491554549,0.5628817046147132,1,0,B,crossed_layout,2,f26,2,f26v.6:6:uncertain,6,ch,uncertain,or,f26v.6,0.8478127924203702,1.0914841143172305,0.4440797439260898,0.0002937969978917197,0.5556264590760185,0.5302981067541556,0.0004235182245001819,0.4692783750213443,f26v,False,0.5454545454545454,cheeky,H,o,r
0.5321140830053495,0.2074790166636331,0,1,A,crossed_layout,2,f44,1,f44r.9:1:uncertain,1,d,uncertain,ol,f44r.9,1.0476893141411723,0.5626388406305952,0.4837423279979179,0.0009021780184018596,0.5153554939836803,0.6770626118640977,0.0017092159773298271,0.3212281721585725,f44r,False,0.16666666666666666,dchckhy,H,o,l
0.5758114743887452,0.8152891527985042,0,0,A,crossed_layout,2,f44,1,f44v.6:3:uncertain,3,y,uncertain,dol,f44v.6,1.1102004530380993,1.4682966552964434,0.46322966374217006,0.00040393412247433037,0.5363664021353557,0.36140875103820513,0.00024157112737347298,0.6383496778344214,f44v,False,0.3,y,H,do,l
0.0007174787486991748,2.790920442199799e-05,1,1,A,crossed_layout,2,f44,1,f44v.6:9:uncertain,9,d,uncertain,ytaiin,f44v.6,0.027906490962643207,0.005501542365644259,0.0004417434464483461,0.9808425757553895,0.018715680798162364,0.0001453019447321676,0.996193883115155,0.0036608149401127646,f44v,False,0.9,dy,H,ytaii,n
0.5369111638268147,0.24327179896827533,0,1,A,crossed_layout,2,f44,1,f44v.8:7:line,7,d,line,ol,f44v.8,1.0537525851783693,0.6195236975617068,0.48171355133735316,0.00031905667516437256,0.5179673919874824,0.650885780690788,0.0007027283718001023,0.3484114909374118,f44v,True,1.0,dshor,H,o,l
0.02943830163925766,0.03271777806628705,1,1,A,crossed_layout,2,f47,1,f47v.9:4:line,4,ch,line,dain,f47v.9,0.18902473254893407,0.20272276265737313,0.0030141327634122003,0.8771985105297108,0.11978735670687717,0.006636348259373815,0.8689091441481283,0.12445450759249797,f47v,False,1.0,chotcho,H,dai,n
0.6594627205043949,0.07410632274300394,0,1,B,crossed_layout,2,f50,2,f50r.6:2:uncertain,2,k,uncertain,ol,f50r.6,1.2323519465969464,0.30854418091283553,0.4256230101384535,0.00030931236363552085,0.574067677497911,0.8074561497476472,0.00010378763250546078,0.1924400626198475,f50r,False,0.2222222222222222,kchedy,H,o,l
0.4425946112593059,0.4703419913704253,1,1,B,crossed_layout,2,f50,2,f50v.4:11:line,11,y,line,or,f50v.4,0.9174574583343833,0.9573379596034076,0.4702860951937304,0.00027264247121018705,0.5294412623350595,0.4848949489182846,9.873159315458468e-05,0.5150063194885608,f50v,False,1.0,y,H,o,r
0.4518483354303813,0.20833541063298838,1,1,A,crossed_layout,2,f54,1,f54r.6:5:drawing,5,sh,drawing,kcheor,f54r.6,0.9351321223318004,0.5644578985474337,0.4736059548032488,0.003399473452583101,0.5229945717441682,0.32169974277002844,0.0020907986233276834,0.6762094586066439,f54r,True,0.625,she,H,kcheo,r
0.44698664208752936,0.08675604891379032,1,1,A,crossed_layout,2,f54,1,f54r.10:10:uncertain,10,k,uncertain,ol,f54r.10,0.9245256150460797,0.33830405211364084,0.526853728800372,0.0007919328266059025,0.4723543383730222,0.7909705843010163,0.001519309960550917,0.2075101057384328,f54r,False,0.9090909090909091,koldy,H,o,l
0.0012236655583571184,0.001500039647115321,1,1,B,crossed_layout,2,f55,2,f55v.2:3:drawing,3,o,drawing,qoaiin,f55v.2,0.03645851085576081,0.04038652960097261,0.00044442629984467295,0.9750455276907012,0.02451004600945424,0.00044363705474416307,0.9723943867542109,0.027161976191044903,f55v,False,0.6,okeody,H,qoaii,n
0.3844633397891476,0.35009819201256875,1,1,B,crossed_layout,2,f55,2,f55v.9:4:drawing,4,o,drawing,or,f55v.9,0.8328773116581164,0.7821119527018984,0.4382929436581234,0.00029860455497715104,0.5614084517868996,0.4182922071458269,0.00019289921225519466,0.5815148936419179,f55v,False,0.4444444444444444,or,H,o,r
0.395704786111994,0.02243979794777221,1,1,B,crossed_layout,2,f55,2,f55v.9:5:uncertain,5,a,uncertain,or,f55v.9,0.8493171250331221,0.16168065731890446,0.4446592856361391,0.0002933183273744883,0.5550473960364865,0.10583082864945656,0.00018614642835247495,0.893983024922191,f55v,False,0.5555555555555556,aiin,H,o,r
0.5609049455419641,0.5305647325109777,0,0,B,crossed_layout,2,f55,2,f55v.10:11:line,11,y,line,ol,f55v.10,1.088389417787378,1.0442558694238897,0.4702860951937304,0.00027264247121018705,0.5294412623350595,0.4848949489182846,9.873159315458468e-05,0.5150063194885608,f55v,False,1.0,ykaiin,H,o,l
0.4187700009102814,0.44968591845018285,1,1,B,crossed_layout,2,f55,2,f55v.11:7:uncertain,7,y,uncertain,or,f55v.11,0.882909912282516,0.9274872927499968,0.457444549850345,0.00028288509158817246,0.5422725650580669,0.474125424491613,0.00010130402368845969,0.5257732714846985,f55v,False,0.7777777777777778,y,H,o,r
0.02943830163925766,0.01020291670730476,1,1,A,crossed_layout,2,f56,1,f56v.4:7:line,7,q,line,dain,f56v.4,0.18902473254893407,0.10735609506136329,0.0030141327634122003,0.8771985105297108,0.11978735670687717,0.0005791373569042468,0.9282876982207083,0.07113316442238739,f56v,False,1.0,qoteees,H,dai,n
0.552220657782333,0.11410389471329888,0,1,A,crossed_layout,2,f56,1,f56v.10:0:uncertain,0,k,uncertain,ol,f56v.10,1.0768140196816087,0.3954347741142142,0.474074592402786,0.0009280150187726164,0.5249973925784415,0.7602602282077641,0.0017784860297246584,0.23796128576251133,f56v,False,0.0,kchy,H,o,l
0.5832787758202775,0.5613562849636964,0,0,A,crossed_layout,2,f56,1,f56v.10:5:uncertain,5,y,uncertain,chotor,f56v.10,1.1257634685128786,1.0924164078677958,0.538316100106117,0.0034244515589206556,0.4582594483349624,0.5285478503673281,0.0024769321456152966,0.4689752174870565,f56v,False,0.7142857142857143,y,H,choto,r
0.0008151866547440653,0.0032668125417251543,1,1,A,crossed_layout,2,f56,1,f56v.12:3:line,3,y,line,kcheeytain,f56v.12,0.02987452915043369,0.05977538718292816,0.0006257026887610335,0.9795054812447985,0.019868816066440333,0.0003444016847225801,0.9594134785339755,0.040242119781301884,f56v,False,1.0,ykor,H,kcheeytai,n
0.6192246409523559,0.4106107278176749,0,1,A,crossed_layout,2,f56,1,f56v.14:5:line,5,o,line,chotor,f56v.14,1.1780290876633372,0.8727005683108365,0.5547969955950519,0.003248149670791276,0.44195485473415685,0.4523323619418051,0.0015440288659608196,0.5461236091922341,f56v,False,1.0,otchol,H,choto,r
0.2167565712567425,0.10365372089388736,1,1,B,crossed_layout,2,f77,2,f77r.24:1:uncertain,1,sh,uncertain,dol,f77r.24,0.5762884708129489,0.37274948840672834,0.6706869933370948,0.00020896348865266328,0.3291040431742525,0.7723092263082023,7.129432626335322e-05,0.22761947936553445,f77r,False,0.16666666666666666,shor,B,do,l
0.10239195823412037,0.2613547467123628,1,1,B,crossed_layout,2,f77,2,f77r.36:6:uncertain,6,o,uncertain,qokol,f77r.36,0.37127252587168696,0.6484280297865108,0.773100284600102,0.0012742432347534517,0.22562547216514442,0.6379750770134855,0.0010656923957331455,0.3609592305907812,f77r,False,0.8571428571428571,olchey,B,qoko,l
0.186916804308105,0.4378812202441622,1,1,B,crossed_layout,2,f77,2,f77r.40:1:uncertain,1,e,uncertain,ol,f77r.40,0.5268540577943978,0.9108948680442313,0.6940665673338242,0.00044801834208631517,0.30548541432408954,0.5318550923355309,0.0004683674104634091,0.46767654025400573,f77r,False,0.14285714285714285,eeedy,B,o,l
0.15562559810474855,0.18832003095744643,1,1,B,crossed_layout,2,f77,2,f77v.9:7:uncertain,7,sh,uncertain,ol,f77v.9,0.47222326612413934,0.5289525379460218,0.720852870585736,0.00039576778101884643,0.2787513616332451,0.6930577427947064,0.0001745091519466393,0.30676774805334694,f77v,False,0.7,sheedy,B,o,l
0.22129575286423436,0.4171468640804754,1,1,B,crossed_layout,2,f77,2,f77v.11:1:uncertain,1,ch,uncertain,dol,f77v.11,0.58368704116392,0.8805781385186229,0.6672563147406592,0.0002119606721361079,0.3325317245872047,0.5431497284932162,0.0003038870535587583,0.4565463844532251,f77v,False,0.1,chdy,B,do,l
1.0263273517721907,1.1730564039541764,0,0,B,crossed_layout,2,f77,2,f77v.14:6:uncertain,6,ch,uncertain,or,f77v.14,1.8188681202881358,2.0963259659519973,0.7161519596806933,0.00040477817913496685,0.28344326214017157,0.7655552729977655,0.0005916958244993789,0.23385303117773515,f77v,False,0.6,cheey,B,o,r
0.5745778931354963,0.7766793301777414,0,0,B,crossed_layout,2,f77,2,f77v.17:6:line,6,q,line,olol,f77v.17,1.10988881966493,1.4100201854641603,0.4633297357677211,0.001356261820398496,0.5353140024118804,0.37630642172554785,0.001050384069088088,0.622643194205364,f77v,False,1.0,qokaiin,B,olo,l
0.14602653638280352,0.029527378543919965,1,1,B,crossed_layout,2,f77,2,f77v.23:8:uncertain,8,d,uncertain,ol,f77v.23,0.4548205160856775,0.18725999664513326,0.7296009352284433,0.0003791796218043709,0.2700198851497523,0.8782721753283416,0.0004450262364524725,0.12128279843520605,f77v,False,0.8888888888888888,dal,B,o,l
0.1406089054598595,0.14621882728663005,1,1,B,crossed_layout,2,f77,2,f77v.27:8:line,8,y,line,ol,f77v.27,0.444840600242416,0.4549414656662205,0.7346654835022465,0.0003696827000131473,0.26496483379774033,0.72953977106995,0.0001454666746718714,0.2703147622553781,f77v,False,1.0,ychedy,B,o,l
0.16090995669114705,0.1934421649943695,1,1,B,crossed_layout,2,f77,2,f77v.28:3:uncertain,3,sh,uncertain,ol,f77v.28,0.4816623506704077,0.5376099119009029,0.7161519596806933,0.00040477817913496685,0.28344326214017157,0.6889112716727119,0.0001772671708513162,0.31091146115643664,f77v,False,0.6,sheor,B,o,l
0.20164463081920855,0.1583432756610884,1,1,B,crossed_layout,2,f77,2,f77v.29:7:uncertain,7,ch,uncertain,ol,f77v.29,0.5513276248878117,0.4769626995634919,0.6823918754273143,0.00016571631138550882,0.31744240826130027,0.7184886643353001,0.0002737695331324363,0.2812375661315675,f77v,True,0.7777777777777778,cheedy,B,o,l
0.1504820637841723,0.0015390730205468869,1,1,B,crossed_layout,2,f77,2,f77v.41:8:uncertain,8,r,uncertain,ol,f77v.41,0.4629410286706518,0.040723806887625315,0.7255057589470423,0.0003869158881080925,0.2741073251648496,0.9721670842422137,0.00018572189758401153,0.0276471938602024,f77v,False,0.8,raiin,B,o,l
0.19053250386051987,0.23427398397768945,1,1,B,crossed_layout,2,f80,2,f80r.12:1:uncertain,1,o,uncertain,ol,f80r.12,0.5329898093842239,0.6047469366387934,0.6911209850468855,0.0004538993131473755,0.30842511563996705,0.6575867173748086,0.00032115363085815106,0.34209212899433333,f80r,False,0.08333333333333333,otchedy,B,o,l
1.0290616995821824,1.8246856971854237,0,0,B,crossed_layout,2,f80,2,f80r.23:13:line,13,l,line,lar,f80r.23,1.912980287846109,4.556223564593251,0.6988319730053509,0.03562460216321764,0.26554342483143145,0.9528206422143617,0.004674355868058365,0.04250500191757991,f80r,False,1.0,lol,B,la,r
0.4306093598471776,0.27738842365300587,1,1,B,crossed_layout,2,f80,2,f80r.27:9:paragraph,9,p,paragraph,olor,f80r.27,0.9015427046182165,0.6733069240532404,0.4633297357677211,0.001356261820398496,0.5353140024118804,0.3718989689856275,0.0010333475455137457,0.6270676834688588,f80r,False,1.0,pcheolkal,B,olo,r
0.4429560881096842,0.28577730442257376,1,1,B,crossed_layout,2,f80,2,f80r.30:7:line,7,q,line,dainol,f80r.30,0.9282303839152578,0.6919118548531642,0.5255025303643663,0.007864433836084862,0.46663303579954873,0.6190329656671162,0.005993026151342799,0.37497400818154103,f80r,False,1.0,qokal,B,daino,l
0.1406089054598595,0.08084251791226937,1,1,B,crossed_layout,2,f80,2,f80r.32:7:line,7,s,line,ol,f80r.32,0.444840600242416,0.3240726849032053,0.7346654835022465,0.0003696827000131473,0.26496483379774033,0.7988116702363874,0.00027616584209959853,0.200912163921513,f80r,False,1.0,solchey,B,o,l
0.1406089054598595,0.10428538779141075,1,1,B,crossed_layout,2,f80,2,f80r.38:12:line,12,q,line,ol,f80r.38,0.444840600242416,0.37421199184588944,0.7346654835022465,0.0003696827000131473,0.26496483379774033,0.7715267098688963,0.00025129219858591835,0.22822199793251785,f80r,False,1.0,qokeedy,B,o,l
1.0633307312780451,0.9562421745461415,0,0,B,crossed_layout,2,f80,2,f80r.41:7:uncertain,7,o,uncertain,or,f80r.41,1.8854676463377513,1.6971494194397159,0.7289636051179124,0.0003803802568910722,0.2706560146251965,0.6913207727157843,0.0002843768367670747,0.3083948504474486,f80r,False,0.875,oly,B,o,r
0.1406089054598595,0.08084251791226937,1,1,B,crossed_layout,2,f80,2,f80r.42:7:line,7,s,line,ol,f80r.42,0.444840600242416,0.3240726849032053,0.7346654835022465,0.0003696827000131473,0.26496483379774033,0.7988116702363874,0.00027616584209959853,0.200912163921513,f80r,False,1.0,sor,B,o,l
0.08514585048527583,0.00019173020751228547,1,1,B,crossed_layout,2,f80,2,f80r.52:0:uncertain,0,t,uncertain,sol,f80r.52,0.3340027083801946,0.01423439426056166,0.793332353862081,0.0006727872642451802,0.20599485887367383,0.9901819842731187,5.411042413517101e-05,0.009763905302746229,f80r,False,0.0,tl,B,so,l
0.1406089054598595,0.0004941451532316193,1,1,B,crossed_layout,2,f80,2,f80v.5:7:line,7,t,line,ol,f80v.5,0.444840600242416,0.022883345729349087,0.7346654835022465,0.0003696827000131473,0.26496483379774033,0.9842636049725397,3.5766200874293554e-05,0.015700628826585832,f80v,False,1.0,tcheol,B,o,l
0.08514585048527583,0.1727376003745077,1,1,B,crossed_layout,2,f80,2,f80v.10:0:uncertain,0,sh,uncertain,sol,f80v.10,0.3340027083801946,0.5023507050764817,0.793332353862081,0.0006727872642451802,0.20599485887367383,0.7059555704267252,0.00031773201617331034,0.29372669755710157,f80v,False,0.0,sheey,B,so,l
0.29916547009088656,0.0021409903480195283,1,1,B,crossed_layout,2,f80,2,f80v.10:7:line,7,t,line,qotainol,f80v.10,0.7300786361160791,0.05033078117290359,0.6028710526177758,0.02164871857371656,0.3754802288085076,0.9657148843946177,0.003398711545040077,0.030886404060342022,f80v,False,1.0,tol,B,qotaino,l
0.009488054325820328,0.07463478179958638,1,1,B,crossed_layout,2,f80,2,f80v.11:8:line,8,y,line,rol,f80v.11,0.10303874659521517,0.3097469112728828,0.9310698136656451,0.00010669940606715652,0.0688234869282877,0.8067832789739088,7.927196074735226e-05,0.19313744906534375,f80v,False,1.0,ycheol,B,ro,l
0.14502904233838204,0.02932452946807322,1,1,B,crossed_layout,2,f80,2,f80v.15:10:uncertain,10,d,uncertain,ol,f80v.15,0.45299193132185384,0.18657197514070106,0.7305262749352542,0.0003774386202840447,0.2690962864444617,0.8786911233647691,0.00044329257897035893,0.1208655840562605,f80v,False,0.9090909090909091,dal,B,o,l
0.39576807240955725,0.003474456825370541,1,1,B,crossed_layout,2,f80,2,f80v.21:6:uncertain,6,a,uncertain,olor,f80v.21,0.8508862886696136,0.061950382599979016,0.44412373312806663,0.001432246242257455,0.5544440206296759,0.04131916885507326,0.0007126668935040833,0.9579681642514226,f80v,False,0.6666666666666666,aiin,B,olo,r
0.1879958579146475,0.23179083718497326,1,1,B,crossed_layout,2,f80,2,f80v.31:1:uncertain,1,o,uncertain,ol,f80v.31,0.5286886113415028,0.6007602552221605,0.6931845423635594,0.0004497765116143591,0.30636568112482615,0.6594063772496542,0.000319146081073195,0.3402744766692726,f80v,False,0.125,oiin,B,o,l
0.015319519764661105,0.0027931112936910234,1,1,B,crossed_layout,2,f80,2,f80v.31:8:line,8,s,line,qokain,f80v.31,0.13784296968436788,0.06103163084748817,0.007716874893293277,0.9088770378956124,0.08340608721109448,0.010234851135468329,0.9585784215910053,0.03118672727352658,f80v,False,1.0,s,B,qokai,n
0.2282377269704553,0.10894686653467239,1,1,B,crossed_layout,2,f80,2,f80v.34:0:uncertain,0,sh,uncertain,dol,f80v.34,0.5949291728873355,0.3835145448732927,0.6620769581501064,0.00021651559022906655,0.3377065262596646,0.7665678805568501,7.336823794424804e-05,0.2333587512052056,f80v,False,0.0,sheyr,B,do,l
0.154208938619067,0.00983895636223792,1,1,B,crossed_layout,2,f80,2,f80v.35:8:uncertain,8,k,uncertain,ol,f80v.35,0.46967625956989867,0.10499429774535986,0.7221266246270199,0.0003933379592162172,0.2774800374137638,0.9298086176760658,0.00010489856290685867,0.07008648376102714,f80v,False,0.7272727272727273,kain,B,o,l
0.1895146728807396,1.1639952558148807,1,0,B,crossed_layout,2,f80,2,f80v.42:1:uncertain,1,a,uncertain,ol,f80v.42,0.5312658694615477,2.0777277533452105,0.6919473296076316,0.00045224676174834247,0.30760042363062,0.23688721570836122,0.00045038754153935005,0.7626623967500995,f80v,False,0.1,aiin,B,o,l
0.17735534819160886,0.009942425172415253,1,1,A,crossed_layout,2,f88,1,f88v.9:8:line,8,d,line,sairal,f88v.9,0.5393740961422131,0.11757311396655415,0.6880693587399016,0.030657178922886715,0.28127346233721157,0.9217368830491307,0.01970539107013944,0.05855772588072967,f88v,False,1.0,dar,P,saira,l
1.1611560229730709,0.7921499077437228,0,0,A,crossed_layout,2,f88,1,f88v.24:7:line,7,y,line,dair,f88v.24,2.10143670813758,1.4437942254894587,0.010135576299032053,0.756838350463601,0.23302607323736702,0.006156930861098481,0.6262438073547385,0.367599261784163,f88v,False,1.0,ykeey,P,dai,r
0.48598377740637677,0.7765605238406875,1,0,A,crossed_layout,2,f99,1,f99r.41:5:uncertain,5,ch,uncertain,ypchol,f99r.41,0.9799735545582452,1.4080926864912147,0.50698903321459,0.00013781368911973413,0.4928731530962903,0.3768095183412272,0.00013821394160875422,0.623052267717164,f99r,True,0.5555555555555556,chor,P,ypcho,l
0.8337470713567992,0.2252349754165059,0,1,A,crossed_layout,2,f99,1,f99r.52:2:uncertain,2,a,uncertain,or,f99r.52,1.4973270908273582,0.5906048211948561,0.6455238391853471,0.0002671278023822708,0.35420903301227064,0.33523393523610173,0.0007016118906913809,0.6640644528732068,f99r,False,0.6666666666666666,agairom,P,o,r
0.41505887493777904,0.6715348115345279,1,0,A,crossed_layout,2,f99,1,f99v.10:9:line,9,o,line,dain,f99v.10,0.8977840727940125,1.269906502557397,0.015886699962436183,0.5367104662836844,0.44740283375387935,0.011901240795121936,0.4146866468365868,0.5734121123682914,f99v,True,1.0,okoiin,P,dai,n
0.30500782957819944,0.41621102869081045,1,1,A,crossed_layout,2,f99,1,f99v.35:0:uncertain,0,o,uncertain,ol,f99v.35,0.7147053329530022,0.8789934065132742,0.6093295732516811,0.000306041101613153,0.3903643856467057,0.5437466804836909,0.00013500274376548578,0.45611831677254355,f99v,False,0.0,okeeey,P,o,l
0.2403742014452348,0.7927907360362176,1,0,A,crossed_layout,2,f99,1,f99v.41:4:drawing,4,a,drawing,aiidal,f99v.41,0.6971355626541067,1.8557609459715905,0.616795625060056,0.09133800646407883,0.2918663684758652,0.2762868980428877,0.30206627116804263,0.4216468307890697,f99v,False,0.8,aiidaiim,P,aiida,l
0.30500782957819944,0.21100745928561526,1,1,A,crossed_layout,2,f99,1,f99v.42:0:uncertain,0,sh,uncertain,ol,f99v.42,0.7147053329530022,0.5668017975446754,0.6093295732516811,0.000306041101613153,0.3903643856467057,0.6751117353854913,0.00014982778723315413,0.3247384368272755,f99v,False,0.0,sheol,P,o,l
0.0003856164306649711,3.1863435371616763e-06,1,1,A,crossed_layout,2,f3,1,f3r.16:7:drawing,7,s,drawing,daiin,f3r.16,0.02036647080613906,0.0019147101161544767,0.00026838065329272984,0.9859822152467943,0.013749404099912954,0.00013981546849424533,0.9986737043898729,0.0011864801416328103,f3r,False,0.875,soleeg,H,daii,n
0.0026262229669236515,0.0001661566249472164,1,1,A,crossed_layout,2,f9,1,f9v.1:9:line,9,d,line,daiin,f9v.1,0.05366638094401301,0.013430731104226396,0.0005634686561296086,0.9634846713047324,0.035951860039138105,0.0003110507368529898,0.9907337255925024,0.008955223670644661,f9v,True,1.0,dchor,H,daii,n
0.00037088286232017946,0.00016609408410319518,1,1,A,crossed_layout,2,f9,1,f9v.3:8:line,8,y,line,daiin,f9v.3,0.019976223390802378,0.01336845181285288,0.0002707442741511896,0.9862489584224011,0.013480297303447755,0.0002251521472266471,0.9907764952177124,0.008998352635061145,f9v,False,1.0,ytey,H,daii,n
0.0004238902198871303,0.0010229758943920203,1,1,A,crossed_layout,2,f9,1,f9v.7:4:drawing,4,o,drawing,daiin,f9v.7,0.02134734521908403,0.033241243129798884,0.00026271994849477666,0.9853120833032628,0.014425196748242363,0.0003266508614194862,0.9772223445635824,0.02245100457499816,f9v,False,0.5714285714285714,otal,H,daii,n
0.00013053776749644413,0.00011089031729984072,1,1,A,crossed_layout,2,f9,1,f9v.11:3:line,3,ch,line,kaiin,f9v.11,0.01181287529442828,0.010834085135001196,0.00015361961760679887,0.9918453696616208,0.008001010720772517,7.118695281531061e-05,0.9925185111467265,0.007410301900458182,f9v,False,1.0,chkaiin,H,kaii,n
0.00037088286232017946,0.0008489528562282138,1,1,A,crossed_layout,2,f13,1,f13r.8:6:line,6,o,line,daiin,f13r.8,0.019976223390802378,0.030259542427977584,0.0002707442741511896,0.9862489584224011,0.013480297303447755,0.00030960888162564565,0.9792441146441133,0.020446276474261053,f13r,False,1.0,oldy,H,daii,n
0.00037088286232017946,0.00016365699894777268,1,1,A,crossed_layout,2,f13,1,f13v.5:1:paragraph,1,f,paragraph,daiin,f13v.5,0.019976223390802378,0.013279415734405069,0.0002707442741511896,0.9862489584224011,0.013480297303447755,0.00023757287831161695,0.9908376429817254,0.008924784139963126,f13v,False,1.0,foldaiin,H,daii,n
0.3624316197321481,0.1837195127443123,1,1,A,crossed_layout,2,f19,1,f19r.4:4:line,4,o,line,kchor,f19r.4,0.8915551828422776,0.542526522510837,0.3782933072120278,0.08267394928312294,0.5390327435048493,0.2915487695313306,0.02188372750669534,0.6865675029619741,f19r,False,1.0,otchy,H,kcho,r
0.00037088286232017946,0.00017419795682556213,1,1,A,crossed_layout,2,f19,1,f19v.4:4:line,4,q,line,daiin,f19v.4,0.019976223390802378,0.013626880684957992,0.0002707442741511896,0.9862489584224011,0.013480297303447755,0.00013809783671349195,0.9905990340677922,0.009262868095494212,f19v,False,1.0,qotchy,H,daii,n
1.223673851517883,1.2730784314949646,0,0,A,crossed_layout,2,f19,1,f19v.10:5:line,5,q,line,okchan,f19v.10,3.3663307394716946,3.426167738651128,0.46695413746168357,0.09696912395453848,0.43607673858377793,0.31351161996535093,0.09302951150356177,0.5934588685310872,f19v,False,1.0,qotol,H,okcha,n
0.25928154628902844,0.18697110848255943,1,1,A,crossed_layout,2,f24,1,f24r.1:0:uncertain,0,o,uncertain,por,f24r.1,0.6445433130102238,0.5267342499627644,0.35980799077147013,0.0004967542725255211,0.6396952549560042,0.30563221212381975,0.00024357976523760484,0.6941242081109428,f24r,True,0.0,or,H,po,r
0.48370382450359306,0.9663566617317763,1,0,A,crossed_layout,2,f24,1,f24v.12:6:line,6,o,line,okchal,f24v.12,1.0986472342581222,2.0077029167883427,0.46695413746168357,0.09696912395453848,0.43607673858377793,0.2486687433584749,0.1311163736480317,0.6202148829934934,f24v,False,1.0,oeeey,H,okcha,l
0.0029448019781252357,0.0064876337385483054,1,1,A,crossed_layout,2,f25,1,f25r.1:5:uncertain,5,o,uncertain,daiin,f25r.1,0.056855786517110055,0.0850665527994308,0.000548072308224524,0.9613570219576713,0.03809490573410429,0.0006138394887253857,0.9427410454361006,0.05664511507517388,f25r,True,0.625,ocholdy,H,daii,n
0.0044228915722874275,0.004952019809260921,1,1,A,crossed_layout,2,f25,1,f25r.2:8:line,8,q,line,chkain,f25r.2,0.07216054048737021,0.07455896990422728,0.0037473633921895322,0.951212421249313,0.04504021535849738,0.0012393565652948043,0.9496323780301156,0.049128265404589616,f25r,False,1.0,qotchy,H,chkai,n
5.5891812301883076e-05,0.00010635151953432867,1,1,A,crossed_layout,2,f25,1,f25r.5:6:line,6,o,line,qotaiin,f25r.5,0.007783789588049974,0.010687731078199066,0.00019413746434110752,0.9946192167472818,0.005186645788377094,0.0001806086501173802,0.9926192021968706,0.00720018915301201,f25r,False,1.0,okal,H,qotaii,n
0.00037088286232017946,0.0008489528562282138,1,1,A,crossed_layout,2,f25,1,f25v.2:8:line,8,o,line,daiin,f25v.2,0.019976223390802378,0.030259542427977584,0.0002707442741511896,0.9862489584224011,0.013480297303447755,0.00030960888162564565,0.9792441146441133,0.020446276474261053,f25v,False,1.0,orcho,H,daii,n
0.00037088286232017946,0.00017419795682556213,1,1,A,crossed_layout,2,f25,1,f25v.5:8:line,8,q,line,daiin,f25v.5,0.019976223390802378,0.013626880684957992,0.0002707442741511896,0.9862489584224011,0.013480297303447755,0.00013809783671349195,0.9905990340677922,0.009262868095494212,f25v,False,1.0,qokcho,H,daii,n
0.6370377456703413,0.4922998555084237,0,1,A,crossed_layout,2,f25,1,f25v.6:4:drawing,4,ch,drawing,qotoral,f25v.6,1.2226431140887328,1.006681745723292,0.42849696348093136,0.014537428890483074,0.5569656076285856,0.4976896376695569,0.012590404478037283,0.48971995785240574,f25v,False,0.4444444444444444,cho,H,qotora,l
0.6583992709569162,0.42931552406323714,0,1,B,crossed_layout,2,f26,2,f26r.1:6:drawing,6,ch,drawing,ain,f26r.1,1.2699378825913075,0.9350908291851211,0.02387144463062706,0.4146776270928775,0.5614509282764955,0.028690942698802648,0.5230095412283755,0.448299516072822,f26r,True,0.75,chofo,H,ai,n
0.7949372087904627,1.5183528231585308,0,0,B,crossed_layout,2,f26,2,f26r.7:11:line,11,d,line,sar,f26r.7,1.4386241446805057,2.9626310219655303,0.6298192934100684,0.0012617429423577636,0.36891896364757376,0.8708940859461829,0.0008258416727884457,0.1282800723810286,f26r,True,1.0,daiin,H,sa,r
0.8548250159387867,0.7308031986485497,0,0,B,crossed_layout,2,f26,2,f26v.2:4:uncertain,4,y,uncertain,sar,f26v.2,1.536237772873621,1.3406191751599683,0.6523095692471748,0.0029070292819725683,0.34478340147085274,0.6038181069263425,0.0013307355408293635,0.39485115753282807,f26v,False,0.36363636363636365,y,H,sa,r
0.00013633711668722582,1.3089961796586848e-05,1,1,B,crossed_layout,2,f26,2,f26v.4:9:line,9,d,line,chekaiin,f26v.4,0.012102156604203967,0.003808040285681841,0.00019767912844942102,0.9916465101969557,0.008155810674594916,0.00016329491589605808,0.9973639481151599,0.0024727569689438752,f26v,False,1.0,deeol,H,chekaii,n
0.0026262229669236515,0.0001661566249472164,1,1,A,crossed_layout,2,f44,1,f44r.5:7:line,7,d,line,daiin,f44r.5,0.05366638094401301,0.013430731104226396,0.0005634686561296086,0.9634846713047324,0.035951860039138105,0.0003110507368529898,0.9907337255925024,0.008955223670644661,f44r,True,1.0,dshor,H,daii,n
0.0077926139676713834,0.004339154212507248,1,1,A,crossed_layout,2,f44,1,f44v.5:8:line,8,t,line,cthain,f44v.5,0.09331988744188577,0.06903617231982702,0.0004349977617655794,0.9373632327274889,0.06220176951074562,0.00029467167640539126,0.9532746437797978,0.0464306845437969,f44v,False,1.0,tol,H,cthai,n
0.18619765759440754,0.02690434041699616,1,1,A,crossed_layout,2,f47,1,f47v.1:4:drawing,4,s,drawing,sal,f47v.1,0.5276794972035053,0.1802168123898163,0.6936695700358807,0.002433401632315447,0.3038970283318038,0.8825703510948381,0.0029485409382038275,0.114481107966958,f47v,True,0.8,sary,H,sa,l
0.00037088286232017946,0.00017419795682556213,1,1,A,crossed_layout,2,f47,1,f47v.3:6:line,6,q,line,daiin,f47v.3,0.019976223390802378,0.013626880684957992,0.0002707442741511896,0.9862489584224011,0.013480297303447755,0.00013809783671349195,0.9905990340677922,0.009262868095494212,f47v,False,1.0,qotol,H,daii,n
0.12266101546754574,0.06094412619511479,1,1,A,crossed_layout,2,f47,1,f47v.8:3:line,3,q,line,sal,f47v.8,0.41574365105127337,0.2786048452982213,0.7496329894945328,0.005526588312301835,0.24484042219316515,0.8243878541688493,0.002118595563331033,0.1734935502678197,f47v,False,1.0,qotcheey,H,sa,l
0.00037088286232017946,2.4296094159060424e-05,1,1,A,crossed_layout,2,f47,1,f47v.12:7:line,7,d,line,daiin,f47v.12,0.019976223390802378,0.005148649848216669,0.0002707442741511896,0.9862489584224011,0.013480297303447755,0.00015948924555122954,0.9964375883726221,0.0034029223818266207,f47v,False,1.0,dshy,H,daii,n
0.03077634532642016,0.11114984933677341,1,1,B,crossed_layout,2,f50,2,f50r.5:10:line,10,y,line,okain,f50r.5,0.1951953649712721,0.3950497270695137,0.0051532467327894795,0.8734546075855368,0.12139214568167367,0.007779565871474421,0.7604631643890272,0.2317572697394983,f50r,False,1.0,ykain,H,okai,n
0.2973623501932091,0.6444744837761194,1,0,B,crossed_layout,2,f50,2,f50r.8:8:line,8,y,line,orolkain,f50r.8,0.7074923652948765,1.2168824663596909,0.004081167313989139,0.6123836350086211,0.38353519767738986,0.004282624072554905,0.4302113623852877,0.5655060135421573,f50r,False,1.0,ytchdy,H,orolkai,n
0.03077634532642016,0.09966894293443405,1,1,B,crossed_layout,2,f50,2,f50v.2:9:line,9,p,line,okain,f50v.2,0.1951953649712721,0.37617571496234314,0.0051532467327894795,0.8734546075855368,0.12139214568167367,0.013154500488575901,0.7704772613400702,0.2163682381713538,f50v,False,1.0,pochedy,H,okai,n
1.132246150070281,1.6669808356025886,0,0,A,crossed_layout,2,f54,1,f54r.2:5:line,5,d,line,sar,f54r.2,2.0300863339016884,3.56665129992827,0.7496329894945328,0.005526588312301835,0.24484042219316515,0.9102885022886547,0.005313727125245737,0.08439777058609958,f54r,False,1.0,daiir,H,sa,r
0.00037088286232017946,6.73549117067951e-05,1,1,A,crossed_layout,2,f54,1,f54r.9:11:line,11,t,line,daiin,f54r.9,0.019976223390802378,0.008541223614589645,0.0002707442741511896,0.9862489584224011,0.013480297303447755,0.00020462552537079147,0.9940971655237811,0.005698208950847957,f54r,False,1.0,tor,H,daii,n
1.3653181695463952,1.1672656710021947,0,0,A,crossed_layout,2,f54,1,f54r.12:7:uncertain,7,o,uncertain,air,f54r.12,2.578460761524219,2.118972649260748,0.012847166155524345,0.8197333617665735,0.167419472077902,0.011797750935687563,0.7579914604480794,0.23021078861623306,f54r,False,0.7777777777777778,o,H,ai,r
1.4372907018161392,1.50333686766344,0,0,A,crossed_layout,2,f56,1,f56r.18:3:line,3,o,line,sotodan,f56r.18,5.555817108705227,6.9807979921964005,0.47543725595286535,0.021258489349167825,0.5033042546979667,0.3798640053020667,0.00791717802717382,0.6122188166707596,f56r,False,1.0,otchey,H,sotoda,n
0.00037088286232017946,0.00040695931906861943,1,1,A,crossed_layout,2,f56,1,f56v.13:5:line,5,ch,line,daiin,f56v.13,0.019976223390802378,0.020837153317399333,0.0002707442741511896,0.9862489584224011,0.013480297303447755,0.00015075808774902218,0.9856605887936006,0.014188653118650337,f56v,False,1.0,chol,H,daii,n
0.0013231944712733129,1.797905121423021e-05,1,1,B,crossed_layout,2,f57,5,f57r.10:2:drawing,2,s,drawing,shedaiin,f57r.10,0.0389533269375143,0.004909799605658901,0.0019457156904079031,0.973360863139798,0.024693421169794172,0.0011219731692898847,0.9966025706144758,0.002275456216234509,f57r,False,0.2857142857142857,s,H,shedaii,n
1.2155955871549917,1.847185511665046,0,0,?,crossed_layout,2,f69,4,f69r.1:9:line,9,d,line,sar,f69r.1,2.1823899709750454,4.684153500594754,0.7795382072139737,0.00015131288555043503,0.22031047990047595,0.9609728343730685,0.000128984699699792,0.03889818092723164,f69r,True,1.0,daiin,C,sa,r
0.02467403780302239,0.0073647389393210775,1,1,B,crossed_layout,2,f77,2,f77r.10:9:line,9,q,line,sal,f77r.10,0.17319046253038842,0.0915972011012747,0.8868792129012943,0.004217442293828697,0.10890334480487697,0.9384831834179089,0.001704485528971612,0.05981233105311955,f77r,False,1.0,qoteedy,B,sa,l
0.47359900187643983,0.35461065297769023,1,1,B,crossed_layout,2,f77,2,f77r.15:9:line,9,s,line,lol,f77r.15,0.9628461696917563,0.7893276227921912,0.5130437740934947,0.000672168881882575,0.4862840570246228,0.5786136957187547,0.000620513722406971,0.42076579055883834,f77r,False,1.0,sshedy,B,lo,l
0.47359900187643983,0.2869801001390613,1,1,B,crossed_layout,2,f77,2,f77r.16:7:line,7,q,line,lol,f77r.16,0.9628461696917563,0.6874591227704141,0.5130437740934947,0.000672168881882575,0.4862840570246228,0.6209464996461442,0.0005058969049999407,0.37854760344885585,f77r,False,1.0,qoteedy,B,lo,l
0.47359900187643983,0.3269638378858691,1,1,B,crossed_layout,2,f77,2,f77r.17:8:line,8,d,line,lol,f77r.17,0.9628461696917563,0.7486233683150048,0.5130437740934947,0.000672168881882575,0.4862840570246228,0.595171203976867,0.0010015052370970202,0.403827290786036,f77r,False,1.0,daiin,B,lo,l
2.0362894882262547e-05,4.204627935414144e-06,1,1,B,crossed_layout,2,f77,2,f77r.18:10:line,10,q,line,qotaiin,f77r.18,0.004813535366990116,0.002170411784772949,0.00030159715406187683,0.9966690714242697,0.003029331421668477,0.00011334926292218713,0.9984967162554218,0.0013899344816559122,f77r,False,1.0,qokeedy,B,qotaii,n
0.47359900187643983,0.2869801001390613,1,1,B,crossed_layout,2,f77,2,f77r.30:6:line,6,q,line,lol,f77r.30,0.9628461696917563,0.6874591227704141,0.5130437740934947,0.000672168881882575,0.4862840570246228,0.6209464996461442,0.0005058969049999407,0.37854760344885585,f77r,False,1.0,qokain,B,lo,l
0.0001791542299747407,0.0009628630394570186,1,1,B,crossed_layout,2,f77,2,f77r.41:0:uncertain,0,sh,uncertain,daiin,f77r.41,0.013997285640676826,0.03240457326069604,0.00039378401296682656,0.9903447352158808,0.009261480771152145,0.0005487283873990032,0.9777892347205217,0.021662036892079253,f77r,False,0.0,sh,B,daii,n
0.0001318578930110318,9.166969290297864e-05,1,1,B,crossed_layout,2,f77,2,f77r.46:7:line,7,y,line,daiin,f77r.46,0.012057013322815502,0.01017897325352314,0.0004220529605452696,0.991677540232115,0.007900406807339841,0.0005553061549137634,0.9929693051814293,0.006475388663656971,f77r,False,1.0,ysheey,B,daii,n
0.47359900187643983,0.2869801001390613,1,1,B,crossed_layout,2,f77,2,f77v.10:10:line,10,q,line,lol,f77v.10,0.9628461696917563,0.6874591227704141,0.5130437740934947,0.000672168881882575,0.4862840570246228,0.6209464996461442,0.0005058969049999407,0.37854760344885585,f77v,False,1.0,qockhy,B,lo,l
0.05233660088163909,0.1948901445118306,1,1,B,crossed_layout,2,f80,2,f80r.11:6:drawing,6,o,drawing,qopcheol,f80r.11,0.2554474915899087,0.5409624651409394,0.8377272501923494,0.001017922327547571,0.16125482748010306,0.6873122294805779,0.0010543463924381899,0.3116334241269838,f80r,True,0.6666666666666666,olkoiin,B,qopcheo,l
0.5271184360141836,0.5093377597605353,0,0,B,crossed_layout,2,f80,2,f80r.44:6:line,6,o,line,lor,f80r.44,1.0401288017449581,1.0142039744697102,0.5130437740934947,0.000672168881882575,0.4862840570246228,0.5043956207823999,0.0005029477832083249,0.4951014314343918,f80r,False,1.0,okain,B,lo,r
0.8049331410856849,1.2830150819332482,0,0,B,crossed_layout,2,f80,2,f80r.49:10:line,10,l,line,oklor,f80r.49,1.4552759842587235,2.3336580618622067,0.6334864250699649,0.0018282590093152537,0.36468531592071984,0.800262066376574,0.0013574595554602731,0.1983804740679658,f80r,False,1.0,lol,B,oklo,r
0.009862297418468686,0.0014079934960282597,1,1,B,crossed_layout,2,f80,2,f80r.52:11:line,11,l,line,kain,f80r.52,0.1082434011008779,0.041618850660618066,0.0043214276083974835,0.9277169455560068,0.06796162683559585,0.004341278944325023,0.9715641416850447,0.02409457937063036,f80r,False,1.0,lol,B,kai,n
0.11942620037030532,0.00038775163572857426,1,1,B,crossed_layout,2,f80,2,f80v.9:2:uncertain,2,t,uncertain,tol,f80v.9,0.4069927731843657,0.02045378649600121,0.7541938162768492,0.0029131330410633806,0.24289305068208733,0.9859225428214512,0.00031230922947521165,0.013765147949073546,f80v,False,0.2,tal,B,to,l
0.1278660200985942,0.2516542684222361,1,1,B,crossed_layout,2,f80,2,f80v.11:0:uncertain,0,sh,uncertain,tol,f80v.11,0.4233269829108028,0.6351676782745328,0.7457029826365544,0.0029197669617057505,0.2513772504017398,0.6438659766171408,0.002842720416016252,0.3532913029668429,f80v,False,0.0,sheedy,B,to,l
0.0024617141943245316,0.006441775928269172,1,1,B,crossed_layout,2,f80,2,f80v.18:5:paragraph,5,p,paragraph,okain,f80v.18,0.05492175342767797,0.0910600802444866,0.005097180135343179,0.9626466521661384,0.03225616769851842,0.010216928585615171,0.9388326493300808,0.050950422084304156,f80v,False,1.0,psheoldy,B,okai,n
0.0001318578930110318,1.2080945008473173e-05,1,1,B,crossed_layout,2,f80,2,f80v.24:9:line,9,l,line,daiin,f80v.24,0.012057013322815502,0.0039222554139963705,0.0004220529605452696,0.991677540232115,0.007900406807339841,0.0006419473273053552,0.9972849920371025,0.0020730606355922115,f80v,False,1.0,lshedy,B,daii,n
1.5806257739958571,1.7647064436688997,0,0,B,crossed_layout,2,f80,2,f80v.25:9:line,9,q,line,sar,f80v.25,3.1988798299114825,4.0634132452301195,0.8868792129012943,0.004217442293828697,0.10890334480487697,0.9384831834179089,0.001704485528971612,0.05981233105311955,f80v,False,1.0,qoty,B,sa,r
0.1081265017604972,0.0022300980576284383,1,1,B,crossed_layout,2,f80,2,f80v.38:8:line,8,s,line,ral,f80v.38,0.38495346939681757,0.04977851118072023,0.7658036972758328,0.0033997796807078867,0.23079652304345935,0.9660846350564837,0.0010718383212165719,0.03284352662229977,f80v,True,1.0,sol,B,ra,l
0.19536355990185078,0.006254401830201451,1,1,A,crossed_layout,2,f88,1,f88v.10:2:uncertain,2,d,uncertain,chekol,f88v.10,0.5415977838760948,0.08373161345327287,0.6870096248471206,0.0009010079064719328,0.31208936724640757,0.9436137763395008,0.0009415751564791473,0.055444648504019894,f88v,False,0.6666666666666666,daraly,P,cheko,l
0.026050680629932897,0.005930684102155554,1,1,A,crossed_layout,2,f88,1,f88v.15:6:line,6,y,line,oraiin,f88v.15,0.17685619043656114,0.08182477352854481,0.0025275360697752185,0.8846286117724695,0.11284385215775528,0.001393239735202468,0.9448617948013491,0.05374496546344855,f88v,True,1.0,ysheod,P,oraii,n
0.19729647532872352,0.10949856923052612,1,1,A,crossed_layout,2,f88,1,f88v.21:7:line,7,d,line,korain,f88v.21,0.5499041497396776,0.3916916144403452,0.005782492730732357,0.6830655086066185,0.31115199866264903,0.0077506286363219976,0.762235330575478,0.23001404078819995,f88v,True,1.0,dairodain,P,korai,n
0.2664072291424898,0.10153202787971598,1,1,A,crossed_layout,2,f88,1,f88v.22:8:line,8,t,line,ain,f88v.22,0.7005691882766375,0.3905787510568074,0.04325476485533752,0.6153293921029294,0.34141584304173317,0.02597881281231964,0.7628235290617739,0.21119765812590635,f88v,False,1.0,tol,P,ai,n
0.2645892343582243,0.01595191437940562,1,1,A,crossed_layout,2,f88,1,f88v.23:0:uncertain,0,k,uncertain,tol,f88v.23,0.6532627164418664,0.13619715036190438,0.6358407054979823,0.0008736226548141008,0.36328567184720356,0.9099144719343155,0.0015754727145659724,0.08851005535111844,f88v,False,0.0,keeodaiin,P,to,l
1.2459015354627827,1.7274706268748576,0,0,A,crossed_layout,2,f99,1,f99r.15:8:line,8,s,line,sar,f99r.15,2.248663916056273,3.8315382047714692,0.7889631255183711,0.0006179913542094352,0.21041888312741944,0.9289879714966522,0.00077080450377337,0.07024122399957425,f99r,True,1.0,saroshy,P,sa,r
0.2645892343582243,0.3518245827888127,1,1,A,crossed_layout,2,f99,1,f99r.30:0:uncertain,0,ch,uncertain,tol,f99r.30,0.6532627164418664,0.785453269259732,0.6358407054979823,0.0008736226548141008,0.36328567184720356,0.5801696495140977,0.0008239296046661352,0.41900642088123624,f99r,False,0.0,cheody,P,to,l
0.35738107056304463,0.027064184018537295,1,1,A,crossed_layout,2,f99,1,f99r.47:0:uncertain,0,k,uncertain,tol,f99r.47,0.7931167830468775,0.17904973998754659,0.5770959921937859,0.0003721957318763828,0.4225318120743377,0.8832845978367039,0.0007796828571235166,0.11593571930617265,f99r,True,0.0,keey,P,to,l
0.002828571833164262,0.001031234646689677,1,1,A,crossed_layout,2,f99,1,f99v.11:7:line,7,q,line,daiin,f99v.11,0.0561562036269588,0.0335450224316301,0.001166537008815554,0.96182331039379,0.03701015259739444,0.0005628504048691434,0.9770165986080099,0.02242055098712083,f99v,False,1.0,qokeo,P,daii,n
0.019522366971980266,0.03128934043561713,1,1,A,crossed_layout,2,f99,1,f99v.37:4:drawing,4,o,drawing,daiin,f99v.37,0.15188418171936385,0.19464472987190656,0.002294186926466215,0.9000741840518616,0.09763162902167237,0.0022982749290412267,0.8737880436520419,0.12391368141891672,f99v,True,0.8,okoly,P,daii,n
0.24463896220842785,0.006678775986800068,1,1,A,crossed_layout,2,f3,1,f3v.4:7:uncertain,7,e,uncertain,chear,f3v.4,0.6405489619765039,0.09074599868657088,0.34023460678317263,0.018296577107008816,0.6414688161098187,0.05397674498814612,0.006986195108230893,0.9390370599036231,f3v,False,0.875,een,H,chea,r
4.592529919137426e-05,1.7728145874378668e-06,1,1,A,crossed_layout,2,f9,1,f9r.2:8:line,8,t,line,chaiin,f9r.2,0.006999187882785843,0.0014056328088160454,9.703809124731571e-05,0.9951602820123241,0.00474267989642856,6.84206819161371e-05,0.9990261640679508,0.0009054152501332011,f9r,False,1.0,toiin,H,chaii,n
0.00013632118300928065,0.00012430555059721914,1,1,A,crossed_layout,2,f9,1,f9v.5:8:line,8,o,line,daiiin,f9v.5,0.012049282655291284,0.011479843638313133,0.00012379845332800867,0.9916828541409297,0.00819334740574231,8.45668119939365e-05,0.9920743536289137,0.007841079559092306,f9v,True,1.0,odol,H,daiii,n
0.5164049420315014,1.08309143731803,0,0,A,crossed_layout,2,f13,1,f13v.8:4:drawing,4,o,drawing,ykol,f13v.8,1.0254857164024782,1.9225731077314827,0.49124488256231547,0.0012399600171152517,0.5075151574205693,0.2637836210753419,0.0006373726464718863,0.7355790062781862,f13v,False,0.4,okchy,H,yko,l
1.8849360769856753e-05,1.4041921279250445e-05,1,1,A,crossed_layout,2,f19,1,f19v.3:5:line,5,y,line,daiiin,f19v.3,0.004477024895028323,0.003849982079123058,5.774032068553746e-05,0.9969015728803464,0.0030406867989681394,3.094531026653955e-05,0.997334953335624,0.0026341013541095167,f19v,False,1.0,ytch,H,daiii,n
0.1810591212103693,0.41433068627719194,1,1,A,crossed_layout,2,f24,1,f24r.8:5:line,5,o,line,qokeol,f24r.8,0.5178116058040773,0.8773579980328835,0.6984304647553985,0.001381212897351427,0.3001883223472501,0.5443634096704028,0.0009663251420324754,0.45467026518756487,f24r,False,1.0,odaiin,H,qokeo,l
0.17246130033203041,0.24645845169247393,1,1,A,crossed_layout,2,f24,1,f24r.14:4:line,4,o,line,cthal,f24r.14,0.5223913801336196,0.6479243453487628,0.6962168421981675,0.021440458005098,0.28234269979673454,0.6381978505098662,0.02261769180650269,0.33918445768363104,f24r,False,1.0,ockhoees,H,ctha,l
0.05338938734897323,0.17128224626928024,1,1,A,crossed_layout,2,f24,1,f24v.8:3:line,3,y,line,sain,f24v.8,0.2597545389508253,0.5014817469715075,0.0028058975768188634,0.8352300139042502,0.16196408851893082,0.0019579184308520813,0.706380906744139,0.29166117482500886,f24v,False,1.0,ychol,H,sai,n
0.17577202488102084,0.3121548128148921,1,1,A,crossed_layout,2,f24,1,f24v.10:3:line,3,y,line,keol,f24v.10,0.508794086137337,0.7268976683968956,0.7028096539924304,0.0014746913554561421,0.2957156546521135,0.6042017767280314,0.0014678736708613584,0.39433034960110724,f24v,False,1.0,ydaiin,H,keo,l
0.6319438220411604,1.4763269282877756,0,0,A,crossed_layout,2,f25,1,f25v.4:7:line,7,d,line,chkear,f25v.4,1.2878662842800017,3.1317129984887626,0.5286829672757728,0.06176072596048994,0.40955630676373733,0.8296580558568221,0.05624856324717929,0.1140933808959987,f25v,False,1.0,dar,H,chkea,r
5.087347952069384e-05,2.461003956991154e-06,1,1,A,crossed_layout,2,f47,1,f47v.13:3:drawing,3,d,drawing,chaiin,f47v.13,0.007358930323023018,0.0016500176967516405,8.990160820638203e-05,0.9949121652951929,0.0049979330966006385,7.094878309565219e-05,0.9988569486670488,0.0010721025498555727,f47v,False,0.6,dcheey,H,chaii,n
1.1910855671361849,1.1426689427278314,0,0,A,crossed_layout,2,f54,1,f54r.8:8:line,8,o,line,etchal,f54r.8,2.3892950154215953,2.369100048478117,0.19087565126239855,0.08124943911382096,0.7278749096237805,0.19356633299774198,0.11410954042832515,0.6923241265739328,f54r,False,1.0,oaiin,H,etcha,l
0.2689676367467986,1.0046600481715362,1,0,A,crossed_layout,2,f54,1,f54v.3:6:uncertain,6,a,uncertain,cheol,f54v.3,0.6604048774560205,1.7888560601748535,0.6327007111505314,0.0011606237100478087,0.3661386651394208,0.2894014268169939,0.003706802416321938,0.7068917707666842,f54v,False,0.8571428571428571,am,H,cheo,l
0.0008184617155253201,0.00040895352133684586,1,1,B,crossed_layout,2,f55,2,f55r.4:9:line,9,y,line,chdolaiin,f55r.4,0.029624092589255642,0.020877614107714163,0.00019139216188286158,0.97967552776866,0.020133080069457267,0.00013600391331126501,0.9856329460513382,0.014231050035350584,f55r,False,1.0,y,H,chdolaii,n
0.5114278344836369,0.7744597979076586,0,0,B,crossed_layout,2,f55,2,f55v.8:4:drawing,4,o,drawing,qol,f55v.8,1.0172406832149639,1.4051788152936295,0.49406039532640494,0.0005163322500045884,0.5054232724235904,0.3775713452904389,0.00030143553270806957,0.6221272191768531,f55v,False,0.4444444444444444,otar,H,qo,l
0.1572433718126504,0.07146975284309763,1,1,B,crossed_layout,2,f55,2,f55v.11:9:line,9,d,line,orain,f55v.11,0.4777720272425656,0.30941376224089245,0.0030624757042953064,0.7180857172998344,0.2788518069958703,0.008258039288377372,0.8069696039397498,0.18477235677187265,f55v,False,1.0,daiin,H,orai,n
1.1252337098213844e-06,1.0321959030153632e-06,1,1,A,crossed_layout,2,f56,1,f56r.2:6:line,6,o,line,shokaiin,f56r.2,0.0011050184349395051,0.0010552418822842705,3.217392300942432e-05,0.9992343528448354,0.0007334732321550309,2.6262061193887126e-05,0.9992688295000045,0.0007049084388014893,f56r,False,1.0,olchey,H,shokaii,n
1.0047115996854687,0.9941694939590493,0,0,A,crossed_layout,2,f56,1,f56r.4:4:uncertain,4,ch,uncertain,chkor,f56r.4,1.7855931007980026,1.7645477085421197,0.707592111749088,0.002351178265472879,0.2900567099854391,0.704401944644833,0.0012791151860002212,0.2943189401691669,f56r,False,0.5714285714285714,chy,H,chko,r
0.8805131982616583,0.7143568341398321,0,0,A,crossed_layout,2,f56,1,f56v.1:6:line,6,sh,line,choror,f56v.1,1.5726668985545154,1.315080086290731,0.6632226638166282,0.000590975098742834,0.33618636108462885,0.5971902641168111,0.0009065514143024804,0.40190318446888645,f56v,True,1.0,shodshey,H,choro,r
1.0002095851348962,0.8444852373449443,0,0,A,crossed_layout,2,f56,1,f56v.2:5:line,5,o,line,cthar,f56v.2,1.8244807651555646,1.5598580315206774,0.6962168421981675,0.021440458005098,0.28234269979673454,0.6381978505098662,0.02261769180650269,0.33918445768363104,f56v,False,1.0,ochey,H,ctha,r
0.10211972626527732,0.21200497136833274,1,1,B,crossed_layout,2,f77,2,f77r.13:1:uncertain,1,sh,uncertain,qol,f77r.13,0.37030574101552777,0.5691730150564525,0.7736185314331947,0.0008366682697906447,0.22554480029701457,0.6740030312764204,0.0008350853734716444,0.3251618833501079,f77r,False,0.1111111111111111,sheedy,B,qo,l
1.2926833683881302,1.5729215816991462,0,0,B,crossed_layout,2,f77,2,f77r.25:7:line,7,q,line,daror,f77r.25,2.3549006007870927,3.152590702823069,0.8033872482045298,0.0011318731801564293,0.19548087861531369,0.8861049245601216,0.0014408873353177025,0.11245418810456087,f77r,True,1.0,qoteedy,B,daro,r
0.09526249223177508,0.004319337271793336,1,1,B,crossed_layout,2,f77,2,f77r.33:2:uncertain,2,k,uncertain,qol,f77r.33,0.3559705365554749,0.06895975547360828,0.7813438370066252,0.0008229760654286913,0.21783318692794618,0.9533251382842437,0.00040793895862451375,0.046266922757131776,f77r,False,0.25,keedy,B,qo,l
0.09322792660348242,0.26971441144857866,1,1,B,crossed_layout,2,f77,2,f77r.38:8:line,8,o,line,qol,f77r.38,0.35120057926085335,0.6606059723436769,0.7839314557644897,0.0003321298656079689,0.21573641436990218,0.6326125261856952,0.00031696960129382935,0.36707050421301085,f77r,True,1.0,olaiin,B,qo,l
0.10790509428894837,0.004739899029173173,1,1,B,crossed_layout,2,f77,2,f77v.15:0:uncertain,0,k,uncertain,qol,f77v.15,0.38213640493171797,0.07231000217648852,0.7673004973109114,0.0008475728773727524,0.23185192981171576,0.9511138817471357,0.0004105791001883367,0.0484755391526761,f77v,False,0.0,kaiin,B,qo,l
0.09932773051660623,0.2089149843435234,1,1,B,crossed_layout,2,f77,2,f77v.17:1:uncertain,1,sh,uncertain,qol,f77v.17,0.36451183554317246,0.5640860585472163,0.7767316530876813,0.0008311987281155926,0.2224371481842031,0.6763837671917351,0.0008364028361833028,0.3227798299720816,f77v,False,0.16666666666666666,shedy,B,qo,l
0.7128316357598843,1.5991570360188552,0,0,B,crossed_layout,2,f77,2,f77v.19:3:uncertain,3,a,uncertain,chal,f77v.19,1.3647402994587439,3.3854787430245947,0.38830433014311,0.03055322276051654,0.5811424470963734,0.0956906156348715,0.02059134686544935,0.883718037499679,f77v,False,0.5,aiiin,B,cha,l
0.06471265804172369,0.008985116439664233,1,1,B,crossed_layout,2,f77,2,f77v.19:6:line,6,d,line,qol,f77v.19,0.28674719921706826,0.10105758620920557,0.8197482380202652,0.0007485586521366982,0.1795032033275981,0.9323492703030194,0.0012663062252490339,0.06638442347173165,f77v,False,1.0,daiin,B,qo,l
0.07018370346631067,0.010069277941321661,1,1,B,crossed_layout,2,f80,2,f80r.52:10:uncertain,10,k,uncertain,cheol,f80r.52,0.3001424160169606,0.10672027477696835,0.8121722186066865,0.0010032070493788915,0.18682457434393476,0.9286969005895936,0.0007010134931058987,0.0706020859173003,f80r,False,0.9090909090909091,kain,B,cheo,l
0.06471265804172369,0.03547507460325005,1,1,B,crossed_layout,2,f80,2,f80v.3:6:line,6,q,line,qol,f80v.3,0.28674719921706826,0.2069074658579543,0.8197482380202652,0.0007485586521366982,0.1795032033275981,0.8663924248372267,0.0008545707856739209,0.1327530043770995,f80v,False,1.0,qokedy,B,qo,l
0.006327383136045804,0.00885460025098763,1,1,B,crossed_layout,2,f80,2,f80v.5:6:uncertain,6,o,uncertain,qotain,f80v.5,0.08599764446366095,0.10129922675644944,0.0033947412420628617,0.9421328121552364,0.05447244660270072,0.002614933369448088,0.9321931219036039,0.06519194472694813,f80v,False,0.8571428571428571,ol,B,qotai,n
0.7321266510470601,1.1508599335329182,0,0,B,crossed_layout,2,f80,2,f80v.14:8:line,8,q,line,qopalor,f80v.14,1.3464090712316092,2.0615545182043493,0.6033186142919422,0.0034116891158303335,0.3932696965922275,0.7566858197925596,0.0037564153584314663,0.23955776484900906,f80v,True,1.0,qotaiin,B,qopalo,r
0.0835759743330965,0.016962125940327984,1,1,B,crossed_layout,2,f80,2,f80v.17:4:uncertain,4,d,uncertain,cheol,f80v.17,0.3308692918654979,0.14067712520611486,0.7950572798556204,0.0010472590832476965,0.20389546106113188,0.9070933134779048,0.0016501774155648007,0.09125650910653045,f80v,False,0.5714285714285714,dy,B,cheo,l
1.1687895041694418,1.082027596143024,0,0,B,crossed_layout,2,f80,2,f80v.17:7:line,7,y,line,chedyr,f80v.17,2.1982501056068195,2.0089210532821324,0.7455015521374245,0.036596666704830756,0.21790178115774475,0.7184121339377026,0.03312899701322403,0.2484588690490733,f80v,False,1.0,ychedy,B,chedy,r
0.053250766658952335,0.035164896013892166,1,1,B,crossed_layout,2,f80,2,f80v.29:4:paragraph,4,p,paragraph,keeol,f80v.29,0.25939786059428854,0.20768515499386206,0.8354365338473598,0.002817700109525615,0.1617457660431146,0.8659255192285453,0.00300230295822066,0.1310721778132341,f80v,False,1.0,pol,B,keeo,l
0.14115827521742713,0.09358794111446853,1,1,A,crossed_layout,2,f88,1,f88r.8:2:uncertain,2,ch,uncertain,keol,f88r.8,0.4461844917403006,0.3519153208507247,0.7339814505190558,0.0007038095935083498,0.26531473988743576,0.7835431757553583,0.00027563084422006925,0.2161811934004217,f88r,False,0.18181818181818182,chear,P,keo,l
0.14303079515041334,0.0394665785587774,1,1,A,crossed_layout,2,f88,1,f88r.19:7:line,7,d,line,cheol,f88r.19,0.44945173305540087,0.21899817961859178,0.7323210988555326,0.0005112765549820077,0.2671676245894853,0.8591618390302428,0.0007287038868054899,0.1401094570829518,f88r,False,1.0,dsheol,P,cheo,l
0.097915725762486,0.02295039836906923,1,1,A,crossed_layout,2,f99,1,f99r.31:3:uncertain,3,d,uncertain,sheol,f99r.31,0.36123757069516105,0.16409637325963142,0.7784964843551948,0.0004793347104265668,0.2210241809343786,0.8924873505651517,0.000784899938028367,0.10672774949681986,f99r,False,0.5,daiin,P,sheo,l
0.09284790591814046,0.3321804413832603,1,1,A,crossed_layout,2,f99,1,f99r.49:5:uncertain,5,s,uncertain,okeol,f99r.49,0.3505057465381567,0.7559818836439961,0.7843091048194207,0.00045815196729476145,0.21523274321328456,0.5921432416011011,0.0006308898817336001,0.40722586851716536,f99r,False,0.5555555555555556,s,P,okeo,l
0.8590679928303347,0.4895481200565689,0,1,A,crossed_layout,2,f99,1,f99v.21:9:line,9,d,line,qoetal,f99v.21,1.5449249161945626,0.9896740538415159,0.3427135370080011,0.003812697846885423,0.6534737651451133,0.5035915379384649,0.003340924013238869,0.4930675380482963,f99v,True,1.0,doiin,P,qoeta,l
0.16343392682020585,0.3337015946044275,1,1,A,crossed_layout,2,f99,1,f99v.22:3:uncertain,3,s,uncertain,keeol,f99v.22,0.48732404296588583,0.7600015457248711,0.7133470103709929,0.0015890224839050237,0.2850639671451021,0.5904956980485746,0.0020689811892930002,0.40743532076213235,f99v,False,0.2727272727272727,s,P,keeo,l
0.07393356500382599,0.16761373299458082,1,1,A,crossed_layout,2,f99,1,f99v.39:5:line,5,o,line,okeol,f99v.39,0.3084369493371547,0.4934238075105371,0.8075161679848087,0.00043344398411678653,0.19205038803107444,0.7103373215497764,0.0003373392387035162,0.28932533921152015,f99v,False,1.0,or,P,okeo,l
0.3132325388910089,0.21968187315171223,1,1,A,crossed_layout,3,f6,1,f6v.2:7:uncertain,7,ch,uncertain,chor,f6v.2,0.7315332389832333,0.5820708273019302,0.39372853748958786,0.004007950639164527,0.6022635118712477,0.33084644465392965,0.0011493117857958178,0.6680042435602745,f6v,False,0.875,chaiin,H,cho,r
0.19534927998516205,0.07229122403272126,1,1,A,crossed_layout,3,f6,1,f6v.3:6:drawing,6,r,drawing,okol,f6v.3,0.5418680850481057,0.3052834343419088,0.6868809198149325,0.0011826717670845896,0.3119364084179829,0.8092832077614589,0.0011992707779553296,0.18951752146058568,f6v,False,0.8571428571428571,rychos,H,oko,l
0.2889406355707729,0.04166447735680487,1,1,A,crossed_layout,3,f11,1,f11r.2:1:uncertain,1,y,uncertain,qodor,f11r.2,0.6927534344874009,0.22642773959934712,0.37884482190266056,0.00248321292025527,0.6186719651770841,0.14339842965416483,0.0018528514793246132,0.8547487188665106,f11r,False,0.125,y,H,qodo,r
0.21253341883494903,0.14319159595188524,1,1,A,crossed_layout,3,f15,1,f15r.9:4:uncertain,4,s,uncertain,cthl,f15r.9,0.5850398906386942,0.4684448765487878,0.6666309058903956,0.015305900156103815,0.31806319395350063,0.7227432442402433,0.02055079103494164,0.25670596472481505,f15r,False,0.6666666666666666,s,H,cth,l
1.495858028654332,1.6380204223570982,0,0,A,crossed_layout,3,f15,1,f15r.12:5:line,5,y,line,shan,f15r.12,7.10412330392846,7.128193982745864,0.4025991917697716,0.0072685167003405105,0.5901322915298879,0.21412414826590867,0.0071482510425992605,0.7787276006914922,f15r,False,1.0,ykshol,H,sha,n
0.3583852696309806,0.06667658115258543,1,1,A,crossed_layout,3,f15,1,f15r.13:6:uncertain,6,sh,uncertain,shor,f15r.13,0.7953079169052405,0.2914745732361367,0.4228416378739617,0.0009381855237186689,0.5762201766023196,0.18224005844696495,0.000693430569882245,0.8170665109831527,f15r,False,0.8571428571428571,shoty,H,sho,r
9.592120296430124e-05,8.384759909505485e-06,1,1,A,crossed_layout,3,f15,1,f15v.3:4:line,4,d,line,okaiin,f15v.3,0.010202315982611699,0.0030445515107489244,0.0002495489967900537,0.9929532391208179,0.0067972118823920015,0.00012705082081346757,0.9978919028688041,0.0019810463103824404,f15v,False,1.0,doiin,H,okaii,n
0.26894430843390726,0.35752644224791885,1,1,A,crossed_layout,3,f15,1,f15v.9:0:uncertain,0,o,uncertain,otchol,f15v.9,0.6647499625732669,0.7951780473640693,0.63079802027406,0.005047159935038528,0.3641548197909015,0.5762720495318953,0.001854001380347196,0.4218739490877576,f15v,False,0.0,octhol,H,otcho,l
1.4842517938388196,1.6372923872064,0,0,A,crossed_layout,3,f15,1,f15v.9:5:line,5,s,line,kan,f15v.9,7.413177508804906,7.519333758736414,0.467058495476852,0.0058669340542339445,0.5270745704689141,0.7744027834404325,0.00545073403226251,0.22014648252730498,f15v,False,1.0,sor,H,ka,n
0.890459715262855,0.20371934555533633,0,1,A,crossed_layout,3,f16,1,f16r.10:6:line,6,s,line,okal,f16r.10,1.599837016214385,0.5613477549923026,0.32991424657829116,0.005697055532912273,0.6643886978887966,0.6776687947705838,0.006450967304462915,0.3158802379249533,f16r,True,1.0,sokchy,H,oka,l
0.0005724366352914319,3.4736966192455254e-05,1,1,A,crossed_layout,3,f16,1,f16v.11:2:line,2,d,line,saiin,f16v.11,0.024967559372085137,0.006184682404781702,0.0004892394110448245,0.982842698625247,0.016668061963708035,0.00022984964878156608,0.9957222804472514,0.004047869903967111,f16v,False,1.0,daiin,H,saii,n
0.10740680451311625,0.18319589237892034,1,1,A,crossed_layout,3,f29,1,f29r.3:4:drawing,4,d,drawing,cthor,f29r.3,0.38278588755887305,0.5249571389539974,0.23041261246984254,0.002632241225893751,0.7669551463042638,0.3002258438880001,0.004794399334769102,0.6949797567772308,f29r,False,0.6666666666666666,dchor,H,ctho,r
9.592120296430124e-05,4.6948445786162225e-06,1,1,A,crossed_layout,3,f29,1,f29v.4:8:paragraph,8,t,paragraph,okaiin,f29v.4,0.010202315982611699,0.002368482374529264,0.0002495489967900537,0.9929532391208179,0.0067972118823920015,0.0002463014919783138,0.9983596399834767,0.0013940585245451529,f29v,False,1.0,tochon,H,okaii,n
0.00021902035579885002,0.0003645270643697898,1,1,A,crossed_layout,3,f29,1,f29v.9:7:paragraph,7,q,paragraph,oaiin,f29v.9,0.015350691649245667,0.019934193186691478,0.00024255687548498857,0.989416118993057,0.010341324131458069,0.0004551246568973314,0.986277691347707,0.013267183995395544,f29v,False,1.0,qokoiin,H,oaii,n
0.03198615454412044,0.24265836230678442,1,1,A,crossed_layout,3,f29,1,f29v.10:5:line,5,d,line,chykar,f29v.10,0.20109744267010787,0.6282271078437942,0.12246950058655673,0.007641902802090311,0.869888596611353,0.3434188601818419,0.009610166221627685,0.6469709735965304,f29v,True,1.0,daiin,H,chyka,r
0.3113751521717825,0.24285245051128349,1,1,A,crossed_layout,3,f30,1,f30r.12:6:drawing,6,y,drawing,chor,f30r.12,0.7287106461816258,0.621367295034012,0.3925578767749243,0.003999146091004248,0.6034429771340714,0.346960700115858,0.002984744753982699,0.6500545551301593,f30r,False,0.8571428571428571,ychdain,H,cho,r
0.9301364312083062,0.9157727597474021,0,0,A,crossed_layout,3,f32,1,f32v.1:1:uncertain,1,k,uncertain,chol,f32v.1,1.6557107236853743,1.6354011738024066,0.3173813535975013,0.0013210097375825917,0.681297636664916,0.3218808887114697,0.0029015079157577485,0.6752176033727726,f32v,True,0.16666666666666666,kechy,H,cho,l
0.7904856198535828,0.8481898242703421,0,0,A,crossed_layout,3,f32,1,f32v.6:2:uncertain,2,sh,uncertain,chol,f32v.6,1.4366891301404758,1.5357788452483279,0.3694141081426435,0.003822426184613091,0.6267634656727434,0.3448930960305411,0.007833073507170456,0.6472738304622886,f32v,False,0.5,shal,H,cho,l
1.495858028654332,1.621651104521793,0,0,A,crossed_layout,3,f32,1,f32v.8:8:line,8,q,line,shan,f32v.8,7.10412330392846,9.631270796032974,0.4025991917697716,0.0072685167003405105,0.5901322915298879,0.24893831995391727,0.0012609521138286718,0.749800727932254,f32v,False,1.0,qotchy,H,sha,n
0.5425722043344998,0.6928853092464345,0,0,A,crossed_layout,3,f35,1,f35r.4:6:line,6,o,line,dainl,f35r.4,1.1930559617218748,1.4225761298666744,0.43737541645840955,0.0972571759406753,0.4653674076009152,0.3730455930056942,0.08623551875152569,0.5407188882427801,f35r,False,1.0,otchor,H,dain,l
1.7590576817467247,1.6752415412784236,0,0,A,crossed_layout,3,f35,1,f35v.5:2:line,2,sh,line,chckhor,f35v.5,4.015894610205915,3.5690286318293007,0.9374787784806473,0.000706023770803003,0.06181519774854958,0.914690391274993,0.00105079771444369,0.08425881101056334,f35v,False,1.0,shol,H,chckho,r
0.7502554898715981,0.5631492163719494,0,0,A,crossed_layout,3,f36,1,f36r.2:6:uncertain,6,d,uncertain,chol,f36r.2,1.3749738933031699,1.1071758727880479,0.38555968329333706,0.003946242825040685,0.6104940738816222,0.46420183384186176,0.010479480014040754,0.5253186861440975,f36r,False,0.75,dy,H,cho,l
0.3353102983383266,0.2068412700124514,1,1,A,crossed_layout,3,f36,1,f36r.3:4:paragraph,4,p,paragraph,dolsain,f36r.3,0.791843434246924,0.5827229099025779,0.027234283180505983,0.5776055724288643,0.39516014439062963,0.022606640237622783,0.6677023810702896,0.30969097869208756,f36r,False,1.0,podaiir,H,dolsai,n
0.23719904482626586,0.030555953603341547,1,1,A,crossed_layout,3,f36,1,f36r.7:2:uncertain,2,d,uncertain,okol,f36r.7,0.6103413774178195,0.19140825293360517,0.655041684485329,0.0011539032526552307,0.3438044122620157,0.875750460686401,0.0013011246908851601,0.1229484146227138,f36r,False,0.3333333333333333,dy,H,oko,l
0.12640421033499186,0.007027197660628889,1,1,A,crossed_layout,3,f36,1,f36v.1:0:uncertain,0,a,uncertain,pchar,f36v.1,0.4200235554154519,0.09762406662053756,0.250195933763499,0.002391645297651423,0.7474124209388496,0.05011767848251267,0.015311478542445375,0.934570842975042,f36v,True,0.0,asy,H,pcha,r
0.3674015252774845,0.20444927604535695,1,1,A,crossed_layout,3,f36,1,f36v.3:1:uncertain,1,s,uncertain,ytor,f36v.3,0.8083948557668649,0.5570418322272935,0.4282223447145633,0.0007608366483436785,0.571016818637093,0.31914300076908536,0.0011625869079671361,0.6796944123229475,f36v,False,0.14285714285714285,s,H,yto,r
0.00013777267553440628,0.00026864521302794096,1,1,A,crossed_layout,3,f38,1,f38r.3:1:drawing,1,o,drawing,okaiin,f38r.3,0.01219527522633477,0.01696547199858853,0.00024066275329260572,0.9915825065273967,0.008176830719310753,0.0002045735565195582,0.9883093044112542,0.011486122032226253,f38r,False,0.2,otaiin,H,okaii,n
0.7743474615568533,1.3406742431435776,0,0,A,crossed_layout,3,f38,1,f38v.2:6:uncertain,6,l,uncertain,chol,f38v.2,1.4118088006271232,2.4710994429352815,0.37584017605369224,0.003872000966781106,0.6202878229795267,0.1803536539061458,0.0018133421935099458,0.8178330039003442,f38v,False,0.6,ldy,H,cho,l
0.1885271590779097,0.0389443924866575,1,1,B,crossed_layout,3,f41,5,f41v.8:2:uncertain,2,ch,uncertain,lkol,f41v.8,0.5292774138866386,0.2168305709482911,0.6929016928809486,0.00014918008360087734,0.3069491270354505,0.8604536757291048,7.025792731957011e-06,0.13953929847816315,f41v,False,0.5,chedy,H,lko,l
0.3041159703421103,1.1253186718966302,1,0,A,crossed_layout,3,f49,1,f49r.1:7:uncertain,7,k,uncertain,shor,f49r.1,0.7133963330051523,2.002810862625655,0.38977472340445196,0.0003425896815008631,0.6098826869140471,0.7497252421079512,0.0007613690717158187,0.249513388820333,f49r,True,0.875,kchy,H,sho,r
0.0019616927258142344,0.007508128075767666,1,1,A,crossed_layout,3,f49,1,f49r.9:3:line,3,sh,line,choroiin,f49r.9,0.046323407889629006,0.09147813446285395,0.000568652413865247,0.968401079132889,0.03103026845324569,0.00033929396168144027,0.9385606402926456,0.061100065745672914,f49r,False,1.0,sho,H,choroii,n
0.35190187906508397,0.0652077180764687,1,1,A,crossed_layout,3,f49,1,f49r.10:4:uncertain,4,sh,uncertain,shor,f49r.10,0.7857017720011107,0.2879027353071444,0.4189982985607355,0.0009319769461212655,0.5800697244931432,0.1802207300651834,0.0006873517851432076,0.8190919181496734,f49r,False,0.8,shy,H,sho,r
0.8391762098333331,0.9415437200234684,0,0,A,crossed_layout,3,f49,1,f49r.13:1:uncertain,1,y,uncertain,chol,f49r.13,1.5128643026019133,1.6780938232834388,0.35041482013155856,0.0036735691831446876,0.6459116106852968,0.3124952523740975,0.002761499293386872,0.6847432483325157,f49r,False,0.2,y,H,cho,l
0.9106848281459057,0.4601209285445767,0,1,A,crossed_layout,3,f49,1,f49v.36:2:uncertain,2,s,uncertain,chol,f49v.36,1.6235386568140155,0.9449949325015066,0.32453845563790434,0.0013438065611944552,0.6741177378009011,0.5194313761599164,0.001850227511741344,0.47871839632834223,f49v,True,0.2857142857142857,s,H,cho,l
0.4242018460912735,0.6325849824615151,1,0,A,crossed_layout,3,f49,1,f49v.36:6:drawing,6,ch,drawing,dcheol,f49v.36,0.8912932069539039,1.1928832744727427,0.5391306341885703,0.0006511025783452282,0.4602182632330844,0.43742777241436576,0.00034687161977967274,0.5622253559658545,f49v,True,0.8571428571428571,chotchody,H,dcheo,l
0.28266691737077076,0.42145325610392764,1,1,A,crossed_layout,3,f49,1,f49v.48:4:uncertain,4,d,uncertain,chor,f49v.48,0.6846830311846622,0.9000251420103212,0.3739996580161383,0.003857841883734565,0.6221425001001271,0.45380277913430606,0.010319828475097522,0.5358773923905964,f49v,False,0.5714285714285714,dal,H,cho,r
0.30637913843619924,1.0150094740483873,1,0,B,crossed_layout,3,f75,2,f75r.17:4:drawing,4,sh,drawing,shal,f75r.17,0.7278776357977114,1.8059694940881557,0.603791504994427,0.009812743227729737,0.38639575177784335,0.2859887904948121,0.003246178659242245,0.7107650308459457,f75r,False,0.5,shy,B,sha,l
0.3258416631083808,0.05192991168312702,1,1,B,crossed_layout,3,f75,2,f75r.23:3:drawing,3,s,drawing,qokal,f75r.23,0.7922066732823917,0.2753259934676221,0.5774601622939174,0.040929390153385196,0.3816104475526975,0.8262635933366197,0.029190637577439556,0.14454576908594088,f75r,False,0.5,sshey,B,qoka,l
0.706036893387773,0.49195505210038326,0,1,B,crossed_layout,3,f75,2,f75r.30:12:uncertain,12,o,uncertain,okar,f75r.30,1.3402561324424902,1.0330073066843601,0.5826225778636466,0.022426890951540296,0.39495053118481316,0.4790365365056697,0.03227305532038163,0.4886904081739488,f75r,False,0.9230769230769231,olom,B,oka,r
1.9192786230031823e-05,1.837797575862891e-05,1,1,B,crossed_layout,3,f75,2,f75r.45:9:line,9,q,line,okaiin,f75r.45,0.004667745006050277,0.004667027046937983,0.0002844187589992485,0.9967697940867972,0.002945787154203603,0.0004462153410807689,0.9967702901307388,0.0027834945281803524,f75r,False,1.0,qokey,B,okaii,n
0.2677203304413307,0.2982122493449255,1,1,B,crossed_layout,3,f79,2,f79r.5:11:uncertain,11,ch,uncertain,chol,f79r.5,0.6635141890331984,0.7069917185663193,0.6313385762718253,0.005650183513341284,0.3630112402148334,0.6125961823989557,0.002534871229801355,0.38486894637124297,f79r,False,0.9166666666666666,chy,B,cho,l
0.7186439702628513,0.4846264972145176,0,1,B,crossed_layout,3,f79,2,f79r.7:9:line,9,q,line,qokar,f79r.7,1.3488525624234484,0.984613759427493,0.5911430759301041,0.01625274422981984,0.3926041798400762,0.4898322706981907,0.004806728130101628,0.5053610011717077,f79r,True,1.0,qokol,B,qoka,r
1.4714985257046198e-05,3.282448469765189e-07,1,1,B,crossed_layout,3,f79,2,f79v.22:5:paragraph,5,t,paragraph,oroiiin,f79v.22,0.004027684951899999,0.0006566665858319159,0.00015771229485858393,0.9972121149209126,0.0026301727842288625,0.00013366639716669323,0.9995449369800613,0.00032139662277203457,f79v,False,1.0,tolkey,B,oroiii,n
0.6044694501526366,0.41801211798543525,0,1,B,crossed_layout,3,f79,2,f79v.30:2:uncertain,2,o,uncertain,okar,f79v.30,1.1848371115435885,0.9205164994330806,0.5387693763157255,0.02135642423354204,0.4398741994507325,0.441131166698957,0.030548990735400846,0.5283198425656421,f79v,False,0.25,okey,B,oka,r
0.0060992421770824,0.00529324875583486,1,1,B,crossed_layout,3,f79,2,f79v.31:7:line,7,o,line,roltain,f79v.31,0.08634753918936483,0.08177226777669423,0.0062817930402115025,0.9419043457632855,0.05181386119650291,0.00833469265738623,0.9448961829293364,0.04676912441327736,f79v,False,1.0,olkeey,B,roltai,n
1.409474402969402,1.409430392870349,0,0,B,crossed_layout,3,f79,2,f79v.35:10:line,10,y,line,qokan,f79v.35,4.56797730278731,4.980708800517624,0.607932619209716,0.04216011747732499,0.349907263312959,0.4458380689416639,0.031670670022759945,0.5224912610355761,f79v,False,1.0,ysheey,B,qoka,n
0.3906415049085487,0.02000251251657762,1,1,B,crossed_layout,3,f79,2,f79v.37:2:uncertain,2,k,uncertain,shal,f79v.37,0.8461986588865233,0.15378881452916987,0.5562484596907508,0.0036232093239418825,0.44012833098530746,0.8988866983651961,0.0022520813371688323,0.0988612202976352,f79v,True,0.25,kain,B,sha,l
0.2779293995046198,0.04334777428186658,1,1,B,crossed_layout,3,f83,2,f83r.12:8:line,8,s,line,qokal,f83r.12,0.7180166648352327,0.25084115934406376,0.607932619209716,0.04216011747732499,0.349907263312959,0.8404062758310856,0.029089174843215073,0.13050454932569944,f83r,False,1.0,salcheol,B,qoka,l
0.00011431577806283243,0.0001482683005870035,1,1,B,crossed_layout,3,f83,2,f83r.20:8:line,8,s,line,saiin,f83r.20,0.01133354967395818,0.013074075487319686,0.0005607406200491576,0.9921749582922811,0.007264301087669669,0.0008918220055608379,0.9909786799442181,0.008129498050221033,f83r,False,1.0,solkeedy,B,saii,n
1.9192786230031823e-05,1.3864345821747225e-05,1,1,B,crossed_layout,3,f83,2,f83v.5:9:line,9,ch,line,okaiin,f83v.5,0.004667745006050277,0.003945168775858198,0.0002844187589992485,0.9967697940867972,0.002945787154203603,0.00020825944406656314,0.9972691529513703,0.0025225876045629836,f83v,False,1.0,chedy,B,okaii,n
0.2779293995046198,0.43887145441964415,1,1,B,crossed_layout,3,f83,2,f83v.6:9:line,9,q,line,qokal,f83v.6,0.7180166648352327,0.9281973107736117,0.607932619209716,0.04216011747732499,0.349907263312959,0.5255145774140516,0.012335141333896186,0.46215028125205215,f83v,False,1.0,qokeey,B,qoka,l
0.2779293995046198,0.01906126389793358,1,1,B,crossed_layout,3,f83,2,f83v.7:9:line,9,r,line,qokal,f83v.7,0.7180166648352327,0.16359473116421488,0.607932619209716,0.04216011747732499,0.349907263312959,0.892797732910618,0.02341194016130634,0.08379032692807568,f83v,False,1.0,rolkeedy,B,qoka,l
0.3732711979831903,0.8377423467330223,1,0,B,crossed_layout,3,f83,2,f83v.11:3:drawing,3,o,drawing,shedal,f83v.11,0.8257691191624509,1.5100259946875354,0.5641813499287396,0.007713756150024797,0.42810489392123574,0.35110489261885935,0.0033984482890372283,0.6454966590921033,f83v,True,0.3333333333333333,okchdy,B,sheda,l
0.3562907914769819,0.036826045592616055,1,1,B,crossed_layout,3,f83,2,f83v.12:10:line,10,q,line,olal,f83v.12,0.8072301980784902,0.21313712816323624,0.5714779747494625,0.013208653412863028,0.41531337183767447,0.8626593448751925,0.0033543177813053016,0.13398633734350213,f83v,False,1.0,qol,B,ola,l
0.11093906951905472,1.233105387242745,1,0,B,crossed_layout,3,f85,2,f85r1.9:10:line,10,d,line,ofar,f85r1.9,0.3925589102617959,2.238348699989181,0.23272023638483055,0.0055025235082668085,0.7617772401069027,0.7823144959163727,0.005756742385699389,0.21192876169792782,f85r1,False,1.0,dair,T,ofa,r
0.24007288613085315,0.13794478564007745,1,1,B,crossed_layout,3,f85,2,f85r1.16:2:uncertain,2,y,uncertain,okar,f85r1.16,0.6295078203033646,0.44708912317467703,0.338851166028934,0.014751936042692725,0.6463968979283733,0.2585957830526052,0.007882859895302387,0.7335213570520924,f85r1,False,0.5,y,T,oka,r
0.8139587669305146,0.5798936513132358,0,0,B,crossed_layout,3,f85,2,f85r1.23:7:uncertain,7,d,uncertain,chol,f85r1.23,1.4685975848068908,1.1208029840595224,0.3613333732117493,0.001436964979354745,0.6372296618088961,0.45983781472018115,0.0034063172075188934,0.5367558680722999,f85r1,True,0.7,dy,T,cho,l
0.7947661132995631,1.8838480763797052,0,0,B,crossed_layout,3,f85,2,f85r1.31:9:uncertain,9,a,uncertain,chol,f85r1.31,1.4387441797372735,5.0955035480675,0.3688882701431842,0.0014594705243417554,0.6296522593324742,0.029248297331830354,0.0004481381489239036,0.9703035645192458,f85r1,True,0.8181818181818182,air,T,cho,l
0.424835783676599,0.037710007777741625,1,1,B,crossed_layout,3,f103,3,f103r.12:6:uncertain,6,a,uncertain,shar,f103r.12,0.900664500939095,0.21800915339562507,0.45733598132900966,0.007024058362765786,0.5356399603082246,0.13417660366170614,0.006072364932291391,0.8597510314060024,f103r,False,0.75,aiin,S,sha,r
0.6445148207429291,0.5586944674336409,0,0,B,crossed_layout,3,f103,3,f103r.19:11:line,11,y,line,lr,f103r.19,1.2254573233701636,1.1037304967680834,0.5628986108175427,0.009439463412276512,0.42766192577018075,0.5221550090572,0.012533247460748789,0.465311743482051,f103r,False,1.0,ychain,S,l,r
0.48837079406981876,0.021120473491531587,1,1,B,crossed_layout,3,f103,3,f103r.23:4:paragraph,4,t,paragraph,shol,f103r.23,0.9845577500812848,0.15696980719738982,0.5053806210414078,0.000937715618891641,0.49368166333970054,0.8969069299840606,0.000663326266949297,0.10242974374899014,f103r,False,1.0,tchoky,S,sho,l
0.6125102780708477,1.7379844691980895,0,0,B,crossed_layout,3,f103,3,f103r.40:4:uncertain,4,a,uncertain,shodyol,f103r.40,1.163667269821576,3.884118619085307,0.4463764220998119,0.00044095197526123557,0.5531826259249268,0.06772730412710516,0.00015035029654152462,0.9321223455763533,f103r,True,0.4444444444444444,aiin,S,shodyo,l
0.700803100720157,0.20257047816116736,0,1,B,crossed_layout,3,f103,3,f103r.46:0:uncertain,0,k,uncertain,chol,f103r.46,1.299548165685181,0.5538948762148376,0.4062534118203127,0.0036152300424690397,0.5901313581372183,0.6811786504493772,0.0011389167651617309,0.31768243278546104,f103r,False,0.0,keey,S,cho,l
0.9513849600564305,0.5008705544123884,0,0,B,crossed_layout,3,f103,3,f103v.9:0:uncertain,0,sh,uncertain,pchal,f103v.9,1.6940610733261683,1.0024133464271048,0.30905573175764134,0.0024859920316062044,0.6884582762107525,0.4991642970427844,0.000802194540370149,0.5000335084168455,f103v,True,0.0,shal,S,pcha,l
0.597542520598531,0.7335590407645487,0,0,B,crossed_layout,3,f103,3,f103v.11:3:uncertain,3,sh,uncertain,qokal,f103v.11,1.1867793205978252,1.3586787237552431,0.4392824230717759,0.029424315957699794,0.5312932609705242,0.3899392478805902,0.008974757256583145,0.6010859948628267,f103v,False,0.75,shed,S,qoka,l
0.5993783848866836,0.20036397770516995,0,1,B,crossed_layout,3,f103,3,f103v.13:7:uncertain,7,a,uncertain,lr,f103v.13,1.1584015700391816,0.5563212327532603,0.5427696310888922,0.00922173840442847,0.4480086305066793,0.31294804613155297,0.007017961965348229,0.6800339919030988,f103v,False,0.7,ain,S,l,r
6.637447099457457e-05,1.2055209606479111e-05,1,1,B,crossed_layout,3,f103,3,f103v.26:5:paragraph,5,f,paragraph,oteaiin,f103v.26,0.008520960638979542,0.003820841115845078,0.00026523374414321615,0.9941111279396125,0.0056236383162442324,0.0004387213008714161,0.997355098684401,0.0022061800147275728,f103v,False,1.0,fcheody,S,oteaii,n
0.5702150051119944,0.15205829402134102,0,1,B,crossed_layout,3,f103,3,f103v.38:6:uncertain,6,k,uncertain,chol,f103v.38,1.1075937212152946,0.46656846740295543,0.46406740631963483,0.003978240615521747,0.5319543530648434,0.7236838757032745,0.0011682939140236137,0.2751478303827018,f103v,False,0.8571428571428571,keechy,S,cho,l
0.4200787981691185,0.5999352305131763,1,0,B,crossed_layout,3,f103,3,f103v.43:4:uncertain,4,o,uncertain,shtal,f103v.43,0.8855732199893473,1.1462490246040773,0.5412724185253186,0.0008552491456719447,0.4578723323290094,0.4517983714104678,0.0010186909958825794,0.5471829375936497,f103v,True,0.5,opchy,S,shta,l
0.36808860459537185,0.07785784020633407,1,1,B,crossed_layout,3,f105,3,f105r.11:0:uncertain,0,o,uncertain,pdar,f105r.11,0.8101819477016097,0.31735016357311596,0.4283143166164738,0.0013757554977714805,0.5703099278857547,0.19715047987360612,0.00030694408727748956,0.8025425760391163,f105r,True,0.0,o,S,pda,r
0.0019258283637463409,0.00717514383485029,1,1,B,crossed_layout,3,f105,3,f105r.11:4:uncertain,4,a,uncertain,oiiin,f105r.11,0.04574588775937906,0.0892671088088165,0.00036385494217181186,0.968788813932245,0.03084733112558323,0.00020755441795339795,0.9400001493946992,0.0597922961873473,f105r,True,0.36363636363636365,al,S,oiii,n
0.5090225286447138,1.1354304925531713,0,0,B,crossed_layout,3,f105,3,f105r.15:11:line,11,y,line,aral,f105r.15,1.0498796622633477,2.1268483199685324,0.48300845136861087,0.02600691801254738,0.4909846306188417,0.228957492148262,0.03647206743367483,0.7345704404180632,f105r,False,1.0,yteody,S,ara,l
0.00031769638006256347,0.0003322565735192198,1,1,B,crossed_layout,3,f105,3,f105v.24:7:paragraph,7,k,paragraph,fchedypaiin,f105v.24,0.018502383808373057,0.01921983033069261,0.0002837677957970875,0.9872570130984024,0.012459219105800503,0.0007196484353474365,0.9867661761568511,0.012514175407801606,f105v,False,1.0,kchdaldy,S,fchedypaii,n
0.07389640718122131,0.005288811745454593,1,1,B,crossed_layout,3,f114,3,f114r.1:8:line,8,d,line,okarol,f114r.1,0.3093764958596538,0.07713031184513781,0.8069904491110899,0.0015906640602327787,0.1914188868286774,0.9479413381871374,0.0012941804031937575,0.050764481409668584,f114r,True,1.0,deedar,S,okaro,l
0.501677994305785,0.008203192861416075,0,1,B,crossed_layout,3,f114,3,f114r.9:4:uncertain,4,d,uncertain,kal,f114r.9,1.010175955374729,0.0965917971497124,0.4964856911553658,0.005395625882601246,0.4981186829620329,0.9352397814155065,0.001457916656948401,0.06330230192754513,f114r,False,0.36363636363636365,dody,S,ka,l
1.4423714896079396,1.9139522134002172,0,0,B,crossed_layout,3,f114,3,f114r.21:3:paragraph,3,t,paragraph,dkair,f114r.21,2.788998336328552,5.854411439847408,0.01230778564809704,0.8430057703802868,0.14468644397161615,0.008990678688296467,0.9737252300943866,0.01728409121731689,f114r,False,1.0,tchedair,S,dkai,r
1.9760693199769854,1.9877999459687319,0,0,B,crossed_layout,3,f114,3,f114r.25:0:uncertain,0,ch,uncertain,oaiil,f114r.25,11.8251083541876,12.481430084137022,0.00027560537516293853,0.9881735847308311,0.011550809894005956,0.0001748699379321862,0.9940403369247444,0.005784793137323514,f114r,False,0.0,chey,S,oaii,l
0.5147883669635465,0.17649106082543137,0,1,B,crossed_layout,3,f114,3,f114r.35:12:line,12,y,line,kar,f114r.35,1.024436639658275,0.5110768407212202,0.506276181152368,0.0021215904941019204,0.49160222835353,0.29580574715086383,0.0024957646401620737,0.7016984882089742,f114r,True,1.0,ychedar,S,ka,r
0.4444391508202631,0.282910476523217,1,1,B,crossed_layout,3,f114,3,f114r.36:9:line,9,o,line,qokar,f114r.36,0.9595116157353553,0.7243210444745052,0.4555836185121099,0.03018541903685235,0.5142309624510378,0.35421384029603986,0.040504326731954525,0.6052818329720057,f114r,False,1.0,odar,S,qoka,r
0.00036330818119308203,1.2121122542736051e-05,1,1,B,crossed_layout,3,f114,3,f114r.44:11:line,11,d,line,opaiin,f114r.44,0.019962270068993877,0.003896494246807114,0.0005436339199197814,0.9862584971781733,0.013197868901906952,0.0005711713056777054,0.9973027999965557,0.0021260286977664447,f114r,False,1.0,dain,S,opaii,n
1.9575270596369434,1.9133122370216822,0,0,B,crossed_layout,3,f114,3,f114v.17:2:uncertain,2,a,uncertain,oaiir,f114v.17,6.568683023263859,5.519089995021216,0.00028074058358893496,0.9891843846330053,0.01053487478340567,0.0002108109879596865,0.9779825686575719,0.02180662035446843,f114v,False,0.4,alchedy,S,oaii,r
0.5090225286447138,1.1354304925531713,0,0,B,crossed_layout,3,f114,3,f114v.21:9:line,9,y,line,aral,f114v.21,1.0498796622633477,2.1268483199685324,0.48300845136861087,0.02600691801254738,0.4909846306188417,0.228957492148262,0.03647206743367483,0.7345704404180632,f114v,False,1.0,ychedar,S,ara,l
0.35058087907481716,0.24075721655048102,1,1,A,crossed_layout,3,f6,1,f6v.15:6:line,6,o,line,ar,f6v.15,0.7939910918371565,0.6187265237969911,0.41394515412633964,0.009308482137351306,0.5767463637363092,0.3451295379707941,0.0036249293238119996,0.6512455327053938,f6v,False,1.0,ochy,H,a,r
1.5611642261678373,1.5002675922970048,0,0,A,crossed_layout,3,f11,1,f11v.1:6:uncertain,6,y,uncertain,dan,f11v.1,9.462684579210315,9.726517425741985,0.31844201613787526,0.0014172553404237088,0.6801407285217009,0.5430370904092681,0.0011803926633354312,0.4557825169273966,f11v,True,0.8571428571428571,y,H,da,n
0.26039561111886494,1.01942920326244,1,0,A,crossed_layout,3,f15,1,f15v.2:7:line,7,cth,line,dar,f15v.2,0.6507528964897502,1.8238604473746887,0.35856462546809664,0.004487550360054152,0.6369478241718493,0.7102950386691652,0.007240836111197282,0.28246412521963754,f15v,False,1.0,cthor,H,da,r
5.9811728130646516e-05,5.170391510798349e-05,1,1,A,crossed_layout,3,f15,1,f15v.10:4:line,4,s,line,qokaiin,f15v.10,0.00810052609587931,0.007577198673698607,0.0002710776586945962,0.9944008770226286,0.005328045318676879,0.0003231417769252534,0.9947616543383181,0.004915203884756705,f15v,False,1.0,sol,H,qokaii,n
0.8171620085263702,0.33694137432592786,0,1,A,crossed_layout,3,f16,1,f16v.4:4:line,4,y,line,dal,f16v.4,1.4796949301030053,0.7665099858015095,0.35856462546809664,0.004487550360054152,0.6369478241718493,0.5878377905640215,0.0034424558930342733,0.40871975354294415,f16v,False,1.0,ytchy,H,da,l
1.5253161587424553,1.4955265828688085,0,0,A,crossed_layout,3,f16,1,f16v.5:5:line,5,s,line,dan,f16v.5,7.799856155466183,7.492391165239609,0.35856462546809664,0.004487550360054152,0.6369478241718493,0.5751359428235314,0.005553483936630114,0.4193105732398384,f16v,False,1.0,sor,H,da,n
2.3706779752633216e-06,6.576299471125943e-06,1,1,A,crossed_layout,3,f29,1,f29r.6:5:line,5,q,line,qokaiiin,f29r.6,0.0015932644996336008,0.002644760666364872,3.0698204648793906e-05,0.9988962427927788,0.0010730590025724905,3.697242085805448e-05,0.9981684709010449,0.0017945566780969843,f29r,False,1.0,qokchy,H,qokaiii,n
0.22655292147650122,0.14921195001073564,1,1,A,crossed_layout,3,f29,1,f29v.6:5:drawing,5,ch,drawing,dar,f29v.6,0.5965211502011686,0.46572995959659863,0.334438562331951,0.004214661672815542,0.6613467759952334,0.27030053884601635,0.005594851380637301,0.7241046097733465,f29v,False,0.7142857142857143,chs,H,da,r
0.21397076259139175,0.14318007902710633,1,1,A,crossed_layout,3,f29,1,f29v.11:3:drawing,3,ch,drawing,dar,f29v.11,0.5758743776536502,0.45449862472819247,0.3250132415997763,0.00410723181837387,0.6708795265818498,0.2648074221657988,0.005428837279167426,0.7297637405550338,f29v,False,0.6,chyt,H,da,r
0.385453306138938,0.5265838534608963,1,0,A,crossed_layout,3,f30,1,f30r.8:0:uncertain,0,o,uncertain,opchol,f30r.8,0.8345144129737712,1.0386213622128377,0.560771753648513,0.0004439523615630891,0.438784293989924,0.48679242982310833,0.00017559013848272097,0.5130319800384089,f30r,True,0.0,ol,H,opcho,l
0.22655292147650122,0.14921195001073564,1,1,A,crossed_layout,3,f30,1,f30r.12:5:drawing,5,ch,drawing,dar,f30r.12,0.5965211502011686,0.46572995959659863,0.334438562331951,0.004214661672815542,0.6613467759952334,0.27030053884601635,0.005594851380637301,0.7241046097733465,f30r,False,0.7142857142857143,chor,H,da,r
0.0037136213411007937,0.008193650797055037,1,1,A,crossed_layout,3,f30,1,f30v.1:6:line,6,q,line,sheaiin,f30v.1,0.06451022401048041,0.0965608310050873,0.0013085487969898089,0.9562699035480049,0.042421547655005415,0.0014935327314348802,0.9352598557072453,0.06324661156131985,f30v,True,1.0,qotchor,H,sheaii,n
0.8909253171952557,0.12338919104503665,0,1,A,crossed_layout,3,f32,1,f32r.2:4:drawing,4,d,drawing,dal,f32r.2,1.5972996748684836,0.4195720265859368,0.3304949941348601,0.00416976905379174,0.6653352368113481,0.7476463796500267,0.008139387106222216,0.24421423324375105,f32r,False,0.6666666666666666,dshodar,H,da,l
1.0872369359778253,0.8893088756090362,0,0,A,crossed_layout,3,f32,1,f32v.2:9:line,9,sh,line,teor,f32v.2,1.9297882213926194,1.5872468587785866,0.7370772215030225,0.0004550818029158197,0.26246769669406184,0.6664536217490293,0.0007404260630618313,0.3328059521879088,f32v,False,1.0,shor,H,teo,r
0.35058087907481716,0.24075721655048102,1,1,A,crossed_layout,3,f32,1,f32v.10:9:line,9,o,line,ar,f32v.10,0.7939910918371565,0.6187265237969911,0.41394515412633964,0.009308482137351306,0.5767463637363092,0.3451295379707941,0.0036249293238119996,0.6512455327053938,f32v,False,1.0,ol,H,a,r
0.8909253171952557,0.12338919104503665,0,1,A,crossed_layout,3,f35,1,f35r.11:6:drawing,6,d,drawing,dal,f35r.11,1.5972996748684836,0.4195720265859368,0.3304949941348601,0.00416976905379174,0.6653352368113481,0.7476463796500267,0.008139387106222216,0.24421423324375105,f35r,False,0.6666666666666666,dair,H,da,l
0.29921589514376024,0.251568294370657,1,1,A,crossed_layout,3,f35,1,f35v.1:3:line,3,q,line,ar,f35v.1,0.7091457249751554,0.6325100610809726,0.3852476877318845,0.0030700801450179375,0.6116822321230977,0.35437367018343036,0.0005731817733619425,0.6450531480432077,f35v,True,1.0,qotchy,H,a,r
0.007673586547727217,9.474517595159767e-05,1,1,A,crossed_layout,3,f35,1,f35v.12:4:uncertain,4,d,uncertain,aiin,f35v.12,0.09294081927726117,0.010331473384176799,0.0009071416957760938,0.9376095573040645,0.061483301000159286,0.0005372397751017033,0.9928643488729807,0.006598411351917555,f35v,False,0.6666666666666666,dal,H,aii,n
0.8539946110978991,0.3735005560874127,0,1,A,crossed_layout,3,f35,1,f35v.12:5:uncertain,5,s,uncertain,dal,f35v.12,1.537857159461313,0.823196786866814,0.3443966084495421,0.0043276623666688155,0.6512757291837891,0.5651881853573469,0.0053816341140386185,0.4294301805286145,f35v,False,0.8333333333333334,s,H,da,l
0.006167513084340435,7.662996946702195e-05,1,1,A,crossed_layout,3,f35,1,f35v.16:3:line,3,d,line,aiin,f35v.16,0.08312018488093997,0.009313342063993311,0.0009207392503083818,0.9440137740411076,0.05506548670858385,0.0005227894456936987,0.9935652752900138,0.005911935264292603,f35v,False,1.0,daiin,H,aii,n
1.5253161587424553,1.6165460207137627,0,0,A,crossed_layout,3,f35,1,f35v.20:4:line,4,d,line,dan,f35v.20,7.799856155466183,6.872646199974995,0.35856462546809664,0.004487550360054152,0.6369478241718493,0.7622264929192083,0.00853350297483641,0.22924000410595527,f35v,False,1.0,doiin,H,da,n
0.2189932496280823,1.0945079841051932,1,0,A,crossed_layout,3,f36,1,f36r.4:8:line,8,d,line,dar,f36r.4,0.5812865052283049,1.9507240031529947,0.33016812737320395,0.0014643694017793304,0.6683675032250168,0.7382089544933614,0.0031046664910307897,0.25868637901560787,f36r,True,1.0,daiin,H,da,r
1.4907447302321573,1.5320469068329674,0,0,A,crossed_layout,3,f36,1,f36r.6:6:drawing,6,d,drawing,an,f36r.6,6.787416172137265,6.091340187727123,0.401186059970392,0.009052825292228714,0.5897611147373792,0.6872477387835483,0.014666412301608246,0.2980858489148436,f36r,False,0.8571428571428571,dan,H,a,n
1.5253161587424553,1.499738283507259,0,0,A,crossed_layout,3,f36,1,f36r.6:7:line,7,q,line,dan,f36r.6,7.799856155466183,10.62259137357719,0.35856462546809664,0.004487550360054152,0.6369478241718493,0.471042664552162,0.0006342805073020918,0.5283230549405359,f36r,False,1.0,qotol,H,da,n
0.053784986098524105,0.000759898289834815,1,1,A,crossed_layout,3,f38,1,f38v.1:8:uncertain,8,d,uncertain,aiin,f38v.1,0.2603645999551339,0.029364216974247515,0.002291599710987272,0.8348769014799183,0.1628314988090944,0.001385312758981179,0.9798520146246466,0.01876267261637218,f38v,True,0.8888888888888888,d,H,aii,n
0.35072523228378205,1.6187668209995933,1,0,B,crossed_layout,3,f41,5,f41v.2:8:line,8,d,line,dar,f41v.2,0.7831946429789972,3.320009829868748,0.41860486848420025,0.00031647998771145884,0.5810786515280884,0.899447676016477,0.00041927154828432124,0.10013305243523878,f41v,True,1.0,dshedy,H,da,r
0.9939278140238219,0.1047629018433852,0,1,B,crossed_layout,3,f41,5,f41v.7:4:drawing,4,y,drawing,chdal,f41v.7,1.7665018186146169,0.3782611532487042,0.2939205591799765,0.0022509314637668802,0.7038285093562566,0.7693643289610262,0.003573299389104607,0.22706237164986917,f41v,False,0.5,ykeo,H,chda,l
0.6487529345723846,0.26288372683623934,0,1,A,crossed_layout,3,f49,1,f49r.4:3:line,3,ch,line,dodar,f49r.4,1.2178625950699682,0.651905352742743,0.5689987970070167,0.0010820155269187278,0.42991918746606456,0.3615289162287781,0.0020318642390805123,0.6364392195321414,f49r,True,1.0,chor,H,doda,r
1.4755966619966543,1.505168797062347,0,0,A,crossed_layout,3,f49,1,f49r.5:4:line,4,o,line,qotan,f49r.5,6.820142740630459,8.056399860302234,0.46372763592551014,0.008849779711001272,0.5274225843634887,0.40752072485927715,0.0037564878196550025,0.5887227873210679,f49r,False,1.0,ol,H,qota,n
0.44447564615836155,0.6037086632850392,1,0,A,crossed_layout,3,f49,1,f49v.30:5:drawing,5,o,drawing,tchol,f49v.30,0.9218592632930818,1.1509985123904487,0.5278283466234366,0.0015047737664555519,0.4706668796101079,0.4503134542565029,0.0005480711019104096,0.5491384746415867,f49v,False,0.8333333333333334,okchokol,H,tcho,l
0.33336984536765984,1.1802246270830907,1,0,A,crossed_layout,3,f49,1,f49v.32:3:drawing,3,d,drawing,otchodar,f49v.32,0.7666375231516788,2.160812241057794,0.40420940666646593,0.008004766599912979,0.587785826733621,0.7597355225873349,0.016634149585406547,0.22363032782725847,f49v,False,0.6,dcho,H,otchoda,r
0.8803693488030659,1.0568200918653958,0,0,A,crossed_layout,3,f49,1,f49v.48:5:drawing,5,ch,drawing,dal,f49v.48,1.5801868883850279,1.8873637069892248,0.334438562331951,0.004214661672815542,0.6613467759952334,0.27030053884601635,0.005594851380637301,0.7241046097733465,f49v,False,0.7142857142857143,chaiin,H,da,l
0.35218618649876554,0.01623190418172179,1,1,B,crossed_layout,3,f75,2,f75r.14:1:uncertain,1,k,uncertain,al,f75r.14,0.8020725072622943,0.13806975455757098,0.5735246870677733,0.01403374374374185,0.41244156918848496,0.9087341779298601,0.002402546911492695,0.08886327515864714,f75r,False,0.1,keishy,B,a,l
0.7221989510394287,0.06576965425626322,0,1,B,crossed_layout,3,f75,2,f75r.14:9:uncertain,9,a,uncertain,otar,f75r.14,1.3331705898974793,0.29482459492143276,0.5987018973685286,0.004403070359446833,0.39689503227202455,0.1776412062001258,0.007187357626925319,0.815171436172949,f75r,False,0.9,aly,B,ota,r
0.410472304389898,0.3605773757787525,1,1,B,crossed_layout,3,f75,2,f75r.17:3:drawing,3,sh,drawing,dal,f75r.17,0.8800739208308305,0.8005377424280692,0.5433395909074259,0.00735032928498381,0.4493100798075903,0.5741351375526104,0.0025327470773642948,0.4233321153700254,f75r,False,0.375,shal,B,da,l
0.8674586741012853,1.4149265195808898,0,0,B,crossed_layout,3,f75,2,f75r.19:7:line,7,r,line,ar,f75r.19,1.583082625321127,2.70661422139585,0.6506541887739542,0.015577851343975019,0.3337679598820708,0.8352874174534421,0.01152345855592902,0.1531891239906288,f75r,False,1.0,ry,B,a,r
0.6986086564958363,0.08067365462120898,0,1,B,crossed_layout,3,f75,2,f75r.26:6:uncertain,6,a,uncertain,dar,f75r.26,1.3036692959601441,0.3319308974231728,0.5870558642853125,0.007849551097360663,0.4050945846173269,0.19579950795279594,0.009728039017264937,0.7944724530299392,f75r,False,0.8571428571428571,ajy,B,da,r
1.5395143535026838,1.5298305195198636,0,0,B,crossed_layout,3,f75,2,f75r.29:11:line,11,q,line,qotan,f75r.29,6.146194014137333,7.672035435732319,0.6948971051031889,0.014119237467778432,0.2909836574290328,0.6467199253464776,0.0049032857790909,0.34837678887443146,f75r,False,1.0,qo,B,qota,n
0.41392974059872784,0.7411960614178719,1,0,B,crossed_layout,3,f75,2,f75r.30:10:uncertain,10,sh,uncertain,kalol,f75r.30,0.8831702152457341,1.3700073291480204,0.5421747325861084,0.005838904443697892,0.45198636297019384,0.38688928291407076,0.008781170348757366,0.6043295467371719,f75r,False,0.7692307692307693,shedy,B,kalo,l
0.36346303493345705,0.0029330309451820824,1,1,B,crossed_layout,3,f75,2,f75r.40:4:uncertain,4,k,uncertain,dal,f75r.40,0.811158777307686,0.056885579168019555,0.5699239093246876,0.007655706073173843,0.4224203846021386,0.9613371694749131,0.0007463507097274038,0.03791647981535971,f75r,False,0.6666666666666666,keedy,B,da,l
0.7078870015520395,0.7678995164757902,0,0,B,crossed_layout,3,f75,2,f75r.43:5:uncertain,5,o,uncertain,otar,f75r.43,1.3115156449228969,1.3984922164931486,0.592736372603988,0.004366240094817958,0.402897387301194,0.6185937231742121,0.002080903314299266,0.3793253735114887,f75r,False,0.8333333333333334,oldy,B,ota,r
0.614674039424649,0.49234812691847485,0,1,B,crossed_layout,3,f75,2,f75v.10:5:uncertain,5,o,uncertain,dar,f75v.10,1.178076731079286,0.9922522022284724,0.5506251840253354,0.007434556072195636,0.4419402599024688,0.49500300195281155,0.002304592829402046,0.5026924052177864,f75v,False,0.45454545454545453,ody,B,da,r
0.0008175488252041973,1.7358156167379242e-05,1,1,B,crossed_layout,3,f75,2,f75v.39:11:line,11,d,line,aiin,f75v.39,0.030106233812445045,0.004570628650057603,0.0008971688540968904,0.979348179974723,0.01975465117118002,0.0004975081476604142,0.9968368948292791,0.0026655970230605413,f75v,False,1.0,dlshedy,B,aii,n
0.8117887270317512,0.37061530174076585,0,1,B,crossed_layout,3,f79,2,f79r.4:2:uncertain,2,sh,uncertain,qotar,f79r.4,1.4881406487693474,0.8235781327090722,0.6304676363787676,0.01306068850407753,0.3564716751171549,0.42584139525484177,0.00911979515698122,0.565038809588177,f79r,False,0.2,sheds,B,qota,r
0.008335282984123364,0.0034557867146046226,1,1,B,crossed_layout,3,f79,2,f79r.13:7:uncertain,7,o,uncertain,aiin,f79r.13,0.09808468127599634,0.061702638613024594,0.002407811990286846,0.9342725066656032,0.06331968134410994,0.0006053720103316877,0.9581326835880911,0.04126194440157704,f79r,True,0.875,ol,B,aii,n
0.3363748004024517,0.2943125764898388,1,1,B,crossed_layout,3,f79,2,f79r.18:7:uncertain,7,o,uncertain,otal,f79r.18,0.766742712693025,0.7004871299329233,0.5877429717533262,0.004335285304474489,0.4079217429421993,0.6153643921170221,0.002060412215731061,0.38257519566724674,f79r,False,0.7777777777777778,ol,B,ota,l
0.4535004440103187,0.3867703666523607,1,1,B,crossed_layout,3,f79,2,f79r.22:1:uncertain,1,sh,uncertain,dal,f79r.22,0.9425407880975608,0.8389722770663147,0.5203157241475725,0.0070815986801711205,0.47260267717225635,0.5590416679653974,0.0024149658763191455,0.43854336615828327,f79r,False,0.125,sheedy,B,da,l
0.3549719058494023,0.13486950116063645,1,1,B,crossed_layout,3,f79,2,f79r.35:6:line,6,s,line,otal,f79r.35,0.7909588067385525,0.435351217403061,0.5779598555255306,0.0015026737623636056,0.4205374707121058,0.7395137015348708,0.0016161038094887478,0.25887019465564026,f79r,True,1.0,sol,B,ota,l
0.3995149485102784,0.3050292269135251,1,1,B,crossed_layout,3,f79,2,f79r.39:6:line,6,y,line,olkal,f79r.39,0.8691414664448416,0.7231541922276317,0.5474725492120255,0.011387821748087027,0.44113962903988746,0.6057715831557271,0.00750255273845711,0.3867258641058159,f79r,True,1.0,y,B,olka,l
0.6759447659604372,0.6698499052621643,0,0,B,crossed_layout,3,f79,2,f79r.44:3:uncertain,3,ch,uncertain,dar,f79r.44,1.2694628660502132,1.2702266260106647,0.5774447186561623,0.007741096518162745,0.41481418482567495,0.5718090695060106,0.013596289376219362,0.41459464111776995,f79r,False,0.75,cheory,B,da,r
0.7053630703640166,1.468106593902279,0,0,B,crossed_layout,3,f79,2,f79v.6:8:uncertain,8,y,uncertain,dar,f79v.6,1.3139125484393162,2.8190718154365193,0.5898900469166837,0.007881386541649377,0.402228566541667,0.8552315968735171,0.0030667804226838734,0.14170162270379885,f79v,False,0.8888888888888888,ytam,B,da,r
1.9312590955073508,1.9149403979048083,0,0,B,crossed_layout,3,f79,2,f79v.19:0:uncertain,0,sh,uncertain,ykail,f79v.19,9.217776203046743,10.499039573508337,0.0016794723938445483,0.9662219737235132,0.03209855388264219,0.0006909938191929616,0.9562794384332404,0.04302956774756665,f79v,False,0.0,shy,B,ykai,l
1.6581491501514716,1.972267700921472,0,0,B,crossed_layout,3,f79,2,f79v.21:8:line,8,t,line,aror,f79v.21,3.4930584297261915,7.22379401732505,0.9098839071868904,0.0013014372161911153,0.08881465559691851,0.9927751567247501,0.000534917207454084,0.006689926067795833,f79v,False,1.0,tshey,B,aro,r
1.6581491501514716,0.8557482754586568,0,0,B,crossed_layout,3,f79,2,f79v.32:9:paragraph,9,p,paragraph,aror,f79v.32,3.4930584297261915,1.538262543229248,0.9098839071868904,0.0013014372161911153,0.08881465559691851,0.6525301060833643,0.0031700440874087715,0.34429984982922707,f79v,False,1.0,por,B,aro,r
0.6017882496286195,0.4618868103571682,0,1,B,crossed_layout,3,f79,2,f79v.33:1:uncertain,1,o,uncertain,ar,f79v.33,1.1548635677861043,0.9486610618260115,0.5461543159351102,0.004737028501384188,0.4491086555635056,0.4792335294898057,0.0026533806262133783,0.518113089883981,f79v,True,0.09090909090909091,or,B,a,r
0.6530850665063956,1.126153714566588,0,0,B,crossed_layout,3,f79,2,f79v.33:11:line,11,y,line,oral,f79v.33,1.2293885110980802,2.010203590070557,0.42649817960378134,0.004148221331097113,0.5693535990651216,0.2482380905534868,0.002762500459341424,0.7489994089871718,f79v,True,1.0,ykeeey,B,ora,l
0.7291312032612729,1.2557857518041415,0,0,B,crossed_layout,3,f83,2,f83r.3:9:line,9,q,line,dar,f83r.3,1.3501504482539484,2.272855255519149,0.5997571687664586,0.007991689458802603,0.39225114177473885,0.7917120280912292,0.0013680088102861357,0.20691996309848446,f83r,False,1.0,qokshedy,B,da,r
0.7291312032612729,1.2557857518041415,0,0,B,crossed_layout,3,f83,2,f83v.2:9:line,9,q,line,dar,f83v.2,1.3501504482539484,2.272855255519149,0.5997571687664586,0.007991689458802603,0.39225114177473885,0.7917120280912292,0.0013680088102861357,0.20691996309848446,f83v,False,1.0,qotain,B,da,r
0.43647596739736105,0.5370618662564688,1,0,B,crossed_layout,3,f83,2,f83v.3:2:uncertain,2,o,uncertain,dal,f83v.3,0.9178735501880075,1.0567721722646088,0.5292885866656287,0.0071867830245267005,0.4635246303098446,0.48070637046262354,0.0021948233806667167,0.5170988061567098,f83v,False,0.2222222222222222,olkedy,B,da,l
0.23368621631751862,0.1434805028899589,1,1,B,crossed_layout,3,f83,2,f83v.16:9:line,9,q,line,al,f83v.16,0.6200371147771452,0.4537115549706717,0.6506541887739542,0.015577851343975019,0.3337679598820708,0.7301619755660095,0.004034208392600604,0.26580381604139003,f83v,False,1.0,qokain,B,a,l
0.36339130664641106,0.31537498436041167,1,1,B,crossed_layout,3,f83,2,f83v.30:3:uncertain,3,ch,uncertain,otal,f83v.30,0.8068194706179649,0.7364433807044783,0.5716406945938025,0.004234701758462848,0.4241246036477346,0.6002172217847869,0.005423422948395187,0.3943593552668178,f83v,False,0.6,chedy,B,ota,l
1.2448147308620747,1.159099426980877,0,0,B,crossed_layout,3,f85,2,f85r1.1:9:uncertain,9,sh,uncertain,sodair,f85r1.1,2.2628379481251284,2.0735390073415076,0.005448845550661803,0.7861894495787184,0.20836170487061983,0.002289919576104382,0.7601340828051941,0.2375759976187015,f85r1,True,0.9,shey,T,sodai,r
0.24730568001141268,0.007910507283623646,1,1,B,crossed_layout,3,f85,2,f85r1.2:5:uncertain,5,a,uncertain,ar,f85r1.2,0.6363854760154005,0.10119329934284753,0.3463827558663423,0.010294533881700286,0.6433227102519574,0.05653818931864521,0.011200241580834724,0.93226156910052,f85r1,False,0.45454545454545453,aiin,T,a,r
0.17961961633967977,0.13791348590464464,1,1,B,crossed_layout,3,f85,2,f85r1.26:10:uncertain,10,o,uncertain,dar,f85r1.26,0.515700697612398,0.43997785201115625,0.2988112886557374,0.0017355760548020305,0.6994531352894605,0.2623374817633892,0.0005165931493010386,0.7371459250873098,f85r1,True,0.8333333333333334,or,T,da,r
0.9661939403981058,1.0934360949756168,0,0,B,crossed_layout,3,f85,2,f85r1.28:9:uncertain,9,cph,uncertain,dal,f85r1.28,1.7175328108853474,1.9446181364896746,0.304068271531202,0.001763261439624625,0.6941684670291733,0.25978352820770056,0.001627939742707578,0.7385885320495919,f85r1,True,0.9,cphedy,T,da,l
0.1665388284118136,0.12495789017721662,1,1,B,crossed_layout,3,f103,3,f103r.4:5:uncertain,5,o,uncertain,chdar,f103r.4,0.5030931177911143,0.4174267687726745,0.2823427334537906,0.012064888302024459,0.705592378244185,0.24865464221876418,0.0025864163893698127,0.748758941391866,f103r,False,0.625,ol,S,chda,r
0.43828065493983603,0.03474440245913372,1,1,B,crossed_layout,3,f103,3,f103r.8:7:uncertain,7,a,uncertain,qotar,f103r.8,0.914948979947834,0.20638020846007704,0.4665963397706497,0.003041033918006021,0.5303626263113443,0.1302642837726044,0.0030265957008527673,0.8667091205265428,f103r,True,0.5833333333333334,adchey,S,qota,r
0.5289964319638274,0.6791914673916646,0,0,B,crossed_layout,3,f103,3,f103r.13:0:uncertain,0,sh,uncertain,podar,f103r.13,1.0497957383524334,1.267123841582442,0.5115821186798923,0.005381331749077784,0.48303654957102976,0.5809679534676803,0.0035447828773819195,0.41548726365493793,f103r,True,0.0,sheor,S,poda,r
0.7463014144310772,0.018166846425729213,0,1,B,crossed_layout,3,f103,3,f103r.13:10:uncertain,10,k,uncertain,dal,f103r.13,1.3646906734528559,0.14470766297520546,0.38831768731413885,0.001646698017345831,0.6100356146685153,0.9045626528598871,0.00026124221302037105,0.09517610492709258,f103r,True,0.9090909090909091,kasol,S,da,l
0.003925099718227138,0.0002687788115744605,1,1,B,crossed_layout,3,f103,3,f103r.17:9:paragraph,9,p,paragraph,aiin,f103r.17,0.0660963954029257,0.017518415536516896,0.0009765759103707184,0.9552191101373625,0.04380431395226675,0.0010210905062206744,0.9879305864449835,0.011048323048795761,f103r,False,1.0,polchedy,S,aii,n
0.23243919551257372,0.3962729031976373,1,1,B,crossed_layout,3,f103,3,f103r.25:0:uncertain,0,sh,uncertain,dar,f103r.25,0.6059542449896471,0.852383301746508,0.3388187706098713,0.004144578257117318,0.6570366511330114,0.44411255315899484,0.002018446880708779,0.5538689999602964,f103r,False,0.0,shey,S,da,r
0.6518405232160842,1.0287740807025187,0,0,B,crossed_layout,3,f103,3,f103r.41:12:line,12,t,line,dal,f103r.41,1.2291247640358183,1.8309913643366225,0.4265761572231762,0.005093235912221647,0.5683306068646022,0.2810714133728722,0.003454032437560783,0.715474554189567,f103r,False,1.0,tshey,S,da,l
0.565123716874864,0.2999200013209249,0,1,B,crossed_layout,3,f103,3,f103r.42:3:paragraph,3,t,paragraph,chalal,f103r.42,1.3060613973974367,0.8479022086799012,0.4044234625902483,0.1692258344455245,0.42635070296422706,0.5555920231774547,0.17935351276827116,0.26505446405427413,f103r,False,1.0,tar,S,chala,l
0.0003791347383632276,0.0005511978303442521,1,1,B,crossed_layout,3,f103,3,f103r.43:10:line,10,o,line,qokaiin,f103r.43,0.020557860989158336,0.024457487671038267,0.0007949041564296383,0.985851421978133,0.01335367386543723,0.0004253322021810409,0.9831902487765012,0.016384419021317785,f103r,True,1.0,odeeey,S,qokaii,n
0.0009689297176829903,7.905680703510309e-05,1,1,B,crossed_layout,3,f103,3,f103r.47:6:paragraph,6,p,paragraph,oloraiin,f103r.47,0.032281577623020696,0.009241113668151864,0.00023556845593990098,0.9778725987951624,0.021891832748897673,0.00020043094377036286,0.9936150192902451,0.006184549765984598,f103r,False,1.0,polarar,S,oloraii,n
0.0007347226669603356,0.0020697057974219677,1,1,B,crossed_layout,3,f103,3,f103r.49:11:uncertain,11,a,uncertain,leeesain,f103r.49,0.02811321122850666,0.04723499716924828,0.0002653232554251805,0.9807020432752177,0.019032633469357203,8.315574871315403e-05,0.9677893731413778,0.03212747110990889,f103r,False,0.9166666666666666,am,S,leeesai,n
0.7265686033778149,0.017547142077079456,0,1,B,crossed_layout,3,f103,3,f103v.1:11:line,11,d,line,dal,f103v.1,1.3348534352518011,0.14321019411336194,0.3964323401943511,0.0016774125831396376,0.6018902472225093,0.9055020458723044,0.0016839297380774783,0.09281402438961807,f103v,True,1.0,daiin,S,da,l
0.29901102264045426,0.03558366507652595,1,1,B,crossed_layout,3,f103,3,f103v.14:9:uncertain,9,a,uncertain,otar,f103v.14,0.7063010881828812,0.20717698323237105,0.3862067744237416,0.0009037179727950767,0.6128895076034633,0.13299930651008948,0.0007701088163304913,0.86623058467358,f103v,True,0.8181818181818182,aiin,S,ota,r
1.5006427526092838,1.5366951673514866,0,0,B,crossed_layout,3,f103,3,f103v.19:6:paragraph,6,p,paragraph,chealainor,f103v.19,3.3474955017940085,3.8783361229376436,0.8256417790622838,0.07611480747286299,0.09824341346485317,0.8078754933323916,0.1241251985689835,0.06799930809862498,f103v,False,1.0,pol,S,chealaino,r
0.4461904091230466,0.29098209682397114,1,1,B,crossed_layout,3,f103,3,f103v.24:9:uncertain,9,y,uncertain,ar,f103v.24,0.93589749367328,0.7145849300524956,0.4672153393618376,0.010067471768256191,0.5227171888699061,0.37152928251303596,0.019090289337053798,0.6093804281499102,f103v,False,0.8181818181818182,y,S,a,r
0.004194017692578716,0.00032124500173432314,1,1,B,crossed_layout,3,f103,3,f103v.28:9:uncertain,9,y,uncertain,aiin,f103v.28,0.06834977922691973,0.018724041242252427,0.0009726937029165458,0.953728292535027,0.04529901376205651,0.00045413859094970153,0.9871053413729941,0.012440520036056201,f103v,False,0.9,y,S,aii,n
0.3505198347312641,0.22348701684806463,1,1,B,crossed_layout,3,f103,3,f103v.40:9:line,9,d,line,rain,f103v.40,0.7992231874742197,0.6587498227585229,0.01374014044469228,0.5746585164516631,0.4116013431036445,0.078588559289293,0.6334269596854052,0.2879844810253017,f103v,False,1.0,daiin,S,rai,n
0.9891209887384107,0.18317736214059252,0,1,B,crossed_layout,3,f105,3,f105r.16:6:paragraph,6,l,paragraph,oral,f105r.16,1.7701767327049902,0.5216471420903779,0.29317282091681474,0.007209894368959636,0.6996172847142257,0.6965760897986597,0.0015815813953701896,0.30184232880597,f105r,False,1.0,lteedy,S,ora,l
0.6680031856982849,0.6372317246142449,0,0,B,crossed_layout,3,f105,3,f105r.18:3:uncertain,3,ch,uncertain,al,f105r.18,1.2599217943413994,1.2354334130328228,0.41756659456390505,0.00911727162463409,0.573316133811461,0.4247148879706554,0.022310420352290083,0.5529746916770545,f105r,False,0.2727272727272727,chedy,S,a,l
1.8210525752385198,1.636643536004244,0,0,B,crossed_layout,3,f105,3,f105r.19:9:uncertain,9,a,uncertain,aiir,f105r.19,4.464376549129681,3.3940696462733184,0.0009726937029165458,0.953728292535027,0.04529901376205651,0.000532465579226167,0.9043450402787846,0.09512249414198928,f105r,False,0.9,al,S,aii,r
0.5221680301445781,0.9127831203729067,0,0,B,crossed_layout,3,f105,3,f105r.19:10:line,10,s,line,al,f105r.19,1.0471462892775936,1.6607378166782547,0.48392444102046916,0.010381711241352221,0.5056938477381786,0.3162773579659284,0.01661668729663936,0.6671059547374323,f105r,False,1.0,s,S,a,l
0.32506895144709635,0.02094704005625269,1,1,B,crossed_layout,3,f105,3,f105r.24:5:uncertain,5,a,uncertain,ar,f105r.24,0.7482992015045938,0.15783733028018646,0.4015984060126084,0.0030966428063245585,0.595304951181067,0.1009973101910553,0.002634926834878324,0.8963677629740664,f105r,True,0.4166666666666667,aiiin,S,a,r
5.000523244777672e-06,5.681609972725875e-07,1,1,B,crossed_layout,3,f105,3,f105v.4:7:paragraph,7,p,paragraph,chedaiin,f105v.4,0.002339715818510403,0.0008290127448631554,8.162478349621291e-05,0.9983795469312534,0.0015388282852503855,9.598577657142333e-05,0.9994255372202121,0.0004784770032163807,f105v,False,1.0,pchedal,S,chedaii,n
0.8099234821433321,0.018437247855432708,0,1,B,crossed_layout,3,f105,3,f105v.10:4:uncertain,4,k,uncertain,dal,f105v.10,1.4681365653912204,0.14614980035903571,0.3614488572985754,0.004392942919585894,0.6341581997818386,0.9036588916364418,0.000658270957572815,0.09568283740598546,f105v,False,0.26666666666666666,kaiin,S,da,l
0.6380221368655905,0.03231696445428292,0,1,B,crossed_layout,3,f105,3,f105v.15:5:uncertain,5,d,uncertain,al,f105v.15,1.215702220847275,0.2023784974774259,0.4305634553537889,0.009368341055939674,0.5600682035902714,0.8691165135838075,0.00790378213196651,0.12297970428422601,f105v,False,0.4166666666666667,dar,S,a,l
0.009637346625405347,0.0036506991324957764,1,1,B,crossed_layout,3,f105,3,f105v.20:9:uncertain,9,l,uncertain,kairodl,f105v.20,0.11663263813557337,0.06869663926804971,0.9223379483120047,0.021651747383857743,0.05601030430413761,0.9534990199160379,0.008981863455266068,0.03751911662869602,f105v,True,0.9,lpaim,S,kairod,l
0.004168840254857212,0.007953089531165088,1,1,B,crossed_layout,3,f105,3,f105v.30:10:uncertain,10,s,uncertain,aiin,f105v.30,0.06814178297070594,0.09440169506091879,0.0009730481121794254,0.953865803380491,0.04516114850732961,0.0005628412872568528,0.9366606125889079,0.06277654612383538,f105v,False,0.9090909090909091,sy,S,aii,n
0.3683316239332321,0.5135249195954742,1,0,B,crossed_layout,3,f105,3,f105v.33:12:line,12,sh,line,dar,f105v.33,0.8151976825374313,1.023158078174317,0.4265761572231762,0.005093235912221647,0.5683306068646022,0.5054635303591025,0.0024983749007724317,0.49203809474012516,f105v,False,1.0,sheeo,S,da,r
1.0184630057615838,0.04745688657272615,0,1,B,crossed_layout,3,f105,3,f105v.36:6:uncertain,6,d,uncertain,chdal,f105v.36,1.8340567799426328,0.2557397593869019,0.2804748313075264,0.011992327431786956,0.7075328412606866,0.8375575567421374,0.01846946661223776,0.14397297664562497,f105v,False,0.6,dy,S,chda,l
0.8760389174433376,0.1908631634292858,0,1,B,crossed_layout,3,f114,3,f114r.4:9:line,9,l,line,ochedal,f114r.4,1.573646347197752,0.534129423180634,0.3359582009276388,0.004445220440150718,0.6595965786322106,0.690575270260152,0.0010118958279935928,0.3084128339118544,f114r,True,1.0,loiin,S,ocheda,l
0.005725737061246303,0.0016392984842709792,1,1,B,crossed_layout,3,f114,3,f114r.7:3:uncertain,3,ch,uncertain,aiin,f114r.7,0.08005183739349338,0.04220611126288337,0.0009538850624632853,0.9460236545927655,0.05302246034477113,0.00040784536769219255,0.9711687391801601,0.02842341545214784,f114r,False,0.42857142857142855,chdedy,S,aii,n
0.2579887935628267,0.3887779998259967,1,1,B,crossed_layout,3,f114,3,f114r.15:2:uncertain,2,o,uncertain,otar,f114r.15,0.6446517156696177,0.8396733896473925,0.357950942771029,0.00240186652750041,0.6396471907014706,0.4405606504710846,0.0006692953918066663,0.5587700541371087,f114r,False,0.15384615384615385,okod,S,ota,r
0.5221680301445781,0.5425826698724292,0,0,B,crossed_layout,3,f114,3,f114r.15:13:line,13,ch,line,al,f114r.15,1.0471462892775936,1.0997236389605507,0.48392444102046916,0.010381711241352221,0.5056938477381786,0.46660586970355905,0.026053425589240616,0.5073407047072003,f114r,False,1.0,cheoal,S,a,l
0.7204164966086357,0.7321643098644809,0,0,B,crossed_layout,3,f114,3,f114r.16:8:uncertain,8,ch,uncertain,otal,f114r.16,1.3273168503147463,1.349089847393427,0.3985087066213397,0.0026442942996307687,0.5988469990790295,0.3925396122026256,0.0048555330874398605,0.6026048547099345,f114r,False,0.6153846153846154,cheo,S,ota,l
0.40735872134188794,0.39683744164698,1,1,B,crossed_layout,3,f114,3,f114r.28:2:uncertain,2,q,uncertain,chotar,f114r.28,0.8706594239150176,0.8521995771624798,0.44949214588314984,0.003611035033992206,0.5468968190828579,0.44482127973434893,0.0012391816062890758,0.5539395386593621,f114r,True,0.2,qokeedair,S,chota,r
1.5019588059334472,1.1361546371713964,0,0,B,crossed_layout,3,f114,3,f114r.28:9:uncertain,9,a,uncertain,aiir,f114r.28,2.919568112826935,2.0250217019907915,0.002490382286613842,0.8653428029252547,0.13216681478813144,0.001180397144528259,0.7531181492537594,0.24570145360171225,f114r,True,0.9,aim,S,aii,r
0.5142205338807302,1.7359969379183102,0,0,B,crossed_layout,3,f114,3,f114r.32:9:line,9,d,line,qotar,f114r.32,1.0252741111567298,3.899320596356805,0.5054220460581454,0.0032610134498433107,0.4913169404920112,0.9303404830990285,0.0026421226409321943,0.06701739426003935,f114r,True,1.0,daiin,S,qota,r
0.6287752390883172,0.711420029490017,0,0,B,crossed_layout,3,f114,3,f114r.33:6:uncertain,6,o,uncertain,al,f114r.33,1.2021284519991042,1.3142680460914915,0.4346335802254557,0.009446630916512981,0.5559197888580314,0.40212946472802186,0.0029232205243770156,0.5949473147476011,f114r,False,0.46153846153846156,odaiin,S,a,l
0.2665588234775659,0.036143193667753315,1,1,B,crossed_layout,3,f114,3,f114r.36:2:uncertain,2,a,uncertain,otar,f114r.36,0.6580987816293046,0.20989228541360472,0.3638497220527432,0.0024374088674140875,0.6337128690798427,0.13344170352643592,0.0019565146237419577,0.8646017818498221,f114r,False,0.2222222222222222,ain,S,ota,r
0.3924306760775006,0.029534707567866688,1,1,B,crossed_layout,3,f114,3,f114r.38:4:uncertain,4,a,uncertain,ar,f114r.38,0.8563250928358572,0.19332493498947848,0.43812851023982785,0.009513728126552956,0.5523577616336192,0.11721466517471849,0.008197573556705614,0.8745877612685758,f114r,False,0.5,ain,S,a,r
1.0972125498518932,0.8864485872626142,0,0,B,crossed_layout,3,f114,3,f114r.43:5:uncertain,5,t,uncertain,oral,f114r.43,1.9649229926736587,1.594369653460725,0.2561528781707899,0.006376204973207362,0.7374709168560027,0.3311668904002057,0.006207783956384785,0.6626253256434096,f114r,False,0.5,tedy,S,ora,l
0.6518405232160842,0.1760393440899548,0,1,B,crossed_layout,3,f114,3,f114v.3:11:line,11,q,line,dal,f114v.3,1.2291247640358183,0.508620546542275,0.4265761572231762,0.005093235912221647,0.5683306068646022,0.7028941989829567,0.000851244131576522,0.29625455688546687,f114v,False,1.0,qokedy,S,da,l
0.5817686689624296,1.3198097485011089,0,0,B,crossed_layout,3,f114,3,f114v.19:3:paragraph,3,t,paragraph,qotar,f114v.19,1.133324391434249,2.4461195950767234,0.5344062992161002,0.009729631044275128,0.45586406973962484,0.808129569713405,0.008366813310405178,0.1835036169761898,f114v,False,1.0,tshedain,S,qota,r
0.3505198347312641,0.460495141259243,1,1,B,crossed_layout,3,f114,3,f114v.30:10:line,10,o,line,rain,f114v.30,0.7992231874742197,0.9557246461146426,0.01374014044469228,0.5746585164516631,0.4116013431036445,0.009287331521850942,0.5155825544901975,0.4751301139879515,f114v,False,1.0,olaiin,S,rai,n
0.5817686689624296,0.8414571284933114,0,0,B,crossed_layout,3,f114,3,f114v.31:8:line,8,y,line,qotar,f114v.31,1.133324391434249,1.5537338856596499,0.5344062992161002,0.009729631044275128,0.45586406973962484,0.6373376446849952,0.022035021555972242,0.3406273337590326,f114v,False,1.0,y,S,qota,r
0.631487879658584,0.071569584437194,0,1,B,crossed_layout,3,f114,3,f114v.36:8:uncertain,8,k,uncertain,al,f114v.36,1.1961798561853196,0.3032608954541239,0.4364293839171827,0.0033341267809992997,0.5602364893018179,0.8104185513944266,0.000828242550460332,0.188753206055113,f114v,True,0.8,kal,S,a,l
1.5653984958975052e-05,4.311246566435938e-05,1,1,A,crossed_layout,3,f6,1,f6r.5:4:drawing,4,o,drawing,cthaiin,f6r.5,0.004073877359902455,0.006736216612765746,4.4812734729634735e-05,0.9971801865575759,0.002775000707694584,3.1029137220510085e-05,0.995341694166788,0.004627276695991446,f6r,False,0.8,odam,H,cthaii,n
1.544159513850082e-05,1.1706319131022772e-05,1,1,A,crossed_layout,3,f6,1,f6r.6:5:drawing,5,y,drawing,cthaiin,f6r.6,0.004046465374573064,0.003538815042917655,4.5014931854219385e-05,0.9971991336999438,0.0027558513682019756,6.237282552769795e-05,0.9975500862796448,0.002387540894827532,f6r,False,0.8333333333333334,ydaiin,H,cthaii,n
0.0018496335047394538,0.0001342881429218014,1,1,A,crossed_layout,3,f6,1,f6r.6:6:line,6,d,line,ydaiin,f6r.6,0.045515665800922187,0.012189398221607889,0.0013355599731042676,0.968943423360102,0.029721016666793817,0.0004578053871421743,0.991586545875133,0.007955648737724828,f6r,False,1.0,daiin,H,ydaii,n
0.00011736926515423969,3.2219777996675774e-06,1,1,A,crossed_layout,3,f6,1,f6r.8:4:line,4,d,line,ckhaiin,f6r.8,0.011398105122867801,0.0019055104829114706,0.00043634694071205665,0.992130563000813,0.007433090058474887,0.00010830005508280633,0.9986800726526327,0.0012116272922844554,f6r,False,1.0,dar,H,ckhaii,n
7.625367852119302e-05,0.00013786106229326953,1,1,A,crossed_layout,3,f6,1,f6r.11:3:line,3,o,line,chokaiin,f6r.11,0.00911064059182995,0.012145627932441882,0.00024834046183916554,0.99370488295989,0.006046776578270724,0.0001642953809874543,0.9916166303261189,0.008219074292893728,f6r,False,1.0,or,H,chokaii,n
0.5961590822809348,0.9627172890958364,0,0,A,crossed_layout,3,f6,1,f6v.7:4:line,4,y,line,dol,f6v.7,1.139514707830431,1.7076554751462116,0.45391223848026235,0.00024238025219383932,0.5458453812675438,0.3061572016795704,8.530968555399596e-05,0.6937574886348756,f6v,False,1.0,ychor,H,do,l
0.7538757902002016,0.662299254695609,0,0,A,crossed_layout,3,f6,1,f6v.13:5:line,5,q,line,or,f6v.13,1.3746500276668008,1.236635865487331,0.6135508213771474,0.0008029326496262106,0.3856462459732264,0.5752729046589828,0.0003660497806763024,0.42436104556034093,f6v,False,1.0,qokor,H,o,r
0.41229279670637187,1.2933071474687177,1,0,A,crossed_layout,3,f6,1,f6v.19:3:line,3,d,line,dor,f6v.19,0.8734357504623094,2.3542539000426954,0.45391223848026235,0.00024238025219383932,0.5458453812675438,0.803863686178817,0.000567789539755806,0.1955685242814272,f6v,False,1.0,dchor,H,do,r
1.5653984958975052e-05,4.5519474084694214e-05,1,1,A,crossed_layout,3,f15,1,f15r.12:4:drawing,4,sh,drawing,cthaiin,f15r.12,0.004073877359902455,0.006925030311958321,4.4812734729634735e-05,0.9971801865575759,0.002775000707694584,3.58960022074579e-05,0.9952114366664558,0.004752667331336812,f15r,False,0.8,shan,H,cthaii,n
0.0982066600091491,0.10771542580111051,1,1,A,crossed_layout,3,f15,1,f15r.13:4:drawing,4,s,drawing,dain,f15r.13,0.3660661852321503,0.3864784185995914,0.005112534439402976,0.7758952584044206,0.2189922071561763,0.0059810115365628545,0.7649946595200026,0.2290243289434345,f15r,False,0.5714285714285714,sky,H,dai,n
0.482495738990631,0.4877396143790108,1,1,A,crossed_layout,3,f15,1,f15v.11:0:uncertain,0,o,uncertain,sol,f15v.11,0.9762327581502588,0.9828785981940158,0.5083053222578199,0.0010512453456300059,0.49064343239655,0.5059691756839418,0.00039836964331879036,0.4936324546727394,f15v,False,0.0,oiin,H,so,l
0.003153167038699164,0.00043502648055947506,1,1,A,crossed_layout,3,f16,1,f16r.9:1:paragraph,1,t,paragraph,ytaiin,f16r.9,0.05940260652988135,0.022610531381951657,0.0012964958039869846,0.9596614151969135,0.03904208899909951,0.0017621843727690426,0.9844497473074033,0.013788068319827585,f16r,False,1.0,toror,H,ytaii,n
0.004480999322657028,0.008469188059919624,1,1,A,crossed_layout,3,f16,1,f16v.6:6:paragraph,6,p,paragraph,dairin,f16v.6,0.07635782966934386,0.10361108829020484,0.010047356310894262,0.9484490434511205,0.04150360023798532,0.009494620743310419,0.9307005156706434,0.05980486358604608,f16v,False,1.0,pchocthy,H,dairi,n
0.4984770531469343,0.16649065141483627,1,1,A,crossed_layout,3,f29,1,f29v.1:3:uncertain,3,l,uncertain,ol,f29v.1,0.998283094289116,0.49131748519422036,0.5005953883825602,0.0003334986276837829,0.499071112989756,0.7113751653496572,0.00020445666818738947,0.28842037798215536,f29v,True,0.3,ls,H,o,l
0.002187745463874646,0.003342380870591995,1,1,A,crossed_layout,3,f29,1,f29v.3:6:drawing,6,s,drawing,taiin,f29v.3,0.04912805111255741,0.061223333710261285,0.0008274198380805763,0.9665203065896739,0.03265227357224555,0.001372040272245735,0.9584510557833062,0.040176903944448006,f29v,False,0.6,s,H,taii,n
0.5961590822809348,0.3977909579293928,0,1,A,crossed_layout,3,f29,1,f29v.8:7:line,7,sh,line,dol,f29v.8,1.139514707830431,0.852157793236509,0.45391223848026235,0.00024238025219383932,0.5458453812675438,0.5539555823159918,0.00013487843850872725,0.4459095392454996,f29v,False,1.0,sho,H,do,l
0.15748811303430404,0.20432116704154013,1,1,A,crossed_layout,3,f30,1,f30r.12:7:line,7,ch,line,ychdain,f30r.12,0.4834096577695523,0.5721465457521742,0.008390517081014244,0.7152851237239646,0.27632435919502124,0.016128759834193457,0.672615278027424,0.31125596213838247,f30r,False,1.0,chodaiin,H,ychdai,n
1.2315211856210606,0.4382066175872218,0,1,A,crossed_layout,3,f30,1,f30v.6:3:uncertain,3,y,uncertain,dair,f30v.6,2.233311594539831,0.919743903568261,0.005278352548850853,0.7820516526870883,0.21266999476406073,0.006696719371959012,0.46470043505218755,0.5286028455758535,f30v,False,0.75,y,H,dai,r
0.3866408379416416,0.3546685482576983,1,1,A,crossed_layout,3,f32,1,f32r.1:3:drawing,3,sh,drawing,dain,f32r.1,0.8455787194368314,0.79288938465344,0.007763382034382467,0.55648753617981,0.43574908178580757,0.00342545032824621,0.5771869615536547,0.41938758811809906,f32r,True,0.42857142857142855,sho,H,dai,n
0.6591960541079415,0.09107037196349234,0,1,A,crossed_layout,3,f32,1,f32r.3:4:drawing,4,d,drawing,dol,f32r.3,1.2318373211709202,0.3468166247585763,0.42577486169940304,0.00023777945675295856,0.573987358843844,0.7863172314516033,0.0005872464683443915,0.2130955220800523,f32r,False,0.6666666666666666,dcheodain,H,do,l
0.09731634154356127,0.08061839326864763,1,1,A,crossed_layout,3,f32,1,f32r.4:3:drawing,3,d,drawing,dain,f32r.4,0.364218627870851,0.32568019554377653,0.005138793733859374,0.7768895290198764,0.21797167724626412,0.002638812224733537,0.7979220968399223,0.1994390909353442,f32r,False,0.6,daiin,H,dai,n
0.536604780669095,0.3769290290312184,0,1,A,crossed_layout,3,f32,1,f32r.4:5:line,5,q,line,choddal,f32r.4,1.0649423376856875,0.8236279147568196,0.4779917630148078,0.008154477946567127,0.5138537590386251,0.5650193125337778,0.001716467501142795,0.43326421996507936,f32r,False,1.0,qotchy,H,chodda,l
0.341854744189922,0.10705478444640146,1,1,A,crossed_layout,3,f32,1,f32r.7:2:uncertain,2,d,uncertain,ol,f32r.7,0.7706192637534387,0.38164875395298825,0.5861658142521915,0.0008022653509984302,0.41303192039681014,0.7675598993835331,0.002175795993271258,0.2302643046231957,f32r,False,0.6666666666666666,dair,H,o,l
1.2583714859084794,1.4273140115934984,0,0,A,crossed_layout,3,f32,1,f32r.7:3:line,3,q,line,dair,f32r.7,2.293052004732208,2.7007446489356863,0.005517383370047949,0.7904392103638913,0.2040434062660608,0.0028153088040060547,0.8433710511321757,0.15381364006381817,f32r,False,1.0,qo,H,dai,r
0.29806663939235944,0.4292736337502072,1,1,A,crossed_layout,3,f32,1,f32r.15:3:line,3,o,line,ol,f32r.15,0.7047452453559824,0.8982263003967298,0.6135508213771474,0.0008029326496262106,0.3856462459732264,0.5365459742719841,0.000329970094496066,0.4631240556335198,f32r,False,1.0,otchol,H,o,l
0.5624914987509191,0.7938936926372132,0,0,A,crossed_layout,3,f32,1,f32v.4:0:uncertain,0,ch,uncertain,or,f32v.4,1.0914861823143842,1.4354043741719509,0.5299289689695982,0.000793328684585481,0.4692777023458163,0.6298173543434964,0.0004394185009950546,0.36974322715550856,f32v,False,0.0,chr,H,o,r
0.31716782618490313,0.14417702743024402,1,1,A,crossed_layout,3,f32,1,f32v.4:3:uncertain,3,ch,uncertain,dor,f32v.4,0.7329848476497192,0.4511658881772261,0.39810964489926337,0.00023252303695050081,0.6016578320637861,0.268437549655888,0.00011095072146299284,0.731451499622649,f32v,False,0.3333333333333333,chaiin,H,do,r
0.09275786977500516,0.07768074595068089,1,1,A,crossed_layout,3,f32,1,f32v.5:6:drawing,6,d,drawing,dain,f32v.5,0.3546641975663061,0.31909000262049764,0.005278352548850853,0.7820516526870883,0.21266999476406073,0.0027182554829066363,0.8015753215128933,0.19570642300420008,f32v,False,0.75,dchol,H,dai,n
0.36574946649665224,0.33967181569791777,1,1,A,crossed_layout,3,f32,1,f32v.7:6:drawing,6,sh,drawing,dain,f32v.7,0.8152069617567284,0.7708044370579477,0.008186536035976756,0.5683269514507933,0.42348651251323,0.0036196303646245996,0.5860905833182728,0.41028978631710245,f32v,True,0.6666666666666666,shckhy,H,dai,n
1.544159513850082e-05,7.116304548145463e-07,1,1,A,crossed_layout,3,f32,1,f32v.9:5:drawing,5,d,drawing,cthaiin,f32v.9,0.004046465374573064,0.0008682057945161543,4.5014931854219385e-05,0.9971991336999438,0.0027558513682019756,1.0356589339279814e-05,0.9993983866433159,0.0005912567673448882,f32v,False,0.8333333333333334,daiin,H,cthaii,n
0.09030788975939039,0.20876341201012044,1,1,A,crossed_layout,3,f35,1,f35r.5:5:uncertain,5,o,uncertain,dain,f35r.5,0.3494605706615052,0.5701979789567064,0.005357128763230988,0.7848775118214074,0.20976535941536162,0.006898620360002726,0.6735243553162826,0.31957702432371465,f35r,False,0.8333333333333334,or,H,dai,n
0.7538757902002016,0.7051137321431344,0,0,A,crossed_layout,3,f35,1,f35r.5:6:line,6,s,line,or,f35r.5,1.3746500276668008,1.3011686426557199,0.6135508213771474,0.0008029326496262106,0.3856462459732264,0.5933263670368298,0.0008762805963896575,0.4057973523667805,f35r,False,1.0,schaiin,H,o,r
1.2345315228700957,1.7022818016900647,0,0,A,crossed_layout,3,f35,1,f35r.11:7:uncertain,7,a,uncertain,dair,f35r.11,2.2399167157333593,3.6975575761079003,0.005304511981889179,0.7829969392924995,0.2116985487256112,0.0007006348702080886,0.922222461633364,0.07707690349642791,f35r,False,0.7777777777777778,aldy,H,dai,r
0.0018685851168537323,0.006124406469154448,1,1,A,crossed_layout,3,f35,1,f35r.13:6:line,6,cth,line,taiin,f35r.13,0.04542323173214498,0.08281448163538237,0.0008753947930922922,0.9690055059553424,0.030119099251565345,0.0009091901976336618,0.9442138292461775,0.054876980556188865,f35r,False,1.0,cthol,H,taii,n
0.08557987771281822,0.5455888899407255,1,0,A,crossed_layout,3,f35,1,f35v.14:3:line,3,y,line,dain,f35v.14,0.3392735801580294,1.0765035851231888,0.005517383370047949,0.7904392103638913,0.2040434062660608,0.007125123298834097,0.47417661325085836,0.5186982634503075,f35v,False,1.0,ykol,H,dai,n
0.6942464206931522,0.41095424130627745,0,1,A,crossed_layout,3,f36,1,f36r.1:7:line,7,o,line,dair,f36r.1,1.2987673114599159,0.8830362996649221,0.008808809955865533,0.5847178353058196,0.4064733547383149,0.009095067765085443,0.44867987091542416,0.5422250613194904,f36r,True,1.0,oral,H,dai,r
0.08557987771281822,0.07299734366295493,1,1,A,crossed_layout,3,f38,1,f38v.6:7:line,7,d,line,dain,f38v.6,0.3392735801580294,0.3083907539000215,0.005517383370047949,0.7904392103638913,0.2040434062660608,0.002855448292293823,0.8075420252578677,0.18960252644983858,f38v,False,1.0,daiin,H,dai,n
0.6357982322921434,0.5322994593860833,0,0,B,crossed_layout,3,f41,5,f41r.5:7:paragraph,7,sh,paragraph,dalain,f41r.5,1.2203070463518584,1.050476328568202,0.014236026297741235,0.42919136442380074,0.5565726092784581,0.0025983232570937196,0.48280873121121526,0.514592945531691,f41r,False,1.0,shedey,H,dalai,n
0.44118896550335535,0.5918855260836863,1,0,A,crossed_layout,3,f49,1,f49r.6:0:uncertain,0,o,uncertain,ol,f49r.6,0.9161290993301853,1.1334380049910757,0.5299289689695982,0.000793328684585481,0.4692777023458163,0.45582817143982396,0.00033137652046028986,0.5438404520397158,f49r,False,0.0,or,H,o,l
0.7610231463465429,0.5181652656040144,0,0,A,crossed_layout,3,f49,1,f49r.8:4:line,4,o,line,qolsor,f49r.8,1.3859832037674966,1.0267603666699476,0.6163397559490092,0.0010315969586014385,0.3826286470923893,0.5088140502050258,0.0003749003503640589,0.4908110494446102,f49r,False,1.0,oykeeey,H,qolso,r
0.4104773129681839,1.046653319135114,1,0,A,crossed_layout,3,f49,1,f49r.11:1:paragraph,1,p,paragraph,dchol,f49r.11,0.8752308060757346,1.859275851981602,0.5451666421893405,0.0036229816055567705,0.4512103762051027,0.2756145865596485,0.0019483602500401417,0.7224370531903114,f49r,False,1.0,podaiin,H,dcho,l
1.221862476696782,1.6182217164540065,0,0,A,crossed_layout,3,f49,1,f49r.17:0:uncertain,0,o,uncertain,olol,f49r.17,2.200498563283784,3.318667812697033,0.21756244309525502,0.0016358726324540627,0.7808016842722909,0.10022624108058699,0.0005359639192732045,0.8992377950001399,f49r,False,0.0,ol,H,olo,l
1.4331622582195729,1.6266022994193996,0,0,A,crossed_layout,3,f49,1,f49r.19:5:line,5,q,line,chokan,f49r.19,5.237613387169746,7.8235435399546205,0.4105167369993386,0.026504600635280342,0.5629786623653811,0.23339109750871445,0.004414471548264476,0.7621944309430211,f49r,False,1.0,qotcho,H,choka,n
0.09382575988817957,0.10616525884850239,1,1,A,crossed_layout,3,f49,1,f49v.42:5:drawing,5,ch,drawing,dain,f49v.42,0.35691704918265477,0.38630161126720347,0.005244864305592649,0.7808313868767194,0.21392374881768791,0.009312178498456737,0.7650884180411278,0.22559940346041554,f49v,False,0.7142857142857143,cho,H,dai,n
0.365478765816991,0.14979399014532668,1,1,A,crossed_layout,3,f49,1,f49v.46:6:drawing,6,ch,drawing,sol,f49v.46,0.8059482403863705,0.4617892670898819,0.5719860073930813,0.0010694479283338372,0.42694454467858484,0.7260851906878469,0.0004839530170179275,0.2734308562951351,f49v,False,0.75,chctho,H,so,l
1.7866613659589201,1.5937043435648293,0,0,B,crossed_layout,3,f75,2,f75r.2:7:line,7,q,line,ror,f75r.2,4.190109986930944,3.2205729979295343,0.9451071177855068,0.00010920134210890043,0.054783680872384215,0.8926095868887898,0.00011234985106905073,0.10727806326014133,f75r,False,1.0,qokain,B,ro,r
1.2747177015990419,1.647729677675319,0,0,B,crossed_layout,3,f75,2,f75r.3:8:line,8,d,line,or,f75r.3,2.312832303387947,3.4456893818235015,0.7979595130642824,0.000775559170078163,0.2012649277656395,0.9071181793754167,0.0011026475660782216,0.09177917305850489,f75r,False,1.0,dackhy,B,o,r
0.015586493892767617,0.03276683087426706,1,1,B,crossed_layout,3,f75,2,f75r.14:3:uncertain,3,d,uncertain,qokain,f75r.14,0.13779867010610267,0.20147972450892004,0.0059304174043992896,0.9089049464185485,0.08516463617705232,0.004824749107893539,0.8696581261733368,0.12551712471876955,f75r,False,0.3,dy,B,qokai,n
0.012145832068522603,0.018792679065336666,1,1,B,crossed_layout,3,f75,2,f75r.20:8:line,8,o,line,qokain,f75r.20,0.12188494439588494,0.1524439550571039,0.006588106551635221,0.9189861701334746,0.07442572331489014,0.007067367176246389,0.8997250182318058,0.09320761459194796,f75r,False,1.0,oqokain,B,qokai,n
1.1704941946751861,1.0323303667704475,0,0,B,crossed_layout,3,f75,2,f75r.21:3:drawing,3,y,drawing,or,f75r.21,2.0918196804280123,1.8297303353233143,0.7646128713073118,0.0008025111369197488,0.23458461755576832,0.7182097012316122,0.0004730994559725374,0.2813171993124152,f75r,False,0.42857142857142855,ysheor,B,o,r
1.1838975550536057,1.0424906775160871,0,0,B,crossed_layout,3,f75,2,f75r.22:4:uncertain,4,sh,uncertain,or,f75r.22,2.118924036462084,1.8481923620009906,0.7689820732311689,0.0007993808796121743,0.23021854588921903,0.7216862569588234,0.0005735958785182933,0.2777401471626584,f75r,False,0.5,shey,B,o,r
0.08132853100175627,0.09267614491224807,1,1,B,crossed_layout,3,f75,2,f75r.24:6:line,6,s,line,ol,f75r.24,0.32561254616301055,0.3504424285547007,0.7979595130642824,0.000775559170078163,0.2012649277656395,0.784343527867471,0.0007895188811364559,0.2148669532513926,f75r,False,1.0,sain,B,o,l
0.009104280078362245,0.0004403012721933913,1,1,B,crossed_layout,3,f75,2,f75r.27:10:line,10,t,line,rol,f75r.27,0.10081585437061548,0.02158739481599993,0.9325055038657032,4.9922017976970885e-05,0.06744457411631982,0.9851481511587263,2.8791489989877068e-05,0.014823057351283966,f75r,True,1.0,tchedy,B,ro,l
0.09174548805148484,0.0025561202476179433,1,1,B,crossed_layout,3,f75,2,f75r.34:7:uncertain,7,k,uncertain,ol,f75r.34,0.3484479987239943,0.05267326882669205,0.7854285804020672,0.0007865387010732341,0.21378488089685954,0.964148136336899,0.0002046726290901974,0.03564719103401084,f75r,False,0.7777777777777778,kain,B,o,l
0.02576156578143457,0.03987964216135423,1,1,B,crossed_layout,3,f75,2,f75v.5:6:uncertain,6,sh,uncertain,dl,f75v.5,0.17494288959207377,0.22062019241668787,0.8858025837169746,0.0014211051361000897,0.1127763111469254,0.8581964316774646,0.001197895540013864,0.14060567278252142,f75v,False,0.6,shedy,B,d,l
1.1467046815645805,1.4393764245073206,0,0,B,crossed_layout,3,f75,2,f75v.14:5:uncertain,5,ch,uncertain,sor,f75v.14,2.045366078411514,2.724448185253242,0.7566604827932388,0.001078543578922775,0.2422609736278384,0.8479954830713163,0.000697393557321242,0.15130712337136248,f75v,False,0.5555555555555556,chedy,B,so,r
0.09312555578057743,0.13738224424224024,1,1,B,crossed_layout,3,f75,2,f75v.40:9:uncertain,9,sh,uncertain,ol,f75v.40,0.3514001064008529,0.4390319104172004,0.7838230442283575,0.0007878686831343932,0.215389087088508,0.7376294130194568,0.0005622540342322273,0.26180833294631106,f75v,False,0.75,sheey,B,o,l
0.5110156430000918,0.7255260496529021,0,0,B,crossed_layout,3,f75,2,f75v.40:12:line,12,s,line,olol,f75v.40,1.0193973546880801,1.3349009717913225,0.4933223807740046,0.0024082133684308403,0.5042694058575645,0.3964192780359555,0.002573451564333849,0.6010072703997106,f75v,False,1.0,sal,B,olo,l
0.11463579456363404,0.16519462552897957,1,1,B,crossed_layout,3,f75,2,f75v.41:5:uncertain,5,sh,uncertain,ol,f75v.41,0.39557437048993144,0.48941669968938206,0.7601866683527534,0.0008055669411914722,0.23900776470605514,0.7123130369823474,0.000579839063334927,0.28710712395431776,f75v,False,0.35714285714285715,shey,B,o,l
1.2620865192425648,1.1217839961838754,0,0,B,crossed_layout,3,f75,2,f75v.41:13:uncertain,13,sh,uncertain,or,f75v.41,2.2846977265334196,1.9954138001806556,0.7939924505126789,0.0007791523350037927,0.20522839715231722,0.7486501482061743,0.0005538594009078363,0.2507959923929179,f75v,False,0.9285714285714286,sheolo,B,o,r
0.1314837043483392,0.18648015769174284,1,1,B,crossed_layout,3,f75,2,f75v.44:1:uncertain,1,sh,uncertain,ol,f75v.44,0.42819486676651164,0.5262597054662769,0.7431911016104646,0.0008162661403225463,0.2559926322492127,0.6943525633716849,0.0005909616296105031,0.3050564749987046,f75v,False,0.09090909090909091,sheckhy,B,o,l
0.08132853100175627,0.046300195091478334,1,1,B,crossed_layout,3,f79,2,f79r.4:10:line,10,q,line,ol,f79r.4,0.32561254616301055,0.23857850757349167,0.7979595130642824,0.000775559170078163,0.2012649277656395,0.8475800246098963,0.0005382566966179653,0.15188171869348555,f79r,False,1.0,qokal,B,o,l
1.136568557234224,1.2982377550921724,0,0,B,crossed_layout,3,f79,2,f79r.5:3:uncertain,3,ch,uncertain,or,f79r.5,2.02474254788405,2.365877084619861,0.7534409933015165,0.0008100065231311686,0.24574900017535245,0.8053571368136463,0.0006436218872153045,0.1939992412991384,f79r,False,0.25,chear,B,o,r
0.12118457098189572,0.1620315871226788,1,1,B,crossed_layout,3,f79,2,f79r.6:2:uncertain,2,o,uncertain,ol,f79r.6,0.40843356515407725,0.48378243119927944,0.7534409933015165,0.0008100065231311686,0.24574900017535245,0.7151003273282116,0.0005346294517470639,0.28436504322004125,f79r,False,0.25,olkeey,B,o,l
1.1088233145331343,0.08822482914731372,0,1,B,crossed_layout,3,f79,2,f79r.13:6:uncertain,6,a,uncertain,or,f79r.13,1.9700823183955174,0.3405218902522341,0.7444148399422647,0.0003466926378505485,0.2552384674198849,0.20981401999639468,0.0004304113361568029,0.7897555686674486,f79r,True,0.75,aiin,B,o,r
0.1146882227523657,0.14718002170292757,1,1,B,crossed_layout,3,f79,2,f79r.13:8:line,8,s,line,ol,f79r.13,0.39524038566051023,0.45693001138019074,0.7603626724269151,0.0003424117470455871,0.23929491582603923,0.7285348990787286,0.0003810263176960146,0.2710840746035752,f79r,True,1.0,saral,B,o,l
0.08132853100175627,0.09267614491224807,1,1,B,crossed_layout,3,f79,2,f79r.17:10:line,10,s,line,ol,f79r.17,0.32561254616301055,0.3504424285547007,0.7979595130642824,0.000775559170078163,0.2012649277656395,0.784343527867471,0.0007895188811364559,0.2148669532513926,f79r,False,1.0,solor,B,o,l
0.08640064116678045,0.01819631576533593,1,1,B,crossed_layout,3,f79,2,f79r.18:8:uncertain,8,d,uncertain,ol,f79r.18,0.3368582214780339,0.14550815269293726,0.7917636713424387,0.0007811227908823212,0.20745520586667898,0.9040608889838369,0.0011195489366925108,0.09481956207947075,f79r,False,0.8888888888888888,dam,B,o,l
0.1561744441491713,0.06211782322811914,1,1,B,crossed_layout,3,f79,2,f79r.19:0:uncertain,0,ch,uncertain,sol,f79r.19,0.47391561228752,0.2803447533628898,0.7200077735159163,0.0011059159423410004,0.27888631054174273,0.8233942315005371,0.0007431131582356186,0.1758626553412274,f79r,False,0.0,cheey,B,so,l
0.48912159283297196,0.6460275778236237,1,0,B,crossed_layout,3,f79,2,f79r.30:4:paragraph,4,p,paragraph,olor,f79r.30,0.9877333955815701,1.2174728841775475,0.4933223807740046,0.0024082133684308403,0.5042694058575645,0.5667073756481681,0.003257288415986825,0.43003533593584503,f79r,False,1.0,polshey,B,olo,r
0.1146882227523657,0.14718002170292757,1,1,B,crossed_layout,3,f79,2,f79r.31:7:line,7,s,line,ol,f79r.31,0.39524038566051023,0.45693001138019074,0.7603626724269151,0.0003424117470455871,0.23929491582603923,0.7285348990787286,0.0003810263176960146,0.2710840746035752,f79r,True,1.0,sol,B,o,l
0.10952265292175054,0.14796854156053219,1,1,B,crossed_layout,3,f79,2,f79r.32:4:uncertain,4,o,uncertain,ol,f79r.32,0.3853584867859891,0.45851181827160675,0.7655887382774331,0.0008018218853700803,0.2336094398371969,0.7277365529547919,0.0005266633937063825,0.2717367836515018,f79r,False,0.4444444444444444,olaiin,B,o,l
0.08132853100175627,0.01705166504149523,1,1,B,crossed_layout,3,f79,2,f79r.32:9:line,9,d,line,ol,f79r.32,0.32561254616301055,0.14063757754899628,0.7979595130642824,0.000775559170078163,0.2012649277656395,0.9071181793754167,0.0011026475660782216,0.09177917305850489,f79r,False,1.0,daiin,B,o,l
0.08132853100175627,0.0021075610669792104,1,1,B,crossed_layout,3,f79,2,f79r.33:7:line,7,l,line,ol,f79r.33,0.32561254616301055,0.047806224419204416,0.7979595130642824,0.000775559170078163,0.2012649277656395,0.96740625805719,0.00026513609604790245,0.032328605846762,f79r,False,1.0,lcheol,B,o,l
0.11896763115560915,0.17070623394819023,1,1,B,crossed_layout,3,f79,2,f79r.37:2:uncertain,2,sh,uncertain,ol,f79r.37,0.4041074260630927,0.49908287639606946,0.755703690799821,0.0008085462226825027,0.24348776297749647,0.7075564330342735,0.0005828907400004871,0.2918606762257261,f79r,False,0.2857142857142857,sheey,B,o,l
0.03159690006985201,0.021095295041109498,1,1,B,crossed_layout,3,f79,2,f79r.37:7:line,7,p,line,dain,f79r.37,0.20022033231741015,0.1634876932295417,0.008180631981221037,0.8704176205941405,0.1214017474246385,0.009533349115357526,0.8928639747481887,0.09760267613645364,f79r,False,1.0,pol,B,dai,n
0.09737367181471474,0.14293750129925997,1,1,B,crossed_layout,3,f79,2,f79v.6:6:uncertain,6,sh,uncertain,ol,f79v.6,0.36038953589822276,0.4493337219215115,0.7789542291744831,0.000791799081344792,0.2202539717441721,0.7323810045012277,0.0005660904610665764,0.26705290503770585,f79v,False,0.6666666666666666,shedy,B,o,l
1.7866613659589201,1.5937043435648293,0,0,B,crossed_layout,3,f79,2,f79v.13:8:line,8,q,line,ror,f79v.13,4.190109986930944,3.2205729979295343,0.9451071177855068,0.00010920134210890043,0.054783680872384215,0.8926095868887898,0.00011234985106905073,0.10727806326014133,f79v,False,1.0,qokeey,B,ro,r
0.012145832068522603,0.02726487106112261,1,1,B,crossed_layout,3,f79,2,f79v.15:7:line,7,d,line,qokain,f79v.15,0.12188494439588494,0.18345316238437218,0.006588106551635221,0.9189861701334746,0.07442572331489014,0.005492351480122707,0.8805927292583254,0.11391491926155166,f79v,False,1.0,dol,B,qokai,n
0.08132853100175627,0.12074640067139349,1,1,B,crossed_layout,3,f79,2,f79v.25:8:line,8,y,line,ol,f79v.25,0.32561254616301055,0.4072391896486013,0.7979595130642824,0.000775559170078163,0.2012649277656395,0.7540650088035471,0.0004514337344966751,0.24548355746195605,f79v,False,1.0,ykeedy,B,o,l
0.1301369058038186,0.1727177949973593,1,1,B,crossed_layout,3,f79,2,f79v.32:1:uncertain,1,o,uncertain,ol,f79v.32,0.42564066011040025,0.5025430330655063,0.7445080431530633,0.000815493937661832,0.25467646290927487,0.7058614646305849,0.0005401272152051995,0.29359840815420984,f79v,False,0.1111111111111111,or,B,o,l
0.10329584021634663,0.14038838679887233,1,1,B,crossed_layout,3,f79,2,f79v.32:5:uncertain,5,o,uncertain,ol,f79v.32,0.37269048625819245,0.4445813228127494,0.7723408122180493,0.0007968960906476199,0.226862291691303,0.7347975275519841,0.0005219802636916863,0.2646804921843241,f79v,False,0.5555555555555556,o,B,o,l
0.12118457098189572,0.17351628021548793,1,1,B,crossed_layout,3,f79,2,f79v.36:1:uncertain,1,sh,uncertain,ol,f79v.36,0.40843356515407725,0.503975638068342,0.7534409933015165,0.0008100065231311686,0.24574900017535245,0.7051608877734632,0.0005843984232767738,0.29425471380325996,f79v,False,0.25,shey,B,o,l
0.08132853100175627,0.12074640067139349,1,1,B,crossed_layout,3,f79,2,f79v.40:9:line,9,y,line,ol,f79v.40,0.32561254616301055,0.4072391896486013,0.7979595130642824,0.000775559170078163,0.2012649277656395,0.7540650088035471,0.0004514337344966751,0.24548355746195605,f79v,False,1.0,yshedy,B,o,l
0.113573840055505,0.003283671104145387,1,1,B,crossed_layout,3,f79,2,f79v.41:3:uncertain,3,k,uncertain,ol,f79v.41,0.3934657621530255,0.05983784790151693,0.7612985512373764,0.0008048100834290827,0.23789663867919447,0.9593719421341207,0.00021785423207258944,0.04041020363380662,f79v,False,0.375,keey,B,o,l
0.10243141298586103,1.112102034730372,1,0,B,crossed_layout,3,f79,2,f79v.42:4:uncertain,4,a,uncertain,ol,f79v.42,0.37091091304863316,1.9782585462027713,0.7732940871763764,0.0007961782461403988,0.22590973457748334,0.2537960382085521,0.0010324270213891429,0.7451715347700588,f79v,False,0.5714285714285714,ain,B,o,l
0.909805538727186,0.6773861071295371,0,0,B,crossed_layout,3,f83,2,f83r.2:10:line,10,o,line,dor,f83r.2,1.6197070849507662,1.258613661596307,0.6743310492899441,0.00026742623006485613,0.32540152447999093,0.5818921780231875,0.00016243616646042708,0.417945385810352,f83r,False,1.0,olkeedy,B,do,r
0.13215600770366193,0.05192739847669052,1,1,B,crossed_layout,3,f83,2,f83r.21:3:uncertain,3,ch,uncertain,sol,f83r.21,0.42973108772935237,0.25409875576438795,0.742400152675754,0.001090320085395725,0.2565095272388503,0.8385107845016654,0.0007157117387599815,0.16077350375957464,f83r,False,0.3333333333333333,chedy,B,so,l
0.07994981665310644,0.01654589963539741,1,1,B,crossed_layout,3,f83,2,f83v.13:12:line,12,s,line,lal,f83v.13,0.33273653194096675,0.14442789475363546,0.7940289249550027,0.012670281279938739,0.19330079376505865,0.9047380831598705,0.009331804151897386,0.08593011268823222,f83v,False,1.0,salched,B,la,l
0.13768772862977158,0.08594014055291774,1,1,B,crossed_layout,3,f83,2,f83v.24:0:uncertain,0,ch,uncertain,ol,f83v.24,0.43985247675920414,0.33573852861383324,0.737209988433606,0.0008196571120689822,0.26197035445432504,0.7923784071118906,0.000660295226600768,0.2069612976615087,f83v,False,0.0,cheedy,B,o,l
0.34434034841227873,0.3393059059364517,1,1,B,crossed_layout,3,f85,2,f85r1.13:6:uncertain,6,s,uncertain,ol,f85r1.13,0.7741058888582376,0.7665992563428422,0.5847509117434434,0.0006310170973270158,0.4146180711592297,0.5878014176835706,0.0006188796332467121,0.41157970268318267,f85r1,False,0.5454545454545454,s,T,o,l
1.987799746001502e-06,9.463447939954394e-07,1,1,B,crossed_layout,3,f85,2,f85r1.14:11:line,11,q,line,odaiiin,f85r1.14,0.00150354415650872,0.0010332624242609582,9.637877372849652e-05,0.9989583654853196,0.0009452557409519253,6.008430952264516e-05,0.9992840534759498,0.0006558622145276557,f85r1,False,1.0,qokeeodaiin,T,odaiii,n
0.31983716503169146,0.011750193533440235,1,1,B,crossed_layout,3,f85,2,f85r1.15:8:uncertain,8,k,uncertain,ol,f85r1.15,0.7374793930763088,0.11519861452391711,0.5997863550862752,0.0006316076192816136,0.3995820372944431,0.9232551982701699,0.000191603043144505,0.07655319868668557,f85r1,False,0.7272727272727273,keeo,T,o,l
0.6319040431139993,1.1624062522894236,0,0,B,crossed_layout,3,f85,2,f85r1.26:11:uncertain,11,d,uncertain,or,f85r1.26,1.1917540015210926,2.0746279588263974,0.5619624014923327,0.00026729442976743627,0.4377703040778998,0.7621301065948834,0.00047315135704045823,0.23739674204807612,f85r1,True,0.9166666666666666,daiin,T,o,r
0.3168578921135122,0.011591697820101415,1,1,B,crossed_layout,3,f85,2,f85r1.27:6:uncertain,6,k,uncertain,ol,f85r1.27,0.7329959119036145,0.11438781744293215,0.6016532178734707,0.000631639953238266,0.39771514217329096,0.9237742151015148,0.00019098324746185104,0.0760348016510234,f85r1,False,0.75,karar,T,o,l
0.3991559792961457,0.016384253472395142,1,1,B,crossed_layout,3,f85,2,f85r1.29:2:uncertain,2,k,uncertain,ol,f85r1.29,0.8547924552954185,0.13703503186990634,0.552944867049155,0.000627878891972561,0.44642725405887246,0.9093861695977214,0.00020728060097993434,0.09040654980129868,f85r1,False,0.16666666666666666,keeody,T,o,l
0.6437136663694751,0.6529832228488757,0,0,B,crossed_layout,3,f85,2,f85r1.29:4:uncertain,4,s,uncertain,or,f85r1.29,1.2096910407062649,1.2233255785427797,0.5670092240543602,0.0006295782116784701,0.4323611977339615,0.5710826915901032,0.0006229967584717235,0.4282943116514252,f85r1,False,0.3333333333333333,s,T,o,r
0.22087398050393536,0.1569207459520374,1,1,B,crossed_layout,3,f103,3,f103r.7:7:uncertain,7,sh,uncertain,ol,f103r.7,0.58348773245011,0.4745413307984836,0.66734850275048,0.0006627585358235547,0.3319887387136966,0.7196955630388837,0.00039371268948870214,0.27991072427162755,f103r,False,0.875,shedy,S,o,l
0.8502508894295302,0.04847615315806404,0,1,B,crossed_layout,3,f103,3,f103r.10:12:uncertain,12,a,uncertain,sor,f103r.10,1.5247493985758758,0.2447522140370093,0.6515719015170245,0.0008881798056966794,0.34753991867727885,0.15532996511964664,0.0007092991337209106,0.8439607357466323,f103r,False,0.9230769230769231,ain,S,so,r
0.283434979639714,0.4528338700966824,1,1,B,crossed_layout,3,f103,3,f103r.13:11:line,11,o,line,kasol,f103r.13,0.6832063134662427,0.9333870767731852,0.622779640441771,0.001537760457271808,0.3756825991009572,0.5236275548137203,0.0010809608447448751,0.47529148434153484,f103r,True,1.0,okain,S,kaso,l
0.010040699818531625,0.0003957216440966659,1,1,B,crossed_layout,3,f103,3,f103r.15:4:paragraph,4,d,paragraph,shkaiin,f103r.15,0.10678821128222339,0.020865744483014786,0.000995292290517428,0.9286531692849233,0.0703515384245593,0.0006047973192135817,0.9856410552781367,0.0137541474026496,f103r,False,1.0,dshol,S,shkaii,n
0.8944125528703664,0.03367808264907031,0,1,B,crossed_layout,3,f103,3,f103r.17:8:uncertain,8,a,uncertain,or,f103r.17,1.595384007845671,0.2009773861763387,0.6684033028391922,0.0006625673324638367,0.3309341298283439,0.1294899098446216,0.0005491011690285384,0.8699609889863498,f103r,False,0.8888888888888888,aiin,S,o,r
0.2330873051180421,0.9510596456233711,1,0,B,crossed_layout,3,f103,3,f103r.20:6:paragraph,6,p,paragraph,olor,f103r.20,0.6043164066582223,1.6922052037369522,0.34054666210496876,0.0016703537861691739,0.657782984108862,0.6886229386901155,0.0019235072879039868,0.30945355402198044,f103r,False,1.0,pcheam,S,olo,r
0.20851576722355836,0.26827540351135276,1,1,B,crossed_layout,3,f103,3,f103r.25:11:line,11,o,line,ol,f103r.25,0.5632408337584089,0.6584217069938548,0.6767801529917583,0.0006609207524547809,0.3225589262557869,0.6335710379567151,0.0003619076528570489,0.3660670543904278,f103r,False,1.0,oteedy,S,o,l
1.4222760078145762,1.4163683554659985,0,0,B,crossed_layout,3,f103,3,f103r.46:10:line,10,s,line,chedan,f103r.46,5.175085765215942,4.510747480355306,0.5317820807613999,0.02767858948853121,0.440539329750069,0.3279328076533701,0.04386616880620057,0.6282010235404295,f103r,False,1.0,ssheey,S,cheda,n
0.28077699271185597,0.2006813866015166,1,1,B,crossed_layout,3,f103,3,f103r.49:4:uncertain,4,sh,uncertain,ol,f103r.49,0.678113169410636,0.5499798684325043,0.6249821238607653,0.0006675861478834316,0.3743502899913512,0.683029659401678,0.00040909466943103137,0.316561245928891,f103r,False,0.3333333333333333,sheed,S,o,l
0.0362046952454043,0.07053707297537004,1,1,B,crossed_layout,3,f103,3,f103v.3:11:line,11,y,line,qokain,f103v.3,0.2134307684437008,0.30620102349471034,0.006153679619838338,0.8624837805684296,0.13136253981173196,0.007063635665530624,0.8087686476018195,0.18416771673264998,f103v,False,1.0,y,S,qokai,n
0.576407996551844,0.22797855272489914,0,1,B,crossed_layout,3,f103,3,f103v.9:10:line,10,o,line,lkar,f103v.9,1.1173389981487722,0.5959937959687199,0.5346082795081927,0.0044484846801297485,0.46094323581167745,0.3368289612705826,0.0015824737476765847,0.6615885649817409,f103v,True,1.0,or,S,lka,r
0.3424821154676352,0.2792086257466555,1,1,B,crossed_layout,3,f103,3,f103v.12:6:uncertain,6,sh,uncertain,ol,f103v.12,0.7709155747948587,0.675146400300704,0.586045435681126,0.0002836157264861231,0.41367094859238795,0.6262686642499542,0.00018953286523475376,0.3735418028848111,f103v,True,0.5,shedy,S,o,l
0.22268353173347585,0.01281720910103712,1,1,B,crossed_layout,3,f103,3,f103v.16:6:uncertain,6,k,uncertain,ol,f103v.16,0.586427887169607,0.12050341029179733,0.6659898581282616,0.0006629995532696667,0.3333471423184687,0.9198666187293578,0.00015948006982307274,0.07997390120081889,f103v,False,0.8571428571428571,kedy,S,o,l
0.315681136059759,0.18563973120511795,1,1,B,crossed_layout,3,f103,3,f103v.17:7:uncertain,7,ch,uncertain,ol,f103v.17,0.7308073884698877,0.5245117424498865,0.6025665996728015,0.00028387208782431294,0.3971495282393742,0.6951943477558499,0.00028444665209568484,0.3045212055920544,f103v,True,0.7,char,S,o,l
0.26526645352095385,0.07474121403437615,1,1,B,crossed_layout,3,f103,3,f103v.18:9:line,9,d,line,larorol,f103v.18,0.6575782975469469,0.3156174388954009,0.633941536231957,0.0037692877015237354,0.3622891760665192,0.8035070353953834,0.006521386702168793,0.18997157790244784,f103v,False,1.0,daiin,S,laroro,l
1.2865107924750179,1.4389847059580605,0,0,B,crossed_layout,3,f103,3,f103v.21:9:line,9,o,line,oll,f103v.21,2.3704399016164706,2.7486099204343617,0.1933866484093243,0.00924250333829787,0.7973708482523778,0.14879418795202656,0.005985399083626936,0.8452204129643465,f103v,False,1.0,olshey,S,ol,l
0.7820406604506842,0.024551621770720934,0,1,B,crossed_layout,3,f103,3,f103v.23:4:uncertain,4,a,uncertain,or,f103v.23,1.4175392228516268,0.16982996979811268,0.6249821238607653,0.0006675861478834316,0.3743502899913512,0.11053816852842384,0.0005143887286629538,0.8889474427429133,f103v,False,0.3333333333333333,aiiin,S,o,r
0.3098264201657327,0.15854318813191448,1,1,B,crossed_layout,3,f103,3,f103v.45:1:uncertain,1,ch,uncertain,ol,f103v.45,0.7224287716828771,0.47767143806883444,0.606076255756667,0.0006680289328103124,0.3932557153105226,0.7181357862091257,0.0006252367714248576,0.2812389770194495,f103v,False,0.1,cheey,S,o,l
0.8560838637142367,0.03026979116065749,0,1,B,crossed_layout,3,f103,3,f103v.45:7:uncertain,7,a,uncertain,or,f103v.45,1.533582009651249,0.18983120333443404,0.6539164403672098,0.0006648843438788405,0.3454186752889115,0.1227544582284852,0.000537250768108465,0.8767082910034063,f103v,False,0.7,ain,S,o,r
0.019507791549775284,0.1407154553557201,1,1,B,crossed_layout,3,f105,3,f105r.3:11:line,11,y,line,rol,f105r.3,0.1501033272108933,0.4448196166265036,0.9011859164945314,0.00010462344877713438,0.09870946005669126,0.7346761690941449,0.00014710027009239712,0.26517673063576275,f105r,False,1.0,ykaiin,S,ro,l
0.7553575266446928,0.022735916303888833,0,1,B,crossed_layout,3,f105,3,f105r.8:2:uncertain,2,a,uncertain,or,f105r.8,1.3766554634302683,0.16306242984799016,0.6142214909961088,0.0006679628643568437,0.3851105461395343,0.10636665558356996,0.0005061412586635966,0.8931272031577665,f105r,False,0.2,air,S,o,r
0.8358224413962351,0.028598000446005807,0,1,B,crossed_layout,3,f105,3,f105r.33:6:uncertain,6,a,uncertain,or,f105r.33,1.5014149994320953,0.18416726926922244,0.6461273459884188,0.0006658595983380249,0.35320679441324326,0.11931204602020284,0.0005309936866717442,0.8801569602931254,f105r,False,0.6,aiiin,S,o,r
0.7030554179226156,1.0722657497963328,0,0,B,crossed_layout,3,f105,3,f105v.2:8:uncertain,8,o,uncertain,chpor,f105v.2,1.2989729291975507,1.9024544952744036,0.5922084758602221,0.0013760972196134218,0.40641542692016447,0.7319094214520614,0.0006026844939374079,0.26748789405400114,f105v,False,0.7272727272727273,or,S,chpo,r
0.2984243602686717,0.030629524312038563,1,1,B,crossed_layout,3,f105,3,f105v.13:7:paragraph,7,p,paragraph,lkchdal,f105v.13,0.7114128362371853,0.1936553336810121,0.610721763965435,0.006068119858236404,0.3832101161763286,0.8743874905544528,0.0038072271111806045,0.12180528233436658,f105v,False,1.0,pchedaiin,S,lkchda,l
0.0001546623460999503,0.00017730843243520398,1,1,B,crossed_layout,3,f105,3,f105v.17:8:uncertain,8,o,uncertain,diiin,f105v.17,0.013325205865749708,0.014042077886369474,0.0008637222148480937,0.9908061949871598,0.008330082797992053,0.0005663142880422207,0.9903139878473673,0.009119697864590461,f105v,False,0.8888888888888888,olkaiin,S,diii,n
7.755784268957989e-05,9.506893169111798e-06,1,1,B,crossed_layout,3,f105,3,f105v.17:9:paragraph,9,p,paragraph,olkaiin,f105v.17,0.00917179602194409,0.0034025649324262754,0.00022609123767476256,0.9936627609869166,0.006111147775408545,0.0004087870115979556,0.997644300735152,0.0019469122532500284,f105v,False,1.0,pchor,S,olkaii,n
0.08619014192529162,0.05109273089856644,1,1,B,crossed_layout,3,f105,3,f105v.25:10:line,10,l,line,dl,f105v.25,0.3361968421898973,0.25140204712659964,0.7921267252987431,0.0005606381468595614,0.2073126365543974,0.8400796080453083,0.00017632149711901458,0.1597440704575725,f105v,True,1.0,lkl,S,d,l
0.0007757594296352074,7.032346953110441e-05,1,1,B,crossed_layout,3,f105,3,f105v.28:5:paragraph,5,t,paragraph,otaiin,f105v.28,0.029750529652311664,0.009868964656624596,0.0015193337187368323,0.9795896732635196,0.018890993017743454,0.002856346894323666,0.9931826989258453,0.003960954179831092,f105v,False,1.0,tdol,S,otaii,n
0.0026732221594738016,0.0007535216314084122,1,1,B,crossed_layout,3,f114,3,f114r.7:7:paragraph,7,f,paragraph,chain,f114r.7,0.054474845508869794,0.02955399682864069,0.001011820723187512,0.9629449002649743,0.036043279011838326,0.0018681780718686621,0.9797231281052563,0.01840869382287495,f114r,False,1.0,fchey,S,chai,n
0.3109980510768636,1.60811681290033,1,0,B,crossed_layout,3,f114,3,f114r.12:1:uncertain,1,a,uncertain,ol,f114r.12,0.7241996548547375,3.278480662445257,0.605332764056319,0.0006680256765359964,0.393999210267145,0.10305735225646202,0.0004994258198111447,0.8964432219237268,f114r,False,0.09090909090909091,air,S,o,l
0.019507791549775284,0.002910061698691374,1,1,B,crossed_layout,3,f114,3,f114r.20:12:line,12,l,line,rol,f114r.20,0.1501033272108933,0.056127012373311434,0.9011859164945314,0.00010462344877713438,0.09870946005669126,0.9618427719649986,2.4734862342674767e-05,0.03813249317265866,f114r,False,1.0,lcheey,S,ro,l
0.9636656569252353,0.7715629236770202,0,0,B,crossed_layout,3,f114,3,f114r.22:7:uncertain,7,o,uncertain,qokair,f114r.22,1.7330313344051063,1.419515343153731,0.010190168948978163,0.6889906082214569,0.300819222829565,0.010224314193616354,0.6159378081942002,0.3738378776121833,f114r,True,0.7,olchdy,S,qokai,r
0.7157001028933941,1.0134888796435764,0,0,B,crossed_layout,3,f114,3,f114r.23:0:uncertain,0,ch,uncertain,or,f114r.23,1.3166695718923203,1.7967342379035218,0.5978714597078688,0.0006679078021924258,0.4014606324899388,0.7115446620750076,0.0006299490144208926,0.2878253889105715,f114r,False,0.0,cheo,S,o,r
0.6847289803516259,0.5707162696978644,0,0,B,crossed_layout,3,f114,3,f114r.24:12:line,12,o,line,dair,f114r.24,1.2893967501723758,1.1198584855189255,0.011692709939788614,0.5791852258669961,0.4091220641932154,0.011530295257613496,0.5283307464458308,0.46013895829655577,f114r,True,1.0,oaiil,S,dai,r
0.9013512796892549,0.034331743090513074,0,1,B,crossed_layout,3,f114,3,f114r.25:12:uncertain,12,a,uncertain,or,f114r.25,1.6067138208004292,0.20305900883397535,0.6709925103234404,0.000662082771482404,0.32834540690507724,0.13074209797621178,0.0005512492715916849,0.8687066527521966,f114r,False,0.9230769230769231,airy,S,o,r
0.732163989530482,0.02125152612150254,0,1,B,crossed_layout,3,f114,3,f114r.37:1:uncertain,1,a,uncertain,or,f114r.37,1.3414670736140213,0.15735083054859123,0.6047128138064286,0.0006680217803073001,0.39461916441326406,0.10283095594140844,0.0004989606363284388,0.8966700834222632,f114r,False,0.08333333333333333,aiin,S,o,r
0.08823640512513624,0.1322701456879188,1,1,B,crossed_layout,3,f114,3,f114r.43:10:line,10,y,line,dain,f114r.43,0.3467098005581018,0.43656264745495654,0.007355656463960085,0.7863754563827674,0.20626888715327266,0.008069132963622902,0.7388929930196573,0.25303787401671995,f114r,False,1.0,ydaiin,S,dai,n
0.06041251778030141,0.14198893597844156,1,1,B,crossed_layout,3,f114,3,f114v.2:10:line,10,o,line,dl,f114v.2,0.27653160350515604,0.4480356424907445,0.8255734020315794,0.0012611010424304452,0.1731654969259903,0.7330402682504338,0.0010266884596281715,0.26593304328993805,f114v,False,1.0,oeos,S,d,l
0.00563259398122109,0.0003413337332913308,1,1,B,crossed_layout,3,f114,3,f114v.13:4:paragraph,4,t,paragraph,chcthain,f114v.13,0.07977825091824953,0.020164374985003956,0.0014875443737518068,0.9462030714563847,0.05230938416986344,0.0018228744324533261,0.9861203434284302,0.012056782139116528,f114v,False,1.0,tsheodar,S,chcthai,n
0.2881330867427818,1.5881905731230062,1,0,B,crossed_layout,3,f114,3,f114v.16:3:uncertain,3,a,uncertain,ol,f114v.16,0.6894142840684094,3.202577896305519,0.6201055538801608,0.0006677980637877401,0.3792266480560515,0.1086245498642346,0.0005106347622950161,0.8908648153734704,f114v,False,0.2727272727272727,aiin,S,o,l
0.0013992640701490221,0.03925748393513332,1,1,B,crossed_layout,3,f114,3,f114v.32:5:paragraph,5,k,paragraph,sheeodain,f114v.32,0.03896649897965017,0.21905731471266773,0.0003994555186582646,0.9733519762361836,0.026248568245157942,0.0015544644645695506,0.8591266232892252,0.13931891224620524,f114v,False,1.0,kaiin,S,sheeodai,n
0.00027966304136402634,0.00010287561588153663,1,1,A,crossed_layout,3,f6,1,f6v.20:3:line,3,y,line,daiin,f6v.20,0.017378587672809646,0.010616162838093269,0.0003030652605286785,0.9880263425916804,0.011670592147790997,0.0003305071697298759,0.9926684446004725,0.007001048229797705,f6v,False,1.0,ycheor,H,daii,n
0.00027966304136402634,0.00043887973781947987,1,1,A,crossed_layout,3,f11,1,f11r.2:8:line,8,q,line,daiin,f11r.2,0.017378587672809646,0.021906556724475643,0.0003030652605286785,0.9880263425916804,0.011670592147790997,0.000526566204301375,0.9849302347047656,0.01454319909093306,f11r,False,1.0,qoty,H,daii,n
0.00027966304136402634,4.935454834969549e-05,1,1,A,crossed_layout,3,f11,1,f11r.4:4:paragraph,4,t,paragraph,daiin,f11r.4,0.017378587672809646,0.0073711407911548855,0.0003030652605286785,0.9880263425916804,0.011670592147790997,0.00026812523356387687,0.9949037447409285,0.004828130025507548,f11r,False,1.0,tchol,H,daii,n
0.002460481226157359,0.0035521276308968916,1,1,A,crossed_layout,3,f11,1,f11r.5:10:line,10,o,line,daiin,f11r.5,0.052035518453163974,0.06243245597410338,0.0007124072919423209,0.9645744369363481,0.034713155771709546,0.00042016802845034506,0.9576481147716674,0.04193171719988232,f11r,True,1.0,odl,H,daii,n
0.00027966304136402634,0.00043887973781947987,1,1,A,crossed_layout,3,f11,1,f11r.6:11:line,11,q,line,daiin,f11r.6,0.017378587672809646,0.021906556724475643,0.0003030652605286785,0.9880263425916804,0.011670592147790997,0.000526566204301375,0.9849302347047656,0.01454319909093306,f11r,False,1.0,qotchy,H,daii,n
0.002460481226157359,0.0035521276308968916,1,1,A,crossed_layout,3,f15,1,f15r.1:6:line,6,o,line,daiin,f15r.1,0.052035518453163974,0.06243245597410338,0.0007124072919423209,0.9645744369363481,0.034713155771709546,0.00042016802845034506,0.9576481147716674,0.04193171719988232,f15r,True,1.0,otchor,H,daii,n
0.4611426045437484,0.19233449686641976,1,1,A,crossed_layout,3,f15,1,f15r.4:2:drawing,2,s,drawing,chl,f15r.4,0.9553099890995024,0.5467978875499657,0.5157307636706268,0.008288980337938895,0.4759802559914343,0.6845377992446844,0.011000229889646152,0.3044619708656693,f15r,False,0.4,sol,H,ch,l
0.17879190827661073,0.4107250937949478,1,1,A,crossed_layout,3,f15,1,f15r.4:5:line,5,q,line,sal,f15r.4,0.5183498640141692,0.8720570259592709,0.6981699344281108,0.005760243764165523,0.2960698218077236,0.5463672726552613,0.0009279876792598282,0.4527047396654788,f15r,False,1.0,qotchy,H,sa,l
0.25833475654261284,0.027843942723605037,1,1,A,crossed_layout,3,f15,1,f15r.8:1:uncertain,1,k,uncertain,tol,f15r.8,0.6446564304580343,0.18428587736737975,0.6396451003108113,0.001920225660544829,0.3584346740286439,0.8800846030387891,0.003947033955633561,0.1159683630055772,f15r,False,0.2,kaiin,H,to,l
0.00033746482751492626,0.00020083170057317125,1,1,A,crossed_layout,3,f15,1,f15r.8:2:uncertain,2,s,uncertain,kaiin,f15r.8,0.019037232733217887,0.014786448972401986,0.0002418159493829377,0.9868910761051446,0.012867107945472411,0.0003619486499799259,0.9898031585049808,0.009834892845039212,f15r,False,0.4,s,H,kaii,n
0.00027966304136402634,0.0004028328485214858,1,1,A,crossed_layout,3,f15,1,f15v.8:6:line,6,o,line,daiin,f15v.8,0.017378587672809646,0.020757484463684486,0.0003030652605286785,0.9880263425916804,0.011670592147790997,0.0001875670343983123,0.985715020683417,0.01409741228218457,f15v,False,1.0,otchol,H,daii,n
0.00027966304136402634,0.00021923247161672812,1,1,A,crossed_layout,3,f16,1,f16r.8:5:line,5,s,line,daiin,f16r.8,0.017378587672809646,0.015528900449407551,0.0003030652605286785,0.9880263425916804,0.011670592147790997,0.0004898215528449601,0.9892939089869531,0.010216269460201885,f16r,False,1.0,saiin,H,daii,n
0.0003218349506692858,0.0005040339965830636,1,1,A,crossed_layout,3,f29,1,f29r.6:4:drawing,4,q,drawing,daiin,f29r.6,0.018635735866890043,0.02346845858729762,0.00030326250340843755,0.9871657625798002,0.012530974916791362,0.0005344114672981005,0.9838644987819819,0.015601089750719986,f29r,False,0.8,qokaiiin,H,daii,n
0.00022117774618768895,0.0004060275593895343,1,1,A,crossed_layout,3,f29,1,f29r.7:6:line,6,sh,line,kaiin,f29r.7,0.01542480365880671,0.020812854622903398,0.00024131782285724825,0.9893652934676442,0.010393388709498458,0.00015022715623906854,0.9856771899924252,0.014172582851335758,f29r,False,1.0,shor,H,kaii,n
0.002460481226157359,0.003837126864164831,1,1,A,crossed_layout,3,f29,1,f29v.1:10:line,10,q,line,daiin,f29v.1,0.052035518453163974,0.0654888230495553,0.0007124072919423209,0.9645744369363481,0.034713155771709546,0.0011780000804565154,0.9556214730276359,0.043200526891907544,f29v,True,1.0,qotcheaiin,H,daii,n
0.00027966304136402634,2.385804172755939e-05,1,1,A,crossed_layout,3,f30,1,f30r.11:8:line,8,d,line,daiin,f30r.11,0.017378587672809646,0.00512036010606265,0.0003030652605286785,0.9880263425916804,0.011670592147790997,0.00018554128745375078,0.9964571276640375,0.003357331048508762,f30r,False,1.0,dcheey,H,daii,n
0.00027966304136402634,2.385804172755939e-05,1,1,A,crossed_layout,3,f30,1,f30v.4:5:line,5,d,line,daiin,f30v.4,0.017378587672809646,0.00512036010606265,0.0003030652605286785,0.9880263425916804,0.011670592147790997,0.00018554128745375078,0.9964571276640375,0.003357331048508762,f30v,False,1.0,dain,H,daii,n
0.00027966304136402634,0.00021923247161672812,1,1,A,crossed_layout,3,f30,1,f30v.10:3:line,3,s,line,daiin,f30v.10,0.017378587672809646,0.015528900449407551,0.0003030652605286785,0.9880263425916804,0.011670592147790997,0.0004898215528449601,0.9892939089869531,0.010216269460201885,f30v,False,1.0,sol,H,daii,n
0.22400298795072737,0.28101662554086343,1,1,A,crossed_layout,3,f32,1,f32r.2:6:line,6,q,line,qotchol,f32r.2,0.598705036935338,0.6797360927516056,0.6603464163916747,0.010208258005983479,0.3294453256023418,0.6242794613041356,0.0017584951167368508,0.37396204357912755,f32r,False,1.0,qokchor,H,qotcho,l
0.00027966304136402634,0.00021923247161672812,1,1,A,crossed_layout,3,f32,1,f32r.3:6:line,6,s,line,daiin,f32r.3,0.017378587672809646,0.015528900449407551,0.0003030652605286785,0.9880263425916804,0.011670592147790997,0.0004898215528449601,0.9892939089869531,0.010216269460201885,f32r,False,1.0,schor,H,daii,n
0.00027966304136402634,0.00028529818741230856,1,1,A,crossed_layout,3,f32,1,f32r.5:2:paragraph,2,f,paragraph,daiin,f32r.5,0.017378587672809646,0.017621185370141155,0.0003030652605286785,0.9880263425916804,0.011670592147790997,0.0004025926913547948,0.9878602140911573,0.01173719321748777,f32r,False,1.0,fcho,H,daii,n
0.00027966304136402634,0.0006679384071648262,1,1,A,crossed_layout,3,f32,1,f32r.10:2:line,2,sh,line,daiin,f32r.10,0.017378587672809646,0.02676363013155131,0.0003030652605286785,0.9880263425916804,0.011670592147790997,0.00021244690648858564,0.9816198784044228,0.018167674689088458,f32r,False,1.0,shos,H,daii,n
0.00027966304136402634,0.00034172323653665246,1,1,A,crossed_layout,3,f32,1,f32v.4:9:line,9,ch,line,daiin,f32v.4,0.017378587672809646,0.019121484527523148,0.0003030652605286785,0.9880263425916804,0.011670592147790997,0.00019242656070627524,0.9868334444409467,0.012974128998347023,f32v,False,1.0,chokchy,H,daii,n
1.6253346131351818,1.7260910475796543,0,0,A,crossed_layout,3,f32,1,f32v.7:9:line,9,o,line,odan,f32v.7,9.46273135498257,11.657082746681192,0.24474942569855915,0.0014172093902149214,0.7538333649112259,0.16293283713795442,0.00030964810840475765,0.8367575147536408,f32v,True,1.0,otchol,H,oda,n
0.00011481097435555863,0.00015652598542171747,1,1,A,crossed_layout,3,f32,1,f32v.8:5:drawing,5,o,drawing,qotaiin,f32v.8,0.011196169983616293,0.012950867190112602,0.00031783739307517935,0.9922694420013396,0.007412720605585338,0.00018293333849836327,0.9910633146078414,0.008753752053660288,f32v,False,0.625,otchy,H,qotaii,n
0.00027966304136402634,0.0006679384071648262,1,1,A,crossed_layout,3,f32,1,f32v.9:6:line,6,sh,line,daiin,f32v.9,0.017378587672809646,0.02676363013155131,0.0003030652605286785,0.9880263425916804,0.011670592147790997,0.00021244690648858564,0.9816198784044228,0.018167674689088458,f32v,False,1.0,sho,H,daii,n
0.00027966304136402634,2.385804172755939e-05,1,1,A,crossed_layout,3,f35,1,f35r.2:4:line,4,d,line,daiin,f35r.2,0.017378587672809646,0.00512036010606265,0.0003030652605286785,0.9880263425916804,0.011670592147790997,0.00018554128745375078,0.9964571276640375,0.003357331048508762,f35r,False,1.0,dchaiin,H,daii,n
0.00027966304136402634,0.0006679384071648262,1,1,A,crossed_layout,3,f35,1,f35r.6:3:line,3,sh,line,daiin,f35r.6,0.017378587672809646,0.02676363013155131,0.0003030652605286785,0.9880263425916804,0.011670592147790997,0.00021244690648858564,0.9816198784044228,0.018167674689088458,f35r,False,1.0,shosaiin,H,daii,n
0.00027966304136402634,0.0001546777229407623,1,1,A,crossed_layout,3,f35,1,f35r.8:3:paragraph,3,p,paragraph,daiin,f35r.8,0.017378587672809646,0.01295413090833931,0.0003030652605286785,0.9880263425916804,0.011670592147790997,0.0002968693030946138,0.9910610725901915,0.008642058106713736,f35r,False,1.0,paiin,H,daii,n
0.00034180260408068195,0.000814934728051718,1,1,A,crossed_layout,3,f35,1,f35r.14:5:drawing,5,sh,drawing,daiin,f35r.14,0.01920247519736715,0.029578327552983306,0.00030334119611197203,0.9867780466915588,0.012918612112329381,0.0002168953279748563,0.9797066054364444,0.020076499235580695,f35r,False,0.7142857142857143,shol,H,daii,n
8.83638128066261e-05,0.00012034794068721991,1,1,A,crossed_layout,3,f35,1,f35r.14:7:line,7,o,line,qotaiin,f35r.14,0.009843661552350195,0.011361906460887554,0.0003172289142997497,0.9932001182868769,0.006482652798823395,0.0001777652525605993,0.9921554568615617,0.007666777885877651,f35r,False,1.0,ochor,H,qotaii,n
0.00027966304136402634,0.00010287561588153663,1,1,A,crossed_layout,3,f35,1,f35v.3:3:line,3,y,line,daiin,f35v.3,0.017378587672809646,0.010616162838093269,0.0003030652605286785,0.9880263425916804,0.011670592147790997,0.0003305071697298759,0.9926684446004725,0.007001048229797705,f35v,False,1.0,ytchy,H,daii,n
0.00027966304136402634,0.0004028328485214858,1,1,A,crossed_layout,3,f35,1,f35v.7:6:line,6,o,line,daiin,f35v.7,0.017378587672809646,0.020757484463684486,0.0003030652605286785,0.9880263425916804,0.011670592147790997,0.0001875670343983123,0.985715020683417,0.01409741228218457,f35v,False,1.0,oaiin,H,daii,n
0.00022536405739578174,1.698124906022251e-05,1,1,A,crossed_layout,3,f35,1,f35v.11:1:line,1,d,line,chodaiin,f35v.11,0.015754822404464457,0.004374364999894602,0.000510027622193258,0.9891390004937244,0.01035097188408231,0.0002423787345729982,0.9969725133420219,0.002785107923405062,f35v,False,1.0,dchaiin,H,chodaii,n
0.00027966304136402634,0.00021923247161672812,1,1,A,crossed_layout,3,f35,1,f35v.19:4:line,4,s,line,daiin,f35v.19,0.017378587672809646,0.015528900449407551,0.0003030652605286785,0.9880263425916804,0.011670592147790997,0.0004898215528449601,0.9892939089869531,0.010216269460201885,f35v,False,1.0,sodaiin,H,daii,n
0.9869027766000036,0.49345592592127363,0,1,A,crossed_layout,3,f36,1,f36r.2:8:line,8,q,line,tor,f36r.2,1.753982559849166,0.9915989478037893,0.701399320118705,0.0021184709979466206,0.29648220888334836,0.49635365236841195,0.0007262710163714019,0.5029200766152166,f36r,False,1.0,qotchy,H,to,r
0.003996209458796473,0.004032599391603467,1,1,A,crossed_layout,3,f36,1,f36r.5:9:line,9,o,line,chytaroiin,f36r.5,0.0663570047844952,0.0665272599956432,0.000510901485352481,0.9550465743126751,0.044442524201972367,0.00032759253001332276,0.9549338740832655,0.044738533386721284,f36r,False,1.0,okaiin,H,chytaroii,n
0.002460481226157359,0.003837126864164831,1,1,A,crossed_layout,3,f36,1,f36v.1:8:line,8,q,line,daiin,f36v.1,0.052035518453163974,0.0654888230495553,0.0007124072919423209,0.9645744369363481,0.034713155771709546,0.0011780000804565154,0.9556214730276359,0.043200526891907544,f36v,True,1.0,qotor,H,daii,n
0.09881010099694135,0.057907802653129815,1,1,A,crossed_layout,3,f38,1,f38r.5:3:drawing,3,ch,drawing,kain,f38r.5,0.3684884637898258,0.274003491019467,0.006406311472412206,0.7745936267388005,0.21900006178878717,0.005788041439677024,0.8270213672225614,0.16719059133776168,f38r,False,0.42857142857142855,chor,H,kai,n
0.00036391996924023797,3.0963596922544815e-05,1,1,A,crossed_layout,3,f38,1,f38v.3:5:drawing,5,d,drawing,daiin,f38v.3,0.01981146606693281,0.005821082589708889,0.00030341926965646407,0.9863615955447118,0.013334985185631604,0.00019105303370971203,0.995973262153923,0.0038356848123674583,f38v,False,0.625,dair,H,daii,n
0.00033333649599888546,2.838501713897319e-05,1,1,A,crossed_layout,3,f38,1,f38v.7:6:drawing,6,d,drawing,daiin,f38v.7,0.01896423484687311,0.0055771587392298245,0.00030330884628496747,0.9869410123585949,0.0127556787951202,0.00018919918572850414,0.9961416706983792,0.0036691301158922373,f38v,False,0.75,dain,H,daii,n
0.00027966304136402634,2.385804172755939e-05,1,1,A,crossed_layout,3,f49,1,f49r.2:7:line,7,d,line,daiin,f49r.2,0.017378587672809646,0.00512036010606265,0.0003030652605286785,0.9880263425916804,0.011670592147790997,0.00018554128745375078,0.9964571276640375,0.003357331048508762,f49r,False,1.0,dsho,H,daii,n
0.0004745425092874579,0.000664249747809669,1,1,A,crossed_layout,3,f49,1,f49r.6:4:line,4,q,line,choldaiin,f49r.6,0.022620916441778965,0.02687247235374054,0.00031220086858160887,0.9844426608945187,0.015245138236899568,0.00046881067650401053,0.9815458241824847,0.017985365141011136,f49r,False,1.0,qokeor,H,choldaii,n
0.00027966304136402634,0.0004028328485214858,1,1,A,crossed_layout,3,f49,1,f49r.14:5:line,5,o,line,daiin,f49r.14,0.017378587672809646,0.020757484463684486,0.0003030652605286785,0.9880263425916804,0.011670592147790997,0.0001875670343983123,0.985715020683417,0.01409741228218457,f49r,False,1.0,ochol,H,daii,n
0.00035342597819417343,3.0078870775900627e-05,1,1,A,crossed_layout,3,f49,1,f49v.16:2:uncertain,2,d,uncertain,daiin,f49v.16,0.019524866640037757,0.0057385790536009906,0.000303383338304781,0.986557561248399,0.013139055413296198,0.00019043323263386145,0.9960302205985574,0.003779346168808993,f49v,False,0.6666666666666666,dol,H,daii,n
0.00036391996924023797,3.0963596922544815e-05,1,1,A,crossed_layout,3,f49,1,f49v.38:5:uncertain,5,d,uncertain,daiin,f49v.38,0.01981146606693281,0.005821082589708889,0.00030341926965646407,0.9863615955447118,0.013334985185631604,0.00019105303370971203,0.995973262153923,0.0038356848123674583,f49v,False,0.625,dy,H,daii,n
0.03916759435322815,0.005970686082843961,1,1,B,crossed_layout,3,f75,2,f75r.9:8:line,8,d,line,sal,f75r.9,0.22247728048830387,0.08581184923897162,0.8570924415840014,0.006132500230184285,0.13677505818581434,0.9422541510691534,0.006863705036650497,0.050882143894196,f75r,False,1.0,dshor,B,sa,l
0.3777265754378276,0.21803782591303822,1,1,B,crossed_layout,3,f75,2,f75r.22:0:uncertain,0,sh,uncertain,odar,f75r.22,0.8291841585193798,0.5795442083475701,0.43196915215741677,0.00518340624969224,0.562847441592891,0.32953160194195547,0.0012932410824304428,0.6691751569756141,f75r,False,0.0,shey,B,oda,r
1.4798023611496023,1.6701947552740848,0,0,B,crossed_layout,3,f75,2,f75r.22:8:line,8,p,line,sar,f75r.22,2.8701229254262888,3.5886912076714,0.8570924415840014,0.006132500230184285,0.13677505818581434,0.9107607332932456,0.006121033844648296,0.08311823286210615,f75r,False,1.0,pchey,B,sa,r
0.32163092613081257,0.09909171329980536,1,1,B,crossed_layout,3,f75,2,f75r.37:6:line,6,q,line,lol,f75r.37,0.7402325041130111,0.363594339633954,0.5986428675075967,0.0006790607130309107,0.40067807177937254,0.7772257802246375,0.00037093132567361055,0.2224032884496888,f75r,False,1.0,qokeedy,B,lo,l
5.58053385851268e-05,1.1279742759136372e-05,1,1,B,crossed_layout,3,f75,2,f75v.48:11:line,11,p,line,daiin,f75v.48,0.007883311083746574,0.003683769063272947,0.00035177448200929685,0.9945506072524164,0.005097618265574338,0.000401871883662946,0.9974498629979335,0.0021482651184033925,f75v,False,1.0,por,B,daii,n
0.03916759435322815,0.01490975441180588,1,1,B,crossed_layout,3,f79,2,f79r.12:5:paragraph,5,p,paragraph,sal,f79r.12,0.22247728048830387,0.1348560026929058,0.8570924415840014,0.006132500230184285,0.13677505818581434,0.9107607332932456,0.006121033844648296,0.08311823286210615,f79r,False,1.0,pshorol,B,sa,l
0.0957095945113781,0.0028737946696834257,1,1,B,crossed_layout,3,f79,2,f79r.34:0:uncertain,0,k,uncertain,lcheol,f79r.34,0.35824396075541287,0.05628737695173891,0.7801135512641526,0.0022758685796337667,0.21761058015621365,0.9617358630660912,0.0007258411683194618,0.03753829576558946,f79r,False,0.0,kchedy,B,lcheo,l
0.25434607915713675,0.19460792232950336,1,1,B,crossed_layout,3,f79,2,f79v.1:6:line,6,q,line,olorol,f79v.1,0.6367624256388821,0.5396659453747069,0.6431546438423072,0.00046458351699330116,0.3563807726406994,0.6879301801898279,0.0002681553087128786,0.31180166450145913,f79v,True,1.0,qoteedy,B,oloro,l
0.32163092613081257,0.17872236494620342,1,1,B,crossed_layout,3,f79,2,f79v.8:7:line,7,s,line,lol,f79v.8,0.7402325041130111,0.513303329036277,0.5986428675075967,0.0006790607130309107,0.40067807177937254,0.7006164032874338,0.0009024204165681761,0.2984811762959981,f79v,False,1.0,sar,B,lo,l
0.6126384351196257,0.2567186822641325,0,1,B,crossed_layout,3,f79,2,f79v.19:2:uncertain,2,sh,uncertain,qolar,f79v.19,1.2086891511221594,0.6517140663007267,0.5384525345837694,0.02888590716606791,0.4326615582501626,0.35283181472492214,0.01064457488995084,0.636523610385127,f79v,False,0.2222222222222222,shey,B,qola,r
0.002579433161876329,0.011377573584031945,1,1,B,crossed_layout,3,f79,2,f79v.20:4:uncertain,4,y,uncertain,okain,f79v.20,0.05676811833681976,0.11892318888494276,0.006133991604260195,0.9614154424686729,0.03245056592706678,0.008047881130031832,0.9208747245666634,0.07107739430330465,f79v,False,0.4444444444444444,ykees,B,okai,n
0.32163092613081257,0.09909171329980536,1,1,B,crossed_layout,3,f79,2,f79v.24:9:line,9,q,line,lol,f79v.24,0.7402325041130111,0.363594339633954,0.5986428675075967,0.0006790607130309107,0.40067807177937254,0.7772257802246375,0.00037093132567361055,0.2224032884496888,f79v,False,1.0,qokeey,B,lo,l
1.0151610243101712,0.12123392571964933,0,1,B,crossed_layout,3,f79,2,f79v.33:0:uncertain,0,a,uncertain,por,f79v.33,1.8001395219517955,0.4091249557985904,0.7120398185272401,0.00081336381900164,0.2871468176537584,0.24548396933267894,0.0014360265124876569,0.7530800041548333,f79v,True,0.0,ar,B,po,r
0.0051165378581971175,0.022605591799408464,1,1,B,crossed_layout,3,f79,2,f79v.42:5:uncertain,5,y,uncertain,ain,f79v.42,0.08021458712338024,0.16870741230490977,0.007948706504870224,0.9459169401410964,0.04613435335403327,0.008616372733201691,0.8896393997504698,0.10174422751632839,f79v,False,0.7142857142857143,y,B,ai,n
1.4798023611496023,1.8252532962886123,0,0,B,crossed_layout,3,f83,2,f83r.21:9:line,9,s,line,sar,f83r.21,2.8701229254262888,4.584237576536252,0.8570924415840014,0.006132500230184285,0.13677505818581434,0.9522890189872733,0.006023372453615004,0.04168760855911183,f83r,False,1.0,schedair,B,sa,r
0.7175605175872608,0.19157730964032074,0,1,B,crossed_layout,3,f83,2,f83v.24:6:line,6,y,line,lor,f83v.24,1.3194845384523568,0.5347923349391738,0.5986428675075967,0.0006790607130309107,0.40067807177937254,0.30925229183065467,0.0004896811890532516,0.6902580269802921,f83v,False,1.0,y,B,lo,r
0.004329694886625112,0.0014744139245952863,1,1,B,crossed_layout,3,f85,2,f85r1.26:12:line,12,y,line,daiin,f85r1.26,0.06936329411474827,0.04044724284909904,0.0008384515686465341,0.9530585194064155,0.046103029024938014,0.0010186257408818214,0.9723534661314972,0.026627908127621044,f85r1,True,1.0,ychedy,T,daii,n
0.9715235843375319,0.48765507344712644,0,1,B,crossed_layout,3,f85,2,f85r1.31:10:uncertain,10,y,uncertain,air,f85r1.31,1.7565805587325276,1.0004975452457827,0.014393103426239704,0.6896581111105475,0.29594878546321274,0.013024587331724633,0.4871478189796622,0.4998275936886131,f85r1,True,0.9090909090909091,y,T,ai,r
1.6200044917074554,1.561317122884992,0,0,B,crossed_layout,3,f103,3,f103r.6:12:uncertain,12,a,uncertain,san,f103r.6,7.7175803773032206,9.080607758254203,0.7566837710812808,0.00475091010007619,0.23856531881864307,0.3162473800587475,0.0018469906031535028,0.6819056293380991,f103r,False,0.9230769230769231,am,S,sa,n
0.01684031398211129,0.005697932761749285,1,1,B,crossed_layout,3,f103,3,f103r.10:13:line,13,d,line,ain,f103r.10,0.14524429636543212,0.08930482562574728,0.008635143739757966,0.9042262489484991,0.08713860731174296,0.017897441187563496,0.9399755750050265,0.04212698380741007,f103r,False,1.0,dar,S,ai,n
0.9669043160910795,1.185829684695817,0,0,B,crossed_layout,3,f103,3,f103r.17:0:uncertain,0,sh,uncertain,sar,f103r.17,1.7247921686649734,2.1283661203143946,0.6931364386329532,0.0043214586806960215,0.30254210268635073,0.7687296662788474,0.0025535917061983446,0.2287167420149542,f103r,False,0.0,shey,S,sa,r
0.28951406617566433,1.4236028522949704,1,0,B,crossed_layout,3,f103,3,f103r.21:11:line,11,d,line,lor,f103r.21,0.6909359217898057,2.6791831347036448,0.38039079352478733,0.00015734484911854795,0.6194518616260941,0.8434960707373393,0.0003742338087422114,0.1561296954539185,f103r,True,1.0,dalshy,S,lo,r
0.8418890669239218,1.045090454044896,0,0,B,crossed_layout,3,f103,3,f103r.26:6:paragraph,6,q,paragraph,lotor,f103r.26,1.5108261593282155,1.8523877982237202,0.6485145981701605,0.0005751891794209321,0.3509102126504185,0.7226792778935937,0.00038708525234700973,0.2769336368540594,f103r,False,1.0,qokechy,S,loto,r
0.0011377345178915942,0.0001505605319387358,1,1,B,crossed_layout,3,f103,3,f103r.32:7:paragraph,7,q,paragraph,oraiin,f103r.32,0.035198274635558094,0.012978400150370556,0.0005110764904501442,0.9758976305279331,0.023591292981616777,0.0005883008249386349,0.9910444009457676,0.00836729822929388,f103r,False,1.0,qokeey,S,oraii,n
0.38157270600732973,0.021358629364924046,1,1,B,crossed_layout,3,f103,3,f103v.1:0:uncertain,0,d,uncertain,pol,f103v.1,0.8289802407437498,0.15827737218986657,0.5629270029047742,0.0005645980390556058,0.4365083990561702,0.8960944001202382,0.0011390772098725899,0.10276652266988917,f103v,True,0.0,dar,S,po,l
0.5065609473673038,0.6456885701956132,0,0,B,crossed_layout,3,f103,3,f103v.12:8:uncertain,8,p,uncertain,pchor,f103v.12,1.0113396823208085,1.2133635799593951,0.5026224464480356,0.0012921831833298863,0.49608537036863454,0.5676481661796595,0.0010898594831142655,0.43126197433722624,f103v,True,0.6666666666666666,pchedy,S,pcho,r
0.7681952177410891,0.05977064561529104,0,1,B,crossed_layout,3,f103,3,f103v.20:10:line,10,t,line,lolain,f103v.20,1.4203833219373194,0.2889557120933601,0.013481736146077367,0.3736130305405246,0.612905233313398,0.01880087993280677,0.8184943073741857,0.16270481269300746,f103v,True,1.0,tokain,S,lolai,n
0.06656967401227987,0.007415672215402825,1,1,B,crossed_layout,3,f103,3,f103v.24:11:line,11,s,line,kain,f103v.24,0.29810515171456237,0.09277593455083037,0.008795693156473687,0.8133199166498747,0.1778843901936516,0.0028851158805189283,0.9377167222458823,0.05939816187359868,f103v,False,1.0,sain,S,kai,n
0.9345239763568114,0.08489532830637755,0,1,B,crossed_layout,3,f103,3,f103v.28:8:uncertain,8,a,uncertain,por,f103v.28,1.6638014527383234,0.3335337019738658,0.6827347061729945,0.001658854248397134,0.31560643957860846,0.2056447888987384,0.0007649105270793044,0.7935903005741822,f103v,False,0.8,aiin,S,po,r
0.12959145466761396,0.9666552880276522,1,0,B,crossed_layout,3,f103,3,f103v.29:5:uncertain,5,a,uncertain,sal,f103v.29,0.42826950868380087,1.7182789115932875,0.7431526515069035,0.004658545826397677,0.2521888026666988,0.3039110609678382,0.001745775132698106,0.6943431638994637,f103v,False,0.7142857142857143,araiin,S,sa,l
1.006476781727387,0.9708923157212876,0,0,B,crossed_layout,3,f103,3,f103v.30:9:line,9,o,line,rar,f103v.30,1.7866553189969812,1.7227869782210086,0.7086266993836484,0.001530073114008627,0.28984322750234287,0.6964418403047931,0.0005952637687322794,0.30296289592647474,f103v,True,1.0,okeey,S,ra,r
0.4175806790552711,0.2602077098414868,1,1,B,crossed_layout,3,f103,3,f103v.37:8:line,8,o,line,chetydar,f103v.37,0.8894706969975834,0.6473259594967682,0.4536128003043611,0.006575068858669582,0.5398121308369693,0.359854964122484,0.001682425482503135,0.6384626103950127,f103v,True,1.0,oteey,S,chetyda,r
1.1392128403495145,0.3546771951141724,0,1,B,crossed_layout,3,f103,3,f103v.41:12:line,12,y,line,rar,f103v.41,2.0390253271933916,0.7990911325376937,0.7527583391685737,0.003913589068681952,0.24332807176274437,0.41681501499643925,0.008473865635170564,0.5747111193683903,f103v,False,1.0,yshey,S,ra,r
0.8994571675255688,0.6621077243716527,0,0,B,crossed_layout,3,f105,3,f105r.8:10:line,10,o,line,oesal,f105r.8,1.6298730293678367,1.2459597216939715,0.3231166436892007,0.012711306183648949,0.6641720501271503,0.42162732628731475,0.006047413511889485,0.5723252602007957,f105r,False,1.0,oeeolchy,S,oesa,l
8.141536160941919e-05,0.00011880074157356261,1,1,B,crossed_layout,3,f105,3,f105v.3:10:line,10,o,line,qotaiin,f105v.3,0.009521975252423404,0.011347387946209238,0.0004167088260307851,0.9934216027205323,0.006161688453436984,0.0002614428705343136,0.9921654414360115,0.007573115693454288,f105v,False,1.0,olkeeol,S,qotaii,n
0.19218670704954616,0.5087208213799695,1,0,B,crossed_layout,3,f105,3,f105v.8:10:line,10,l,line,odar,f105v.8,0.536731004630529,1.013299056317696,0.30930515225046723,0.0013637551297332599,0.6893310926197995,0.5040948385044063,0.0004930844989718088,0.495412076996622,f105v,True,1.0,lcheey,S,oda,r
1.1331765252006192,0.38622171894635804,0,1,B,crossed_layout,3,f105,3,f105v.23:1:uncertain,1,k,uncertain,odal,f105v.23,2.0189380838407294,0.8391035310992029,0.2467397255758058,0.0010805641447050893,0.7521797102794892,0.5589908095832314,0.0031476768709666754,0.43786151354580183,f105v,True,0.1111111111111111,kl,S,oda,l
0.8524957665483937,0.8507846363153815,0,0,B,crossed_layout,3,f105,3,f105v.29:1:uncertain,1,o,uncertain,tor,f105v.29,1.5277656341811268,1.5243098951783052,0.6525668810075598,0.0006190413363644103,0.34681407765607586,0.6520878587975284,0.0002663316478839942,0.3476458095545876,f105v,True,0.1,oaldar,S,to,r
0.0002553820800085474,4.850728503063705e-05,1,1,B,crossed_layout,3,f105,3,f105v.31:8:paragraph,8,p,paragraph,daiin,f105v.31,0.01667820657389714,0.007521910457411714,0.00039820810018279044,0.9885061134050348,0.01109567849478235,0.0006071476382223846,0.9947997771915932,0.004593075170184299,f105v,False,1.0,poar,S,daii,n
0.013908126878737367,0.007688468891198421,1,1,B,crossed_layout,3,f105,3,f105v.34:9:line,9,d,line,lkldain,f105v.34,0.131838862838588,0.10444273065692644,0.008540390148226978,0.9126674202896642,0.07879218956210873,0.021263180342037637,0.9301641674395569,0.04857265221840534,f105v,False,1.0,doee,S,lkldai,n
0.22288160916849917,0.011819544463646072,1,1,B,crossed_layout,3,f114,3,f114r.5:7:uncertain,7,k,uncertain,chdol,f114r.5,0.5870584956577347,0.11564806035251232,0.6656988145801167,0.0009493813593766482,0.3333518040605067,0.9229676194285424,0.0003156472340438156,0.07671673333741369,f114r,False,0.6363636363636364,kchedy,S,chdo,l
0.8411917288646726,1.5327861940304306,0,0,B,crossed_layout,3,f114,3,f114r.15:9:uncertain,9,y,uncertain,dalol,f114r.15,1.5154767936502502,3.027296883621131,0.34978084886056376,0.0033842951658157997,0.6468348559736204,0.12265713950211363,0.003820621505007369,0.873522238992879,f114r,False,0.6923076923076923,y,S,dalo,l
0.018039380469371216,0.004669491995853658,1,1,B,crossed_layout,3,f114,3,f114r.23:8:uncertain,8,ch,uncertain,ain,f114r.23,0.15037640083076187,0.07524570276384707,0.008611759141846068,0.9010153559776556,0.09037288488049833,0.005465442846138566,0.9491804539905794,0.04535410316328205,f114r,False,0.8888888888888888,ches,S,ai,n
0.9990340916447014,0.8378055125034106,0,0,B,crossed_layout,3,f114,3,f114r.35:1:uncertain,1,o,uncertain,air,f114r.35,1.8095178703955666,1.5420517067730206,0.01617475322007688,0.6985389948487777,0.2852862519311453,0.019178856231625407,0.6374243931097777,0.34339675065859687,f114r,True,0.08333333333333333,oy,S,ai,r
0.002246522169006434,9.029722157762542e-05,1,1,B,crossed_layout,3,f114,3,f114v.1:9:line,9,d,line,daiin,f114v.1,0.04986572896118752,0.01023615256361316,0.0009370108608011677,0.9660262324084362,0.033036756730762555,0.0007674596341781226,0.9929299509360275,0.00630258942979429,f114v,True,1.0,dshedal,S,daii,n
0.0007252664658842498,0.001501004479999163,1,1,B,crossed_layout,3,f114,3,f114v.8:8:line,8,s,line,qotaiin,f114v.8,0.02843806170521652,0.04061296428094242,0.0009902922131287658,0.9804812442480085,0.01852846353886275,0.0007408795679236097,0.9722417789422848,0.027017341489791572,f114v,True,1.0,soes,S,qotaii,n
1.6510155972556237,1.6796237033521662,0,0,B,crossed_layout,3,f114,3,f114v.34:9:line,9,y,line,air,f114v.34,3.5205441341358052,3.6162291220167613,0.008635143739757966,0.9042262489484991,0.08713860731174296,0.004095281349869482,0.9143579863151455,0.08154673233498508,f114v,False,1.0,yshey,S,ai,r
8.469186074353894e-05,0.00010559778232335044,1,1,A,crossed_layout,3,f6,1,f6v.2:8:line,8,q,line,chaiin,f6v.2,0.009510066891628869,0.010738926756447158,0.0001275187271943014,0.9934298027013703,0.006442678571435351,0.00030935492508714455,0.992583978597839,0.007106666477073794,f6v,False,1.0,qoair,H,chaii,n
0.002753080125461522,0.0017672094481172213,1,1,A,crossed_layout,3,f11,1,f11r.5:9:uncertain,9,d,uncertain,chodl,f11r.5,0.05563093083813529,0.04509713596911419,0.9621735657024267,0.0014945285075802063,0.03633190578999297,0.9692245573108976,0.0022249397416397704,0.028550502947462565,f11r,True,0.9,daiin,H,chod,l
0.3803664493920826,0.7766586656138825,1,0,A,crossed_layout,3,f15,1,f15r.6:5:line,5,d,line,okear,f15r.6,0.8367569692868386,1.4319278533153077,0.43198762200332735,0.008111622941768624,0.5599007550549041,0.6167657493113033,0.012598963871532117,0.3706352868171645,f15r,False,1.0,daiin,H,okea,r
8.905237252138946e-05,5.119743143186224e-06,1,1,A,crossed_layout,3,f16,1,f16r.6:6:line,6,d,line,toaiin,f16r.6,0.009779196585685076,0.0023728244532939943,0.00016860842365792552,0.9932444991443673,0.006586892431974799,9.066546917086144e-05,0.9983566352253358,0.0015526993054932202,f16r,False,1.0,daiin,H,toaii,n
8.469186074353894e-05,0.00017959328285496883,1,1,A,crossed_layout,3,f30,1,f30r.4:7:line,7,ch,line,chaiin,f30r.4,0.009510066891628869,0.01380161163668792,0.0001275187271943014,0.9934298027013703,0.006442678571435351,9.029604371501672e-05,0.9904790656574274,0.00943063829885759,f30r,False,1.0,choko,H,chaii,n
0.8406854076770887,0.45708591702480716,0,1,A,crossed_layout,3,f30,1,f30r.8:6:drawing,6,d,drawing,okeal,f30r.8,1.5135666873577118,0.9449950435393836,0.3502442600917401,0.0028440011130610654,0.6469117387951987,0.5194313361815749,0.0050540659372638195,0.47551459788116124,f30r,True,0.75,dcheo,H,okea,l
1.0991163720188455,1.0794420657641304,0,0,A,crossed_layout,3,f30,1,f30v.2:5:uncertain,5,o,uncertain,keor,f30v.2,1.951784821124249,1.914599801675894,0.7411399380128754,0.00036382592350158794,0.25849623606362304,0.7345596349702099,0.00019486176013114895,0.265245503269659,f30v,False,0.5555555555555556,ol,H,keo,r
0.00012651544093150849,0.0001048582723619864,1,1,A,crossed_layout,3,f35,1,f35r.9:4:line,4,o,line,shorchaiin,f35r.9,0.011594847139819139,0.01051295184204536,0.00010351763929165654,0.9919952742157855,0.007901208144922855,3.9643380691441776e-05,0.9927394630492142,0.007220893570094235,f35r,True,1.0,o,H,shorchaii,n
0.7979477955939525,0.2430947114053565,0,1,A,crossed_layout,3,f35,1,f35r.11:5:uncertain,5,d,uncertain,lchal,f35r.11,1.4684085455309621,0.6463052225291209,0.36138072256324116,0.014190052880973298,0.6244292245557855,0.6389144959088202,0.02639898877865726,0.3346865153125226,f35r,False,0.5555555555555556,dal,H,lcha,l
2.240437143829927e-05,2.7469748450471146e-05,1,1,A,crossed_layout,3,f35,1,f35r.12:7:line,7,q,line,chetchaiin,f35r.12,0.004890615079342512,0.005434085649129096,7.570465049013621e-05,0.9966158232249189,0.0033084721245909446,0.00010937578387280745,0.9962404636727478,0.0036501605433794477,f35r,False,1.0,qokoiin,H,chetchaii,n
8.663963140255182e-05,3.1814385079813484e-06,1,1,A,crossed_layout,3,f35,1,f35v.6:3:line,3,t,line,chcthaiin,f35v.6,0.009733507771919309,0.0019782722899281562,0.0002944131925863429,0.9932759547744489,0.006429632032964701,0.00025801745250689717,0.9986297058514355,0.0011122766960577407,f35v,False,1.0,tcho,H,chcthaii,n
0.0010835042229431786,0.001201179841249857,1,1,A,crossed_layout,3,f35,1,f35v.9:4:line,4,o,line,choiin,f35v.9,0.03448984322063429,0.03605317037984499,0.0007112452626166422,0.9763769600409372,0.02291179469644634,0.0003508641446511209,0.9753195155631328,0.024329620292216043,f35v,False,1.0,okcheey,H,choii,n
0.2831479002964322,0.11707335325832434,1,1,A,crossed_layout,3,f35,1,f35v.13:4:line,4,t,line,chear,f35v.13,0.6875893318488359,0.40470370709209547,0.3733506278548987,0.005758912909880081,0.6208904592352211,0.23918738260107764,0.005421202342164715,0.7553914150567578,f35v,False,1.0,tcheain,H,chea,r
0.9109733840327504,0.996598882717582,0,0,A,crossed_layout,3,f38,1,f38r.2:5:line,5,q,line,cthar,f38r.2,1.6535558276751332,1.7715930516926737,0.6674095592303323,0.014734673091262359,0.3178557676784054,0.7046854394209042,0.0024294113256769514,0.29288514925341885,f38r,False,1.0,qokor,H,ctha,r
1.236664302093721,0.7504752598312904,0,0,A,crossed_layout,3,f38,1,f38r.3:5:line,5,y,line,chokokor,f38r.3,2.237385362298919,1.3741576332495058,0.7847426112456982,0.003187067589402319,0.2120703211648995,0.6108972128922957,0.0033248969118379493,0.38577789019586645,f38r,False,1.0,ychok,H,chokoko,r
2.051662594127048e-05,1.6431886151067838e-06,1,1,A,crossed_layout,3,f38,1,f38v.6:5:drawing,5,d,drawing,daiiin,f38v.6,0.0047063871755238405,0.0013510840768537465,0.00011097157316120387,0.9967430962536556,0.0031459321731831295,6.252424465883787e-05,0.9990639382608073,0.0008735374945336762,f38v,False,0.7142857142857143,dain,H,daiii,n
0.7430724590255668,0.01722641700973478,0,1,B,crossed_layout,3,f41,5,f41v.5:8:line,8,t,line,orain,f41v.5,1.3839335315318435,0.15060086387725446,0.01485067219614101,0.3831726433405636,0.6019766844632954,0.014293282719995094,0.9008751815723843,0.08483153570762052,f41v,False,1.0,tadaiin,H,orai,n
0.23044441808033692,0.3032174586323273,1,1,A,crossed_layout,3,f49,1,f49v.26:0:uncertain,0,ch,uncertain,qokeol,f49v.26,0.5994129792043082,0.7121614096585729,0.6600224584893074,0.001069670321359159,0.3389078711893334,0.6104049600105802,0.0004511592675395243,0.3891438807218802,f49v,False,0.0,chokeeody,H,qokeo,l
9.15475791729812e-05,4.86987954203262e-06,1,1,A,crossed_layout,3,f49,1,f49v.48:6:uncertain,6,d,uncertain,chaiin,f49v.48,0.009883254853465822,0.002311276115090509,0.00012473637269624512,0.9931728612917136,0.006702402335590184,8.408524014338004e-05,0.9983992280816508,0.0015166866782059345,f49v,False,0.8571428571428571,d,H,chaii,n
0.7504136457710735,0.8740719483102293,0,0,B,crossed_layout,3,f75,2,f75r.3:1:drawing,1,o,drawing,chal,f75r.3,1.3810785224777373,1.5676451726453227,0.3839316703643845,0.007116098227375582,0.6089522314082398,0.33735859591273354,0.0031199230271039694,0.6595214810601625,f75r,False,0.125,orchey,B,cha,l
0.11409082375018198,0.2275903386462755,1,1,B,crossed_layout,3,f75,2,f75r.18:4:drawing,4,o,drawing,qol,f75r.18,0.39441309116291196,0.5941048354396083,0.7607988174403705,0.000720367644228207,0.23848081491540138,0.6624553685337837,0.00041886121140859107,0.3371257702548076,f75r,False,0.5,otain,B,qo,l
0.1435512479034518,0.24152665216501346,1,1,B,crossed_layout,3,f75,2,f75r.19:1:uncertain,1,sh,uncertain,qol,f75r.19,0.45062616364264557,0.6168996777886446,0.7317251930671672,0.0007316504960540429,0.26754315643677884,0.6520707097835626,0.0008397397952586821,0.3470895504211785,f75r,False,0.14285714285714285,shey,B,qo,l
0.10681654851432679,0.004368708461038275,1,1,B,crossed_layout,3,f75,2,f75r.28:6:drawing,6,l,drawing,qol,f75r.28,0.37980738361355393,0.06923197755564432,0.7685401927525098,0.0007166762154186091,0.23074313103207156,0.9531452723637692,0.00023619946355759873,0.04661852817267317,f75r,False,0.6,l,B,qo,l
0.03178701409842158,0.0231056169571754,1,1,B,crossed_layout,3,f75,2,f75r.46:6:uncertain,6,ch,uncertain,otol,f75r.46,0.19490852625682603,0.16432484496904004,0.8736282863587619,0.000606710591675845,0.12576500304956242,0.8923460234240875,0.0003407800270188874,0.10731319654889362,f75r,False,0.75,chedy,B,oto,l
0.1396496604935599,0.03155168126903004,1,1,B,crossed_layout,3,f75,2,f75v.13:10:line,10,q,line,taral,f75v.13,0.4746803646077576,0.20279498934420812,0.7196262086767815,0.03593847552459611,0.24443531579862235,0.8688656444091469,0.011913881323133136,0.11922047426771981,f75v,False,1.0,qol,B,tara,l
0.4382449137646207,0.020582725958666094,1,1,B,crossed_layout,3,f75,2,f75v.16:7:uncertain,7,k,uncertain,qolol,f75v.16,0.9136961848005604,0.15535633892816686,0.5308233780833542,0.0021502977860494337,0.4670263241305963,0.8979105657818395,0.0012986263571935191,0.10079080786096703,f75v,False,0.7777777777777778,keedy,B,qolo,l
0.14006016525398957,0.23728109342368747,1,1,B,crossed_layout,3,f75,2,f75v.39:2:uncertain,2,sh,uncertain,qol,f75v.39,0.44417698528338645,0.6101270358797888,0.7350034947499293,0.0007305715308772795,0.2642659337191934,0.6551390114106252,0.000838767735062551,0.3440222208543123,f75v,False,0.18181818181818182,sheedy,B,qo,l
0.09898966001497755,0.07980065360545062,1,1,B,crossed_layout,3,f75,2,f75v.41:10:uncertain,10,ch,uncertain,qol,f75v.41,0.3636970985003187,0.32189568927034534,0.7771704227211105,0.0007121932553601967,0.2221173840235293,0.8000179696914713,0.00046354423299380153,0.19951848607553485,f75v,False,0.7142857142857143,cheey,B,qo,l
1.5362442411462451,0.8988957867209255,0,0,B,crossed_layout,3,f75,2,f75v.42:6:paragraph,6,p,paragraph,charor,f75v.42,3.042721617605764,1.6169711260478938,0.8741872289004353,0.004460048419490418,0.12135272268007416,0.6667786808503436,0.007202110484961128,0.3260192086646953,f75v,False,1.0,pokain,B,charo,r
0.11944781594439043,0.27953499720195263,1,1,B,crossed_layout,3,f75,2,f75v.43:11:line,11,o,line,qol,f75v.43,0.4045394522081483,0.6756251354242924,0.7554774233878383,0.000275878861314181,0.24424669775084742,0.6260608815525062,0.00016846080082633563,0.37377065764666756,f75v,True,1.0,olshees,B,qo,l
0.09813211419029805,0.0016196207603390777,1,1,B,crossed_layout,3,f75,2,f75v.44:8:uncertain,8,k,uncertain,qol,f75v.44,0.36190497024349505,0.04184525689072308,0.7781364304088432,0.0007116665714017745,0.22115190301975496,0.9714116833281654,0.00026413721787476224,0.028324179453959746,f75v,False,0.7272727272727273,keey,B,qo,l
0.10506078529440609,0.19282225054763188,1,1,B,crossed_layout,3,f79,2,f79r.2:5:uncertain,5,sh,uncertain,qol,f79r.2,0.3762307294694846,0.5372425641382997,0.7704478811748778,0.0007157192220469926,0.2288363996030751,0.6890867087740767,0.0008254091886412502,0.31008788203728216,f79r,False,0.625,sheey,B,qo,l
0.0815460258090698,0.03572699247784465,1,1,B,crossed_layout,3,f79,2,f79r.14:9:line,9,q,line,qol,f79r.14,0.3260317123444022,0.20734515608819218,0.7977277045066792,0.0006998407584406106,0.20157245473488025,0.8661296153233163,0.00043303960017949494,0.13343734507650423,f79r,False,1.0,qokl,B,qo,l
0.7245864100237482,1.0473452332479538,0,0,B,crossed_layout,3,f79,2,f79r.20:7:paragraph,7,p,paragraph,chear,f79r.20,1.3439902211934431,1.8748110755300147,0.5976573576243477,0.008413029245156732,0.39392961313049546,0.719910013565139,0.007427349762295123,0.272662636672566,f79r,False,1.0,pol,B,chea,r
0.13109031935272128,0.22622936443847963,1,1,B,crossed_layout,3,f79,2,f79r.25:2:uncertain,2,sh,uncertain,qol,f79r.25,0.4273642062972723,0.59235898683814,0.7436191319346649,0.0007275078780026742,0.2556533601873325,0.6632575109230283,0.0008360116561932071,0.33590647742077845,f79r,False,0.2857142857142857,shey,B,qo,l
1.3287352655460554,0.873110979460897,0,0,B,crossed_layout,3,f79,2,f79r.31:5:uncertain,5,sh,uncertain,cheor,f79r.31,2.4364548664840107,1.560479584697064,0.8149119358594792,0.0003510150516024908,0.18473704908891825,0.6604850198831375,0.0004766210637712169,0.3390383590530915,f79r,True,0.7142857142857143,sheedy,B,cheo,r
0.1271409382705006,0.0021118727509947034,1,1,B,crossed_layout,3,f79,2,f79v.7:2:uncertain,2,k,uncertain,qol,f79v.7,0.41984307493823747,0.047865982603778924,0.7475059277330668,0.0007260150342267332,0.2517680572327065,0.967366187742386,0.0002790727761232478,0.03235473948149072,f79v,False,0.3333333333333333,kedy,B,qo,l
0.0815460258090698,0.13708982943125056,1,1,B,crossed_layout,3,f79,2,f79v.9:5:paragraph,5,p,paragraph,qol,f79v.9,0.3260317123444022,0.43875210158012934,0.7977277045066792,0.0006998407584406106,0.20157245473488025,0.737772489164265,0.0008353453251122091,0.26139216551062283,f79v,False,1.0,pchedy,B,qo,l
0.0191295908096088,0.027296993428594644,1,1,B,crossed_layout,3,f79,2,f79v.41:8:line,8,o,line,orain,f79v.41,0.15161012261183676,0.18275498067797988,0.004034988768341343,0.9002451813531204,0.0957198298785383,0.004434752544901246,0.8810189887991332,0.11454625865596547,f79v,False,1.0,okchedy,B,orai,n
0.07242097394979688,0.007978838548538907,1,1,B,crossed_layout,3,f83,2,f83r.10:7:uncertain,7,s,uncertain,cthal,f83r.10,0.3188873524706675,0.09992202865427412,0.8016879238048324,0.01721259845004395,0.1810994777451235,0.9330834192445594,0.008337627781564437,0.05857895297387611,f83r,False,0.5833333333333334,s,B,ctha,l
1.1414168699322091,1.4620448342361867,0,0,B,crossed_layout,3,f83,2,f83r.13:9:line,9,q,line,ldar,f83r.13,2.072066293272478,2.8025760723882622,0.7485387939704693,0.013642565200814817,0.23781864082871584,0.8533182652634703,0.0033506006812440057,0.14333113405528555,f83r,False,1.0,qokchedy,B,lda,r
0.08798358207513032,0.18944034999618276,1,1,B,crossed_layout,3,f83,2,f83v.4:8:uncertain,8,o,uncertain,qol,f83v.4,0.34024661798552097,0.5310989064217672,0.7899062717203462,0.0007048302286009823,0.20938889805105276,0.6920274132785548,0.0004127299809278874,0.3075598567405173,f83v,False,0.8888888888888888,oly,B,qo,l
0.1569639406090629,0.11757396069714063,1,1,B,crossed_layout,3,f83,2,f83v.13:0:uncertain,0,ch,uncertain,qol,f83v.13,0.47495997370218695,0.4010710566816265,0.7194867512520163,0.000735270230010111,0.2797779785179734,0.7572958581250469,0.000488490872482319,0.24221565100247083,f83v,False,0.0,chey,B,qo,l
0.1464481459056306,0.24502701343808983,1,1,B,crossed_layout,3,f83,2,f83v.14:1:uncertain,1,sh,uncertain,qol,f83v.14,0.4559399702945797,0.6224626164131657,0.7290350235024549,0.0007325009145286882,0.2702324755830165,0.6495612087117897,0.0008405067573234999,0.3495982845308868,f83v,False,0.1111111111111111,shedy,B,qo,l
0.04342742878807653,0.004045895599490918,1,1,B,crossed_layout,3,f83,2,f83v.14:7:uncertain,7,q,uncertain,cheol,f83v.14,0.2307199394199781,0.06669924860740838,0.8522095126575358,0.0008733751499053408,0.146917112192559,0.9548200399344028,0.0004083162967588898,0.044771643768838326,f83v,False,0.7777777777777778,qokeor,B,cheo,l
0.31713092103604373,0.1785720157273001,1,1,B,crossed_layout,3,f83,2,f83v.20:7:paragraph,7,q,paragraph,cheal,f83v.20,0.7426094835920264,0.5154784064287247,0.5976573576243477,0.008413029245156732,0.39392961313049546,0.699560915686543,0.0032900511540075463,0.29714903315944946,f83v,False,1.0,qokeed,B,chea,l
1.4641844494678506,1.2226065560955792,0,0,B,crossed_layout,3,f83,2,f83v.22:5:uncertain,5,o,uncertain,cheor,f83v.22,2.7964411275151577,2.1984896659855706,0.8551890348154996,0.0008690292125269074,0.14394193597197344,0.781583031212093,0.0005513673479903044,0.2178656014399167,f83v,False,0.8333333333333334,ols,B,cheo,r
0.1569639406090629,1.219759936081561,1,0,B,crossed_layout,3,f83,2,f83v.23:0:uncertain,0,a,uncertain,qol,f83v.23,0.47495997370218695,2.193048103655595,0.7194867512520163,0.000735270230010111,0.2797779785179734,0.2186888993798896,0.0007264656335918637,0.7805846349865184,f83v,False,0.0,aiiin,B,qo,l
0.020319211961602787,0.0753827497389396,1,1,B,crossed_layout,3,f83,2,f83v.32:5:line,5,sh,line,sheol,f83v.32,0.15375133983634004,0.31228530051447245,0.8989100476798174,0.0005927776526300402,0.10049717466755244,0.8053650101432696,0.0009884213728045545,0.19364656848392595,f83v,False,1.0,shey,B,sheo,l
0.1287850313194569,0.00890783448669107,1,1,B,crossed_layout,3,f103,3,f103r.12:4:uncertain,4,k,uncertain,qokeol,f103r.12,0.4232147869308567,0.09986072058602517,0.7457609769651113,0.0009672026427056503,0.253271820392183,0.9331230719471988,0.00027938361076073503,0.06659754444204048,f103r,False,0.5,keedy,S,qokeo,l
0.10094601828764221,0.12604668414674583,1,1,B,crossed_layout,3,f103,3,f103r.45:8:uncertain,8,y,uncertain,ltar,f103r.45,0.36915784451142836,0.421507153812942,0.22354178100323105,0.0022239043499421535,0.7742343146468268,0.24866754857325107,0.004688238518555448,0.7466442129081935,f103r,True,0.8888888888888888,y,S,lta,r
0.07375190548243471,0.14101153421640023,1,1,B,crossed_layout,3,f103,3,f103r.46:4:uncertain,4,sh,uncertain,chorol,f103r.46,0.3082988657770414,0.4462985137011404,0.8075934608571874,0.0007530442572073998,0.19165349488560526,0.7339234433208985,0.00109807750013713,0.26497847917896433,f103r,False,0.4,shedy,S,choro,l
0.02696775555754996,0.007641115275140983,1,1,B,crossed_layout,3,f103,3,f103r.50:10:line,10,s,line,qotain,f103r.50,0.1834163320536839,0.09556488995404144,0.006830956036713583,0.8806152100560595,0.11255383390722701,0.004853388956682755,0.9359057200387094,0.059240891004607936,f103r,False,1.0,saiin,S,qotai,n
6.216159500446944e-05,1.3635220479469314e-05,1,1,B,crossed_layout,3,f103,3,f103r.51:3:paragraph,3,p,paragraph,cheosaiin,f103r.51,0.008120304997766255,0.003834053565153211,7.626313715056777e-05,0.994387244188243,0.0055364926746062975,8.81943737133756e-05,0.9973459647767009,0.0025658408495856312,f103r,False,1.0,pchedal,S,cheosaii,n
0.4674345030808076,0.031117878620583402,1,1,B,crossed_layout,3,f103,3,f103r.52:2:uncertain,2,k,uncertain,qol,f103r.52,0.9532814910734448,0.19226661341170173,0.5164564157494399,0.0002009885541636261,0.4833425956963965,0.875229570280049,6.993414235549085e-05,0.12470049557759545,f103r,True,0.2222222222222222,keedy,S,qo,l
0.397852330999512,0.38228279921227376,1,1,B,crossed_layout,3,f103,3,f103v.35:0:uncertain,0,sh,uncertain,qol,f103v.35,0.8527686832423564,0.8301771249821663,0.5537210668552047,0.000535556289775916,0.44574337685501936,0.5624601827975262,0.0006860236441951683,0.4368537935582787,f103v,False,0.0,shey,S,qo,l
1.2443126539913236,1.911084483233786,0,0,B,crossed_layout,3,f105,3,f105v.2:11:line,11,d,line,otor,f105v.2,2.2448094363184685,5.484656443848067,0.788519314697203,0.000498869801543655,0.21098181550125342,0.9773701034027944,0.0002965454448566696,0.022333351152349048,f105v,False,1.0,dshedy,S,oto,r
1.6424063065989476,1.809613478986662,0,0,B,crossed_layout,3,f105,3,f105v.7:6:paragraph,6,f,paragraph,lchedr,f105v.7,3.6575319939216206,4.77485164154413,0.8909132703304706,0.029841494287504277,0.07924523538202521,0.938461369389077,0.025010585452557757,0.03652804515836541,f105v,False,1.0,fodal,S,lched,r
1.1384008979884641,1.09482136095306,0,0,B,crossed_layout,3,f105,3,f105v.18:7:uncertain,7,o,uncertain,opair,f105v.18,2.0584454376307364,1.9866998395573612,0.011065072542282228,0.7488603468616848,0.24007458059603295,0.01588073424592492,0.731803867181292,0.2523153985727831,f105v,True,0.7777777777777778,orair,S,opai,r
0.4564809657583532,0.5386059842163481,1,0,B,crossed_layout,3,f114,3,f114r.15:4:uncertain,4,y,uncertain,chodar,f114r.15,0.9554457649171112,1.0917541573753577,0.47088952509208226,0.013428245729447761,0.5156822291784701,0.506203364051381,0.024606092038113595,0.46919054391050546,f114r,False,0.3076923076923077,y,S,choda,r
3.3607300900066425e-05,2.0498222202348426e-05,1,1,B,crossed_layout,3,f114,3,f114r.18:6:paragraph,6,p,paragraph,daildain,f114r.18,0.006030996512599824,0.004765022442433547,0.00014889111684262152,0.9958283573476464,0.004022751535510996,0.0002014991802212439,0.9967025865768515,0.0030959142429270816,f114r,False,1.0,pairody,S,daildai,n
1.1444900049542825,1.5700691656974914,0,0,B,crossed_layout,3,f114,3,f114r.19:9:uncertain,9,d,uncertain,opair,f114r.19,2.0708959913784457,3.454858881727979,0.011162731692152768,0.7508256327618279,0.2380116355460193,0.04746951851855851,0.8613327898337027,0.09119769164773879,f114r,True,0.8181818181818182,dar,S,opai,r
1.05102194309797,1.3744860237237049,0,0,B,crossed_layout,3,f114,3,f114r.20:0:uncertain,0,ch,uncertain,sair,f114r.20,1.870814798594028,2.5509478579102147,0.0033308447171262966,0.7232501938714142,0.27341896141145944,0.0007122680801200209,0.8286448498963217,0.1706428820235583,f114r,False,0.0,chedaiin,S,sai,r
0.07212991350683615,0.0013564030887827207,1,1,B,crossed_layout,3,f114,3,f114r.31:6:paragraph,6,t,paragraph,orain,f114r.31,0.30720248955299806,0.039290435491956315,0.0038274935246447156,0.8082074248407045,0.18796508163465078,0.0017352907335671133,0.9731334485226921,0.02513126074374071,f114r,False,1.0,tcheodaiin,S,orai,n
4.6694282913676397e-07,1.5299376122622527e-07,1,1,B,crossed_layout,3,f114,3,f114r.37:12:line,12,q,line,chedaiiin,f114r.37,0.0007100189686730431,0.0004138860259635014,1.8189200239628628e-05,0.9995079734385084,0.0004738373612518855,2.1816321497591047e-05,0.9997131572152905,0.00026502646321198507,f114r,False,1.0,qoeedy,S,chedaiii,n
0.10242864993288314,0.21105220435962863,1,1,B,crossed_layout,3,f114,3,f114r.39:8:line,8,y,line,qetchar,f114r.39,0.3724164869962897,0.5738995562248405,0.2250795366149718,0.0024329528672943496,0.7724875105177339,0.3213868846948768,0.006814631903941446,0.6717984834011818,f114r,True,1.0,yteedy,S,qetcha,r
1.5198255641560272,1.55857301158367,0,0,A,crossed_layout,4,f1,1,f1r.4:8:line,8,s,line,okan,f1r.4,6.658956332290957,7.243104369546151,0.3379433233110907,0.009895879632642783,0.6521607970562665,0.6945764774458251,0.006600978573341711,0.29882254398083324,f1r,False,1.0,sair,T,oka,n
1.110285656177183,0.3875888213429415,0,1,A,crossed_layout,4,f1,1,f1v.5:3:drawing,3,d,drawing,cphoal,f1v.5,2.006577379338627,0.8542376259403116,0.2488628212349806,0.012267705683767624,0.7388694730812517,0.5531575585988405,0.013556299635959588,0.4332861417652,f1v,True,0.375,dar,H,cphoa,l
1.1100653256898867,0.6259485781179619,0,0,A,crossed_layout,4,f1,1,f1v.6:5:drawing,5,d,drawing,okal,f1v.6,2.0069190196128215,1.1968819994375313,0.24880389575591647,0.012540243266031365,0.7386558609780521,0.43621703038372356,0.00878736283820049,0.5549956067780758,f1v,False,0.5,dolchey,H,oka,l
0.04994277710579518,0.03261479213962364,1,1,A,crossed_layout,4,f4,1,f4r.3:6:line,6,q,line,shain,f4r.3,0.25534003759647633,0.20165626465580563,0.008736400151341498,0.8377896476417582,0.15347395220690013,0.005685671375570873,0.8695517140933129,0.12476261453111614,f4r,False,1.0,qotchol,H,shai,n
0.00016738275100378254,0.000559625408507488,1,1,A,crossed_layout,4,f4,1,f4v.3:5:drawing,5,o,drawing,qodaiin,f4v.3,0.013424771476814173,0.024621146416087227,0.00023218568058524134,0.9907378182218504,0.009029996097564304,0.000394321337201853,0.9830787223960863,0.016526956266711777,f4v,False,0.7142857142857143,o,H,qodaii,n
0.7205994752977108,0.9747992363547089,0,0,A,crossed_layout,4,f4,1,f4v.10:3:uncertain,3,ch,uncertain,chol,f4v.10,1.3293138720963302,1.7382176929144122,0.3979574605211499,0.003601829987669105,0.5984407094911809,0.2997397463368144,0.0042597739072164995,0.6960004797559691,f4v,False,0.75,chokeody,H,cho,l
0.10532270301460334,0.016122403635119756,1,1,A,crossed_layout,4,f4,1,f4v.12:5:uncertain,5,ch,uncertain,shar,f4v.12,0.3860438791296891,0.1448354105830989,0.2237919321783386,0.01098295735263211,0.7652251104690293,0.08266596469610056,0.012851476016015443,0.904482559287884,f4v,False,0.7142857142857143,char,H,sha,r
0.21775868225368164,1.0087392518577636,1,0,A,crossed_layout,4,f8,1,f8r.1:8:line,8,t,line,shor,f8r.1,0.5780596981740314,1.7875348554997983,0.3298012216844248,0.00033469639699866804,0.6698640819185765,0.7100461958796702,0.0002872251813606102,0.28966657893896913,f8r,True,1.0,tchty,H,sho,r
0.21775868225368164,0.2707490377936723,1,1,A,crossed_layout,4,f8,1,f8r.9:7:line,7,d,line,shor,f8r.9,0.5780596981740314,0.6622978972932927,0.3298012216844248,0.00033469639699866804,0.6698640819185765,0.3677362767125383,0.00039266048340750014,0.6318710628040543,f8r,True,1.0,daiin,H,sho,r
0.9472770160280471,0.8929885377610292,0,0,A,crossed_layout,4,f8,1,f8r.20:5:drawing,5,ch,drawing,kal,f8r.20,1.6968325910748128,1.6034426348303459,0.30846258407307037,0.00669569253190307,0.6848417233950266,0.32909074633523155,0.005447280109993678,0.6654619735547748,f8r,False,0.8333333333333334,chal,H,ka,l
0.003677594032961023,0.005554901357444523,1,1,A,crossed_layout,4,f8,1,f8v.1:8:line,8,sh,line,saiin,f8v.1,0.0641564546775623,0.07887943432197192,0.0012563725866286842,0.9565044232749929,0.04223920413837846,0.0010264435100973942,0.9467927511734444,0.052180805316458086,f8v,True,1.0,shcthal,H,saii,n
0.9151287007794271,0.7488159584154048,0,0,A,crossed_layout,4,f8,1,f8v.4:1:drawing,1,d,drawing,shol,f8v.4,1.6298756750492116,1.3671962874094707,0.3231160511433902,0.0008987324208173387,0.6759852164357925,0.38764385828768455,0.0009356328038656101,0.6114205089084499,f8v,False,0.14285714285714285,dol,H,sho,l
0.6825694892521008,0.4811747797349295,0,1,A,crossed_layout,4,f8,1,f8v.9:1:drawing,1,ch,drawing,orchl,f8v.9,1.2988963956676864,1.0116514406158736,0.40643698742420403,0.019208169667628425,0.5743548429081676,0.49597818068845106,0.028272459426780434,0.4757493598847684,f8v,False,0.2,chokchy,H,orch,l
0.44068837998179367,0.49918500180715597,1,1,A,crossed_layout,4,f8,1,f8v.13:6:line,6,sh,line,satar,f8v.13,0.944257532852725,1.0034672323149998,0.4576967379062104,0.022606322936720418,0.5196969391570692,0.4979687850339337,0.0032314233083871858,0.49879979165767907,f8v,False,1.0,shor,H,sata,r
1.0495957935876135,1.2036902481573142,0,0,A,crossed_layout,4,f17,1,f17v.2:5:line,5,o,line,okal,f17v.2,1.892741179111438,2.19471637476856,0.2692949014812525,0.01271897025300988,0.7179861282657375,0.21843616300373261,0.011686151437340565,0.7698776855589268,f17v,False,1.0,oldaig,H,oka,l
0.6899210793340473,0.9068377661246729,0,0,A,crossed_layout,4,f17,1,f17v.11:3:line,3,o,line,chol,f17v.11,1.2832287632457597,1.6163939327866619,0.4108749374403949,0.00359984438485092,0.5855252181747542,0.326149668486552,0.0009740069527266402,0.6728763245607213,f17v,False,1.0,oy,H,cho,l
0.34062051786532865,0.15910601363302063,1,1,A,crossed_layout,4,f17,1,f17v.12:5:line,5,y,line,chor,f17v.12,0.7721967869240317,0.4794182659840479,0.4108749374403949,0.00359984438485092,0.5855252181747542,0.28136465858458337,0.0013685541657000495,0.7172667872497166,f17v,False,1.0,ykeor,H,cho,r
0.1480034501856131,0.027579103040523304,1,1,A,crossed_layout,4,f17,1,f17v.17:5:line,5,o,line,cthor,f17v.17,0.4611713620897485,0.1809827064795326,0.27043369388856137,0.003170067177494042,0.7263962389339446,0.11695408986353009,0.0009439712864608143,0.8821019388500092,f17v,False,1.0,otor,H,ctho,r
0.04994277710579518,0.3972781692524159,1,1,A,crossed_layout,4,f22,1,f22r.3:8:paragraph,8,p,paragraph,shain,f22r.3,0.25534003759647633,0.8624580578245137,0.008736400151341498,0.8377896476417582,0.15347395220690013,0.00871976850211828,0.5500146464878582,0.44126558501002333,f22r,False,1.0,pchaiin,H,shai,n
0.0005094597455324017,0.0018310011225118117,1,1,A,crossed_layout,4,f22,1,f22v.4:3:drawing,3,o,drawing,saiin,f22v.4,0.023569709448921568,0.04500153454077237,0.0005003441915789822,0.9837954518733635,0.015704203935057507,0.0009293615249382712,0.9692887859382769,0.02978185253678488,f22v,False,0.6,odaiin,H,saii,n
1.1990951621117518,0.5349041004733432,0,0,A,crossed_layout,4,f22,1,f22v.10:4:line,4,s,line,ytal,f22v.10,2.1800222894188095,1.067486769926024,0.22067233969226374,0.01014587344387517,0.7691817868638611,0.4771494881421964,0.011580190089697783,0.5112703217681058,f22v,False,1.0,sokaiin,H,yta,l
0.30655234348038474,0.28955702730891253,1,1,A,crossed_layout,4,f23,1,f23r.1:4:uncertain,4,sh,uncertain,otchol,f23r.1,0.7201108918243588,0.6960994090693238,0.6070507798373221,0.002904585231544882,0.39004463493113295,0.61723877107224,0.004568155359195437,0.3781930735685645,f23r,True,0.36363636363636365,shy,H,otcho,l
0.3964769302646265,0.7095976928791188,1,0,A,crossed_layout,4,f23,1,f23r.9:0:uncertain,0,o,uncertain,okol,f23r.9,0.8520883115922725,1.3070554074062772,0.553982262016462,0.0015600076595209615,0.44445773032401714,0.40414491272235575,0.0004105144395296959,0.5954445728381146,f23r,False,0.0,ok,H,oko,l
1.124957399490559,0.9026810293998959,0,0,A,crossed_layout,4,f23,1,f23v.8:3:uncertain,3,g,uncertain,okal,f23v.8,2.0359555396238127,1.6221962782573065,0.2438463800225155,0.012491694056092476,0.743661925921392,0.32484056813884765,0.006731834153100622,0.6684275977080517,f23v,False,0.375,g,H,oka,l
0.9378928725518467,0.22621606505704628,0,1,B,crossed_layout,4,f31,2,f31v.7:2:uncertain,2,k,uncertain,chol,f31v.7,1.6686332367512033,0.5919876879683067,0.31455119828786354,0.001306194766424386,0.684142606945712,0.6634282320041621,0.0005133705469962919,0.3360583974488417,f31v,False,0.2,keeol,H,cho,l
1.194534416012683,0.5467329614975106,0,0,B,crossed_layout,4,f33,2,f33r.6:8:line,8,d,line,okal,f33r.6,2.1525764657864315,1.0710737826686247,0.22491059569730248,0.004537496593008412,0.7705519077096891,0.4759646117257451,0.0023897591494926704,0.5216456291247622,f33r,False,1.0,dar,H,oka,l
0.010414842436124984,0.0005932808605445221,1,1,B,crossed_layout,4,f33,2,f33v.1:0:uncertain,0,a,uncertain,tar,f33v.1,0.10850419922397601,0.025320605184938928,0.0718706870413006,0.0005800570142071097,0.9275492559444923,0.017043245049715175,0.0003545409990857221,0.9826022139511992,f33v,True,0.0,ar,H,ta,r
0.09345638306153733,0.43863366353915034,1,1,B,crossed_layout,4,f33,2,f33v.3:7:uncertain,7,d,uncertain,okar,f33v.3,0.35545237314587386,0.9144916982461713,0.2138887586062609,0.004486723792787843,0.7816245176009513,0.4671476265453995,0.002321614892674209,0.5305307585619262,f33v,False,0.7,dy,H,oka,r
0.0006686197120011051,0.0015103896751610343,1,1,B,crossed_layout,4,f33,2,f33v.5:2:drawing,2,ch,drawing,okaiin,f33v.5,0.026883252444110443,0.04045760021949968,0.0003600538306251982,0.9815384899137343,0.01810145625564048,0.00034873117422742423,0.9723464854539646,0.027304783371808066,f33v,False,0.16666666666666666,chckhy,H,okaii,n
0.6125783123094812,0.5060915841248164,0,0,B,crossed_layout,4,f33,2,f33v.5:5:drawing,5,cth,drawing,arl,f33v.5,1.2403377614644777,1.0398622983784824,0.42327354845143844,0.04997466435009207,0.5267517871984695,0.4863738946585195,0.02189400279139343,0.4917321025500869,f33v,False,0.4166666666666667,cthy,H,ar,l
0.0789140321458538,0.04622490586995428,1,1,B,crossed_layout,4,f40,2,f40r.5:2:drawing,2,o,drawing,okar,f40r.5,0.3233709614401171,0.2439406672197956,0.19640311780463082,0.004396577339977645,0.7992003048553915,0.14822539350351405,0.007338991232737473,0.8444356152637484,f40r,False,0.2,okol,H,oka,r
1.194534416012683,0.4980520758100902,0,1,B,crossed_layout,4,f40,2,f40v.8:2:line,2,t,line,okal,f40v.8,2.1525764657864315,0.999058657626214,0.22491059569730248,0.004537496593008412,0.7705519077096891,0.5003263508647313,0.001299662004510908,0.4983739871307577,f40v,False,1.0,tchy,H,oka,l
0.0005839521723207075,0.00032065474845197013,1,1,B,crossed_layout,4,f40,2,f40v.12:2:paragraph,2,t,paragraph,okaiin,f40v.12,0.02515447229188781,0.01928210550632765,0.0004017255538002113,0.9827153715786373,0.016882902867562572,0.0013344433827071828,0.9867235824631634,0.011941974154129472,f40v,False,1.0,toees,H,okaii,n
0.11634580538071587,0.05910980228555384,1,1,B,crossed_layout,4,f40,2,f40v.17:4:drawing,4,o,drawing,qokar,f40v.17,0.40736601054434574,0.28885703748444097,0.2360733232845849,0.009927951495038782,0.7539987252203764,0.16045220551978917,0.020997503432798572,0.8185502910474123,f40v,False,0.5714285714285714,okees,H,qoka,r
0.003774946980067564,0.00019924691844420132,1,1,A,crossed_layout,4,f51,1,f51v.1:5:uncertain,5,d,uncertain,saiin,f51v.1,0.06498749873952983,0.014775297863002915,0.0012287398999759874,0.9559536010998532,0.042817659000170885,0.0004299678747002034,0.9898108090795287,0.009759223045771205,f51v,True,0.8333333333333334,dy,H,saii,n
0.7074080227557649,0.5291447619042222,0,0,A,crossed_layout,4,f51,1,f51v.6:6:uncertain,6,d,uncertain,chol,f51v.6,1.3094404625108564,1.0515272307547194,0.4034773346582507,0.0036012850260268995,0.5929213803157224,0.48245716696189145,0.006413648795773308,0.5111291842423353,f51v,False,0.8571428571428571,daiin,H,cho,l
0.8059629067564993,0.3792604872366667,0,1,B,crossed_layout,4,f76,2,f76r.3:8:uncertain,8,q,uncertain,shol,f76r.3,1.4537698815913234,0.8250044184672689,0.3650662282466937,0.0002512139851309798,0.6346825577681753,0.5644804735953515,0.00010797660608163202,0.43541154979856694,f76r,False,0.6666666666666666,qoty,T,sho,l
1.1658881455053123,0.9074928851761472,0,0,B,crossed_layout,4,f76,2,f76r.28:12:line,12,q,line,ytal,f76r.28,2.088867220965583,1.6194202194530318,0.23506518395311796,0.0028621944763294856,0.7620726215705526,0.32546623375586653,0.001857295847862382,0.6726764703962711,f76r,False,1.0,qokar,T,yta,l
0.728133708935045,0.618508750545055,0,0,B,crossed_layout,4,f76,2,f76r.36:5:uncertain,5,ch,uncertain,chol,f76r.36,1.3359851495100254,1.1729281369931093,0.39612148294779376,0.000999219731588906,0.6028792973206173,0.44352024449687644,0.00074737954860972,0.5557323759545139,f76r,False,0.35714285714285715,chdy,T,cho,l
1.2503919150398923,1.0182403561275524,0,0,B,crossed_layout,4,f76,2,f76r.39:9:line,9,q,line,ytal,f76r.39,2.259884269592654,1.8052930252297266,0.20878872784242472,0.0010368846196284315,0.7901743875379469,0.28612291993228395,0.000701520650316025,0.7131755594174,f76r,True,1.0,qolchey,T,yta,l
0.9164029355579297,0.4002863396150113,0,1,B,crossed_layout,4,f76,2,f76r.48:9:line,9,s,line,qokal,f76r.48,1.6475001973333403,0.8620994144151792,0.3191927531738776,0.007871538824609342,0.672935708001513,0.5501513930926688,0.004991716156658438,0.44485689075067286,f76r,False,1.0,saiin,T,qoka,l
0.4983053246746235,0.16969865501716141,1,1,B,crossed_layout,4,f76,2,f76v.3:9:line,9,s,line,okal,f76v.3,1.0243993866975871,0.5057419649107552,0.4916149225643059,0.019009371552679472,0.4893757058830147,0.7042980703347652,0.009035965272868509,0.28666596439236636,f76v,False,1.0,salkeey,B,oka,l
0.00010742529940855347,0.00010727665592422041,1,1,B,crossed_layout,4,f76,2,f76v.23:9:line,9,q,line,saiin,f76v.23,0.011052839412010691,0.01103601738934013,0.0006493785001182189,0.9923680280554664,0.006982593444415194,0.0006344410057987522,0.9923795992706698,0.006985959723531528,f76v,False,1.0,qokeey,B,saii,n
0.32811050680825704,0.3480478231679053,1,1,B,crossed_layout,4,f76,2,f76v.30:8:uncertain,8,ch,uncertain,shtal,f76v.30,0.7619575565910932,0.7873487505669355,0.5896956444436581,0.010747946181351704,0.3995564093749902,0.5794078955804839,0.006947526621484482,0.4136445777980317,f76v,False,0.8,cheedy,B,shta,l
1.2940972059276017,1.3907827202953795,0,0,B,crossed_layout,4,f76,2,f76v.30:10:line,10,s,line,lsan,f76v.30,3.6827776681423163,4.243233590306528,0.3645939138872917,0.07787058808356749,0.5575354980291408,0.3235821748159259,0.052803098853854556,0.6236147263302194,f76v,False,1.0,sair,B,lsa,n
0.0008565142724675256,0.0013903478542249756,1,1,B,crossed_layout,4,f76,2,f76v.37:9:uncertain,9,s,uncertain,saiin,f76v.37,0.031246674043974652,0.040000095735682584,0.0015497491548364585,0.9785743180678661,0.019875932777297274,0.002081296603291104,0.9726548828679573,0.025263820528751587,f76v,True,0.9,sy,B,saii,n
0.4815447231071633,0.26295720978911313,1,1,B,crossed_layout,4,f82,2,f82r.5:3:drawing,3,cth,drawing,qokal,f82r.5,1.0279093896349407,0.6713632410970088,0.4904203025210304,0.04027001168120006,0.46930968579776955,0.6279130750008661,0.019784342214172298,0.3523025827849614,f82r,False,0.42857142857142855,cthol,B,qoka,l
0.4256064871084224,0.1589214234380347,1,1,B,crossed_layout,4,f82,2,f82r.5:7:line,7,s,line,qokal,f82r.5,0.9430081696351558,0.5001727042686981,0.5201471877841854,0.039653585908455614,0.44019922630735886,0.7070221388699908,0.023673250032015928,0.26930461109799325,f82r,False,1.0,sar,B,qoka,l
0.49110954435663945,0.041243864760539505,1,1,B,crossed_layout,4,f82,2,f82v.21:8:uncertain,8,a,uncertain,okar,f82v.21,1.0138805027798767,0.2387004838981313,0.4857324139067039,0.01905513379343525,0.49521245229986094,0.13265201074722,0.01983962242430793,0.8475083668284721,f82v,False,0.8888888888888888,aly,B,oka,r
0.4256064871084224,0.1589214234380347,1,1,B,crossed_layout,4,f82,2,f82v.25:7:line,7,s,line,qokal,f82v.25,0.9430081696351558,0.5001727042686981,0.5201471877841854,0.039653585908455614,0.44019922630735886,0.7070221388699908,0.023673250032015928,0.26930461109799325,f82v,False,1.0,saiin,B,qoka,l
2.1603314518582275e-06,9.004697839289265e-07,1,1,B,crossed_layout,4,f82,2,f82v.32:6:paragraph,6,q,paragraph,roiiin,f82v.32,0.001536508395387213,0.0009984849174994432,5.2271253583592135e-05,0.9989355404772269,0.0010121882691894075,4.387791102423624e-05,0.9993081424384934,0.0006479796504823609,f82v,False,1.0,qody,B,roiii,n
0.8413053638656736,0.6553074518598248,0,0,A,crossed_layout,4,f89,1,f89r1.6:7:uncertain,7,sh,uncertain,okor,f89r1.6,1.5095022520811137,1.2262776131720798,0.648387068957992,0.0003805534252680018,0.35123237761674003,0.5722395859717005,0.0003415798292554184,0.4274188341990442,f89r1,True,0.7777777777777778,sheeos,P,oko,r
0.5345106942549582,0.6787633410303123,0,0,A,crossed_layout,4,f89,1,f89r2.25:9:uncertain,9,ch,uncertain,chol,f89r2.25,1.0535712419189092,1.2665665214086221,0.48177410536538195,0.0025261418788933786,0.5156997527557247,0.41564779942962954,0.003591537666911693,0.5807606629034588,f89r2,False,0.5625,cheol,P,cho,l
0.8374806723703845,0.22745520574716593,0,1,A,crossed_layout,4,f89,1,f89v1.6:9:line,9,q,line,cthol,f89v1.6,1.5074347163148851,0.5962212497272563,0.3517360919026143,0.002331137892300284,0.6459327702050854,0.6614842678574374,0.0025757518761118465,0.33593998026645094,f89v1,False,1.0,qokey,P,ctho,l
0.5476601681928985,0.31395991981311666,0,1,A,crossed_layout,4,f89,1,f89v1.18:4:uncertain,4,d,uncertain,chol,f89v1.18,1.0726312487925422,0.7335956513045948,0.47545105983421226,0.0025315373115460753,0.5220174028542417,0.6014031579927033,0.004823800389759671,0.393773041617537,f89v1,False,0.4444444444444444,dam,P,cho,l
0.8515416425361676,0.7394743893980211,0,0,A,crossed_layout,4,f89,1,f89v1.20:5:uncertain,5,ch,uncertain,okal,f89v1.20,1.5443038411330243,1.3676493076842022,0.3428611057230724,0.00935607572451993,0.6477828185524077,0.38752215345514407,0.008933759647840876,0.603544086897015,f89v1,False,0.8333333333333334,choldy,P,oka,l
0.7360651359604542,1.056672962156724,0,0,A,crossed_layout,4,f90,1,f90r1.6:5:uncertain,5,y,uncertain,chol,f90r1.6,1.352730820633061,1.8757827556814763,0.391550197108999,0.003601888351603051,0.6048479145393979,0.2724790554835533,0.001308492617078679,0.7262124518993681,f90r1,False,0.625,ytod,H,cho,l
1.1034155967968786,0.34138211442767497,0,1,A,crossed_layout,4,f90,1,f90r2.3:5:drawing,5,s,drawing,okal,f90r2.3,1.9940761103043387,0.7805659910253318,0.2510286422830101,0.012561339544162914,0.736410018172827,0.5821383667676567,0.009594922161268097,0.4082667110710752,f90r2,False,0.5555555555555556,saiin,H,oka,l
4.8714354851521344e-05,1.4444406548294663e-06,1,1,A,crossed_layout,4,f90,1,f90r2.5:6:line,6,d,line,rodaiin,f90r2.5,0.0072413325949059965,0.0012684184669038802,0.00014611383578739693,0.9949932664119135,0.004860619752299061,6.12743740127613e-05,0.9991211856995723,0.0008175399264149754,f90r2,False,1.0,daiin,H,rodaii,n
0.19039659527590974,0.939730863845643,1,0,A,crossed_layout,4,f90,1,f90v2.5:8:line,8,s,line,qodar,f90v2.5,0.535987952174186,1.679730998292931,0.3067395942263384,0.0035741853721456113,0.689686220401516,0.68305014705168,0.004809020063471847,0.3121408328848482,f90v2,True,1.0,sal,H,qoda,r
0.974119937970237,1.606000624082078,0,0,A,crossed_layout,4,f90,1,f90v1.1:4:drawing,4,sh,drawing,shol,f90v1.1,1.7276776492928243,3.267754724241061,0.30193760421186094,0.0003312729227396569,0.6977311228653994,0.10382640326625706,0.00014151663145773468,0.8960320801022851,f90v1,True,0.4,shckheo,H,sho,l
0.7686333031019913,0.9514757764806325,0,0,A,crossed_layout,4,f90,1,f90v1.3:4:uncertain,4,o,uncertain,chol,f90v1.3,1.4024924651322612,1.6905433512896257,0.3782750517032011,0.0036000162235780187,0.618124932073221,0.30981022153590027,0.0009053476738061097,0.6892844307902936,f90v1,False,0.36363636363636365,ol,H,cho,l
0.5685926377847124,0.7179194403093372,0,0,A,crossed_layout,4,f90,1,f90v1.9:5:drawing,5,s,drawing,ytol,f90v1.9,1.1010591001401655,1.3215956008570757,0.46617414595883727,0.001265064126347605,0.5325607899148151,0.40009219754370984,0.0015536807712608876,0.5983541216850294,f90v1,False,0.625,sor,H,yto,l
0.25816603491882467,0.17770255583296754,1,1,B,crossed_layout,4,f95,3,f95r2.2:8:uncertain,8,o,uncertain,kar,f95r2.2,0.6444986653129402,0.5134750307751936,0.3582690714227348,0.002015876393686473,0.6397150521835787,0.2966719983965052,0.0027949769186632655,0.7005330246848316,f95r2,False,0.8888888888888888,okam,H,ka,r
1.2100504406149732,0.5868667914514003,0,0,B,crossed_layout,4,f95,3,f95v2.1:8:line,8,s,line,olsain,f95v2.1,2.213905235211314,1.1556827319849545,0.013405864404521154,0.21555004439799524,0.7710440911974836,0.019425266721188578,0.44885372344265334,0.5317210098361581,f95v2,True,1.0,sol,H,olsai,n
0.0006476360234137276,0.008760653191258754,1,1,B,crossed_layout,4,f95,3,f95v2.5:7:uncertain,7,a,uncertain,okaiin,f95v2.5,0.026659438214489746,0.09914684860593351,0.0006459591798010716,0.9816907738794755,0.01766326694072362,0.00046454868463635175,0.9335849126204658,0.0659505386948977,f95v2,False,0.875,ar,H,okaii,n
0.8524584443065545,0.25103638848951537,0,1,B,crossed_layout,4,f95,3,f95v1.9:4:uncertain,4,k,uncertain,shol,f95v1.9,1.5266267663645727,0.6310685103440009,0.3470879618232659,9.942737279525705e-05,0.6528126108039388,0.645698011676198,3.3038982003741674e-05,0.35426894934179815,f95v1,True,0.4,kshed,H,sho,l
0.2859437407768382,0.18393926882984057,1,1,B,crossed_layout,4,f104,3,f104r.11:6:uncertain,6,o,uncertain,okar,f104r.11,0.6936000898629014,0.5315699294810469,0.3744370458824811,0.00725395426702576,0.6183089998504931,0.29807807295775907,0.010120415742036171,0.6918015113002048,f104r,False,0.8571428571428571,olkeedy,S,oka,r
0.9462319930167824,0.641486110063716,0,0,B,crossed_layout,4,f104,3,f104r.14:9:line,9,s,line,oeeal,f104r.14,1.6940904473405645,1.215705739465846,0.30904943928775774,0.006275503680236922,0.6846750570320054,0.4305624052450136,0.006243171349648619,0.5631944234053378,f104r,False,1.0,sor,S,oeea,l
0.28835867352063643,0.1849025763561319,1,1,B,crossed_layout,4,f104,3,f104r.17:8:uncertain,8,o,uncertain,okar,f104r.17,0.6973240862442166,0.5332624199464924,0.3760301497304703,0.00725481946202228,0.6167150308075074,0.2988519152659624,0.010157681047384437,0.6909904036866532,f104r,False,0.8888888888888888,ody,S,oka,r
0.5118653229445526,0.22639096376997192,0,1,B,crossed_layout,4,f104,3,f104r.23:2:uncertain,2,k,uncertain,chol,f104r.23,1.0199436728056113,0.5924255177463748,0.4931356053820104,0.0019386077809902392,0.5049257868369994,0.6632269250362793,0.0006563855425143626,0.33611668942120637,f104r,False,0.16666666666666666,kechdy,S,cho,l
0.47631615515054704,0.21475562412253146,1,1,B,crossed_layout,4,f104,3,f104r.23:6:uncertain,6,k,uncertain,chol,f104r.23,0.9685298720492671,0.5735126893242298,0.5110265413544282,0.0019237578485438577,0.487049700797028,0.6719786541505317,0.0006726505245795913,0.32734869532488864,f104r,False,0.5,keeody,S,cho,l
0.4541635331256434,0.36886515885282545,1,1,B,crossed_layout,4,f104,3,f104r.35:5:uncertain,5,ch,uncertain,chol,f104r.35,0.9364544808368677,0.812227914329827,0.5225154202623632,0.0019129765492864738,0.47557160318835023,0.5695017126628273,0.00209192967798826,0.42840635765918433,f104r,False,0.7142857142857143,cheol,S,cho,l
1.180060487660989,1.0658814576820934,0,0,B,crossed_layout,4,f104,3,f104r.37:9:line,9,o,line,qotir,f104r.37,2.3540110417807125,2.048437115206718,0.07856758477837755,0.7258309668443944,0.19560144837722812,0.060177742414002734,0.6980764316806823,0.24174582590531496,f104r,False,1.0,okaiin,S,qoti,r
0.6675478411436989,1.5375264797342534,0,0,B,crossed_layout,4,f104,3,f104r.40:4:uncertain,4,a,uncertain,oiinol,f104r.40,1.260398664068337,3.0717271049380868,0.4174285945317058,0.009804195846267115,0.5727672096220272,0.11893728016663876,0.008605900309346553,0.8724568195240147,f104r,False,0.4,al,S,oiino,l
3.18463617173504e-06,1.0368921004020238e-06,1,1,B,crossed_layout,4,f104,3,f104r.40:10:line,10,q,line,qotaiiin,f104r.40,0.001882394575216958,0.0010644977132120159,8.880074258238408e-05,0.9986960743582378,0.0012151248991798898,3.648624753950219e-05,0.9992624185583947,0.0007010951940656595,f104r,False,1.0,qoteey,S,qotaiii,n
0.2629143175088993,0.5567414172390008,1,0,B,crossed_layout,4,f104,3,f104r.42:2:paragraph,2,t,paragraph,cholkar,f104r.42,0.6667907601731495,1.108335702556059,0.35454659793920934,0.015547060877972467,0.6299063411828182,0.5186071360880482,0.017564067150873424,0.46382879676107835,f104r,False,1.0,tsheodl,S,cholka,r
1.3748900827880355,0.6462235459315888,0,0,B,crossed_layout,4,f104,3,f104v.22:11:line,11,t,line,tal,f104v.22,2.553776167614809,1.2143814001269366,0.1703086754647696,0.0011377086490644073,0.8285536158861659,0.4309578266687845,0.0012279051492506943,0.5678142681819648,f104v,True,1.0,tchey,S,ta,l
0.3523476834126948,0.015438187073150356,1,1,B,crossed_layout,4,f104,3,f104v.24:9:uncertain,9,a,uncertain,qokar,f104v.24,0.8042261976685934,0.1396145812817764,0.4116934584181247,0.01563738744073318,0.5726691541411421,0.08270000215840524,0.009538364671968924,0.9077616331696259,f104v,False,0.9,ary,S,qoka,r
0.27118883613931705,0.44639052912615057,1,1,B,crossed_layout,4,f108,3,f108r.3:9:line,9,y,line,chokedal,f108r.3,0.6713537026751419,0.9471982921214819,0.6279172264808633,0.007827399352887322,0.36425537416624937,0.5186386787663847,0.018388682852772297,0.4629726383808431,f108r,False,1.0,ychedaiin,S,chokeda,l
0.893995459181482,0.5265541514357711,0,0,B,crossed_layout,4,f108,3,f108r.24:7:uncertain,7,ch,uncertain,okal,f108r.24,1.5990987552859997,1.0413078248353522,0.3300831146481842,0.0026840761786824183,0.6672328091731334,0.4858868102732053,0.0020217015064468496,0.5120914882203479,f108r,True,0.6363636363636364,chdar,S,oka,l
0.00015020922278396077,0.00013083174780248078,1,1,B,crossed_layout,4,f108,3,f108r.28:4:paragraph,4,p,paragraph,okaiin,f108r.28,0.012858472455806593,0.012219437920655383,0.0004298387767405684,0.9911267874564237,0.008443373766835797,0.0007435314409827702,0.99156589934176,0.007690569217257338,f108r,False,1.0,polchedy,S,okaii,n
0.7518913129323683,1.2659893393850454,0,0,B,crossed_layout,4,f108,3,f108r.31:9:line,9,y,line,qokal,f108r.31,1.3810418290614512,2.323029418683707,0.38394143538288256,0.005871144593211231,0.6101874200239061,0.19984738236313399,0.009165179456302684,0.7909874381805633,f108r,True,1.0,ykedar,S,qoka,l
0.9104102739521914,0.980601493332373,0,0,B,crossed_layout,4,f108,3,f108r.40:0:uncertain,0,a,uncertain,okor,f108r.40,1.621802963380029,1.7391322298808263,0.6743063274882716,0.0007645326081796153,0.3249291399035489,0.6999791334169583,0.0004710676740711694,0.2995497989089706,f108r,False,0.0,aiin,S,oko,r
0.7643407942295097,0.2485763224179115,0,1,B,crossed_layout,4,f108,3,f108v.5:9:uncertain,9,d,uncertain,qokal,f108v.5,1.4001613831210498,0.6301187745041004,0.37888675612991374,0.00586965005793945,0.6152435938121468,0.6461232189592337,0.0026783001694226237,0.35119848087134364,f108v,True,0.9,dam,S,qoka,l
1.6803925097217987,1.9184287642402058,0,0,B,crossed_layout,4,f108,3,f108v.28:12:uncertain,12,a,uncertain,tan,f108v.28,8.310898206695171,9.660039285394014,0.19034712120329556,0.003148983237828768,0.8065038955588757,0.03996133495648609,0.0012360567648228085,0.9588026082786911,f108v,False,0.9230769230769231,al,S,ta,n
0.337337057504374,0.042440945187271,1,1,B,crossed_layout,4,f108,3,f108v.45:10:line,10,s,line,aral,f108v.45,0.7733656644915547,0.23266189787885994,0.5850510153159462,0.008649107055234072,0.4062998776288198,0.8510631566450871,0.006764395857413084,0.14217244749749985,f108v,False,1.0,saiin,S,ara,l
0.3163323037679001,0.3982460137182614,1,1,B,crossed_layout,4,f112,3,f112r.5:8:uncertain,8,o,uncertain,oain,f112r.5,0.7425202215815617,0.8650774580417383,0.009374921133602283,0.5976943368515589,0.3929307420148389,0.009658939395348457,0.5490169294803124,0.4413241311243392,f112r,False,0.8888888888888888,oy,S,oai,n
0.3513883499112417,0.11380824772343244,1,1,B,crossed_layout,4,f112,3,f112r.9:8:uncertain,8,y,uncertain,qokar,f112r.9,0.8027866686148787,0.4143377332410956,0.41112093801783073,0.01563821023245151,0.5732408517497178,0.22564204778375677,0.023994083335652703,0.7503638688805905,f112r,False,0.8888888888888888,y,S,qoka,r
0.26194561549809176,0.00943276769421732,1,1,B,crossed_layout,4,f112,3,f112r.34:5:uncertain,5,a,uncertain,qokar,f112r.34,0.6547053263500711,0.10509217957296203,0.35893742553294994,0.005857354377031257,0.6352052200900188,0.06698027784516902,0.003274186611098717,0.9297455355437323,f112r,True,0.5,aram,S,qoka,r
0.771460149262641,0.9701450164986753,0,0,B,crossed_layout,4,f112,3,f112r.38:7:uncertain,7,o,uncertain,okal,f112r.38,1.4137575815457535,1.744133241354865,0.37533283688286084,0.007254450637246919,0.6174127124798923,0.2985132260469715,0.010141364483888428,0.6913454094691401,f112r,False,0.875,okedy,S,oka,l
0.2802263519814853,0.012487262205605412,1,1,B,crossed_layout,4,f112,3,f112v.17:8:line,8,s,line,otaldal,f112v.17,0.6841754650300337,0.12221768545800822,0.622361419568382,0.006734137284723003,0.3709044431468949,0.9187742409554183,0.004621031090647777,0.07660472795393393,f112v,False,1.0,saiin,S,otalda,l
0.009670274123270498,0.021019089792631413,1,1,B,crossed_layout,4,f112,3,f112v.22:5:paragraph,5,y,paragraph,chetain,f112v.22,0.1075109559855757,0.15783904355546072,0.004802577956348767,0.928188059855271,0.0670093621883804,0.002272236234158321,0.8963666984914352,0.10136106527440653,f112v,False,1.0,ycheol,S,chetai,n
0.053257454360956386,0.0026677971301370925,1,1,B,crossed_layout,4,f112,3,f112v.31:0:uncertain,0,a,uncertain,tar,f112v.31,0.2595815456621064,0.054466787841991514,0.16165460273349008,0.0030152250848494715,0.8353301721816605,0.03597155575321306,0.0010781657759711813,0.9629502784708157,f112v,False,0.0,aiin,S,ta,r
0.6948393328786266,0.9212103037375252,0,0,B,crossed_layout,4,f112,3,f112v.31:4:paragraph,4,t,paragraph,arar,f112v.31,1.2993831648355196,1.6585690593206526,0.5850510153159462,0.008649107055234072,0.4062998776288198,0.6740169701200982,0.009229864724249885,0.31675316515565194,f112v,False,1.0,tchedor,S,ara,r
0.42552159226712394,0.17910290722835348,1,1,B,crossed_layout,4,f112,3,f112v.33:9:line,9,s,line,chol,f112v.33,0.8948734981133717,0.5147210475253229,0.5377943493501746,0.0018971349197864284,0.460308515730039,0.6999282544271702,0.0016473144477313778,0.29842443112509853,f112v,False,1.0,saiin,S,cho,l
0.445461893902935,0.20467624665281015,1,1,B,crossed_layout,4,f112,3,f112v.37:8:uncertain,8,k,uncertain,chol,f112v.37,0.9238379959232623,0.5569163449081846,0.527104898338084,0.001908398300741403,0.47098670336117443,0.6797535355172124,0.0006874306907034509,0.319559033792084,f112v,False,0.8,kedy,S,cho,l
1.4921499591799972,1.599982120719489,0,0,A,crossed_layout,4,f1,1,f1r.2:10:line,10,s,line,dan,f1r.2,7.6824050827141,7.804474876124895,0.4396050793838644,0.004868168829325726,0.5555267517868099,0.735851328229049,0.004473206650192133,0.259675465120759,f1r,False,1.0,syaiir,T,da,n
0.21063488562645674,0.5636967295858064,1,1,A,crossed_layout,4,f1,1,f1r.4:4:uncertain,4,d,uncertain,cthiar,f1r.4,0.6704485592127634,1.3695344721654568,0.2271127099496629,0.14457598617543702,0.6283113038749001,0.3004563797448679,0.31252750992591427,0.3870161103292178,f1r,False,0.5,daiin,T,cthia,r
0.41869739305083475,0.43946165312599295,1,1,A,crossed_layout,4,f1,1,f1r.11:6:uncertain,6,e,uncertain,cphodal,f1r.11,0.9050638896779573,0.9179847863360527,0.5340090549359066,0.017384652153935524,0.448606292910158,0.5292477784891153,0.004021218825486335,0.46673100268539847,f1r,True,0.8571428571428571,es,T,cphoda,l
0.33476241287285924,0.062051740478704834,1,1,A,crossed_layout,4,f1,1,f1r.18:5:uncertain,5,a,uncertain,dar,f1r.18,0.7649764526412286,0.29367646034794576,0.4066644146932366,0.00487261200943093,0.5884629732973325,0.16681785586097927,0.017361714936426534,0.8158204292025941,f1r,False,0.625,ain,T,da,r
0.3154898247195978,0.6266773504054975,1,0,A,crossed_layout,4,f1,1,f1r.22:9:line,9,y,line,dar,f1r.22,0.7323032269915719,1.1849258661832458,0.39627845635424147,0.0017793830923746117,0.601942160553384,0.5593795893715867,0.0007732714184712982,0.4398471392099421,f1r,True,1.0,ydoin,T,da,r
0.41925875386810313,0.6937246432318402,1,0,A,crossed_layout,4,f1,1,f1r.24:9:line,9,y,line,ctholdar,f1r.24,0.9138446634707392,1.3020628941409806,0.44555614356742557,0.023675106591093887,0.5307687498414805,0.5832874674833559,0.011166634844934015,0.40554589767171,f1r,False,1.0,ycheey,T,ctholda,r
0.6226761380709196,0.17694625552658322,0,1,A,crossed_layout,4,f1,1,f1r.25:8:line,8,d,line,dal,f1r.25,1.1857200389924467,0.5254092461925486,0.4396050793838644,0.004868168829325726,0.5555267517868099,0.6947620003265763,0.016253863420482316,0.2889841362529413,f1r,False,1.0,dcheo,T,da,l
0.6905016441518899,0.23919741218397206,0,1,A,crossed_layout,4,f1,1,f1v.3:7:line,7,d,line,dal,f1v.3,1.2878172304538564,0.6336687462157111,0.4095702325379679,0.005740637299674618,0.5846891301623575,0.6445352884718317,0.020149567250766175,0.33531514427740217,f1v,False,1.0,dol,H,da,l
0.254080362149495,0.0034354689363722156,1,1,A,crossed_layout,4,f1,1,f1v.8:1:uncertain,1,k,uncertain,kol,f1v.8,0.6367160335167773,0.06117323457137743,0.6431753258212852,0.0007967550091581134,0.3560279191695567,0.9584843396062465,0.00014055771143402468,0.04137510268231966,f1v,False,0.1111111111111111,kechy,H,ko,l
0.2678561292927597,0.2745162306974527,1,1,A,crossed_layout,4,f1,1,f1v.9:5:drawing,5,sh,drawing,dar,f1v.9,0.6637896359926078,0.670363681865666,0.3630749681078032,0.005706982610718707,0.6312180492814781,0.3693043625708358,0.0023473673459566266,0.6283482700832076,f1v,False,0.45454545454545453,shol,H,da,r
0.9648399997274777,0.8494268142686262,0,0,A,crossed_layout,4,f4,1,f4r.9:3:uncertain,3,a,uncertain,kor,f4r.9,1.7128363139718912,1.527377818345983,0.6941883501850836,0.0007519125873724536,0.30505973722754387,0.6502991309276678,0.0027935505949623256,0.3469073184773699,f4r,False,0.75,aiin,H,ko,r
0.002562831193426731,0.0053670888853964,1,1,A,crossed_layout,4,f4,1,f4r.9:4:line,4,o,line,aiin,f4r.9,0.05324895739294745,0.07716642340889954,0.0008961308617578056,0.9637634823977528,0.03534038674048946,0.0005634983504536924,0.9479176109165155,0.051518890733030835,f4r,False,1.0,odal,H,aii,n
6.974302964951014e-06,2.476705762844399e-05,1,1,A,crossed_layout,4,f4,1,f4r.10:3:line,3,q,line,cphaiin,f4r.10,0.0027086496154857987,0.005100628433975621,1.6792925340802153e-05,0.998124268543088,0.0018589385315712565,2.0529629706169315e-05,0.996470756254413,0.0035087141158810296,f4r,False,1.0,qotchoiin,H,cphaii,n
0.11262691889991115,0.030528069700262193,1,1,A,crossed_layout,4,f4,1,f4v.11:4:uncertain,4,d,uncertain,qotol,f4v.11,0.39229463395783876,0.19195647507062652,0.7619167970527448,0.0015650046309472793,0.23651819831630796,0.8754177399330658,0.0020957796516295683,0.12248648041530455,f4v,False,0.8,daiin,H,qoto,l
0.5606894879769865,0.5512638256295304,0,0,A,crossed_layout,4,f8,1,f8r.2:8:line,8,ch,line,al,f8r.2,1.116041644296394,1.117424193897902,0.461357928748975,0.018834941605709556,0.5198071296453155,0.4609160164453736,0.029389421895328317,0.5096945616592982,f8r,False,1.0,chodar,H,a,l
0.3402638489031108,0.16475072894366272,1,1,A,crossed_layout,4,f8,1,f8r.16:7:line,7,ch,line,dar,f8r.16,0.7742583241734995,0.4996906200860267,0.4095702325379679,0.005740637299674618,0.5846891301623575,0.28091499871588155,0.011826567747497314,0.7072584335366212,f8r,False,1.0,chol,H,da,r
0.2533683592901411,0.26453668559442955,1,1,A,crossed_layout,4,f8,1,f8r.19:3:drawing,3,sh,drawing,dar,f8r.19,0.6410171629579321,0.654813826941182,0.35304680923118953,0.005692518162376501,0.6412606726064339,0.36252063121846856,0.002321918697185152,0.6351574500843462,f8r,False,0.3333333333333333,shol,H,da,r
0.2533683592901411,0.20836521038830833,1,1,A,crossed_layout,4,f8,1,f8v.5:2:drawing,2,o,drawing,dar,f8v.5,0.6410171629579321,0.5637198033060392,0.35304680923118953,0.005692518162376501,0.6412606726064339,0.3220978943996286,0.0013466038834849313,0.6765555017168865,f8v,False,0.3333333333333333,otchar,H,da,r
0.3402638489031108,0.8576377005728312,1,0,A,crossed_layout,4,f8,1,f8v.5:6:line,6,d,line,dar,f8v.5,0.7742583241734995,1.5764104519569455,0.4095702325379679,0.005740637299674618,0.5846891301623575,0.6445352884718317,0.020149567250766175,0.33531514427740217,f8v,False,1.0,daiin,H,da,r
0.4437910861843056,0.4816267461750258,1,1,A,crossed_layout,4,f8,1,f8v.6:6:line,6,sh,line,ar,f8v.6,0.943951673017612,0.9869082318527304,0.461357928748975,0.018834941605709556,0.5198071296453155,0.4858727294401211,0.009569360318636474,0.5045579102412424,f8v,False,1.0,sho,H,a,r
0.03135337375504407,0.017602150360694804,1,1,A,crossed_layout,4,f8,1,f8v.11:0:paragraph,0,p,paragraph,sorain,f8v.11,0.19561890265517035,0.14576646488606038,0.0032538306789415138,0.8731982217009214,0.12354794762013724,0.004754660861322408,0.9038990328472304,0.09134630629144733,f8v,False,0.0,pchar,H,sorai,n
0.9194652653321922,0.9365859527016631,0,0,A,crossed_layout,4,f8,1,f8v.12:3:drawing,3,sh,drawing,dal,f8v.12,1.6396328801875162,1.6654353390776142,0.3209381325055,0.0020566862078892187,0.6770051812866107,0.3152492101265296,0.0008636920968831185,0.6838870977765872,f8v,True,0.42857142857142855,shear,H,da,l
0.0015801561961064953,1.3939840974876083e-05,1,1,A,crossed_layout,4,f8,1,f8v.16:7:line,7,d,line,raiin,f8v.16,0.041383347020540855,0.003932233701564497,0.0003409429225656802,0.9717227514823574,0.027936305595076965,0.0001721117649423065,0.9972780944172018,0.0025497938178560037,f8v,False,1.0,dain,H,raii,n
0.13151153737103088,0.04603527979007689,1,1,A,crossed_layout,4,f17,1,f17r.1:2:uncertain,2,ch,uncertain,ydar,f17r.1,0.4292723527686438,0.2405088750696242,0.25548366637203546,0.001880081814272,0.7426362518136926,0.14980867990370125,0.003744623577055711,0.8464466965192431,f17r,True,0.2222222222222222,chog,H,yda,r
0.002562831193426731,0.0025838345057278113,1,1,A,crossed_layout,4,f17,1,f17v.7:6:line,6,q,line,aiin,f17v.7,0.05324895739294745,0.05329067557934219,0.0008961308617578056,0.9637634823977528,0.03534038674048946,0.0006511183835922476,0.9637356138031135,0.03561326781329431,f17v,False,1.0,qokeey,H,aii,n
0.7976709481848471,1.6574713254732636,0,0,A,crossed_layout,4,f23,1,f23r.1:11:line,11,t,line,dal,f23r.1,1.4444811206857997,3.487256961347778,0.367424282277834,0.0020881690082149855,0.630487548713951,0.08917252249349977,0.0009573135582802721,0.90987016394822,f23r,True,1.0,to,H,da,l
0.8055845151791912,0.31728351304812275,0,1,A,crossed_layout,4,f23,1,f23v.1:3:uncertain,3,d,uncertain,al,f23v.1,1.466339902260286,0.7472195339550619,0.3618992687521771,0.0069400483075162936,0.6311606829403066,0.5957506254085613,0.012181040703146101,0.39206833388829265,f23v,True,0.3,dy,H,a,l
0.991200616233767,1.4229521189528453,0,0,A,crossed_layout,4,f23,1,f23v.3:7:drawing,7,d,drawing,okeeor,f23v.3,1.7588946457579242,2.6809534785257854,0.7034509432559021,0.001074593481410504,0.29547446326268745,0.8429178667697329,0.001143908402425193,0.15593822482784173,f23v,False,0.7777777777777778,daiin,H,okeeo,r
0.7595252954588347,0.869574377686285,0,0,A,crossed_layout,4,f23,1,f23v.4:4:drawing,4,o,drawing,dal,f23v.4,1.3924856366693599,1.5567270445615633,0.38090796564311014,0.005726272138227162,0.6133657622186628,0.3399213669353893,0.0013915758253156018,0.6586870572392951,f23v,False,0.6666666666666666,otchor,H,da,l
1.006522083738272,0.4851319806904625,0,1,B,crossed_layout,4,f31,2,f31r.6:7:line,7,y,line,dal,f31r.6,1.7849954440847382,0.9797366945863146,0.2901768949498506,0.000829059987164197,0.7089940450629852,0.5070722769099327,0.0008367351885118565,0.49209098790155537,f31r,True,1.0,ykeedar,H,da,l
1.0560837624549584,1.1428077339370708,0,0,B,crossed_layout,4,f31,2,f31r.11:2:uncertain,2,ch,uncertain,dal,f31r.11,1.877181817431442,2.044221442917978,0.2722149454461523,0.0022455073755854897,0.7255395471782621,0.24245325996388384,0.0032789366851188268,0.7542678033509973,f31r,False,0.25,chey,H,da,l
0.21798850117119095,0.12707945178649574,1,1,B,crossed_layout,4,f31,2,f31r.12:5:line,5,o,line,dar,f31r.12,0.5805596923773175,0.4201165031964771,0.32897764279478087,0.0023180534354162625,0.6687043037698028,0.2515021957630216,0.001133534907617673,0.7473642693293608,f31r,False,1.0,olsheor,H,da,r
0.19258851598007698,0.009640386205187243,1,1,B,crossed_layout,4,f31,2,f31v.1:6:uncertain,6,a,uncertain,ar,f31v.1,0.5388942480181474,0.10670953409779799,0.3089056789775554,0.002796068652424054,0.6882982523700205,0.06739448724314907,0.0039016981124475646,0.9287038146444034,f31v,True,0.6,ar,H,a,r
0.017965642886237504,0.0022683923068356963,1,1,B,crossed_layout,4,f31,2,f31v.5:3:paragraph,3,p,paragraph,aiin,f31v.5,0.1449719806992046,0.050558340001424264,0.0016727641724055486,0.904396942135144,0.09393029369245055,0.0015744226604103237,0.9655625724983846,0.032863004841205065,f31v,False,1.0,pcheeody,H,aii,n
0.10606441340965278,0.05180073086857224,1,1,B,crossed_layout,4,f31,2,f31v.6:10:line,10,o,line,otar,f31v.6,0.3782008309442481,0.25353193277890884,0.22996964303552314,0.0006338584885934328,0.7693964984758833,0.16071116508634536,0.000448541712512495,0.8388402932011422,f31v,True,1.0,olkeedam,H,ota,r
0.9151886607054242,1.6842368618397239,0,0,B,crossed_layout,4,f33,2,f33r.4:3:uncertain,3,a,uncertain,al,f33r.4,1.6450540378073653,3.6975831296234944,0.31973441907348454,0.007682215328028173,0.6725833655984873,0.07707553829563582,0.010600545397935273,0.9123239163064288,f33r,False,0.25,aiiin,H,a,l
0.21017958028712963,0.010434503533390174,1,1,B,crossed_layout,4,f33,2,f33v.1:7:uncertain,7,a,uncertain,ar,f33v.1,0.5682670025048231,0.11115657949307842,0.3227592223351299,0.002814339518145333,0.6744264381467248,0.07013911494870817,0.0040153524315675315,0.9258455326197242,f33v,True,0.7777777777777778,aiin,H,a,r
1.0618549447947059,0.46820498704660607,0,1,B,crossed_layout,4,f33,2,f33v.4:2:drawing,2,q,drawing,dal,f33v.4,1.8877200733241402,0.9559199680569751,0.2702337789877984,0.0022422145780064883,0.7275240064341951,0.5155127561153567,0.0012942986228740684,0.4831929452617692,f33v,False,0.2222222222222222,qokar,H,da,l
0.1308970604741987,0.009348194630038185,1,1,B,crossed_layout,4,f33,2,f33v.8:0:uncertain,0,a,uncertain,dar,f33v.8,0.42842832960335775,0.10404650763714932,0.2547146755095294,0.002214479385984182,0.7430708451044863,0.06708614172874915,0.002494194653166193,0.9304196636180847,f33v,False,0.0,ar,H,da,r
0.2580761262019168,0.01662752469007236,1,1,B,crossed_layout,4,f33,2,f33v.9:9:uncertain,9,a,uncertain,ar,f33v.9,0.6507359166251075,0.1461309550415609,0.3552663575695835,0.007778321628178909,0.6369553208022376,0.08496494031092254,0.011364363860172507,0.903670695828905,f33v,False,0.6923076923076923,aiin,H,a,r
0.019111291446489764,0.012004573730499665,1,1,B,crossed_layout,4,f33,2,f33v.9:10:drawing,10,o,drawing,aiin,f33v.9,0.14966063237876348,0.1167132847173967,0.0015884119703144322,0.9014624902349709,0.09694909779471456,0.00048059945063969484,0.9222863911070974,0.07723300944226298,f33v,False,0.7692307692307693,okain,H,aii,n
0.1533875071687173,0.5497197659360212,1,0,B,crossed_layout,4,f40,2,f40r.2:3:drawing,3,y,drawing,dar,f40r.2,0.47003951089010376,1.0749609239026607,0.2758038409899834,0.002251333322883007,0.7219448256871336,0.5232192490054258,0.0020968336485036637,0.47468391734607057,f40r,False,0.3,ykchey,H,da,r
0.15606952232077737,0.5467664851664156,1,0,B,crossed_layout,4,f40,2,f40r.4:3:drawing,3,q,drawing,dar,f40r.4,0.47486878645381336,1.0694833643834036,0.2782126271548536,0.0022551441438504586,0.7195322287012959,0.5222084380631888,0.0013019603828988429,0.4764896015539123,f40r,False,0.3333333333333333,qokol,H,da,r
0.2963770219017169,0.437507947065118,1,1,B,crossed_layout,4,f40,2,f40v.7:4:line,4,ch,line,ar,f40v.7,0.7102897010644139,0.9218542756886693,0.38098348708947,0.007819118171710415,0.6111973947388195,0.4631217246522564,0.00904810394258486,0.5278301714051588,f40v,False,1.0,chodaiin,H,a,r
0.5000860158958399,0.12307935129147027,0,1,B,crossed_layout,4,f40,2,f40v.18:5:drawing,5,q,drawing,arol,f40v.18,1.0039810726850198,0.41245637728286866,0.4986221672642713,0.0026804294589732793,0.4986974032767555,0.7513430241179082,0.001174288237524768,0.24748268764456696,f40v,False,0.7142857142857143,qokey,H,aro,l
0.6509437955724745,0.9354544750345459,0,0,A,crossed_layout,4,f51,1,f51r.7:5:line,5,o,line,qotal,f51r.7,1.2427373174557799,1.675196523518308,0.42257012578386394,0.014118955603803897,0.5633109186123322,0.3131234531608318,0.0059805804134859305,0.6808959664256822,f51r,False,1.0,oshol,H,qota,l
0.8070576826827816,0.9321660426489999,0,0,A,crossed_layout,4,f51,1,f51r.12:6:line,6,o,line,pchodal,f51r.12,1.47038197694163,1.6602602645164886,0.3608867356061187,0.007820336911585166,0.6312929274822962,0.3163820675077841,0.0018340949603010562,0.681783837531915,f51r,False,1.0,oaiin,H,pchoda,l
1.6827104022638282,1.6113273367499978,0,0,A,crossed_layout,4,f51,1,f51r.14:2:drawing,2,cph,drawing,kaiiidal,f51r.14,4.897324316666157,4.5527560405864245,0.03355509573211962,0.8585135210296704,0.10793138323820982,0.0426072857510744,0.8225176208681488,0.13487509338077686,f51r,False,0.3333333333333333,cphodal,H,kaiiida,l
0.8625026886337883,0.19021168367355695,0,1,A,crossed_layout,4,f51,1,f51v.1:3:drawing,3,d,drawing,qotal,f51v.1,1.5531985265640291,0.5422857352972271,0.3407537581074188,0.00512791492657845,0.6541183269660027,0.6866821013128608,0.010099191536437667,0.3032187071507015,f51v,True,0.5,dscheey,H,qota,l
0.8406312440457311,0.828306580121084,0,0,A,crossed_layout,4,f51,1,f51v.9:3:line,3,y,line,kcholol,f51v.9,1.5290167601186802,1.4963185974289457,0.3465134458631655,0.010464737336996058,0.6430218167998384,0.3544567238575727,0.004010443709323872,0.6415328324331033,f51v,False,1.0,ykeol,H,kcholo,l
0.8819705072139117,0.9670654641221714,0,0,B,crossed_layout,4,f76,2,f76r.9:1:uncertain,1,sh,uncertain,al,f76r.9,1.5877986470611485,1.7206576019546571,0.3326786880704634,0.006556767894880896,0.6607645440346558,0.3034103905853762,0.002455363488164417,0.6941342459264593,f76r,False,0.07142857142857142,shckhy,T,a,l
0.2754293618094704,0.022188164464759866,1,1,B,crossed_layout,4,f76,2,f76r.15:6:uncertain,6,a,uncertain,ar,f76r.15,0.6766109710096859,0.16816141072399662,0.36774312306056983,0.006623654908289132,0.6256332220311411,0.09990231669292067,0.010121527392737945,0.8899761559143414,f76r,False,0.5,ain,T,a,r
1.9660969715836958,1.9927617909045208,0,0,B,crossed_layout,4,f76,2,f76r.25:12:uncertain,12,y,uncertain,llaiir,f76r.25,6.887275509562935,9.216427857053697,0.00012916420982529456,0.9914234275448779,0.008447408245296844,0.0002603503625249807,0.9980586068712743,0.0016810427662005806,f76r,False,0.9230769230769231,y,T,llaii,r
0.8789134017590081,0.9448161148397223,0,0,B,crossed_layout,4,f76,2,f76r.28:9:uncertain,9,ch,uncertain,dal,f76r.28,1.5730337686669043,1.6842720030669638,0.33610088144828637,0.0019720279662273884,0.6619270905854862,0.3111598878024597,0.0030514396580944097,0.685788672539446,f76r,False,0.75,chdy,T,da,l
0.0003334927738537095,1.1152108818539558e-05,1,1,B,crossed_layout,4,f76,2,f76r.29:12:uncertain,12,y,uncertain,laiin,f76r.29,0.018950104880816915,0.0036548082500907717,0.000277037433613189,0.9869506786504313,0.012772283915955546,0.000384746089731841,0.9974698861131893,0.002145367797078945,f76r,False,0.9230769230769231,y,T,laii,n
0.2556332212294828,0.212288884316584,1,1,B,crossed_layout,4,f76,2,f76r.33:15:line,15,ch,line,dar,f76r.33,0.6404849960863735,0.5720759372992842,0.3565179742096319,0.0019847677490945743,0.6414972580412736,0.3242219705719351,0.003129831424464045,0.6726481980036009,f76r,False,1.0,cheor,T,da,r
0.3223248979242349,0.24878494323080227,1,1,B,crossed_layout,4,f76,2,f76r.36:12:uncertain,12,o,uncertain,ar,f76r.36,0.7483959256866678,0.6341609284186271,0.39808323925848194,0.006651719903722979,0.5952650408377952,0.34962365806604334,0.0060609022057969515,0.6443154397281596,f76r,False,0.8571428571428571,o,T,a,r
0.17212349376182515,0.1368719815135945,1,1,B,crossed_layout,4,f76,2,f76r.51:7:uncertain,7,ch,uncertain,dar,f76r.51,0.5016764513045351,0.4386074653395974,0.29300996144447794,0.0007044576696037944,0.7062855808859183,0.261048425529351,0.0011051168062161845,0.7378464576644328,f76r,True,0.7,chedy,T,da,r
0.22736581845634493,0.09936685756555044,1,1,B,crossed_layout,4,f76,2,f76r.52:8:line,8,s,line,otain,f76r.52,0.6137249844349485,0.38961743790925085,0.01949348903265076,0.653507190707599,0.3269993202597502,0.03072910013135356,0.7633319917900522,0.20593890807859438,f76r,False,1.0,saiin,T,otai,n
1.038056113677529,1.1291727384616141,0,0,B,crossed_layout,4,f76,2,f76r.54:0:uncertain,0,o,uncertain,dal,f76r.54,1.8436861528448452,2.0106282208013257,0.2786090153506186,0.0019137448949872779,0.7194772397543941,0.24816503699216247,0.0008914683660834907,0.750943494641754,f76r,False,0.0,or,T,da,l
0.022674590515084216,0.0008375783631936415,1,1,B,crossed_layout,4,f76,2,f76r.54:9:uncertain,9,y,uncertain,aiin,f76r.54,0.16405162216183472,0.03125826210200006,0.002045944773200027,0.8925150351464596,0.10543902008034034,0.00210041224478495,0.9785664579656845,0.01933312978953048,f76r,False,0.9,y,T,aii,n
0.6950305839671747,0.7109080528051193,0,0,B,crossed_layout,4,f76,2,f76v.6:7:drawing,7,ch,drawing,otar,f76v.6,1.2955494276511617,1.3187492495462412,0.586339374046867,0.006279633923089016,0.40738099203004396,0.593238154020187,0.005879511190910122,0.40088233478890295,f76v,False,0.7777777777777778,cheedy,B,ota,r
0.17655278259177154,0.09762491945921967,1,1,B,crossed_layout,4,f76,2,f76v.29:7:uncertain,7,ch,uncertain,al,f76v.29,0.5308113754876124,0.3803459829193222,0.6921653489563585,0.022750401304946082,0.2850842497386955,0.7682533282764901,0.023501425421315187,0.20824524630219474,f76v,False,0.7,ches,B,a,l
0.0005301931698922801,0.0006685335305899573,1,1,B,crossed_layout,4,f76,2,f76v.40:10:line,10,s,line,aiin,f76v.40,0.024520559341292422,0.028249444993574385,0.0012093299537638566,0.9831472666535137,0.015643403392722396,0.0024653838051096944,0.9806094399044246,0.016925176290465627,f76v,False,1.0,sol,B,aii,n
1.1118703077744366e-05,1.1503801162707236e-05,1,1,B,crossed_layout,4,f82,2,f82r.3:5:line,5,q,line,qokaiin,f82r.3,0.0035670120316384077,0.0036551599104279004,0.0002417997828652963,0.9975305896896791,0.002227610527455724,0.0002905654671672395,0.997469642977569,0.0022397915552638645,f82r,False,1.0,qokaiin,B,qokaii,n
0.2725187939783421,0.37557324143832793,1,1,B,crossed_layout,4,f82,2,f82r.11:5:uncertain,5,ch,uncertain,qotal,f82r.11,0.672307941442231,0.8295044241512849,0.6275020418239748,0.006823924106301084,0.3656740340697241,0.5627225082703422,0.00797807763478599,0.4292994140948719,f82r,True,0.7142857142857143,chedy,B,qota,l
0.20515501020548665,0.04364041584592317,1,1,B,crossed_layout,4,f82,2,f82r.21:9:line,9,q,line,dal,f82r.21,0.5644766812289999,0.23320007032991466,0.6762006549829431,0.007164436613025174,0.31663490840403175,0.8507457414501441,0.003124803078424563,0.14612945547143127,f82r,False,1.0,qokaiin,B,da,l
0.10502685592341343,0.03376082390089923,1,1,B,crossed_layout,4,f82,2,f82r.32:8:line,8,s,line,rain,f82r.32,0.38338963342393584,0.21031611386631066,0.008660886340970507,0.7666342544249546,0.22470485923407488,0.012334860208874376,0.8643478203372837,0.12331731945384197,f82r,False,1.0,sain,B,rai,n
0.2599722604777662,0.06419247160094127,1,1,B,crossed_layout,4,f82,2,f82v.15:9:line,9,q,line,dal,f82v.15,0.6481427215779346,0.2859504302986518,0.6381012558111592,0.0027413350848958648,0.359157409103945,0.8202010920828905,0.0012964047202145505,0.1785025031968948,f82v,True,1.0,qokedy,B,da,l
0.3339530421761874,0.3241245970959503,1,1,B,crossed_layout,4,f82,2,f82v.19:8:uncertain,8,ch,uncertain,otal,f82v.19,0.7654423009378833,0.7502011876167607,0.588272988434598,0.006270990771087496,0.40545602079431453,0.5945206442532328,0.005883975402347486,0.39959538034441977,f82v,False,0.8,chl,B,ota,l
0.23396501680230272,1.0238778394110735,1,0,B,crossed_layout,4,f82,2,f82v.24:6:uncertain,6,y,uncertain,dytar,f82v.24,0.6166603749398126,1.8369167776295974,0.3359224713983882,0.011898649512463595,0.6521788790891483,0.7108277629798176,0.009252868075181048,0.2799193689450014,f82v,False,0.75,y,B,dyta,r
1.1118703077744366e-05,1.1503801162707236e-05,1,1,B,crossed_layout,4,f82,2,f82v.26:8:line,8,q,line,qokaiin,f82v.26,0.0035670120316384077,0.0036551599104279004,0.0002417997828652963,0.9975305896896791,0.002227610527455724,0.0002905654671672395,0.997469642977569,0.0022397915552638645,f82v,False,1.0,qokain,B,qokaii,n
0.9592533586069547,0.7030374526549031,0,0,B,crossed_layout,4,f82,2,f82v.29:7:line,7,p,line,qotar,f82v.29,1.7418987761027411,1.3336383443296282,0.6837546133848955,0.01726946109146466,0.2989759255236399,0.5819748317091574,0.021258797525623974,0.3967663707652187,f82v,False,1.0,pol,B,qota,r
1.0602678639051217,1.5007049061863549,0,0,B,crossed_layout,4,f82,2,f82v.30:9:line,9,q,line,aindar,f82v.30,2.0665976585976873,3.129827324896807,0.6896303212117514,0.07164785936299674,0.23872181942525195,0.8452812697294948,0.04047612619724146,0.1142426040732638,f82v,False,1.0,qokeey,B,ainda,r
0.7717819115091364,0.9613782306040028,0,0,B,crossed_layout,4,f82,2,f82v.33:9:line,9,y,line,oral,f82v.33,1.4125618422813808,1.719861146457328,0.37564405043595006,0.006358269829011206,0.6179976797350387,0.30357793783722326,0.006251459199403244,0.6901706029633735,f82v,True,1.0,yckhey,B,ora,l
0.5121887560374084,0.2727869601174193,0,1,A,crossed_layout,4,f89,1,f89r1.7:8:line,8,q,line,dal,f89r1.7,1.0229361816166052,0.6680960044614724,0.49211377945052087,0.003677115280056852,0.5042091052694223,0.6293367060082802,0.0027117632917145716,0.36795153070000525,f89r1,False,1.0,qokeol,P,da,l
0.6373768841038834,0.17996357460376866,0,1,A,crossed_layout,4,f89,1,f89r1.15:6:uncertain,6,d,uncertain,dal,f89r1.15,1.20158439675115,0.5199291014955424,0.4347975159608685,0.0013574757260917522,0.5638450083130397,0.6974061050299768,0.005319249369726815,0.29727464560029654,f89r1,True,0.8571428571428571,darolg,P,da,l
0.42799156266999894,0.10399492668217261,1,1,A,crossed_layout,4,f89,1,f89r1.18:5:uncertain,5,d,uncertain,al,f89r1.18,0.9117787255732556,0.39069171184514107,0.5315293546384882,0.011980464104107627,0.4564901812574042,0.7627638034985794,0.01969032842220955,0.21754586807921109,f89r1,False,0.8333333333333334,daldal,P,a,l
0.004573129735207099,0.0007442993768956793,1,1,A,crossed_layout,4,f89,1,f89r1.21:9:line,9,y,line,aiin,f89r1.21,0.07191568394703939,0.029774027003534424,0.0016593660240516374,0.9513738762637715,0.04696675771217674,0.002517365023602102,0.9795737186961933,0.017908916280204645,f89r1,False,1.0,ycheeo,P,aii,n
0.5121887560374084,0.12387469113810845,0,1,A,crossed_layout,4,f89,1,f89r1.22:9:line,9,d,line,dal,f89r1.22,1.0229361816166052,0.4249894339658734,0.49211377945052087,0.003677115280056852,0.5042091052694223,0.7448441866437162,0.013083458114361322,0.24207235524192242,f89r1,False,1.0,dain,P,da,l
0.36045164834230325,0.20550368795301527,1,1,A,crossed_layout,4,f89,1,f89r2.12:11:uncertain,11,ch,uncertain,dar,f89r2.12,0.7988870567803583,0.5610409307977552,0.42384940502095647,0.0013581743659544082,0.5747924206130891,0.31888600582195104,0.003301061327016173,0.6778129328510327,f89r2,True,0.7333333333333333,cho,P,da,r
0.4879981043996055,0.9063071371133025,1,0,A,crossed_layout,4,f89,1,f89v2.8:15:line,15,y,line,dar,f89v2.8,0.987905923520677,1.6169507708049953,0.49211377945052087,0.003677115280056852,0.5042091052694223,0.6723545200771128,0.0016216713622957417,0.3260238085605914,f89v2,False,1.0,ychey,P,da,r
0.004573129735207099,0.0007442993768956793,1,1,A,crossed_layout,4,f89,1,f89v2.17:13:line,13,y,line,aiin,f89v2.17,0.07191568394703939,0.029774027003534424,0.0016593660240516374,0.9513738762637715,0.04696675771217674,0.002517365023602102,0.9795737186961933,0.017908916280204645,f89v2,False,1.0,yokor,P,aii,n
0.005056074830725969,0.0032560075128544334,1,1,A,crossed_layout,4,f89,1,f89v2.18:7:uncertain,7,ch,uncertain,aiin,f89v2.18,0.07556372611855663,0.059997839546935945,0.0015334101903454933,0.9489712425665662,0.04949534724308827,0.0007832349904925469,0.959265555835822,0.03995120917368539,f89v2,False,0.6363636363636364,choeeer,P,aii,n
0.6811813209721789,0.06606058173277363,0,1,A,crossed_layout,4,f89,1,f89v2.20:14:line,14,d,line,otal,f89v2.20,1.2691335911135206,0.29334466398490344,0.4149088711584765,0.002990839542538939,0.5821002892989845,0.8160080761915511,0.004585894713218031,0.17940602909523093,f89v2,False,1.0,dar,P,ota,l
0.4879981043996055,0.7955573107339693,1,0,A,crossed_layout,4,f89,1,f89v1.11:9:line,9,q,line,dar,f89v1.11,0.987905923520677,1.4424123585619992,0.49211377945052087,0.003677115280056852,0.5042091052694223,0.6293367060082802,0.0027117632917145716,0.36795153070000525,f89v1,False,1.0,qokar,P,da,r
0.5534185682336161,0.7761384169109682,0,0,A,crossed_layout,4,f89,1,f89v1.14:7:uncertain,7,ch,uncertain,dal,f89v1.14,1.0827442917431762,1.4241970454477018,0.47212988409245943,0.0036964373271849925,0.5241736785803557,0.37262669931175446,0.00893877973115813,0.6184345209570874,f89v1,False,0.7777777777777778,chdy,P,da,l
0.4437910861843056,0.08192179537378919,1,1,A,crossed_layout,4,f90,1,f90r2.3:9:line,9,a,line,ar,f90r2.3,0.943951673017612,0.3765266179459185,0.461357928748975,0.018834941605709556,0.5198071296453155,0.1520819879794839,0.0776281290833422,0.7702898829371739,f90r2,False,1.0,al,H,a,r
0.5128422005618735,0.232391302504866,0,1,A,crossed_layout,4,f90,1,f90v2.6:7:uncertain,7,d,uncertain,ykeeol,f90v2.6,1.0209919363829294,0.6038241425237668,0.4927774227297477,0.0016885959069224549,0.5055339813633298,0.6580074655211391,0.0022465086530049708,0.3397460258258559,f90v2,False,0.7,dar,H,ykeeo,l
0.31234196635257505,0.15382110034971613,1,1,A,crossed_layout,4,f90,1,f90v2.6:8:uncertain,8,ch,uncertain,dar,f90v2.6,0.7322142991359056,0.4798163693046043,0.39228634698925663,0.005734387543382823,0.6019792654673605,0.2713618217330785,0.011569289317150639,0.7170688889497708,f90v2,False,0.8,chody,H,da,r
0.5037513752219774,0.7273592145336638,0,0,A,crossed_layout,4,f90,1,f90v1.2:6:drawing,6,o,drawing,ykeeol,f90v1.2,1.0078498911900027,1.3339828682283528,0.49728682309486,0.0016862379192222536,0.5010269389859178,0.3966716319794549,0.000540011079766742,0.6027883569407784,f90v1,False,0.75,octheody,H,ykeeo,l
0.002562831193426731,0.0005718017665466337,1,1,A,crossed_layout,4,f90,1,f90v1.9:8:line,8,y,line,aiin,f90v1.9,0.05324895739294745,0.025578170604466807,0.0008961308617578056,0.9637634823977528,0.03534038674048946,0.0014185588745108542,0.9824268049049568,0.016154636220532186,f90v1,False,1.0,ykeeor,H,aii,n
0.12124585336089394,0.041066274505176456,1,1,B,crossed_layout,4,f95,3,f95r1.2:7:uncertain,7,ch,uncertain,kol,f95r1.2,0.4078939892746253,0.22320381623043228,0.7537228370788663,0.00011990016343625517,0.24615726275769753,0.8566609217513088,9.043087550023095e-05,0.14324864737319093,f95r1,False,0.6363636363636364,chdy,H,ko,l
1.4970577084310561,1.5858182637749998,0,0,B,crossed_layout,4,f95,3,f95r1.2:11:line,11,t,line,dan,f95r1.2,9.973194040765854,9.724534661026702,0.49498287635529836,0.000994877115409101,0.5040222465292925,0.288029929415002,0.0011820160486549786,0.7107880545363431,f95r1,False,1.0,teodaiin,H,da,n
0.11792223490640785,0.1578387130050846,1,1,B,crossed_layout,4,f95,3,f95v2.5:6:drawing,6,o,drawing,otalain,f95v2.5,0.420888507115341,0.4907484869305737,0.021919130286033373,0.7469644524695688,0.2311164172443979,0.015476467608379353,0.7116557867240297,0.27286774566759103,f95v2,False,0.75,okaiin,H,otalai,n
0.6144130951824323,1.317014099252987,0,0,B,crossed_layout,4,f95,3,f95v2.5:8:line,8,d,line,ar,f95v2.5,1.170954942663885,2.4142019465597824,0.5526374347677784,0.0032352968265730057,0.44412726840564865,0.8105745189157191,0.001816856942240914,0.18760862414204016,f95v2,False,1.0,dain,H,a,r
0.39739276245817284,0.182541515606466,1,1,B,crossed_layout,4,f95,3,f95v1.3:10:line,10,t,line,al,f95v1.3,0.8555948035936036,0.5226534810004375,0.5526374347677784,0.0032352968265730057,0.44412726840564865,0.696090368856419,0.003630981085008172,0.3002786500585728,f95v1,False,1.0,tchedy,H,a,l
0.5090817099512776,0.05597346007977741,0,1,B,crossed_layout,4,f95,3,f95v1.12:9:line,9,l,line,dal,f95v1.12,1.0145494780276438,0.26432769636549797,0.49498287635529836,0.000994877115409101,0.5040222465292925,0.8325866341643489,0.00024229683266642786,0.16717106900298487,f95v1,False,1.0,lshee,H,da,l
1.775736144075779,1.5521141363100592,0,0,B,crossed_layout,4,f104,3,f104r.8:11:line,11,y,line,odr,f104r.8,4.170281934546244,3.1342588978510926,0.9400614579609249,0.004396729626408763,0.05554181241266625,0.8756816972883357,0.01042608291636373,0.11389221979530048,f104r,False,1.0,ycheeoy,S,od,r
0.2626540579701395,0.24499917031801632,1,1,B,crossed_layout,4,f104,3,f104r.19:2:uncertain,2,sh,uncertain,otar,f104r.19,0.650387006402032,0.6220843848310887,0.3618887335476179,0.0010018818369981637,0.6371093846153839,0.34972971936026054,0.0005387540402067612,0.6497315265995327,f104r,True,0.18181818181818182,shd,S,ota,r
1.3585950458648477,1.4429624951127757,0,0,B,crossed_layout,4,f104,3,f104r.23:12:line,12,d,line,alol,f104r.23,2.5147313094003905,2.735872005793839,0.1749808189655907,0.0016506900094898267,0.8233684910249195,0.15011374575975292,0.0009722982928332856,0.8489139559474138,f104r,False,1.0,daiin,S,alo,l
0.7309644265345083,0.06565921655983548,0,1,B,crossed_layout,4,f104,3,f104r.25:9:uncertain,9,a,uncertain,ar,f104r.25,1.3576845422088768,0.2964876626384259,0.5991705890930249,0.010621357770442619,0.3902080531365324,0.17623477795140485,0.009532933912816509,0.8142322881357786,f104r,False,0.9,airam,S,a,r
0.00418119562698699,0.0024924690838822932,1,1,B,crossed_layout,4,f104,3,f104r.27:10:line,10,o,line,qoparaiin,f104r.27,0.07214319344207837,0.0538478335036866,0.006887675001535287,0.9512238587490542,0.041888466249410505,0.0028405379773769543,0.9633634982494096,0.033795963773213485,f104r,True,1.0,olcheear,S,qoparaii,n
0.9249616206616968,1.3173187002210174,0,0,B,crossed_layout,4,f104,3,f104r.28:3:uncertain,3,sh,uncertain,aror,f104r.28,1.6518394196374837,2.419427590934998,0.6783400435030287,0.0034258033340817014,0.3182341531628896,0.8100786571404679,0.002991034325262975,0.18693030853426906,f104r,False,0.21428571428571427,sheey,S,aro,r
0.005262834208874613,0.0020774875663263337,1,1,B,crossed_layout,4,f104,3,f104r.30:10:line,10,q,line,qopaiin,f104r.30,0.07856128109968122,0.04933066786168096,0.003590883134833289,0.9470015675710011,0.049407549294165735,0.002978534014441393,0.966384574889035,0.030636891096523646,f104r,True,1.0,qokeeo,S,qopaii,n
0.6197176893028031,0.6857048781203444,0,0,B,crossed_layout,4,f104,3,f104r.41:9:line,9,y,line,dar,f104r.41,1.1788482461614969,1.283102361583753,0.5549885673499417,0.0033074475065622555,0.441703985143496,0.5819171057509471,0.0071719564421790965,0.41091093780687377,f104r,False,1.0,y,S,da,r
0.4781262179614406,0.5621603127659938,1,0,B,crossed_layout,4,f104,3,f104r.43:10:line,10,o,line,dal,f104r.43,0.9701764269469582,1.0905402949462522,0.5104436369655165,0.0012334535101319504,0.48832290952435153,0.46958548007003037,0.0004895156247314876,0.5299250043052381,f104r,True,1.0,okcheochy,S,da,l
1.5052249795814392,0.8111699769945877,0,0,B,crossed_layout,4,f104,3,f104v.1:7:uncertain,7,a,uncertain,aiir,f104v.1,2.939938832940334,1.4653269105351145,0.004323844319498595,0.8653624106796501,0.13031374500085122,0.001986619833752556,0.6358599137567744,0.36215346640947293,f104v,True,0.6363636363636364,aly,S,aii,r
1.3425611056745275,1.2619213845771569,0,0,B,crossed_layout,4,f104,3,f104v.2:8:uncertain,8,o,uncertain,otair,f104v.2,2.5571961853686,2.334136611415353,0.021997928448689766,0.8080966475300085,0.16990542402130174,0.014920155010163057,0.7867651638587477,0.19831468113108908,f104v,False,0.8888888888888888,oram,S,otai,r
0.39314852488991175,0.3360541854598983,1,1,B,crossed_layout,4,f104,3,f104v.9:11:line,11,sh,line,dal,f104v.9,0.8494700423389013,0.7628920951041229,0.5549885673499417,0.0033074475065622555,0.441703985143496,0.5893137793772271,0.0015547056537945538,0.4091315149689785,f104v,False,1.0,shol,S,da,l
0.036257303482496214,0.0037322895348552033,1,1,B,crossed_layout,4,f104,3,f104v.18:6:paragraph,6,p,paragraph,sarain,f104v.18,0.2185496099410398,0.07020854576296882,0.012765926680818697,0.8594290152931771,0.12780505802600428,0.01055974913219452,0.9525003014038759,0.03693994946392975,f104v,False,1.0,pcheor,S,sarai,n
0.5168743468358568,0.6620847957601106,0,0,B,crossed_layout,4,f104,3,f104v.19:12:line,12,o,line,chekal,f104v.19,1.0454477761141825,1.2703430909771787,0.4844945102658202,0.014590780410534758,0.5009147093236451,0.4145611733365078,0.020711264453425787,0.5647275622100664,f104v,True,1.0,or,S,cheka,l
0.6225953512691969,0.8029265334527773,0,0,B,crossed_layout,4,f104,3,f104v.25:4:uncertain,4,ch,uncertain,ar,f104v.25,1.1954173645711588,1.4805120036810242,0.5523797520374077,0.01096014189687523,0.43666010606571704,0.6252668891622989,0.01637150175608229,0.35836160908161885,f104v,False,0.36363636363636365,chcthy,S,a,r
0.3706662819658492,0.4200775125779127,1,1,B,crossed_layout,4,f104,3,f104v.27:12:line,12,o,line,al,f104v.27,0.8172737201838723,0.8882408646389639,0.5675133674697671,0.003994345725989746,0.42849228680424317,0.540272492487119,0.0028687749222121857,0.4568587325906689,f104v,True,1.0,olsho,S,a,l
1.311362873731487,1.219301232670539,0,0,B,crossed_layout,4,f104,3,f104v.30:5:uncertain,5,o,uncertain,otair,f104v.30,2.4692748602814523,2.236665798231476,0.01971301494430339,0.7997050928073438,0.18058189224835264,0.014240018775553268,0.7735838606770664,0.2121761205473803,f104v,False,0.4166666666666667,or,S,otai,r
0.6180485646024818,0.04234712284127717,0,1,B,crossed_layout,4,f104,3,f104v.32:11:uncertain,11,a,uncertain,ar,f104v.32,1.177561270191687,0.2296558048915198,0.5538753665795235,0.0040264443556367446,0.4420981890648398,0.14380294308187408,0.0033587210669884953,0.8528383358511374,f104v,True,0.8461538461538461,als,S,a,r
0.7221232099176832,0.06456569908203731,0,1,B,crossed_layout,4,f104,3,f104v.33:12:uncertain,12,a,uncertain,ar,f104v.33,1.3442414933490332,0.29375808358294375,0.5954874286277789,0.010651562430986139,0.39386100894123477,0.17474766760708213,0.0094780584878964,0.8157742739050214,f104v,False,0.8571428571428571,air,S,a,r
0.7001404809083791,0.5308478301839958,0,0,B,crossed_layout,4,f104,3,f104v.39:12:uncertain,12,y,uncertain,ar,f104v.39,1.310993692142967,1.0777891719722288,0.5862320468226381,0.010724775219797724,0.4030431779575642,0.5033789462536704,0.022866791495566297,0.4737542622507631,f104v,False,0.75,y,S,a,r
0.005033563589837498,0.004442621025499481,1,1,B,crossed_layout,4,f104,3,f104v.40:3:uncertain,3,o,uncertain,aiin,f104v.40,0.07563485791918147,0.07032737640179182,0.0018682074491235318,0.9489244548759928,0.049207337674883785,0.0009078548027924754,0.952421849926049,0.04667029527115849,f104v,False,0.5,odain,S,aii,n
0.4550739086039332,0.40444161599048467,1,1,B,crossed_layout,4,f108,3,f108r.1:7:uncertain,7,o,uncertain,lpair,f108r.1,0.9693868537054384,0.8813627155083256,0.02556536581717967,0.4637115598215212,0.5107230743612992,0.015302409453436852,0.44184316141587504,0.5428544291306882,f108r,True,0.7,ody,S,lpai,r
0.0044917209673703854,6.101898516241435e-05,1,1,B,crossed_layout,4,f108,3,f108r.6:11:uncertain,11,y,uncertain,aiin,f108r.6,0.07154232381058932,0.008327301470719273,0.0020449482938245398,0.9516201175251199,0.04633493418105562,0.0004974041552303184,0.9942445807141947,0.005258015130574932,f108r,False,0.9166666666666666,y,S,aii,n
0.6138023387981559,0.2858799884325242,0,1,B,crossed_layout,4,f108,3,f108r.9:7:uncertain,7,k,uncertain,otal,f108r.9,1.1692939782724991,0.6862175038794548,0.4446388833781434,0.0027593113919762648,0.5526018052298803,0.62148113152557,0.0008911941517641895,0.37762767432266575,f108r,False,0.6363636363636364,kedy,S,ota,l
0.649620853649435,0.056066379072814046,0,1,B,crossed_layout,4,f108,3,f108r.13:2:uncertain,2,a,uncertain,ar,f108r.13,1.235431903935526,0.271883107880777,0.5644023203328105,0.010882347433258508,0.42471533223393104,0.1627348133117126,0.00902742139701715,0.8282377652912702,f108r,False,0.5,ail,S,a,r
0.4254217262004652,0.06885231494916189,1,1,B,crossed_layout,4,f108,3,f108r.16:4:uncertain,4,d,uncertain,dal,f108r.16,0.8966461503025223,0.2994318798872865,0.537133962459191,0.003338440648333975,0.45952759689247513,0.8125723169081014,0.0038288862826625445,0.18359879680923605,f108r,False,0.8,daiin,S,da,l
0.029219049260601905,0.00048098377274248267,1,1,B,crossed_layout,4,f108,3,f108r.24:8:uncertain,8,a,uncertain,chdar,f108r.24,0.1880724688439795,0.023269434583614985,0.11947044412203146,0.0027518515323632247,0.8777777043456052,0.01496389919833466,0.0010358656698908697,0.9840002351317745,f108r,True,0.7272727272727273,al,S,chda,r
0.39892352018357025,0.311872605689292,1,1,B,crossed_layout,4,f108,3,f108r.24:9:uncertain,9,ch,uncertain,al,f108r.24,0.8588648272482009,0.7325034646124196,0.5513862410341148,0.004031979547296003,0.4445817794185892,0.6018586203050589,0.006589822809724416,0.39155155688521676,f108r,True,0.8181818181818182,char,S,a,l
0.032045707461958076,0.0004928533577754716,1,1,B,crossed_layout,4,f108,3,f108r.24:11:line,11,y,line,aiin,f108r.24,0.19903205186380846,0.023623502792828932,0.004698325299560739,0.8711348382215969,0.12416683647884234,0.001149709962246135,0.9837587700667775,0.015091519970976427,f108r,True,1.0,y,S,aii,n
0.3419673800063254,0.08004213714381248,1,1,B,crossed_layout,4,f108,3,f108r.25:9:uncertain,9,l,uncertain,al,f108r.25,0.7828389829024448,0.32440606328402155,0.581221919473236,0.010762809729995415,0.4080152707967687,0.7986271019340588,0.002667137082216259,0.19870576098372492,f108r,False,0.6923076923076923,lkeam,S,a,l
0.44737638690568016,0.8240875254934608,1,0,B,crossed_layout,4,f108,3,f108r.25:12:uncertain,12,a,uncertain,rain,f108r.25,0.937962061042362,1.4862007320985073,0.01031565694036644,0.5219696899142584,0.46771465314537514,0.002290777719547668,0.356951326369218,0.6407578959112344,f108r,False,0.9230769230769231,al,S,rai,n
0.2997142384193624,0.048446388294469844,1,1,B,crossed_layout,4,f108,3,f108r.25:13:line,13,d,line,al,f108r.25,0.7185224261989611,0.24880588153386124,0.607719535408976,0.010548888114623381,0.38173157647640044,0.8415927132119582,0.005694849589651897,0.1527124371983898,f108r,False,1.0,dair,S,a,l
1.4559504889082495,1.4649181884610225,0,0,B,crossed_layout,4,f108,3,f108r.30:7:paragraph,7,k,paragraph,alkan,f108r.30,4.413529539380013,6.264588526610843,0.2604133069754579,0.04692402115331453,0.6926626718712275,0.450573022258652,0.01300681439549304,0.5364201633458551,f108r,False,1.0,keol,S,alka,n
0.47751511366764166,0.026807271445373662,1,1,B,crossed_layout,4,f108,3,f108r.33:9:line,9,y,line,chlar,f108r.33,1.014961017044008,0.19934173690761656,0.4702230686098234,0.03493523228226991,0.4948416991079066,0.0947385683280743,0.03431356884714841,0.8709478628247774,f108r,False,1.0,ycheol,S,chla,r
0.4781262179614406,0.4461212135441529,1,1,B,crossed_layout,4,f108,3,f108r.45:10:line,10,y,line,dal,f108r.45,0.9701764269469582,0.925994557065803,0.5104436369655165,0.0012334535101319504,0.48832290952435153,0.526317563017924,0.0027913980614601517,0.47089103892061585,f108r,True,1.0,yteedy,S,da,l
0.2997142384193624,0.4434636772472722,1,1,B,crossed_layout,4,f108,3,f108r.46:10:line,10,y,line,al,f108r.46,0.7185224261989611,0.9490802221378258,0.607719535408976,0.010548888114623381,0.38173157647640044,0.5179625792822296,0.02316145802503373,0.4588759626927368,f108r,False,1.0,yched,S,a,l
0.04253064335491155,0.000862942322876376,1,1,B,crossed_layout,4,f108,3,f108r.50:7:uncertain,7,a,uncertain,chdar,f108r.50,0.2338626795957267,0.03228768580236348,0.14168143548084397,0.007963468744316035,0.85035509577484,0.01907309974376958,0.0030584416351132444,0.9778684586211173,f108r,False,0.7777777777777778,ar,S,chda,r
0.4350463885155301,0.04839023771003026,1,1,B,crossed_layout,4,f108,3,f108v.11:1:uncertain,1,k,uncertain,al,f108v.11,0.9209628836264369,0.24597684821359675,0.5281564004387874,0.011097629766340215,0.46074596979487237,0.843244642190435,0.0024439103725175013,0.15431144743704733,f108v,False,0.09090909090909091,keed,S,a,l
0.03286546933396437,0.028411209304575327,1,1,B,crossed_layout,4,f108,3,f108v.20:9:uncertain,9,o,uncertain,aiin,f108v.20,0.2016171553751446,0.18470989013647435,0.004592390687698279,0.8695752866446994,0.12583232266760233,0.0019986406507639084,0.8798259813156564,0.11817537803357969,f108v,True,0.9,ol,S,aii,n
0.2997142384193624,0.09753437414861782,1,1,B,crossed_layout,4,f108,3,f108v.22:11:line,11,q,line,al,f108v.22,0.7185224261989611,0.3669059610581031,0.607719535408976,0.010548888114623381,0.38173157647640044,0.7754437503158528,0.007645170567848539,0.2169110791162988,f108v,False,1.0,qokeeor,S,a,l
0.4080592808256527,0.03197749732854141,1,1,B,crossed_layout,4,f108,3,f108v.23:7:uncertain,7,a,uncertain,otar,f108v.23,0.8705686976203775,0.1967305878773907,0.4503113940047736,0.00275739330822807,0.5469312126869983,0.12539318344928166,0.002081188590925769,0.8725256279597926,f108v,False,0.7,aiin,S,ota,r
0.2997142384193624,0.28616340065575663,1,1,B,crossed_layout,4,f108,3,f108v.25:12:line,12,s,line,al,f108v.25,0.7185224261989611,0.7014709751343913,0.607719535408976,0.010548888114623381,0.38173157647640044,0.6149448877172459,0.01397470484360301,0.3710804074391511,f108v,False,1.0,sair,S,a,l
0.2997142384193624,0.048446388294469844,1,1,B,crossed_layout,4,f108,3,f108v.28:13:line,13,d,line,al,f108v.28,0.7185224261989611,0.24880588153386124,0.607719535408976,0.010548888114623381,0.38173157647640044,0.8415927132119582,0.005694849589651897,0.1527124371983898,f108v,False,1.0,dar,S,a,l
0.29254966634449164,0.1342640684748589,1,1,B,crossed_layout,4,f108,3,f108v.33:10:uncertain,10,o,uncertain,qokeedar,f108v.33,0.7113907854455365,0.43789064839186176,0.37526425158033694,0.014004649840253106,0.6107310985794099,0.2563237619139969,0.005463083200608996,0.738213154885394,f108v,False,0.9090909090909091,oldy,S,qokeeda,r
0.3118117416483469,0.03455276216719566,1,1,B,crossed_layout,4,f108,3,f108v.48:10:uncertain,10,k,uncertain,al,f108v.48,0.7370848399272143,0.20525917251676123,0.5999504091316695,0.010614884239596192,0.38943470662873425,0.8673828524233685,0.0023875270972897535,0.1302296204793415,f108v,False,0.9090909090909091,keedy,S,a,l
0.4580762871845808,0.4006307422142912,1,1,B,crossed_layout,4,f112,3,f112r.2:7:line,7,o,line,otar,f112r.2,0.9432643406473435,0.858155922328811,0.4772016347684864,0.002743528774939747,0.5200548364565739,0.44678528487877955,0.0015574698499497635,0.5516572452712707,f112r,False,1.0,or,S,ota,r
1.2825897462773694,1.180518847434533,0,0,B,crossed_layout,4,f112,3,f112r.5:0:uncertain,0,o,uncertain,otair,f112r.5,2.3928885425799282,2.152121028767895,0.01788006420537547,0.791719134220095,0.1904008015745295,0.013651880400631033,0.7613665118183252,0.22498160778104373,f112r,False,0.0,o,S,otai,r
0.1791614695053012,0.003846667757224999,1,1,B,crossed_layout,4,f112,3,f112r.15:0:uncertain,0,a,uncertain,poar,f112r.15,0.5142208166667027,0.06511690279789267,0.2987689871864112,0.0010600276575036323,0.700170985156085,0.043574197030758856,0.00055794329384415,0.9558678596753969,f112r,True,0.0,alchar,S,poa,r
0.7258038749374554,0.06501934733507078,0,1,B,crossed_layout,4,f112,3,f112r.16:7:uncertain,7,a,uncertain,ar,f112r.16,1.3498327981389404,0.2948926321942316,0.5970234433131689,0.010639040221165292,0.3923375164656658,0.17536610324207674,0.009500903036108286,0.8151329937218149,f112r,False,0.875,amchg,S,a,r
0.4317027252147575,0.04799490002217482,1,1,B,crossed_layout,4,f112,3,f112r.18:1:uncertain,1,k,uncertain,al,f112r.18,0.9160526865262731,0.24488678365937952,0.5299570375701245,0.011088293165491437,0.45895466926438416,0.8438820176685405,0.0024426456731512277,0.1536753366583082,f112r,False,0.1111111111111111,key,S,a,l
0.7937911921880209,0.3992126920212724,0,1,B,crossed_layout,4,f112,3,f112r.19:3:uncertain,3,y,uncertain,otal,f112r.19,1.4363447777440435,0.856979308607512,0.3695022929721007,0.0010036034807449532,0.6294941035471544,0.552107341947842,0.0022472736427380856,0.44564538440942,f112r,True,0.2727272727272727,y,S,ota,l
0.4254217262004652,1.4060168626221086,1,0,B,crossed_layout,4,f112,3,f112r.20:8:uncertain,8,a,uncertain,dal,f112r.20,0.8966461503025223,2.6403901818922693,0.537133962459191,0.003338440648333975,0.45952759689247513,0.16038485468729832,0.00232315722003487,0.8372919880926668,f112r,False,0.8,aiin,S,da,l
0.3145441775506773,0.295668033220401,1,1,B,crossed_layout,4,f112,3,f112r.21:8:uncertain,8,s,uncertain,al,f112r.21,0.7412597217276462,0.7161207381617786,0.5982167777162564,0.010629238367306866,0.3911539839164368,0.608732062829461,0.01393072806123851,0.3773372091093005,f112r,False,0.8888888888888888,sy,S,a,l
0.5085389469309431,0.2868662297955249,1,1,B,crossed_layout,4,f112,3,f112r.22:2:paragraph,2,q,paragraph,qoinal,f112r.22,1.143836861646411,0.7785947097057396,0.45255440289766047,0.10197600200049536,0.44546959510184425,0.5829343373765603,0.09462370220822852,0.3224419604152111,f112r,False,1.0,qoain,S,qoina,l
0.028264304718197474,0.00866496646116142,1,1,B,crossed_layout,4,f112,3,f112r.31:0:uncertain,0,a,uncertain,pair,f112r.31,0.18810475430038776,0.09902876183237114,0.007039238226468727,0.11520270062063873,0.8777580611528925,0.001046616861839097,0.06529205205156274,0.9336613310865981,f112r,True,0.0,al,S,pai,r
0.5684300200311545,0.047431678352941146,0,1,B,crossed_layout,4,f112,3,f112r.32:1:uncertain,1,a,uncertain,ar,f112r.32,1.1158539718004759,0.2482474933259957,0.5274809562772282,0.011101095480121486,0.46141794824265026,0.14956394104554924,0.008517548267331055,0.8419185106871196,f112r,False,0.08333333333333333,al,S,a,r
0.028264304718197474,0.00866496646116142,1,1,B,crossed_layout,4,f112,3,f112r.34:0:uncertain,0,a,uncertain,pair,f112r.34,0.18810475430038776,0.09902876183237114,0.007039238226468727,0.11520270062063873,0.8777580611528925,0.001046616861839097,0.06529205205156274,0.9336613310865981,f112r,True,0.0,ar,S,pai,r
0.9743884731671884,1.5405762551732742,0,0,B,crossed_layout,4,f112,3,f112r.40:9:line,9,y,line,oral,f112r.40,1.7440586585755646,3.100814181130443,0.29852865863731337,0.007009464932175782,0.6944618764305108,0.11656332317347583,0.011668508608717505,0.8717681682178067,f112r,False,1.0,yshesy,S,ora,l
1.0662791829060656,1.0701375335873757,0,0,B,crossed_layout,4,f112,3,f112v.1:0:uncertain,0,ch,uncertain,keeoal,f112v.1,1.8978185124350793,1.907728098530854,0.26834882711192265,0.0029833171841600484,0.7286678557039173,0.26651190818016574,0.0040248967565237595,0.7294631950633105,f112v,True,0.0,chool,S,keeoa,l
1.248867778107362,1.248847121627691,0,0,B,crossed_layout,4,f112,3,f112v.1:3:uncertain,3,y,uncertain,otalair,f112v.1,2.3133143308834114,2.2808092507814304,0.01747178167275147,0.7813305251613971,0.2011976931658514,0.008087985892383966,0.7861297216109294,0.20578229249668678,f112v,True,0.3333333333333333,y,S,otalai,r
0.5915455929439151,0.2762327166654204,0,1,B,crossed_layout,4,f112,3,f112v.8:6:uncertain,6,k,uncertain,otal,f112v.8,1.1367673983019366,0.6713617647668139,0.4547774424886651,0.0027556348318155018,0.5424669226795195,0.6279137175535058,0.0008939928480222557,0.3711922895984719,f112v,False,0.75,kedy,S,ota,l
0.5797641781935654,0.04858650668164986,0,1,B,crossed_layout,4,f112,3,f112v.9:1:uncertain,1,a,uncertain,ar,f112v.9,1.1324458811499507,0.25150437718473645,0.5327849093295889,0.011073343929877482,0.45614174674053365,0.1513906792688365,0.008589297243930698,0.8400200234872328,f112v,False,0.14285714285714285,aiin,S,a,r
0.2105341530906737,0.9396166588449442,1,0,B,crossed_layout,4,f112,3,f112v.10:3:paragraph,3,t,paragraph,oror,f112v.10,0.5667002745651996,1.6724837277121933,0.3240555823187628,0.0007851727635585049,0.6751592449176788,0.6845608442020065,0.001726361787845528,0.31371279401014784,f112v,False,1.0,tchor,S,oro,r
0.29172608723569715,0.049626302764205765,1,1,B,crossed_layout,4,f112,3,f112v.23:0:uncertain,0,k,uncertain,ycheol,f112v.23,0.6942577188162422,0.24732539987538543,0.6180272180269551,0.00010517401722992064,0.3818676079558149,0.8424567919378441,4.2609516883409505e-05,0.15750059854527246,f112v,True,0.0,keeor,S,ycheo,l
0.5698672498033602,0.5955772563075262,0,0,B,crossed_layout,4,f112,3,f112v.38:1:uncertain,1,o,uncertain,ar,f112v.38,1.1179565484179843,1.1494647373995088,0.5281564004387874,0.011097629766340215,0.46074596979487237,0.542123735363857,0.007083813248257857,0.45079245138788493,f112v,False,0.09090909090909091,oiin,S,a,r
0.7492918012577533,0.42430066391229504,0,1,A,crossed_layout,4,f1,1,f1r.2:2:uncertain,2,y,uncertain,or,f1r.2,1.3678574737437417,0.8910544308713164,0.6116317380264498,0.0009020199465403795,0.3874662420270099,0.46041525160497865,0.0003648769451077928,0.5392198714499136,f1r,False,0.2,y,T,o,r
0.4853881242338375,0.7934773875399512,1,0,A,crossed_layout,4,f1,1,f1v.1:2:drawing,2,o,drawing,ol,f1v.1,0.9795624426097209,1.4342698163521264,0.5071335259475315,0.00045347935655475015,0.49241299469591376,0.37003411334404746,0.00018788299933909002,0.6297780036566134,f1v,True,0.25,o,H,o,l
0.4641052316089841,0.06713520139263127,1,1,A,crossed_layout,4,f1,1,f1v.1:7:uncertain,7,a,uncertain,cfhar,f1v.1,0.9580820575533543,0.31261687646841846,0.4780977070384447,0.0071615294826490525,0.5147407634789063,0.16883451776906902,0.025985548614097916,0.8051799336168332,f1v,True,0.875,am,H,cfha,r
0.40411897415539966,0.31358998274833094,1,1,A,crossed_layout,4,f1,1,f1v.7:1:uncertain,1,ch,uncertain,ol,f1v.7,0.8628015485520237,0.7289603738116903,0.5498837092925669,0.001214492981048111,0.44890179772638494,0.6033385313999287,0.0013795960190104545,0.39528187258106073,f1v,False,0.09090909090909091,choees,H,o,l
0.8520922151852035,0.6952729296168269,0,0,A,crossed_layout,4,f1,1,f1v.9:3:uncertain,3,k,uncertain,dol,f1v.9,1.5265955735090833,1.2851156077426664,0.34709546637646127,0.00036506977242871125,0.6525394638511101,0.4103379214048791,0.00011008719443199117,0.5895519914006889,f1v,False,0.2727272727272727,ky,H,do,l
0.4621870202703175,0.48024985393597497,1,1,A,crossed_layout,4,f4,1,f4r.1:3:uncertain,3,sh,uncertain,ol,f4r.1,0.9460321316934269,0.9718035441789659,0.5190580746851373,0.00044042607722132065,0.48050149923764135,0.5098682669608134,0.00021266525608071123,0.4899190677831058,f4r,True,0.375,sheey,H,o,l
0.0021362907613774722,0.0017699549989266244,1,1,A,crossed_layout,4,f8,1,f8r.5:10:line,10,t,line,taiin,f8r.5,0.048945467814710465,0.04474691578109907,0.0013943772335992394,0.9666426343355089,0.0319629884308918,0.0016519596579249532,0.969459869141103,0.02888817120097191,f8r,False,1.0,tosh,H,taii,n
0.24713596626336176,0.20579093429500162,1,1,A,crossed_layout,4,f8,1,f8r.6:6:line,6,ch,line,sol,f8r.6,0.6274336306299716,0.5608427414234401,0.6473269032345235,0.0023128481431804876,0.35036024862229614,0.6779060533961214,0.0026579448992302447,0.3194360017046483,f8r,False,1.0,choto,H,so,l
0.8491593647543302,1.2049807090448001,0,0,A,crossed_layout,4,f8,1,f8v.4:2:drawing,2,ch,drawing,dol,f8v.4,1.5219283932017624,2.1605739496971217,0.34822015331494655,0.0003642623439333009,0.6514155843411202,0.22366726811938553,0.0002604861440781741,0.7760722457365363,f8v,False,0.2857142857142857,chean,H,do,l
0.030733975126508085,0.031244916797468804,1,1,A,crossed_layout,4,f8,1,f8v.8:5:line,5,sh,line,dain,f8v.8,0.19449751820796898,0.19805979543499935,0.004437434977393626,0.8738772089649904,0.12168535605761607,0.006858536268318622,0.8717221084896636,0.12141935524201784,f8v,False,1.0,shol,H,dai,n
0.882796436098764,0.2252524312953043,0,1,A,crossed_layout,4,f17,1,f17v.3:5:line,5,k,line,olol,f17v.3,1.5811616241254212,0.5912931977429905,0.33421268013903094,0.002827527793843176,0.6629597920671259,0.6637476725820695,0.001311911088960486,0.3349404163289701,f17v,False,1.0,kchor,H,olo,l
0.00020280423184844195,5.920517039299823e-06,1,1,A,crossed_layout,4,f17,1,f17v.6:4:uncertain,4,d,uncertain,otaiin,f17v.6,0.01495592241220264,0.002590170070455786,0.0005055335741844216,0.9896868931203339,0.009807573305481704,0.00015722947033782557,0.9982062416294778,0.0016365289001843634,f17v,False,0.8,d,H,otaii,n
0.26789511559897405,0.4871235993314299,1,1,A,crossed_layout,4,f17,1,f17v.9:4:line,4,o,line,ol,f17v.9,0.6585044233226204,0.9820642149333746,0.6335347134623085,0.0009555105241627878,0.3655097760135287,0.5062548695669934,0.0004509563913336322,0.4932941740416729,f17v,False,1.0,oytor,H,o,l
0.7719656148045966,0.3276167343979062,0,1,A,crossed_layout,4,f17,1,f17v.18:6:uncertain,6,e,uncertain,or,f17v.18,1.402670412727128,0.7488166259220919,0.6207774962485495,0.0009941070810735467,0.378228396670377,0.40455618000430377,0.00035233741238310134,0.5950914825833131,f17v,False,0.8571428571428571,eees,H,o,r
0.39631894973389425,0.6916759905165033,1,0,A,crossed_layout,4,f22,1,f22r.7:6:drawing,6,o,drawing,ol,f22r.7,0.8503555847179243,1.2798809151133748,0.5546480136781285,0.0004021056340382845,0.4449498806878332,0.41182950101889243,0.00018119481541348646,0.5879893041656941,f22r,True,0.75,otchy,H,o,l
1.0841116116811103,0.3375860142787723,0,1,A,crossed_layout,4,f22,1,f22r.7:8:line,8,d,line,cphal,f22r.7,1.958079129730934,0.7850342911298098,0.2573709040504872,0.012939988013447066,0.7296891079360658,0.5803381630862267,0.01824291226128931,0.4014189246524841,f22r,True,1.0,dchor,H,cpha,l
0.7554968650795969,0.6147664390783321,0,0,A,crossed_layout,4,f22,1,f22r.8:8:line,8,o,line,dchor,f22r.8,1.384343184683085,1.1682583123833234,0.6122620462577151,0.0046740968000700414,0.3830638569422148,0.553799137265731,0.0012426723374068468,0.4449581903968622,f22r,False,1.0,odaiin,H,dcho,r
0.4245215218187293,0.09357210024147844,1,1,A,crossed_layout,4,f22,1,f22r.10:6:uncertain,6,d,uncertain,qokol,f22r.10,0.8926559096351369,0.3538345316174363,0.538621636874978,0.0013242639325013364,0.46005409919252077,0.7825015247750808,0.0024155172935239034,0.21508295793139529,f22r,True,0.6666666666666666,dy,H,qoko,l
0.0009328366912271962,1.3578696879183148e-05,1,1,A,crossed_layout,4,f22,1,f22r.12:6:line,6,d,line,ydaiin,f22r.12,0.03226953553801097,0.003925276090671013,0.0010860144245915398,0.9778807610704701,0.021033224504938434,0.0002394456021313077,0.9972829039503799,0.0024776504474888876,f22r,False,1.0,dchor,H,ydaii,n
0.0004181110333362847,8.308231359796598e-06,1,1,A,crossed_layout,4,f22,1,f22v.4:5:line,5,d,line,ytaiin,f22v.4,0.021274190779291654,0.0030042355027767014,0.0003653261139473482,0.9853620465865169,0.014272627299535724,8.686972273265035e-05,0.9979197892750805,0.0019933410021867565,f22v,False,1.0,dor,H,ytaii,n
0.0016749355985069777,0.0007794482185961682,1,1,A,crossed_layout,4,f22,1,f22v.6:3:line,3,y,line,otaiin,f22v.6,0.04326189605582908,0.03005115305112422,0.0012455829996666642,0.9704582840475405,0.028296132952792697,0.0018805835789221413,0.9793855712955406,0.01873384512553728,f22v,True,1.0,ychor,H,otaii,n
0.00020280423184844195,5.920517039299823e-06,1,1,A,crossed_layout,4,f22,1,f22v.9:4:uncertain,4,d,uncertain,otaiin,f22v.9,0.01495592241220264,0.002590170070455786,0.0005055335741844216,0.9896868931203339,0.009807573305481704,0.00015722947033782557,0.9982062416294778,0.0016365289001843634,f22v,False,0.8,daiin,H,otaii,n
0.030537804664175692,0.1907857771116287,1,1,A,crossed_layout,4,f23,1,f23r.2:11:uncertain,11,g,uncertain,dain,f23r.2,0.19372582528548554,0.5372834130994678,0.0042872507775868155,0.87434476810127,0.12136798112114319,0.004193524897253163,0.6890671980133745,0.3067392770893723,f23r,False,0.9166666666666666,g,H,dai,n
1.9585655366547945,1.9203798835956365,0,0,A,crossed_layout,4,f23,1,f23r.4:2:uncertain,2,g,uncertain,ykaiil,f23r.4,11.435499133392973,11.377875543415259,0.00036105365473269695,0.9792193595302445,0.020419586815022928,0.0003757665993674848,0.9588910704723952,0.040733162928237254,f23r,True,0.2222222222222222,g,H,ykaii,l
0.030733975126508085,0.07794993828182523,1,1,A,crossed_layout,4,f23,1,f23r.5:10:paragraph,10,t,paragraph,dain,f23r.5,0.19449751820796898,0.32207599432283057,0.004437434977393626,0.8738772089649904,0.12168535605761607,0.005434654121566883,0.7999179913423138,0.19464735453611934,f23r,False,1.0,tshol,H,dai,n
0.38749453706630155,0.07401025533174652,1,1,A,crossed_layout,4,f23,1,f23r.9:3:uncertain,3,d,uncertain,qokol,f23r.9,0.8417277499665634,0.3135126737517624,0.5579749463135999,0.003739294556518932,0.43828575912988116,0.8046801369894767,0.0060480272513052415,0.18927183575921805,f23r,False,0.2727272727272727,dy,H,qoko,l
0.7848875694901352,1.1877253005965933,0,0,A,crossed_layout,4,f23,1,f23v.2:4:drawing,4,o,drawing,dol,f23v.2,1.4213085227269233,2.124503689806888,0.37337350919571016,0.0003464492211544778,0.6262800415831353,0.22932989038657245,9.053906428643847e-05,0.7705795705491411,f23v,False,0.5714285714285714,otchol,H,do,l
0.3382929557774388,0.0939873000533521,1,1,A,crossed_layout,4,f23,1,f23v.4:3:uncertain,3,d,uncertain,ol,f23v.4,0.7656708799216863,0.354326609967087,0.5881797905055423,0.001094177198429423,0.4107260322960284,0.7822346725380088,0.0019838955285280493,0.215781431933463,f23v,False,0.5,dal,H,o,l
0.21005129185316554,0.0855759769215398,1,1,A,crossed_layout,4,f23,1,f23v.5:0:uncertain,0,ch,uncertain,dor,f23v.5,0.5654756697480229,0.33457647862567025,0.32388545699123283,0.0003819584400681344,0.6757325845686991,0.20672180831602838,0.00026128910039595023,0.7930169025835756,f23v,False,0.0,chear,H,do,r
0.7053144379201686,0.6650974489130326,0,0,A,crossed_layout,4,f23,1,f23v.9:5:drawing,5,q,drawing,or,f23v.9,1.3018274124647886,1.241912710117249,0.5933096129226199,0.0010782893985432837,0.4056120976788369,0.5761510812065491,0.0010371937667451113,0.4228117250267057,f23v,False,0.5555555555555556,qoto,H,o,r
0.00038566866622799354,0.0014276346904465301,1,1,A,crossed_layout,4,f23,1,f23v.11:4:drawing,4,o,drawing,oiin,f23v.11,0.020585593661345134,0.03993975043385589,0.00058028978958,0.9858324713123592,0.013587238898060827,0.0012156431063189992,0.9726955680982998,0.026088788795381186,f23v,False,0.5714285714285714,ol,H,oii,n
0.41971949049834323,1.4341793042665003,1,0,A,crossed_layout,4,f23,1,f23v.12:0:uncertain,0,a,uncertain,ol,f23v.12,0.8855642931791889,2.720292701354397,0.5412757677092667,0.001241962977941205,0.45748226931279207,0.15174357091373356,0.002897369259205727,0.8453590598270607,f23v,False,0.0,aiios,H,o,l
0.5680838961410678,0.017045251561466957,0,1,B,crossed_layout,4,f31,2,f31v.5:2:uncertain,2,a,uncertain,or,f31v.5,1.0988558711997092,0.1399710832880071,0.5327981922512433,0.0003151944943023877,0.4668866132544543,0.09217279994050888,0.0002898546659133108,0.9075373453935778,f31v,False,0.6666666666666666,aiin,H,o,r
0.4976142004384485,0.032201616755071036,1,1,B,crossed_layout,4,f33,2,f33r.5:4:uncertain,4,k,uncertain,ol,f33r.5,0.9970484745370952,0.19584053099198803,0.5010239678573287,0.00034089140482236726,0.49863514073784904,0.8730640903702723,9.39497939506232e-05,0.12684195983577698,f33r,False,0.3333333333333333,kor,H,o,l
0.2515988544640766,0.41487027826444467,1,1,B,crossed_layout,4,f33,2,f33v.4:9:line,9,t,line,dain,f33v.4,0.6424036150847523,0.9328374558748671,0.009538710742933032,0.6406447072592403,0.3498165819978266,0.04474828415364889,0.5238270782518321,0.43142463759451904,f33v,False,1.0,tchdy,H,dai,n
0.4571729811874969,0.9207450699369667,1,0,B,crossed_layout,4,f33,2,f33v.7:9:line,9,d,line,porar,f33v.7,0.9392736027323221,1.638181853167778,0.4777087852847808,0.000795827345100635,0.5214953873701186,0.6782760079772698,0.0004629054923281691,0.3212610865304019,f33v,True,1.0,dar,H,pora,r
0.4545692832476043,0.011668203420983986,1,1,B,crossed_layout,4,f33,2,f33v.9:1:uncertain,1,a,uncertain,or,f33v.9,0.9349081447343658,0.11485181073632192,0.4765631482261555,0.00036107911216554843,0.523075772661679,0.07623895456405039,0.00028388280179412117,0.9234771626341555,f33v,False,0.07692307692307693,aiin,H,o,r
0.024041645508542424,0.013071899702711706,1,1,B,crossed_layout,4,f40,2,f40r.1:10:line,10,q,line,ordaiin,f40r.1,0.17000904228768177,0.1231916593193496,0.0031130571618295387,0.8888371102414528,0.10804983259671759,0.002039802813065514,0.9181541791448231,0.07980601804211139,f40r,True,1.0,qokar,H,ordaii,n
0.3794013180080624,0.08696510346380112,1,1,B,crossed_layout,4,f40,2,f40r.4:9:line,9,l,line,ol,f40r.4,0.8254438864901188,0.337564126530554,0.5643085499862336,0.000290262439961087,0.43540118757380536,0.7913763592312651,0.00019801670685800068,0.20842562406187684,f40r,False,1.0,lokar,H,o,l
0.4383276742698876,0.009489177147253308,1,1,B,crossed_layout,4,f40,2,f40r.8:6:uncertain,6,a,uncertain,or,f40r.8,0.9110741281371609,0.10304099536068818,0.468087736799358,0.00012325168442901946,0.531789011516213,0.0688301982633016,0.00010143935213393437,0.9310683623845644,f40r,True,0.6,ain,H,o,r
0.5103942324199781,1.053643883704897,0,0,B,crossed_layout,4,f40,2,f40r.9:3:drawing,3,d,drawing,or,f40r.9,1.0154882860139918,1.8676790925986382,0.5050014773207203,0.0003376427968594833,0.4946608798824202,0.7256637935201758,0.000322321077016629,0.27401388540280747,f40r,False,0.375,dain,H,o,r
0.5293413523662313,0.41860894826720296,0,1,B,crossed_layout,4,f40,2,f40v.7:1:uncertain,1,ch,uncertain,qokol,f40v.7,1.0440032935382018,0.8833084641753357,0.4849798480058502,0.0011190495100744217,0.5139011024840754,0.5421227801754652,0.0007592663951175416,0.45711795342941725,f40v,False,0.25,chedy,H,qoko,l
0.3794013180080624,0.009430884253555075,1,1,B,crossed_layout,4,f40,2,f40v.9:4:line,4,t,line,ol,f40v.9,0.8254438864901188,0.10268085220032094,0.5643085499862336,0.000290262439961087,0.43540118757380536,0.9313008160560616,6.025367483620625e-05,0.06863893026910213,f40v,False,1.0,tchkaiin,H,o,l
0.0021362907613774722,0.0011665822207670559,1,1,A,crossed_layout,4,f51,1,f51r.5:4:line,4,y,line,taiin,f51r.5,0.048945467814710465,0.03659166727217951,0.0013943772335992394,0.9666426343355089,0.0319629884308918,0.0018980930964739783,0.974955538071833,0.023146368831692955,f51r,False,1.0,ycho,H,taii,n
0.3192030351140006,0.16310263093737526,1,1,B,crossed_layout,4,f76,2,f76r.3:10:uncertain,10,ch,uncertain,ol,f76r.3,0.7360456572774496,0.48530987804047565,0.600382713002264,0.0002315017555632302,0.3993857852421727,0.714343618746612,0.00016901862712758164,0.28548736262626057,f76r,False,0.8333333333333334,chedy,T,o,l
0.579289139667801,0.3939101732189967,0,1,B,crossed_layout,4,f76,2,f76r.5:2:uncertain,2,o,uncertain,or,f76r.5,1.115045900147116,0.8465860161983241,0.5380491035058528,0.00027442985731247895,0.46167646663683487,0.44369149926011553,0.00020937128079073796,0.5560991294590938,f76r,False,0.16666666666666666,or,T,o,r
0.41208224908258884,1.6013345613075889,1,0,B,crossed_layout,4,f76,2,f76r.28:3:uncertain,3,a,uncertain,ol,f76r.28,0.8731643279542075,3.2505148620865842,0.545948083956396,0.0002688904491607467,0.45378302559444333,0.10507454671451413,0.0002506902996676294,0.8946747629858183,f76r,False,0.25,aiin,T,o,l
0.35906171307956847,1.561840117383142,1,0,B,crossed_layout,4,f76,2,f76r.36:8:uncertain,8,a,uncertain,ol,f76r.36,0.7954454383546582,3.1056058793175447,0.5761652524118724,0.00024796978756731416,0.4235867778005602,0.11617681755254607,0.0002527915628214256,0.8835703908846325,f76r,False,0.5714285714285714,alor,T,o,l
0.4687545572227168,0.5170072968271935,1,0,B,crossed_layout,4,f76,2,f76r.44:6:uncertain,6,sh,uncertain,ol,f76r.44,0.9550431353674884,1.0246132163588928,0.5158261666518719,9.713809428052745e-05,0.48407669525384767,0.4915420630482957,5.0796366779910615e-05,0.5084071405849245,f76r,True,0.5454545454545454,shedy,T,o,l
0.5657404239900179,0.868879254638321,0,0,B,crossed_layout,4,f76,2,f76r.54:1:uncertain,1,ch,uncertain,or,f76r.54,1.095403641176474,1.5530726824941492,0.5317159414681434,0.0002788929028423877,0.4680051656290143,0.6590241278702295,0.00019238929963181418,0.3407834828301388,f76r,False,0.1,chedy,T,o,r
0.37539948395360945,0.3008828820499931,1,1,B,crossed_layout,4,f76,2,f76r.55:9:line,9,q,line,okedalor,f76r.55,0.8210005736194494,0.7091247659070838,0.43253230821149574,0.0014184657959150806,0.5660492259925892,0.3874252363965721,0.0008836450682312351,0.6116911185351966,f76r,False,1.0,qokaiin,T,okedalo,r
0.26426598141706903,0.9347899149902287,1,0,B,crossed_layout,4,f76,2,f76v.1:7:drawing,7,o,drawing,lkodol,f76v.1,0.6531238095626258,1.6628099424300031,0.635901929039832,0.0011970607857282104,0.3629010101744397,0.31582341862511637,0.0010285281549096885,0.683148053219974,f76v,True,0.7777777777777778,opa,B,lkodo,l
1.7590958397753362,1.13237389227533,0,0,B,crossed_layout,4,f76,2,f76v.3:7:drawing,7,o,drawing,ror,f76v.3,4.0181345216174424,2.017575250706024,0.9374030056078136,0.0008776957299998793,0.061719298662186506,0.7518795032683264,0.0011475798440979497,0.24697291688757558,f76v,False,0.7777777777777778,oteedy,B,ro,r
0.5529632609271877,0.15918881806852048,0,1,B,crossed_layout,4,f76,2,f76v.4:8:drawing,8,o,drawing,olor,f76v.4,1.0801737259987207,0.4801579139817276,0.5245938245716251,0.002434309672573261,0.47297186575580163,0.281138535080599,0.001962315288950456,0.7168991496304505,f76v,False,0.7272727272727273,otchy,B,olo,r
1.1030618849951175,0.0872031576257084,0,1,B,crossed_layout,4,f76,2,f76v.19:0:uncertain,0,a,uncertain,or,f76v.19,1.9605386861095637,0.33904437302338897,0.7422343874340326,0.0008331095230517671,0.25693250304291565,0.20817895380958007,0.001256245390497146,0.7905648007999229,f76v,False,0.0,as,B,o,r
0.1206913713631227,0.2870558545615946,1,1,B,crossed_layout,4,f76,2,f76v.22:0:uncertain,0,sh,uncertain,sol,f76v.22,0.40860598310970647,0.688245830570081,0.7533509541804718,0.0020031652319069324,0.24464588058762132,0.6206079871585448,0.001084758811049937,0.3783072540304052,f76v,False,0.0,shey,B,so,l
0.33847430566754566,0.6625944247630812,1,0,B,crossed_layout,4,f76,2,f76v.22:9:uncertain,9,ch,uncertain,lal,f76v.22,0.8330536238568642,1.3961308704479602,0.5613398460818889,0.06146904675471044,0.37719110716340065,0.3799467466246648,0.10278839513871475,0.5172648582366205,f76v,False,0.8181818181818182,chedy,B,la,l
0.7213043307654834,0.05496732114236601,0,1,B,crossed_layout,4,f76,2,f76v.26:8:uncertain,8,a,uncertain,lar,f76v.26,1.4283931178526053,0.3040093475860127,0.5680680981847925,0.060387411114827684,0.3715444907003797,0.1152037290856372,0.07479804548266185,0.8099982254317009,f76v,False,0.8888888888888888,aly,B,la,r
0.6085929458440298,1.065225296532827,0,0,B,crossed_layout,4,f76,2,f76v.35:8:line,8,d,line,olor,f76v.35,1.1608993214973646,1.8949285300810081,0.5504880823075313,0.0022782576801249808,0.4472336600123437,0.7284861403126484,0.00262694196745084,0.26888691771990075,f76v,False,1.0,daiin,B,olo,r
0.1576118001349584,0.31370048940344036,1,1,B,crossed_layout,4,f76,2,f76v.37:3:uncertain,3,o,uncertain,ol,f76v.37,0.4756910983447418,0.7278372545104459,0.7191222243004756,0.0003080332671795584,0.2805697424323449,0.6038084054610886,0.00029688419292652347,0.3958947103459848,f76v,True,0.3,oiiin,B,o,l
0.03415095838820331,0.038274665530804074,1,1,B,crossed_layout,4,f76,2,f76v.38:12:line,12,s,line,dl,f76v.38,0.20372541860460666,0.2161239638585358,0.8683054723923453,0.0020672297590795616,0.129627297848575,0.8608752142866997,0.0015877412166952344,0.13753704449660514,f76v,False,1.0,sshey,B,d,l
0.09336067608363752,0.0030221002354230996,1,1,B,crossed_layout,4,f76,2,f76v.39:6:uncertain,6,k,uncertain,ol,f76v.39,0.35180593525241344,0.0573135240675077,0.7836025865011863,0.0006837886445859151,0.2157136248542277,0.9610520514726372,0.00015188594890624846,0.038796062578456594,f76v,False,0.6,keedy,B,o,l
0.1206913713631227,0.2870558545615946,1,1,B,crossed_layout,4,f76,2,f76v.40:0:uncertain,0,sh,uncertain,sol,f76v.40,0.40860598310970647,0.688245830570081,0.7533509541804718,0.0020031652319069324,0.24464588058762132,0.6206079871585448,0.001084758811049937,0.3783072540304052,f76v,False,0.0,shedy,B,so,l
0.132298390222202,0.006132964693724732,1,1,B,crossed_layout,4,f82,2,f82r.6:8:line,8,d,line,chedol,f82r.6,0.43121075251564,0.08317394132362568,0.7416391185014121,0.0023481250937188755,0.2560127564048691,0.9439785996796034,0.0013145510658294057,0.05470684925456707,f82r,False,1.0,dshedy,B,chedo,l
1.417254301381174,1.3527381812946913,0,0,B,crossed_layout,4,f82,2,f82r.8:9:line,9,s,line,qoteor,f82r.8,2.662783334332615,2.495825197109417,0.8415142250218978,0.0005711532212864768,0.15791462175681578,0.8221219001819615,0.0005891155937539822,0.17728898422428463,f82r,False,1.0,ssholshecthy,B,qoteo,r
0.7443544539684823,1.67881705677505,0,0,B,crossed_layout,4,f82,2,f82r.23:8:line,8,q,line,lar,f82r.23,1.463124965705433,3.735022126662653,0.578589177768627,0.058704189146600506,0.36270663308477263,0.9072303490478402,0.017668549693695478,0.07510110125846439,f82r,False,1.0,qokeedy,B,la,r
0.0640913074181299,0.08456739160417212,1,1,B,crossed_layout,4,f82,2,f82r.28:5:uncertain,5,ch,uncertain,qoteeol,f82r.28,0.28520101978477713,0.33270474168845326,0.8206272576807042,0.0007216692059708386,0.17865107311332495,0.7940464218323232,0.0006486964990841044,0.20530488166859268,f82r,False,0.625,chey,B,qoteeo,l
0.11813035232869948,0.05751374756544306,1,1,B,crossed_layout,4,f82,2,f82r.33:1:uncertain,1,ch,uncertain,ol,f82r.33,0.4024407329150003,0.26856487157945064,0.7565772322970711,0.0007808530197751074,0.2426419146831538,0.830144926218069,0.0005544711909294522,0.16930060259100163,f82r,False,0.2,cheol,B,o,l
0.36870641658152115,0.01236515028799718,1,1,B,crossed_layout,4,f82,2,f82v.6:3:uncertain,3,sh,uncertain,dol,f82v.6,0.8097182324091544,0.11819287909761238,0.5704932680470807,0.0002861570700563063,0.42922057488286314,0.9213410005666419,5.9326555540308445e-05,0.07859967287781776,f82v,False,0.3333333333333333,shedy,B,do,l
0.010128734969501698,0.07266175234619832,1,1,B,crossed_layout,4,f82,2,f82v.11:10:line,10,d,line,rol,f82v.11,0.10677009143541892,0.3055929503942517,0.9286648329826258,0.00034283376147250995,0.0709923332559018,0.8091096026204931,0.0005688670030802236,0.19032153037642663,f82v,True,1.0,dal,B,ro,l
0.11146811270232608,0.053059762530818025,1,1,B,crossed_layout,4,f82,2,f82v.12:3:uncertain,3,q,uncertain,ol,f82v.12,0.3892197033989775,0.25688410043474524,0.7635424626942783,0.0007556604976410676,0.2357018768080806,0.8368934722023512,0.00045408568008322006,0.1626524421175655,f82v,False,0.3,qoky,B,o,l
1.1030618849951175,0.0872031576257084,0,1,B,crossed_layout,4,f82,2,f82v.17:0:uncertain,0,a,uncertain,or,f82v.17,1.9605386861095637,0.33904437302338897,0.7422343874340326,0.0008331095230517671,0.25693250304291565,0.20817895380958007,0.001256245390497146,0.7905648007999229,f82v,False,0.0,ain,B,o,r
0.0852977686095528,0.041522283240980895,1,1,B,crossed_layout,4,f82,2,f82v.22:6:uncertain,6,ch,uncertain,ol,f82v.22,0.33431662863513667,0.2248748445238413,0.7931597491225649,0.0006499095807356754,0.20619034129669941,0.8556692527678137,0.0004881933350615811,0.14384255389712475,f82v,False,0.75,checkhy,B,o,l
0.8428574512123086,0.3494413567745462,0,1,B,crossed_layout,4,f82,2,f82v.23:6:line,6,d,line,oll,f82v.23,1.5459995785212934,0.7993496893308958,0.34245834503947864,0.017069119753164157,0.6404725352073573,0.5746081300704851,0.015206704535156388,0.4101851653943585,f82v,False,1.0,dshedy,B,ol,l
1.3044634744824735,0.744185149897779,0,0,A,crossed_layout,4,f89,1,f89r1.19:6:uncertain,6,y,uncertain,qokair,f89r1.19,2.4066569410853433,1.3764865656316339,0.007652376213906385,0.8037552740966732,0.18859234968942018,0.009819462530959906,0.6050249034008848,0.38515563406815534,f89r1,True,0.75,ydam,P,qokai,r
0.8799874085009993,1.4356976040227774,0,0,A,crossed_layout,4,f89,1,f89r2.12:15:line,15,d,line,or,f89r2.12,1.5710609948694996,2.712955435760644,0.6632011485879113,0.00023806365264626415,0.3365607877594423,0.8470362656716118,0.0004464594230367366,0.15251727490535147,f89r2,True,1.0,daiin,P,o,r
0.5075118925602853,0.7573291638209543,0,0,A,crossed_layout,4,f89,1,f89r2.13:15:uncertain,15,ch,uncertain,dol,f89r2.13,1.0111530927472328,1.3787725256095285,0.49614953524146604,0.00021711142942626592,0.5036333533291076,0.3845458356226611,0.00019381476314236947,0.6152603496141965,f89r2,False,0.9375,cheol,P,do,l
0.22704638828283036,0.041009275362454335,1,1,A,crossed_layout,4,f89,1,f89r2.28:5:uncertain,5,d,uncertain,ol,f89r2.28,0.5935444132746136,0.2239401952944214,0.6627127526506862,0.0007115578770335388,0.33657568947228017,0.856223777251522,0.0011708149725649533,0.14260540777591285,f89r2,False,0.38461538461538464,daiin,P,o,l
0.24240363227995132,0.11833123031147139,1,1,A,crossed_layout,4,f89,1,f89v2.7:13:uncertain,13,cfh,uncertain,ol,f89v2.7,0.6176407412761207,0.40227723212182825,0.6517358491973113,0.0002474093458315054,0.34801674145685724,0.7566629801397253,0.00019449530200420519,0.2431425245582705,f89v2,True,0.8666666666666667,cfheol,P,o,l
0.07836597843271081,0.008584030091414431,1,1,A,crossed_layout,4,f89,1,f89v2.7:14:uncertain,14,d,uncertain,cfheol,f89v2.7,0.31837061150523244,0.09793850913741393,0.8019751218467251,0.0001559777772316528,0.1978689003760431,0.9343671708357588,0.00023936978627759579,0.06539345937796365,f89v2,True,0.9333333333333333,dam,P,cfheo,l
1.4454268725877109,1.8096676012095512,0,0,A,crossed_layout,4,f89,1,f89v2.22:7:uncertain,7,a,uncertain,dair,f89v2.22,2.769344163970832,4.368501091606181,0.006443488381595255,0.8468854828029284,0.1466710288154762,0.0007220090724454261,0.950866313002519,0.048411677925035736,f89v2,False,0.5384615384615384,air,P,dai,r
0.7304761142938287,0.8162075458082192,0,0,A,crossed_layout,4,f89,1,f89v1.13:3:uncertain,3,sh,uncertain,or,f89v1.13,1.3382236921571538,1.4695309278612616,0.6042057877828177,0.0002868904172262048,0.3955073217999561,0.6387596693595202,0.00014064432572842946,0.3610996863147513,f89v1,True,0.3333333333333333,shos,P,o,r
3.836635773668856e-05,4.0083289764151694e-05,1,1,A,crossed_layout,4,f89,1,f89v1.18:9:line,9,s,line,chokaiin,f89v1.18,0.006542638568690063,0.006759426052166891,0.0003057935914056123,0.9954752561600909,0.004218950248503603,0.0004254306085402413,0.9953256816788688,0.004248887712590918,f89v1,False,1.0,sar,P,chokaii,n
0.2532983566694197,0.15689499067915985,1,1,A,crossed_layout,4,f89,1,f89v1.20:0:uncertain,0,ch,uncertain,sol,f89v1.20,0.6367400084045607,0.4760542854897621,0.6431646375415733,0.001922436508336424,0.3549129259500904,0.718941213713744,0.0019582405605923546,0.27910054572566384,f89v1,False,0.0,chey,P,so,l
0.5798582782485933,0.965180463541168,0,0,A,crossed_layout,4,f90,1,f90r1.4:6:line,6,y,line,qofchol,f90r1.4,1.1203397973066078,1.713659207187131,0.4599854723837462,0.003141433105051693,0.536873094511202,0.3048857850047672,0.0008549257129397247,0.6942592892822931,f90r1,False,1.0,ytor,H,qofcho,l
0.3452458766987392,0.25214803727378543,1,1,A,crossed_layout,4,f90,1,f90v1.3:5:drawing,5,s,drawing,ol,f90v1.3,0.7760380159106661,0.6338253616618794,0.5839683091760532,0.0011072604716776306,0.4149244303522691,0.6444653230945442,0.0009331257697954231,0.35460155113566033,f90v1,False,0.45454545454545453,sals,H,o,l
0.2944949365733772,0.6520648991255438,1,0,A,crossed_layout,4,f90,1,f90v1.3:7:drawing,7,y,drawing,sol,f90v1.3,0.7013457738477576,1.2225891412941627,0.6149982567452497,0.002559534486690959,0.38244220876805946,0.42851299431942474,0.0009902740325012469,0.570496731648074,f90v1,False,0.6363636363636364,yteey,H,so,l
1.39444974124654,1.4369549291750587,0,0,A,crossed_layout,4,f90,1,f90v1.6:1:uncertain,1,sh,uncertain,ror,f90v1.6,2.6081807114199917,2.7178259789423325,0.83400214317041,0.001991994602819401,0.1640058622267706,0.8472637689395338,0.0007329868017740956,0.1520032442586922,f90v1,False,0.25,sheol,H,ro,r
1.453891824445776e-05,1.812027444203935e-07,1,1,A,crossed_layout,4,f90,1,f90v1.10:8:line,8,d,line,aiiin,f90v1.10,0.004009423182929231,0.0004555952879049444,0.00016578866294465568,0.9972247378051668,0.0026094735318885056,3.205376357702885e-05,0.9996842552685752,0.0002836909678477834,f90v1,False,1.0,deeocthey,H,aiii,n
0.9274192249413378,1.5472467447823242,0,0,B,crossed_layout,4,f95,3,f95r1.9:9:line,9,d,line,or,f95r1.9,1.648639387040402,3.055070415200816,0.6808653072988305,0.00019388298318578104,0.3189408097179837,0.8794356284019744,0.0002459388674676326,0.12031843273055787,f95r1,False,1.0,daiin,H,o,r
0.2690401125501161,0.04072099880529943,1,1,B,crossed_layout,4,f95,3,f95r1.11:4:uncertain,4,d,uncertain,ol,f95r1.11,0.6594571296977356,0.2223476641962585,0.6331164869502511,0.0002276136093665891,0.36665589944038224,0.8571694489429366,0.0002810737251698499,0.1425494773318936,f95r1,False,0.4444444444444444,dar,H,o,l
0.028419437642051848,0.07755535272127936,1,1,B,crossed_layout,4,f95,3,f95v2.4:6:drawing,6,o,drawing,alkain,f95v2.4,0.18492394269429055,0.3177560899417334,0.002231375803213786,0.8796954512826921,0.11807317291409414,0.0015344044379657148,0.8023167990330605,0.19614879652897374,f95v2,False,0.75,okalaiin,H,alkai,n
0.018975616095546172,0.047868400178001994,1,1,B,crossed_layout,4,f95,3,f95v2.7:2:drawing,2,y,drawing,chdykain,f95v2.7,0.15111460637789548,0.2459470842091709,0.004217362042691608,0.9005544377833758,0.09522820017393258,0.004145609243853341,0.843262039211602,0.15259235154454462,f95v2,False,0.5,ytasal,H,chdykai,n
0.3970234704932255,0.09350974435444423,1,1,B,crossed_layout,4,f95,3,f95v1.9:2:uncertain,2,k,uncertain,ol,f95v1.9,0.8509861150646587,0.3515245930266762,0.554405657544326,9.558451316084347e-05,0.44549875794251315,0.7837554129732417,3.1678224899293054e-05,0.21621290880185914,f95v1,True,0.2,k,H,o,l
0.6667257469896617,0.01332631764657814,0,1,B,crossed_layout,4,f95,3,f95v1.11:4:uncertain,4,a,uncertain,or,f95v1.11,1.2427062109480798,0.12288479324740038,0.5773309289039179,8.98340155068269e-05,0.42257923708057515,0.0816058244460662,4.468116565306936e-05,0.9183494943882807,f95v1,True,0.4444444444444444,aiin,H,o,r
0.39975355423748893,0.28695860834665554,1,1,B,crossed_layout,4,f95,3,f95v1.11:9:line,9,sh,line,qokain,f95v1.11,0.8762758070524088,0.7116534335532321,0.01677688687826005,0.5447718994479969,0.4384512136737431,0.02215983610784378,0.610619922785283,0.3672202411068732,f95v1,True,1.0,shotshey,H,qokai,n
0.141070733618697,0.24876483659407023,1,1,B,crossed_layout,4,f104,3,f104r.14:8:uncertain,8,o,uncertain,ol,f104r.14,0.4456849968056362,0.6277484111370059,0.7342356161464672,0.0003592278203047634,0.2654051560332281,0.6471856788891845,0.00027096492438232834,0.3525433561864333,f104r,False,0.8888888888888888,oeeal,S,o,l
1.0717790544740518,0.06153665452335703,0,1,B,crossed_layout,4,f104,3,f104r.28:12:uncertain,12,a,uncertain,or,f104r.28,1.9009128793742414,0.278526827934018,0.7318632559255197,0.00036286859240120586,0.26777387548207904,0.17525006209695257,0.0003175016813650973,0.8244324362216824,f104r,False,0.8571428571428571,aiin,S,o,r
1.0085317529979534,0.05208049317945994,0,1,B,crossed_layout,4,f104,3,f104r.29:4:uncertain,4,a,uncertain,or,f104r.29,1.7874437641101815,0.25416576999955476,0.7099183123356306,0.0003968186755438912,0.28968486898882545,0.16121118114550387,0.0003169828847427364,0.8384718359697534,f104r,False,0.5714285714285714,air,S,o,r
0.36089596274757585,0.13790472786555963,1,1,B,crossed_layout,4,f104,3,f104v.5:5:paragraph,5,s,paragraph,chedal,f104v.5,0.8023082206564361,0.4445625407236731,0.573430989922053,0.0035772302375776726,0.4229917798403694,0.7348070937611003,0.005290106878563486,0.2599027993603362,f104v,False,1.0,solchd,S,cheda,l
0.7402891857837947,0.0823038648040013,0,1,B,crossed_layout,4,f104,3,f104v.7:12:paragraph,12,t,paragraph,cheodalol,f104v.7,1.3632781712615436,0.33387161349887584,0.38869806443239546,0.005855953531776162,0.6054459820358283,0.7934044456993661,0.007691082251837144,0.19890447204879683,f104v,False,1.0,tchodls,S,cheodalo,l
1.0632237980736483,0.060162444873596996,0,1,B,crossed_layout,4,f104,3,f104v.17:9:uncertain,9,a,uncertain,or,f104v.17,1.885237589596251,0.2750841782112453,0.7289334494696108,0.00036737279457149983,0.27069917773581764,0.17328044462918823,0.00031745744189215643,0.8264020979289196,f104v,False,0.8181818181818182,ain,S,o,r
0.7936679669173232,0.025453866125410982,0,1,B,crossed_layout,4,f104,3,f104v.32:3:uncertain,3,a,uncertain,or,f104v.32,1.4345411838817488,0.17278233940016285,0.6298596880351368,0.00017579461790828154,0.36996451734695485,0.1127574722428467,0.00011239063984974082,0.8871301371173035,f104v,True,0.23076923076923078,ain,S,o,r
1.151888782710027e-05,4.760595530932589e-05,1,1,B,crossed_layout,4,f104,3,f104v.36:5:paragraph,5,p,paragraph,qokcheodaiin,f104v.36,0.0038454581800935208,0.007809452903621524,0.0006638140905704831,0.9973380807115237,0.0019981051979058606,0.001304490035318142,0.9946015241656317,0.0040939857990500575,f104v,False,1.0,posairy,S,qokcheodaii,n
0.9925612631884395,0.049931335290888564,0,1,B,crossed_layout,4,f104,3,f104v.38:6:uncertain,6,a,uncertain,or,f104v.38,1.7596227131007725,0.24838791460876142,0.7042689748794745,0.00040563773877395535,0.2953253873817515,0.15784664674392962,0.0003167847123702165,0.8418365685437001,f104v,False,0.5,aiin,S,o,r
1.0481953893713978,0.05782358751278867,0,1,B,crossed_layout,4,f104,3,f104v.38:9:uncertain,9,a,uncertain,or,f104v.38,1.8579579371112938,0.2691525137574719,0.7237581714840586,0.00037535052237020627,0.27586647799357106,0.16987578206313514,0.00031735958517156417,0.8298068583516933,f104v,False,0.75,aiin,S,o,r
0.4918823715516212,0.23781642531645208,1,1,B,crossed_layout,4,f108,3,f108r.1:5:uncertain,5,y,uncertain,opar,f108r.1,0.9920485485696507,0.6116109803125146,0.49460202736942505,0.002634601359145191,0.5027633712714297,0.3441225539531062,0.0014119588663852882,0.6544654871805087,f108r,True,0.5,yo,S,opa,r
0.0472708924220299,0.08047002701229697,1,1,B,crossed_layout,4,f108,3,f108r.18:10:uncertain,10,y,uncertain,chedl,f108r.18,0.24858436344019738,0.328521427820007,0.8417219451850584,0.009522296415462072,0.1487557583994795,0.7963522216900978,0.006269191215869226,0.19737858709403294,f108r,False,0.9090909090909091,y,S,ched,l
0.07999677708848166,0.5599350278446976,1,0,B,crossed_layout,4,f108,3,f108r.37:7:uncertain,7,a,uncertain,chedl,f108r.37,0.3258107208494275,1.0926053888401404,0.7978499095020471,0.004380194155482505,0.1977698963424702,0.46891378968310304,0.003955468159341839,0.5271307421575551,f108r,True,0.6363636363636364,al,S,ched,l
1.0592231241242027,0.05953060052747593,0,1,B,crossed_layout,4,f108,3,f108r.40:8:uncertain,8,a,uncertain,or,f108r.40,1.877944024203177,0.27349088175762776,0.7275593452484004,0.0003694883227810969,0.2720711664288185,0.17236729469540074,0.000317433878372235,0.827315271426227,f108r,False,0.8,aiin,S,o,r
0.18426981318880686,0.024457298420004492,1,1,B,crossed_layout,4,f108,3,f108r.43:4:uncertain,4,k,uncertain,ol,f108r.43,0.5223148191621664,0.16917092096533273,0.696253790028886,0.0004182056242575233,0.3033280043468566,0.8893536225618711,0.00012641725671728158,0.11051996018141166,f108r,False,0.4,kechy,S,o,l
0.1855136669416549,0.022679507096328398,1,1,B,crossed_layout,4,f108,3,f108v.1:11:line,11,d,line,ol,f108v.1,0.5241479149745187,0.16260003498796147,0.6953696881380846,0.00014054145136850236,0.30448977041054687,0.8934135031759117,0.00019670832475896262,0.10638978849932916,f108v,True,1.0,daiin,S,o,l
0.3686352280804195,0.12785100190849036,1,1,B,crossed_layout,4,f108,3,f108v.10:6:uncertain,6,o,uncertain,aralor,f108v.10,0.8266780487771215,0.42763826452374454,0.42212572716284624,0.014048257624612552,0.5638260152125413,0.2489789288501559,0.007543185687373129,0.743477885462471,f108v,False,0.6,om,S,aralo,r
0.1855136669416549,0.022679507096328398,1,1,B,crossed_layout,4,f108,3,f108v.20:10:line,10,d,line,ol,f108v.20,0.5241479149745187,0.16260003498796147,0.6953696881380846,0.00014054145136850236,0.30448977041054687,0.8934135031759117,0.00019670832475896262,0.10638978849932916,f108v,True,1.0,daiin,S,o,l
0.08905193359816385,0.18631564575921122,1,1,B,crossed_layout,4,f108,3,f108v.22:3:uncertain,3,a,uncertain,dain,f108v.22,0.3503250614010053,0.5275369076329904,0.009481427437133701,0.7844073389359137,0.2061112336269526,0.002099233919064852,0.6937381326435996,0.30416263343733546,f108v,False,0.2727272727272727,alsar,S,dai,n
0.09197988139905858,0.1789072878870112,1,1,B,crossed_layout,4,f108,3,f108v.36:8:uncertain,8,a,uncertain,dain,f108v.36,0.35832449763612517,0.5151640610210558,0.011410251156307337,0.7800700034895902,0.2085197453541024,0.0024118301111354227,0.6997133579656751,0.29787481192318943,f108v,False,0.7272727272727273,alal,S,dai,n
0.0007921419298332679,0.00010875216412031715,1,1,B,crossed_layout,4,f108,3,f108v.41:10:line,10,y,line,otaiin,f108v.41,0.030209317664982565,0.011532827600963599,0.0017570375436541052,0.979278205812575,0.018964756643770987,0.0013676056542262533,0.9920379196884092,0.0065944746573645225,f108v,False,1.0,ycheain,S,otaii,n
0.543171288208773,0.6646591045780366,0,0,B,crossed_layout,4,f108,3,f108v.51:10:line,10,s,line,lar,f108v.51,1.1095854975426331,1.3019978872268345,0.5041949497924645,0.03237789057012431,0.4634271596374111,0.5566674985160489,0.03776832976223725,0.4055641717217139,f108v,False,1.0,saiin,S,la,r
0.9027814367383407,0.0343007448324965,0,1,B,crossed_layout,4,f112,3,f112r.1:5:uncertain,5,a,uncertain,or,f112r.1,1.607936267550869,0.20259879964021157,0.6717796276069972,0.0001530663744981445,0.3280673060185046,0.1309025949803223,0.00011359697945226281,0.8689838080402256,f112r,True,0.7142857142857143,aiin,S,o,r
0.8798082405156076,1.2582857367222937,0,0,B,crossed_layout,4,f112,3,f112r.3:0:uncertain,0,ch,uncertain,or,f112r.3,1.5712704228546457,2.275052768883815,0.663017047897362,0.0004710174479299146,0.33651193465470797,0.7929753907479549,0.0004195867615901029,0.206605022490455,f112r,False,0.0,chedar,S,o,r
0.8439301443467446,1.5221685912845526,0,0,B,crossed_layout,4,f112,3,f112r.11:7:line,7,d,line,chotyr,f112r.11,1.5258717557214572,3.009812759650367,0.6464001593555357,0.0063301885256641125,0.34726965211880007,0.868914256683622,0.006933069262573587,0.12415267405380427,f112r,True,1.0,dchedy,S,choty,r
1.6866725037886563,0.8678698530190057,0,0,B,crossed_layout,4,f112,3,f112r.12:8:line,8,s,line,ror,f112r.12,3.618492896832622,1.5532733429399836,0.9180854946688107,0.0004956300111347746,0.08141887532005455,0.6582095677282161,0.001054344773551767,0.340736087498232,f112r,False,1.0,sor,S,ro,r
0.9173061604933862,0.037742050601608526,0,1,B,crossed_layout,4,f112,3,f112r.13:0:uncertain,0,a,uncertain,sor,f112r.13,1.6340073749316812,0.21377755033640236,0.6766691903248451,0.001138799075671037,0.32219201059948394,0.13701746880936144,0.0007060417028168338,0.8622764894878218,f112r,False,0.0,aiin,S,so,r
0.208351801042664,0.030818547509196284,1,1,B,crossed_layout,4,f112,3,f112r.21:0:uncertain,0,k,uncertain,sol,f112r.21,0.5634773927259517,0.19147341754174096,0.6766691903248451,0.001138799075671037,0.32219201059948394,0.875710905101086,0.0003105808816821305,0.12397851401723185,f112r,False,0.0,keedy,S,so,l
0.3829457205719152,0.001782865627983784,1,1,B,crossed_layout,4,f112,3,f112r.29:8:uncertain,8,a,uncertain,olor,f112r.29,0.8318642060090985,0.0440530973800262,0.43695241198175777,0.0012447591750578714,0.5618028288431843,0.029635122574570915,0.00043866519518747765,0.9699262122302416,f112r,False,0.8,al,S,olo,r
0.1746740881929936,0.09653431805443605,1,1,B,crossed_layout,4,f112,3,f112r.32:6:uncertain,6,sh,uncertain,ol,f112r.32,0.505801565721677,0.3581272896518509,0.7042689748794745,0.00040563773877395535,0.2953253873817515,0.7801766417903698,0.00025116927425437765,0.21957218893537575,f112r,False,0.5,shedy,S,o,l
0.9049399634197355,0.039581524121417355,0,1,B,crossed_layout,4,f112,3,f112v.18:1:uncertain,1,a,uncertain,or,f112v.18,1.612137880307269,0.21899624118205063,0.6724308010559181,0.000455945228313895,0.327113253715768,0.14052175031781672,0.0003152562625683658,0.8591629934196149,f112v,False,0.1111111111111111,aiin,S,o,r
0.0004899598730100381,0.012135095869151876,1,1,B,crossed_layout,4,f112,3,f112v.18:8:uncertain,8,a,uncertain,olaiin,f112v.18,0.023108815377147356,0.11720685399355273,0.00048816594519760273,0.984109792682616,0.015402041372186462,0.00026993627614036803,0.9219709160034065,0.07775914772045318,f112v,False,0.8888888888888888,am,S,olaii,n
0.19089274781438828,0.02549629830655921,1,1,B,crossed_layout,4,f112,3,f112v.29:2:uncertain,2,k,uncertain,ol,f112v.29,0.5335704374221657,0.17294829685895466,0.6908428919846462,0.0004267268051384688,0.3087303812102154,0.8870280937946237,0.0001285182824059222,0.11284338792297026,f112v,False,0.3333333333333333,kain,S,o,l
0.09382276158214418,0.03205275881261043,1,1,B,crossed_layout,4,f112,3,f112v.38:11:paragraph,11,t,paragraph,dain,f112v.38,0.3634250400592733,0.20505214062399724,0.012748453871194308,0.777316992650864,0.20993455347794188,0.012761293301734256,0.8675073338931922,0.11973137280507351,f112v,False,1.0,teodarody,S,dai,n
0.0014570416159266789,0.0006738052967133569,1,1,A,crossed_layout,4,f1,1,f1r.12:7:line,7,sh,line,daiin,f1r.12,0.04010251993325082,0.027062774664106948,0.0008669775612524374,0.9725858316431557,0.026547190795591927,0.000466352780144996,0.9814163594558518,0.01811728776400319,f1r,False,1.0,shoy,T,daii,n
0.0006788629308378019,0.0004923338509400777,1,1,A,crossed_layout,4,f1,1,f1v.8:9:line,9,sh,line,daiin,f1v.8,0.027158141322700013,0.023025447857140634,0.0004582436343411038,0.981351486906308,0.0181902694593507,0.00029131765933528177,0.9841666620562615,0.015542020284403399,f1v,False,1.0,shor,H,daii,n
8.621464258499434e-05,2.960463700953833e-06,1,1,A,crossed_layout,4,f4,1,f4r.3:4:drawing,4,d,drawing,qotaiin,f4r.3,0.009698008341927682,0.0018200798657875966,0.0002767253119879378,0.9933003959508871,0.006422878737124827,9.369796555083921e-05,0.9987392122342064,0.0011670898002427055,f4r,False,0.6666666666666666,daiin,H,qotaii,n
0.4879709968116302,0.5758387126307505,1,0,A,crossed_layout,4,f4,1,f4r.4:0:uncertain,0,ch,uncertain,qotchol,f4r.4,1.0031438031482187,1.1297548003172337,0.4989116271330811,0.01460281587924143,0.48648555698767754,0.45699338886827784,0.013090415957375806,0.5299161951743464,f4r,False,0.0,chy,H,qotcho,l
0.000155991908690054,9.923352506738988e-05,1,1,A,crossed_layout,4,f4,1,f4v.4:5:line,5,sh,line,choaiin,f4v.4,0.012983506054371909,0.010298205035395944,0.0002609323308286291,0.9910408935041569,0.008698174165014437,0.000139757525950812,0.9928872444519921,0.0069729980220570986,f4v,False,1.0,shor,H,choaii,n
0.0006788629308378019,0.0019511068722298714,1,1,A,crossed_layout,4,f4,1,f4v.9:5:line,5,o,line,daiin,f4v.9,0.027158141322700013,0.04623577230020991,0.0004582436343411038,0.981351486906308,0.0181902694593507,0.0006217705951193478,0.9684599058250092,0.030918323579871315,f4v,False,1.0,otaiin,H,daii,n
0.0006788629308378019,0.0019545444160767246,1,1,A,crossed_layout,4,f4,1,f4v.11:5:line,5,q,line,daiin,f4v.11,0.027158141322700013,0.04638762217790072,0.0004582436343411038,0.981351486906308,0.0181902694593507,0.0007757807358914722,0.9683579766057531,0.03086624265835533,f4v,False,1.0,qokey,H,daii,n
0.0007388889654012208,0.0011572207501673462,1,1,A,crossed_layout,4,f8,1,f8r.11:8:line,8,q,line,otariin,f8r.11,0.028489771797393846,0.035804526165326915,0.0006841893016001415,0.9804461017782102,0.018869708920189618,0.0009438974685893281,0.9754876234770767,0.023568479054333933,f8r,False,1.0,qo,H,otarii,n
1.08563902822006,0.9187491100219233,0,0,A,crossed_layout,4,f8,1,f8r.14:8:line,8,d,line,cholal,f8r.14,1.9588549197634715,1.6844705691281496,0.2572325434807308,0.01215971282921874,0.7306077436900504,0.3111170641011198,0.022797595815264134,0.6660853400836161,f8r,True,1.0,dchey,H,chola,l
0.22715122860530218,0.8943189980096828,1,0,A,crossed_layout,4,f8,1,f8r.17:3:drawing,3,a,drawing,chl,f8r.17,0.6056832736402148,1.622429911726906,0.6571600693356201,0.01197969200332413,0.33086023866105585,0.3247879669431796,0.013220394442138001,0.6619916386146825,f8r,False,0.375,aiin,H,ch,l
0.7814031494222649,0.507534894438637,0,0,A,crossed_layout,4,f8,1,f8v.2:1:drawing,1,ch,drawing,sar,f8v.2,1.4285521109853059,1.0257739287876282,0.6215684681345949,0.006927985207854561,0.3715035466575506,0.4984936794817761,0.010359565913630998,0.49114675460459295,f8v,False,0.14285714285714285,chor,H,sa,r
0.7939801402195599,0.5136939199512116,0,1,A,crossed_layout,4,f8,1,f8v.7:1:drawing,1,d,drawing,kchol,f8v.7,1.5531393358555587,1.1636418441780938,0.3407677387960226,0.0630646544276891,0.5961676067762882,0.4463842889791283,0.11255441305413048,0.44106129796674126,f8v,False,0.16666666666666666,dar,H,kcho,l
0.0067480784946535085,0.014266351360787716,1,1,A,crossed_layout,4,f8,1,f8v.12:7:line,7,k,line,daiin,f8v.12,0.08719281306395955,0.1294774032272185,0.0011384823996733826,0.9413526463937155,0.05750887120661101,0.002829798970901932,0.9141625332784594,0.08300766775063863,f8v,True,1.0,kchor,H,daii,n
1.3392328450931292,0.7891376563258328,0,0,A,crossed_layout,4,f17,1,f17v.1:4:uncertain,4,d,uncertain,odal,f17v.1,2.4682072181190486,1.4423268769352866,0.1807155782957105,0.001970529457587215,0.8173138922467023,0.36797333297029916,0.007832303460416044,0.6241943635692848,f17v,True,0.8,dy,H,oda,l
0.12764579878085514,0.2003086647629045,1,1,A,crossed_layout,4,f17,1,f17v.15:5:line,5,o,line,oteol,f17v.15,0.420557820484914,0.5491509919834622,0.7471356871811797,0.000465379569535066,0.25239893324928536,0.6834221954879651,0.00021233014867728383,0.3163654743633576,f17v,False,1.0,okcheol,H,oteo,l
0.0006788629308378019,0.0019545444160767246,1,1,A,crossed_layout,4,f17,1,f17v.21:6:line,6,q,line,daiin,f17v.21,0.027158141322700013,0.04638762217790072,0.0004582436343411038,0.981351486906308,0.0181902694593507,0.0007757807358914722,0.9683579766057531,0.03086624265835533,f17v,False,1.0,qokeee,H,daii,n
0.0067480784946535085,0.019375442946385588,1,1,A,crossed_layout,4,f22,1,f22r.4:8:line,8,o,line,daiin,f22r.4,0.08719281306395955,0.15065490690638428,0.0011384823996733826,0.9413526463937155,0.05750887120661101,0.0014814048290203766,0.9008414356243996,0.09767715954658,f22r,True,1.0,ol,H,daii,n
0.0006788629308378019,0.0019511068722298714,1,1,A,crossed_layout,4,f22,1,f22r.11:9:line,9,o,line,daiin,f22r.11,0.027158141322700013,0.04623577230020991,0.0004582436343411038,0.981351486906308,0.0181902694593507,0.0006217705951193478,0.9684599058250092,0.030918323579871315,f22r,False,1.0,odchaiin,H,daii,n
0.0007151199971211705,0.000684857984537655,1,1,A,crossed_layout,4,f22,1,f22r.12:5:drawing,5,y,drawing,daiin,f22r.12,0.027861852474247793,0.02760925372602999,0.0004434370761495747,0.9808729245165986,0.018683638407251697,0.0009365342889134725,0.9810446787388621,0.01801878697222428,f22r,False,0.8333333333333334,ydaiin,H,daii,n
0.0006788629308378019,0.00045229957453643956,1,1,A,crossed_layout,4,f22,1,f22v.5:3:paragraph,3,f,paragraph,daiin,f22v.5,0.027158141322700013,0.022292591530695224,0.0004582436343411038,0.981351486906308,0.0181902694593507,0.0006084687025191477,0.984666723375636,0.014724807921844902,f22v,False,1.0,fshor,H,daii,n
0.0006788629308378019,0.0019545444160767246,1,1,A,crossed_layout,4,f22,1,f22v.9:5:line,5,q,line,daiin,f22v.9,0.027158141322700013,0.04638762217790072,0.0004582436343411038,0.981351486906308,0.0181902694593507,0.0007757807358914722,0.9683579766057531,0.03086624265835533,f22v,False,1.0,qokchy,H,daii,n
0.0006788629308378019,0.0004923338509400777,1,1,A,crossed_layout,4,f22,1,f22v.14:3:line,3,sh,line,daiin,f22v.14,0.027158141322700013,0.023025447857140634,0.0004582436343411038,0.981351486906308,0.0181902694593507,0.00029131765933528177,0.9841666620562615,0.015542020284403399,f22v,False,1.0,sho,H,daii,n
0.007461078656138376,0.022544367790664994,1,1,A,crossed_layout,4,f23,1,f23v.6:4:drawing,4,o,drawing,daiin,f23v.6,0.09172982769501484,0.16311004396144455,0.0010637886259417398,0.9383969128594064,0.060539298514651826,0.0014789134651753432,0.8930977272414873,0.1054233592933372,f23v,True,0.6666666666666666,otshor,H,daii,n
0.0007632401820292049,0.00043158133172236046,1,1,A,crossed_layout,4,f23,1,f23v.7:5:drawing,5,s,drawing,daiin,f23v.7,0.028770141851330026,0.021743529471087965,0.0004255913858152184,0.9802555826387863,0.019318825975398413,0.0005529019260773201,0.9850415399627138,0.014405558111208768,f23v,False,0.625,sol,H,daii,n
1.79953972443203,1.8059889062730163,0,0,A,crossed_layout,4,f23,1,f23v.10:6:line,6,y,line,oloiir,f23v.10,4.289055416950749,4.345717643795026,0.0005715463337466363,0.9482760947242549,0.05115235894199848,0.00111602216192035,0.9497017002650533,0.04918227757302652,f23v,False,1.0,y,H,oloii,r
0.6637578732712692,0.9292014632209478,0,0,B,crossed_layout,4,f31,2,f31r.10:0:uncertain,0,sh,uncertain,tol,f31r.10,1.239160793552108,1.6518824908200156,0.4236190009803419,0.0005837460904069187,0.5757972529292512,0.3182246525294865,0.0003182780218878121,0.6814570694486257,f31r,True,0.0,shso,H,to,l
0.17206821304909192,0.029188145453871082,1,1,B,crossed_layout,4,f31,2,f31v.10:12:line,12,s,line,ain,f31v.10,0.5183181692984031,0.2048906373557364,0.017809620053474463,0.6981852727637065,0.284005107182819,0.028149947614465647,0.8676044529017597,0.10424559948377464,f31v,False,1.0,saiin,H,ai,n
0.0500127619979826,0.015018469628544555,1,1,B,crossed_layout,4,f33,2,f33r.1:8:line,8,y,line,daiin,f33r.1,0.25016059424858245,0.13231512217219973,0.0021481345516553446,0.8408028156999615,0.15704904974838327,0.0019902391230734212,0.9123661822404466,0.08564357863647999,f33r,True,1.0,ytchedy,H,daii,n
0.06166323626468595,0.021423764277897807,1,1,B,crossed_layout,4,f33,2,f33v.1:2:drawing,2,y,drawing,daiin,f33v.1,0.28013649174883615,0.1591970566712478,0.0018090852548391634,0.8235131019371651,0.1746778128079957,0.001985435898492336,0.8955233428516267,0.10249122124988093,f33v,True,0.2222222222222222,ydain,H,daii,n
0.0049186729909467325,0.0008054621349725063,1,1,B,crossed_layout,4,f40,2,f40r.6:11:line,11,y,line,oraiin,f40r.6,0.07402104487468164,0.02968932843101435,0.0008545999622932714,0.9499865251346007,0.04915887490310628,0.0006153743666569543,0.9796312297632095,0.01975339587013344,f40r,False,1.0,yaiin,H,oraii,n
0.931268603654762,1.2237862753275714,0,0,B,crossed_layout,4,f40,2,f40v.3:1:uncertain,1,a,uncertain,air,f40v.3,1.6882308184357688,2.209707738975553,0.01488092642539032,0.6748118510735391,0.3103072225010706,0.0031815397955407883,0.780640363474702,0.2161780967297572,f40v,False,0.25,ain,H,ai,r
0.005843977305976229,0.013528653307487162,1,1,B,crossed_layout,4,f40,2,f40v.6:3:line,3,sh,line,daiin,f40v.6,0.08087461302795246,0.12449056332745316,0.000932651775745863,0.9454842867567924,0.053583061467461786,0.000859873513112494,0.9173279078917042,0.08181221859518331,f40v,False,1.0,shody,H,daii,n
0.0049186729909467325,0.00268331580056113,1,1,B,crossed_layout,4,f40,2,f40v.10:3:line,3,s,line,oraiin,f40v.10,0.07402104487468164,0.05506505076468166,0.0008545999622932714,0.9499865251346007,0.04915887490310628,0.0016998062939101418,0.9625510409334866,0.03574915277260317,f40v,False,1.0,schedy,H,oraii,n
0.5134714461760848,0.13357615314559418,0,1,B,crossed_layout,4,f40,2,f40v.13:6:line,6,s,line,chefain,f40v.13,1.0408472165443872,0.4521022810529204,0.014861121493282304,0.4860419638001375,0.4990969147065802,0.022672357913963583,0.7309768991537555,0.24635074293228076,f40v,True,1.0,saiin,H,chefai,n
0.0006788629308378019,0.0019545444160767246,1,1,A,crossed_layout,4,f51,1,f51v.6:7:line,7,q,line,daiin,f51v.6,0.027158141322700013,0.04638762217790072,0.0004582436343411038,0.981351486906308,0.0181902694593507,0.0007757807358914722,0.9683579766057531,0.03086624265835533,f51v,False,1.0,qotol,H,daii,n
1.4347278144971947,1.5794089294502038,0,0,B,crossed_layout,4,f76,2,f76r.16:10:line,10,ch,line,chekair,f76r.16,2.735275978170149,3.2052027134839354,0.005730769228383796,0.8440934549769866,0.15017577579462954,0.005868517671980767,0.8857043826265291,0.1084270997014902,f76r,False,1.0,chey,T,chekai,r
0.4323714891262056,0.07122539163902503,1,1,B,crossed_layout,4,f76,2,f76r.19:10:line,10,d,line,otedyl,f76r.19,0.9080046688467373,0.3043510160301721,0.5329216433912495,0.004270556042508699,0.4628078005662418,0.809806419085085,0.002996317312181058,0.1871972636027339,f76r,False,1.0,dshedy,T,otedy,l
0.06066869767488548,0.009915739266045335,1,1,B,crossed_layout,4,f76,2,f76r.24:11:line,11,q,line,lor,f76r.24,0.2762141010045886,0.10538838498962734,0.17409018455811992,0.00015470455460560198,0.8257551108872745,0.07037890086670616,6.643372260631556e-05,0.9295546654106875,f76r,False,1.0,qoloin,T,lo,r
0.05316022642546081,0.02993300547553908,1,1,B,crossed_layout,4,f76,2,f76r.46:9:line,9,d,line,otarain,f76r.46,0.2638284046686028,0.2015659556095576,0.008515961745115161,0.832874827804582,0.15860921045030277,0.018137547091202178,0.8696061475263167,0.11225630538248095,f76r,False,1.0,dain,T,otarai,n
0.12601875246574545,0.09629103806637827,1,1,B,crossed_layout,4,f76,2,f76v.4:11:line,11,s,line,alchl,f76v.4,0.4643230573757617,0.3963659082436048,0.7248110939928489,0.05877392432726369,0.21641498167988724,0.759769704687904,0.05038299622009654,0.18984729909199954,f76v,False,1.0,s,B,alch,l
0.8574381175469985,0.7061437989094439,0,0,B,crossed_layout,4,f76,2,f76v.38:4:uncertain,4,s,uncertain,lol,f76v.38,1.5363731176223412,1.302574497052219,0.3447510575362807,0.0009661232233749517,0.6542828192403444,0.40540211005703375,0.0007995159480008021,0.5937983739949655,f76v,False,0.3333333333333333,saiiin,B,lo,l
1.7156357391773756,1.6776227478042083,0,0,B,crossed_layout,4,f76,2,f76v.39:5:uncertain,5,o,uncertain,san,f76v.39,7.382599899148427,7.073132338724559,0.8387343646469283,0.005992609582007429,0.15527302577106425,0.8123715093174404,0.007426342977083679,0.1802021477054759,f76v,False,0.5,ol,B,sa,n
0.2031972891096635,0.0066320264914325674,1,1,B,crossed_layout,4,f82,2,f82r.13:7:line,7,r,line,solarol,f82r.13,0.5613374871605825,0.08963988471096673,0.6776736178369358,0.0072868703688101924,0.31503951179425405,0.9397572954811629,0.005746659237590443,0.054496045281246526,f82r,False,1.0,r,B,solaro,l
0.034825156374922506,0.014744620253563618,1,1,B,crossed_layout,4,f82,2,f82v.19:9:uncertain,9,s,uncertain,chl,f82v.19,0.2118463218735061,0.13439995286297785,0.8634315277493442,0.009766140823082813,0.12680233142757302,0.911048679062171,0.0065539384043335515,0.08239738253349538,f82v,False,0.9,s,B,ch,l
0.2119370783853819,0.6737166866882551,1,0,B,crossed_layout,4,f82,2,f82v.37:9:line,9,p,line,olkeeyr,f82v.37,0.5910969188954497,1.292018328022258,0.31373423525798266,0.022427783059811204,0.6638379816822062,0.5684769200661065,0.023143772469482272,0.40837930746441126,f82v,False,1.0,pcheol,B,olkeey,r
0.18183023978844215,0.05199402569657363,1,1,A,crossed_layout,4,f89,1,f89r1.6:9:line,9,d,line,oldain,f89r1.6,0.5297364151493865,0.26554017242943473,0.011950074326185537,0.6926812775091405,0.2953686481646739,0.014770193902652114,0.8318872020219208,0.15334260407542719,f89r1,True,1.0,dshody,P,oldai,n
0.0008514182593190394,0.0015211900371674444,1,1,A,crossed_layout,4,f89,1,f89r2.27:15:line,15,o,line,daiin,f89r2.27,0.030616985418714583,0.04101695503749396,0.0007520722271791842,0.9790015265866305,0.02024640118619012,0.0009264416246082121,0.9719695650008966,0.027103993374495143,f89r2,False,1.0,o,P,daii,n
0.0011060713997925113,0.0017231621260535381,1,1,A,crossed_layout,4,f89,1,f89v2.15:8:line,8,o,line,ytodaiin,f89v2.15,0.03501589459489312,0.04377083197588583,0.0009535710990557893,0.9760210076069533,0.023025421293990822,0.0010931419122665329,0.9701159982838887,0.028790859803844743,f89v2,True,1.0,o,P,ytodaii,n
0.0006385047255968261,0.00040812963941220983,1,1,A,crossed_layout,4,f90,1,f90v1.2:5:drawing,5,y,drawing,oraiin,f90v1.2,0.02629154436072569,0.02124907602309952,0.00038879366462594403,0.9819411414513863,0.017670064883987723,0.0006968548726463173,0.9853792001375188,0.013923944989834892,f90v1,False,0.625,ykeeol,H,oraii,n
0.00020996298722646925,0.00036110309076628033,1,1,A,crossed_layout,4,f90,1,f90v1.6:4:paragraph,4,k,paragraph,kaiin,f90v1.6,0.015013943480459183,0.01985229718580127,0.000217174189596295,0.9896470915444788,0.010135734265924729,0.0004711385040914386,0.9863336799586049,0.01319518153730387,f90v1,False,1.0,ksheodal,H,kaii,n
0.6510097239368411,0.9418122320881083,0,0,B,crossed_layout,4,f95,3,f95r1.1:8:line,8,o,line,odain,f95r1.1,1.244715820585829,1.7029863431153296,0.01526361227176759,0.42199101289196916,0.5627453748362632,0.013446325738657757,0.30714965264724636,0.6794040216140959,f95r1,True,1.0,ol,H,odai,n
0.005624031393451188,0.0038389553952460336,1,1,B,crossed_layout,4,f95,3,f95v1.10:7:paragraph,7,p,paragraph,daiin,f95v1.10,0.07983702514081346,0.06647928685117106,0.0016527045818721354,0.9461645246980257,0.05218277072010226,0.0025570571057601183,0.9549656285019609,0.042477314392279045,f95v1,False,1.0,pshedar,H,daii,n
0.5240542892275644,0.17102273791819872,0,1,B,crossed_layout,4,f104,3,f104r.34:0:uncertain,0,k,uncertain,pchol,f104r.34,1.036028187053621,0.4993027109232488,0.4876682027182721,0.0008930216360045172,0.5114387756457234,0.7074486254385698,0.00025637728795187644,0.2922949972734783,f104r,True,0.0,ksheody,S,pcho,l
0.0021473958393760633,0.0011004192051147156,1,1,B,crossed_layout,4,f104,3,f104v.11:8:paragraph,8,p,paragraph,daiin,f104v.11,0.04908106011603966,0.03555629000766509,0.0014070966920048226,0.9665517882893736,0.032041115018621426,0.0018903307864892606,0.9756554844086068,0.022454184804903996,f104v,False,1.0,polchechy,S,daii,n
0.0024629303855230426,0.0013337555404125746,1,1,B,crossed_layout,4,f104,3,f104v.25:6:uncertain,6,ch,uncertain,daiin,f104v.25,0.05247177010812054,0.03818697500213223,0.0012852214420079958,0.9642828066422023,0.034431971915789845,0.0006066469258936362,0.9738780446051175,0.025515308468988727,f104v,False,0.5454545454545454,cheey,S,daii,n
1.0781471180513993,0.2001720024930957,0,1,B,crossed_layout,4,f104,3,f104v.36:0:uncertain,0,a,uncertain,sar,f104v.36,1.9189847713425743,0.5498559169772848,0.7328656978267123,0.0026937699282334193,0.26444053224505415,0.3158129169576173,0.0010987375324811165,0.6830883455099016,f104v,False,0.0,aiir,S,sa,r
1.0262773827634448,0.9943665424219351,0,0,B,crossed_layout,4,f104,3,f104v.37:5:uncertain,5,o,uncertain,sar,f104v.37,1.8201324620906327,1.7633940458193236,0.7158680405311744,0.000936991089837215,0.28319496837898844,0.7047783955950234,0.000667215595370913,0.2945543888096056,f104v,True,0.4166666666666667,odl,S,sa,r
1.5890010394396554,1.5277306230409649,0,0,B,crossed_layout,4,f108,3,f108r.13:3:uncertain,3,o,uncertain,ail,f108r.13,5.161725703004291,4.973245133574331,0.027936097258339777,0.7789813436893956,0.19308255905226457,0.03183494024393478,0.7307759110643414,0.23738914869172373,f108r,False,0.75,odaiin,S,ai,l
0.0021473958393760633,0.0003842698552598878,1,1,B,crossed_layout,4,f108,3,f108r.16:5:paragraph,5,f,paragraph,daiin,f108r.16,0.04908106011603966,0.02095676347521281,0.0014070966920048226,0.9665517882893736,0.032041115018621426,0.0011973891521342534,0.985578873581319,0.013223737266546865,f108r,False,1.0,fcheokair,S,daii,n
0.000839485736921144,0.0002278861309995948,1,1,B,crossed_layout,4,f108,3,f108r.23:3:paragraph,3,f,paragraph,charain,f108r.23,0.030225594628073997,0.01578130201569505,0.0004995679997702437,0.979267157333969,0.020233274666260837,0.00042200128095686257,0.989120845738161,0.01045715298088226,f108r,False,1.0,folaiin,S,charai,n
1.3001900617856166,0.28447615481843497,0,1,B,crossed_layout,4,f108,3,f108r.26:4:uncertain,4,a,uncertain,oteor,f108r.26,2.3686641880630654,0.6831820811225434,0.8061942074090173,0.00018097138502327283,0.1936248212059595,0.3770793417089932,0.00013055719288691044,0.6227901010981198,f108r,False,0.4,al,S,oteo,r
0.010327784118450086,0.041683955924533694,1,1,B,crossed_layout,4,f108,3,f108r.34:3:paragraph,3,p,paragraph,okain,f108r.34,0.11369251573873261,0.2378154451299377,0.008617677361746696,0.9242195320744279,0.06716279056382526,0.016652299958644208,0.848028440620195,0.13531925942116088,f108r,False,1.0,pychory,S,okai,n
1.005340965125526,0.8094935211494232,0,0,B,crossed_layout,4,f108,3,f108v.3:9:line,9,d,line,lol,f108v.3,1.7817008170164257,1.4597451999540907,0.29084031797089077,0.00033431655299910774,0.7088253654761102,0.363557332950883,0.0004914022239856334,0.6359512648251313,f108v,False,1.0,dchedy,S,lo,l
0.07415749181620637,0.013390511315134246,1,1,B,crossed_layout,4,f108,3,f108v.39:12:line,12,d,line,rl,f108v.39,0.3147411239915033,0.12639335638523996,0.8039952460442172,0.007088416398929757,0.188916337556853,0.9161188272769859,0.0042813603401716345,0.07959981238284251,f108v,False,1.0,daiin,S,r,l
0.00025574374731143003,2.5806749082439317e-05,1,1,B,crossed_layout,4,f108,3,f108v.40:9:line,9,d,line,qotaiin,f108v.40,0.01703463111940381,0.0055142024825945365,0.000915740666170899,0.9882619285193305,0.0108223308144985,0.0004972825989615199,0.9961851412290521,0.0033175761719863076,f108v,False,1.0,dshedy,S,qotaii,n
0.06375398447155085,0.2015781958550613,1,1,B,crossed_layout,4,f108,3,f108v.46:10:line,10,y,line,ral,f108v.46,0.2907628978396756,0.5630469547206254,0.8174696658860064,0.008265166563317005,0.17426516755067653,0.6768711093603622,0.011631500464365703,0.31149739017527217,f108v,False,1.0,ycheey,S,ra,l
0.22909647345177953,0.09042502018623452,1,1,B,crossed_layout,4,f112,3,f112r.33:6:paragraph,6,p,paragraph,shdal,f112r.33,0.5971779552204934,0.345425000729402,0.6610457581036154,0.0010112396807226305,0.3379430022156619,0.7870760792006473,0.0005843751576126232,0.21233954564174018,f112r,False,1.0,pair,S,shda,l
0.7366339088285695,1.7359204205645735,0,0,B,crossed_layout,4,f112,3,f112r.42:0:uncertain,0,a,uncertain,pol,f112r.42,1.3476586324570305,3.8720430472708007,0.392929221441837,0.00035927415806136616,0.6067115044001017,0.0682965708238801,0.00011922664204932465,0.9315842025340705,f112r,True,0.0,ar,S,po,l
0.0018006967813322251,0.00019794119852959937,1,1,B,crossed_layout,4,f112,3,f112v.2:8:line,8,q,line,oraiin,f112v.2,0.044878554649312015,0.014868809279577445,0.0012869724215042529,0.9693714147039384,0.029341612874557377,0.0006408866216152095,0.9897466544185327,0.009612458959852013,f112v,False,1.0,qokeeor,S,oraii,n
3.1955792284809385e-06,1.092745183755467e-06,1,1,B,crossed_layout,4,f112,3,f112v.8:8:line,8,s,line,chekaiiin,f112v.8,0.0018715554049759332,0.0010872659428125587,6.747316656541938e-05,0.9987035777301406,0.0012289491032940446,2.9229550639687693e-05,0.999246648588994,0.0007241218603661893,f112v,False,1.0,soaiin,S,chekaiii,n
0.1679131855948333,1.0545973220587,1,0,B,crossed_layout,4,f112,3,f112v.30:3:uncertain,3,a,uncertain,sal,f112v.30,0.49456343256293783,1.8695456683827743,0.7097764278487343,0.0009441703526975902,0.28927940179856815,0.27365959226411546,0.00037429692176174645,0.7259661108141229,f112v,True,0.3333333333333333,aiin,S,sa,l
0.0021473958393760633,0.0001609601261970149,1,1,B,crossed_layout,4,f112,3,f112v.40:10:line,10,y,line,daiin,f112v.40,0.04908106011603966,0.013433878395201724,0.0014070966920048226,0.9665517882893736,0.032041115018621426,0.0006277059775864753,0.9907315642737039,0.00864072974870961,f112v,False,1.0,ykeedan,S,daii,n
0.09721805720927651,0.520934520866549,1,0,B,crossed_layout,4,f112,3,f112v.43:5:uncertain,5,o,uncertain,chl,f112v.43,0.36341617558807326,1.03567233979738,0.777321768799023,0.0044754987023998384,0.21820273249857705,0.4877885031215997,0.003723504050919322,0.5084879928274809,f112v,False,0.45454545454545453,olchedy,S,ch,l
0.7227816252664698,1.1683077749326254,0,0,A,crossed_layout,4,f1,1,f1r.2:9:uncertain,9,d,uncertain,cthar,f1r.2,1.3685873283070218,2.1558698135360577,0.5888759683052747,0.023853757960834263,0.387270273733891,0.7524718787402894,0.023130360215970914,0.22439776104373968,f1r,False,0.9,dan,T,ctha,r
0.8250760349445245,0.1805549423815168,0,1,A,crossed_layout,4,f1,1,f1r.5:0:uncertain,0,y,uncertain,sair,f1r.5,1.4933522095426328,0.5203790355773342,0.005075051039577163,0.6397386614628611,0.35518628749756176,0.0047549708475691935,0.2980563906287296,0.6971886385237012,f1r,False,0.0,y,T,sai,r
0.745739611385714,0.7298480962000078,0,0,A,crossed_layout,4,f1,1,f1r.15:10:line,10,sh,line,chal,f1r.15,1.415862700341344,1.365266184872111,0.37478556666105756,0.030295350196671643,0.5949190831422708,0.3881628127994102,0.015805701144863495,0.5960314860557263,f1r,False,1.0,sho,T,cha,l
0.7457910122048332,0.6316400078390937,0,0,A,crossed_layout,4,f1,1,f1r.23:9:line,9,ch,line,cthar,f1r.23,1.4037026568194544,1.2448120629752573,0.5985853167201651,0.023456811132403776,0.37795787214743115,0.5444100424255796,0.033627094823412106,0.42196286275100836,f1r,False,1.0,cho,T,ctha,r
4.004644682999232e-05,1.5133875136676882e-06,1,1,A,crossed_layout,4,f4,1,f4r.12:2:line,2,d,line,chaiin,f4r.12,0.006540343604458562,0.0012918815766762358,9.848301989767757e-05,0.9954768397116098,0.004424677268492505,5.276578799407446e-05,0.9991049367358167,0.0008422974761891198,f4r,False,1.0,daiin,H,chaii,n
0.00023823001382162107,0.000570841788033777,1,1,A,crossed_layout,4,f4,1,f4v.5:5:drawing,5,ch,drawing,qotchoiin,f4v.5,0.016057716987084927,0.0246570356508678,0.00031620351922122996,0.9889313520390467,0.010752444441732189,0.00010312947178552319,0.9830542671209009,0.016842603407313465,f4v,False,0.8333333333333334,chodain,H,qotchoii,n
0.018732440645822114,0.2545385201257525,1,1,A,crossed_layout,4,f4,1,f4v.5:6:line,6,y,line,chodain,f4v.5,0.1505405148116603,0.6439427299188816,0.004793981969014699,0.9009128666763089,0.09429315135467653,0.006674080077215322,0.6399616107149696,0.3533643092078151,f4v,False,1.0,ytchoy,H,chodai,n
0.0014734231046131933,0.002777584657918215,1,1,A,crossed_layout,4,f4,1,f4v.9:1:uncertain,1,ch,uncertain,iiin,f4v.9,0.04036172855366706,0.05514207471553304,0.0009161283406714931,0.9724111031119947,0.02667276854733355,0.00047217333408080576,0.9624996527309291,0.03702817393499014,f4v,False,0.2,cheog,H,iii,n
0.2269729726486538,0.1683602885067283,1,1,A,crossed_layout,4,f4,1,f4v.12:6:uncertain,6,o,uncertain,char,f4v.12,0.6334564500448764,0.5373097832906756,0.31469107382266875,0.04067878575277323,0.6446301404245579,0.2634767000022931,0.04746869693141789,0.689054603066289,f4v,False,0.8571428571428571,ody,H,cha,r
4.004644682999232e-05,5.69628077821132e-05,1,1,A,crossed_layout,4,f8,1,f8r.17:8:line,8,o,line,chaiin,f8r.17,0.006540343604458562,0.0078007172115344,9.848301989767757e-05,0.9954768397116098,0.004424677268492505,0.00011311059611899273,0.9946075466157847,0.005279342788096192,f8r,False,1.0,okar,H,chaii,n
1.3931578572342056,1.4467811217567688,0,0,A,crossed_layout,4,f8,1,f8v.6:1:drawing,1,y,drawing,cthan,f8v.6,4.775771410836501,5.667756775085931,0.463400214103976,0.036504764654994006,0.50009502124103,0.4391012675292177,0.019671396970336708,0.5412273355004455,f8v,False,0.16666666666666666,ytchy,H,ctha,n
4.004644682999232e-05,1.5049611058618713e-06,1,1,A,crossed_layout,4,f8,1,f8v.9:5:line,5,s,line,chaiin,f8v.9,0.006540343604458562,0.0013089106717082285,9.848301989767757e-05,0.9954768397116098,0.004424677268492505,8.506787332033821e-05,0.9990931437012391,0.0008217884254407448,f8v,False,1.0,scharchy,H,chaii,n
0.0001940137535438125,0.00010545303679763236,1,1,A,crossed_layout,4,f8,1,f8v.14:2:drawing,2,sh,drawing,lokaiin,f8v.14,0.014398250091534157,0.01060048836714619,0.00016459004378606505,0.9900695295450624,0.009765880411151433,0.00012043312521732993,0.9926792297191424,0.007200337155640296,f8v,False,0.25,shol,H,lokaii,n
0.18827796299621863,0.09748845227299706,1,1,A,crossed_layout,4,f8,1,f8v.16:2:drawing,2,o,drawing,chear,f8v.16,0.5469955708154661,0.36907716052304435,0.2972673983889026,0.018288593772753558,0.6844440078383437,0.21548321722514885,0.010239167182565331,0.7742776155922859,f8v,False,0.2857142857142857,oteey,H,chea,r
0.46885104258905475,0.6892902110289751,1,0,A,crossed_layout,4,f17,1,f17r.10:5:line,5,o,line,mol,f17r.10,0.9583766037175218,1.277765668686163,0.5146356827535709,0.0023872752976262608,0.482977041948803,0.41243375886750505,0.0010041258867096539,0.5865621152457852,f17r,False,1.0,otchol,H,mo,l
1.3417326474026148e-05,7.863696204524905e-06,1,1,A,crossed_layout,4,f17,1,f17r.11:4:line,4,y,line,daiiin,f17r.11,0.00378497562177503,0.0029034546525131843,6.107619650642204e-05,0.9973798933062702,0.0025590304972232586,5.642190197953432e-05,0.9979895023570822,0.0019540757409383515,f17r,False,1.0,ychod,H,daiii,n
0.11305024399149927,0.22055924734287724,1,1,A,crossed_layout,4,f17,1,f17v.13:5:line,5,o,line,sheol,f17v.13,0.3926375611178079,0.5830372667577847,0.7617357117192738,0.00103168396637028,0.23723260431435597,0.6675569075303893,0.0007198351458562713,0.3317232573237546,f17v,False,1.0,olo,H,sheo,l
3.981793416920818e-05,8.211247288606466e-05,1,1,A,crossed_layout,4,f17,1,f17v.20:5:line,5,o,line,odaiin,f17v.20,0.0065267164295775915,0.009373625479226603,0.00010549233134992265,0.995486242669732,0.0044082649989180605,0.00013973818059022554,0.9935237597548547,0.006336502064555085,f17v,False,1.0,oal,H,odaii,n
0.5070893758716484,0.9976101219573226,0,0,A,crossed_layout,4,f22,1,f22r.13:4:uncertain,4,o,uncertain,ykol,f22r.13,1.0123003126721442,1.769092302423778,0.49575515779673496,0.0014283001706113605,0.5028165420326537,0.293393272913288,0.0006913091471471142,0.7059154179395649,f22r,False,0.8,okain,H,yko,l
0.9302170786772082,0.2471950826933464,0,1,A,crossed_layout,4,f23,1,f23r.10:6:uncertain,6,d,uncertain,chal,f23r.10,1.7446930848512339,0.6519964362830655,0.29839740928617314,0.041085469370673415,0.6605171213431534,0.6363990396564295,0.02545695592278368,0.33814400442078685,f23r,False,0.6666666666666666,dy,H,cha,l
0.16388424201357787,0.028545341448228952,1,1,A,crossed_layout,4,f23,1,f23v.6:6:line,6,o,line,olsar,f23v.6,0.497051210982131,0.18751595829617423,0.280765237071765,0.01068121646712431,0.7085535464611108,0.1168967601221475,0.004986872983454402,0.8781163668943982,f23v,True,1.0,otor,H,olsa,r
0.42754162407696195,0.4173730335122915,1,1,B,crossed_layout,4,f31,2,f31r.4:7:uncertain,7,ch,uncertain,keeol,f31r.4,0.8960285957297732,0.8809303849550092,0.5373639352050495,0.0005655335989512879,0.46207053119599917,0.5430171299909418,0.0003215221219167255,0.4566613478871414,f31r,False,0.7777777777777778,chedy,H,keeo,l
0.7855386676633034,1.940443175262305,0,0,B,crossed_layout,4,f31,2,f31r.5:2:paragraph,2,t,paragraph,qokeor,f31r.5,1.4231485846954888,6.073374608760154,0.6263231113035884,0.00077928912138329,0.3728975995750284,0.9848466576582097,0.0003031503718231957,0.01485019196996727,f31r,False,1.0,tshokeody,H,qokeo,r
0.19582989694525776,0.00019808715723107164,1,1,B,crossed_layout,4,f31,2,f31r.9:3:paragraph,3,t,paragraph,okeol,f31r.9,0.541973120378868,0.014550732538720022,0.686830913308841,0.0005115129130352177,0.3126575737781238,0.9899648918755438,0.00016822087988325966,0.009866887244572955,f31r,False,1.0,tol,H,okeo,l
0.2647491715869423,0.3601707534795845,1,1,B,crossed_layout,4,f31,2,f31r.15:1:uncertain,1,ch,uncertain,sheol,f31r.15,0.6532268729238642,0.7972267209014297,0.6358565030506507,0.0006214218957580158,0.3635220750535914,0.5754543053648365,0.00036227274695731844,0.4241834218882061,f31r,False,0.3333333333333333,cheky,H,sheo,l
0.49277210407910677,0.3810912198268056,1,1,B,crossed_layout,4,f31,2,f31v.3:8:uncertain,8,o,uncertain,sair,f31v.3,0.9976119192377145,0.8314633120924068,0.005645707032488739,0.49352596186829023,0.500828331099221,0.0030676353529289473,0.4349734011910004,0.5619589634560707,f31v,False,0.7272727272727273,okees,H,sai,r
0.22277762061834888,0.7402017322370064,1,0,B,crossed_layout,4,f31,2,f31v.9:8:line,8,d,line,okear,f31v.9,0.5945892437464323,1.3656699257821734,0.3295816399742214,0.008185384310189819,0.6622329757155887,0.6047079321907337,0.00723786790176638,0.3880541999075,f31v,False,1.0,dar,H,okea,r
0.7885264639055432,0.5331859771785328,0,0,B,crossed_layout,4,f33,2,f33v.7:7:drawing,7,ch,drawing,orain,f33v.7,1.439191050664886,1.054960447789402,0.006697854858905749,0.3687740256831901,0.6245281194579042,0.0047591955141708265,0.48131041673729813,0.513930387748531,f33v,True,0.7777777777777778,chdyshdy,H,orai,n
0.8833084899326344,0.7440955639319673,0,0,B,crossed_layout,4,f76,2,f76r.12:12:uncertain,12,o,uncertain,qokeor,f76r.12,1.5771146925167938,1.3590356809105943,0.6642925985897883,0.0005558987147328671,0.3351515026954789,0.6097569762336694,0.00040024421930898873,0.38984277954702157,f76r,False,0.9230769230769231,okeedy,T,qokeo,r
0.5004266015265663,0.7342454219365203,0,0,B,crossed_layout,4,f76,2,f76r.24:1:uncertain,1,sh,uncertain,qol,f76r.24,1.0011944137775919,1.3438466014545587,0.4995862190380238,0.0004012928039391637,0.500012488158037,0.39396883062465016,0.00024937574516478304,0.605781793630185,f76r,False,0.09090909090909091,sheedy,T,qo,l
1.163977549735561,1.4192169378999953,0,0,B,crossed_layout,4,f76,2,f76r.34:2:uncertain,2,sh,uncertain,qoolkal,f76r.34,2.1177591270526523,2.6837173959759832,0.23040451176894608,0.013609297045060097,0.7559861911859937,0.15563976411614072,0.003969270409715703,0.8403909654741436,f76r,False,0.18181818181818182,shedy,T,qoolka,l
1.0087235284001987,0.09638382877879148,0,1,B,crossed_layout,4,f76,2,f76r.36:11:uncertain,11,a,uncertain,okeor,f76r.36,1.7877187420800447,0.35795874491935903,0.7099981480851206,0.0003721916597664304,0.289629660255113,0.21932035026017313,0.00041185746998837223,0.7802677922698384,f76r,False,0.7857142857142857,ar,T,okeo,r
0.9439093279318498,0.21813164747537084,0,1,B,crossed_layout,4,f76,2,f76r.38:5:paragraph,5,p,paragraph,chal,f76r.38,1.7085494937985533,0.5865985572867609,0.3059675389640718,0.014309345651969025,0.6797231153839591,0.6659110765140448,0.00781422861910712,0.32627469486684796,f76r,False,1.0,polalchdy,T,cha,l
0.7137283746662542,0.21053394457689006,0,1,B,crossed_layout,4,f76,2,f76r.53:10:line,10,d,line,chedyl,f76r.53,1.3328575665495355,0.5789307564047306,0.39698115642661763,0.011439786949308462,0.591579056624074,0.6694597591106388,0.012547056852283653,0.3179931840370776,f76r,False,1.0,dal,T,chedy,l
0.667413774381961,0.30956380408771267,0,1,B,crossed_layout,4,f76,2,f76v.40:9:uncertain,9,a,uncertain,char,f76v.40,1.3255921091245784,0.7853677436277863,0.5510925761923305,0.04992201533791067,0.3989854084697587,0.3602655894364713,0.0595303664994414,0.5802040440640873,f76v,False,0.9,aiin,B,cha,r
1.8886478747379815e-06,1.4205184273841737e-06,1,1,B,crossed_layout,4,f82,2,f82r.18:10:uncertain,10,o,uncertain,araiin,f82r.18,0.0014494957459314603,0.00126185411596908,6.851886414921284e-05,0.9989957906664816,0.000935690469369111,6.699830942188122e-05,0.9991257317725984,0.0008072699179796861,f82r,False,0.9090909090909091,ory,B,araii,n
0.043591918169657386,0.0010744801574616315,1,1,B,crossed_layout,4,f82,2,f82r.20:4:uncertain,4,k,uncertain,sheol,f82r.20,0.23082023079526434,0.03396195335835152,0.8521502719372636,0.0004313097652978581,0.14741841829743876,0.976734286983392,0.00017554324984550473,0.023090169766762307,f82r,True,0.5,keeedy,B,sheo,l
0.0812641916649654,0.0017454232462324275,1,1,B,crossed_layout,4,f82,2,f82r.22:5:uncertain,5,k,uncertain,qol,f82r.22,0.3256754317821595,0.04350025197730401,0.797924731573408,0.001006212898674623,0.20106905552791746,0.9702979623131142,0.0003233438384285,0.029378693848457444,f82r,False,0.625,keeedy,B,qo,l
0.14397589428117108,0.01290360291414254,1,1,B,crossed_layout,4,f82,2,f82v.5:6:uncertain,6,d,uncertain,otdal,f82v.5,0.45316485335820034,0.12363543202857502,0.7304387189950455,0.0025290470231866835,0.26703223398176773,0.9178717985332574,0.0037409129012759834,0.07838728856546669,f82v,True,0.75,dal,B,otda,l
0.009465229649197753,0.011674514183281626,1,1,B,crossed_layout,4,f82,2,f82v.34:8:line,8,cth,line,olkain,f82v.34,0.10561556505824532,0.1185614053057173,0.0037486815563488036,0.9294083006830932,0.06684301776055795,0.0052561979248993,0.9211056806043105,0.07363812147079016,f82v,False,1.0,cthor,B,olkai,n
0.0599280498465517,0.055484626928076826,1,1,A,crossed_layout,4,f89,1,f89r1.6:0:uncertain,0,sh,uncertain,qoar,f89r1.6,0.2777508439420675,0.2655321743550803,0.1710048684600188,0.0041191376458766605,0.8248759938941046,0.16496788536225168,0.003140300751261096,0.8318918138864873,f89r1,True,0.0,shar,P,qoa,r
0.7521776600294244,0.6160201372689975,0,0,A,crossed_layout,4,f89,1,f89r1.18:6:paragraph,6,p,paragraph,daldal,f89r1.18,1.390734994457067,1.17679142462681,0.3813704599984238,0.010882283175390774,0.6077472568261854,0.44233416281122123,0.0053979552870197615,0.552267881901759,f89r1,False,1.0,pshol,P,dalda,l
0.9477624541476435,0.651261090625715,0,0,A,crossed_layout,4,f89,1,f89r1.21:8:uncertain,8,a,uncertain,sshr,f89r1.21,1.6880381589528948,1.2370022700823062,0.6871223276730445,0.0025290082049625223,0.31034866412199286,0.5653933287368509,0.010353387973755408,0.4242532832893937,f89r1,False,0.8888888888888888,aiin,P,ssh,r
0.10463468598387274,0.004820083951998757,1,1,A,crossed_layout,4,f89,1,f89r2.13:16:line,16,t,line,cheol,f89r2.13,0.3754423577836968,0.07299694970722787,0.7708690133385657,0.000804400660135894,0.22832658600129846,0.9506611112122252,0.0004971975829251766,0.04884169120484957,f89r2,False,1.0,tos,P,cheo,l
0.18835981108514693,0.027228307259120718,1,1,A,crossed_layout,4,f89,1,f89r2.23:3:uncertain,3,d,uncertain,keol,f89r2.23,0.5295789124080637,0.17968236920548994,0.6927569034401349,0.0007125385558404428,0.3065305580040247,0.8828973578934631,0.0008505234997543691,0.11625211860678247,f89r2,False,0.1875,daiin,P,keo,l
0.14396751021364923,0.2296484848975999,1,1,A,crossed_layout,4,f89,1,f89r2.24:9:uncertain,9,ch,uncertain,qokeol,f89r2.24,0.45189792675344226,0.5978463915954079,0.7310804476154638,0.001247686403840441,0.26767186598069576,0.6607395501597936,0.0008078246603464649,0.33845262517986,f89r2,False,0.6923076923076923,cheey,P,qokeo,l
0.2622958551377984,0.755309018675998,1,0,A,crossed_layout,4,f89,1,f89v2.9:7:uncertain,7,e,uncertain,qol,f89v2.9,0.6496607492074211,1.375953015702868,0.6374301882117087,0.0008540985087342251,0.36171571327955715,0.3852981019909164,0.00033190761456280006,0.6143699903945208,f89v2,False,0.4666666666666667,e,P,qo,l
0.15454520217579415,0.21971032502725835,1,1,A,crossed_layout,4,f89,1,f89v2.19:10:uncertain,10,sh,uncertain,otol,f89v2.19,0.47011203705261395,0.5811978509538599,0.7219085334908001,0.00022407327688247973,0.27786739323231735,0.6684085759777473,0.0002949321042023265,0.33129649191805044,f89v2,True,0.8333333333333334,sheey,P,oto,l
0.0004131663319744129,2.1047501695670783e-05,1,1,A,crossed_layout,4,f89,1,f89v2.19:12:line,12,d,line,daldaiin,f89v2.19,0.021180993148457856,0.004831383788645578,0.0004114261461489443,0.9854257027105907,0.01416287114326029,0.00020851087531445896,0.9966567411262545,0.003134747998431152,f89v2,True,1.0,dol,P,daldaii,n
4.502614566251108e-05,2.786669521447573e-06,1,1,A,crossed_layout,4,f89,1,f89v1.12:1:paragraph,1,t,paragraph,odaiin,f89v1.12,0.006965760755373356,0.0018007144992623271,0.00014715480570481925,0.9951833400626955,0.004669505131599572,0.00014791329367901349,0.9987526184497736,0.0010994682565473879,f89v1,False,1.0,tosheo,P,odaii,n
0.15292680045128004,0.2673365183677665,1,1,A,crossed_layout,4,f90,1,f90v1.6:2:uncertain,2,o,uncertain,sheol,f90v1.6,0.46812423332727243,0.6574156705982892,0.7229038939064943,0.0011555087930614583,0.2759405973004441,0.6340130009460356,0.0007617883006196903,0.36522521075334463,f90v1,False,0.5,ol,H,sheo,l
0.0006701243041380067,3.553965798315127e-05,1,1,B,crossed_layout,4,f95,3,f95r1.3:7:line,7,y,line,chaiin,f95r1.3,0.027046864857787428,0.006189551020625517,0.0005485608134439028,0.9814271824155562,0.01802425677099985,0.00013452494942602466,0.9957189202214564,0.004146554829117533,f95r1,False,1.0,ycheey,H,chaii,n
0.9145669718015097,0.2593783549499941,0,1,B,crossed_layout,4,f95,3,f95r2.1:7:line,7,d,line,dalal,f95r2.1,1.63978182222816,0.6474693283876924,0.3209050009623542,0.005772166978654901,0.6733228320589909,0.6383991658515074,0.002972396131727831,0.3586284380167648,f95r2,True,1.0,daiin,H,dala,l
0.8017615647602091,1.042841103858294,0,0,B,crossed_layout,4,f104,3,f104r.1:9:line,9,o,line,sain,f104r.1,1.4740723825880941,1.8693836723488635,0.013999707828379403,0.3599647690999387,0.6260355230716819,0.008505376456399033,0.27369032242978997,0.717804301113811,f104r,True,1.0,o,S,sai,n
0.0921537205218246,0.1531720400799496,1,1,B,crossed_layout,4,f104,3,f104r.10:11:line,11,o,line,otalr,f104r.10,0.3551555537663233,0.47397612920400634,0.21090926049854286,0.0073053943067771035,0.7817853451946801,0.2733401301100326,0.006682298000315438,0.719977571889652,f104r,True,1.0,otodchy,S,otal,r
0.562843970275732,0.050360979531691205,0,1,B,crossed_layout,4,f104,3,f104r.12:0:uncertain,0,q,uncertain,tshdol,f104r.12,1.0911853500467397,0.24943792615418836,0.4693755668225316,0.00026454479329315444,0.5303598883841752,0.8412240922415777,0.0001847462266020784,0.15859116153182035,f104r,True,0.0,qotchedy,S,tshdo,l
2.00663366451991e-05,2.6348126735330614e-07,1,1,B,crossed_layout,4,f104,3,f104r.21:4:paragraph,4,t,paragraph,charaiin,f104r.21,0.0046594792012365945,0.0005653722104782646,0.00011720823114388223,0.9967755050152549,0.003107286753601124,6.704548921022358e-05,0.9996081906236891,0.0003247638871006715,f104r,False,1.0,tshedar,S,charaii,n
0.6460417933527212,0.10314186306754076,0,1,B,crossed_layout,4,f104,3,f104r.24:7:uncertain,7,k,uncertain,chal,f104r.24,1.2503469178001032,0.3768248912349506,0.4203471166635673,0.023325413891247856,0.5563274694451849,0.7701306440535501,0.005659836718050126,0.22420951922839966,f104r,False,0.7777777777777778,keeedy,S,cha,l
0.05847157372564607,0.02447243494533129,1,1,B,crossed_layout,4,f104,3,f104v.14:6:paragraph,6,t,paragraph,daindl,f104v.14,0.2957040309631687,0.19448284985853473,0.8146746765220945,0.033699281398437184,0.15162604207946828,0.8738860940037996,0.04551615745024123,0.08059774854595915,f104v,False,1.0,tolkshey,S,daind,l
0.07706183896441574,0.01016670672106673,1,1,B,crossed_layout,4,f104,3,f104v.17:11:line,11,d,line,cheol,f104v.17,0.3156966344336184,0.10694624767777573,0.8034629287589939,0.0004891707053347314,0.19604790053567137,0.928551447883349,0.0003027901936836487,0.07114576192296729,f104v,False,1.0,dcheeoy,S,cheo,l
0.039016726480477056,0.10189538122335515,1,1,B,crossed_layout,4,f104,3,f104v.21:5:paragraph,5,y,paragraph,chodain,f104v.21,0.22565895976019584,0.3732549927536609,0.010883446540977676,0.8552043166717475,0.13391223678727476,0.00455986063342978,0.7720386651216102,0.2234014742449599,f104v,False,1.0,ytchedy,S,chodai,n
0.15441738648013692,0.1281157039063146,1,1,B,crossed_layout,4,f104,3,f104v.37:1:uncertain,1,ch,uncertain,ytedar,f104v.37,0.471623905322242,0.4249047384500147,0.2768709075867367,0.001976684710184732,0.7211524077030785,0.25103162730130285,0.0040804576074450006,0.7448879150912521,f104v,True,0.08333333333333333,chedy,S,yteda,r
0.2126338536136596,0.36292014493112423,1,1,B,crossed_layout,4,f104,3,f104v.41:10:line,10,o,line,qotain,f104v.41,0.5844455795287578,0.8151704575802738,0.014550480161156195,0.6669055777767192,0.31854394206212455,0.011591315706937777,0.5683413318771504,0.4200673524159119,f104v,True,1.0,oteedchey,S,qotai,n
0.10452064264007399,0.039058049141301295,1,1,B,crossed_layout,4,f108,3,f108r.5:11:line,11,o,line,otol,f108r.5,0.3745821643663965,0.21721525805015215,0.7713287738242518,0.00013218030454292413,0.2285390458712053,0.8602242708341625,5.890409538548715e-05,0.13971682507045202,f108r,True,1.0,ol,S,oto,l
9.002484241681757e-05,4.632305724579782e-05,1,1,B,crossed_layout,4,f108,3,f108r.13:4:paragraph,4,p,paragraph,odaiin,f108r.13,0.009889502959871422,0.007290044209943612,0.00025170482913930344,0.9931685600110526,0.006579735159808153,0.0004933818025071924,0.9949596717093921,0.004546946488100633,f108r,False,1.0,polchal,S,odaii,n
0.6857231658187761,0.2384554493943139,0,1,B,crossed_layout,4,f108,3,f108r.19:6:uncertain,6,r,uncertain,chal,f108r.19,1.31129889258324,0.6205473610957505,0.4029579236650123,0.023717194992779415,0.5733248813422083,0.6504241088243352,0.008729983030441644,0.34084590814522314,f108r,False,0.6,raiin,S,cha,l
0.3019377506410855,0.05511327907627998,1,1,B,crossed_layout,4,f108,3,f108r.24:10:uncertain,10,a,uncertain,char,f108r.24,0.7202570653762799,0.2663909868921139,0.3839241543264593,0.009086568975155437,0.6069892766983853,0.16327217374434932,0.005331076463973279,0.8313967497916773,f108r,True,0.9090909090909091,aiin,S,cha,r
0.4724640093809255,0.02568375951971394,1,1,B,crossed_layout,4,f108,3,f108v.28:0:uncertain,0,a,uncertain,paror,f108v.28,0.9611625779503674,0.17378216009152564,0.4857162808884706,0.0006408853245898811,0.5136428337869395,0.11315888306969982,0.0003255683207898605,0.8865155486095102,f108v,False,0.0,aiin,S,paro,r
0.3141056731719124,0.07381274238856543,1,1,B,crossed_layout,4,f108,3,f108v.51:4:uncertain,4,a,uncertain,char,f108v.51,0.7558741532876961,0.31924853804753334,0.383682619683515,0.024129919956455623,0.5921874603600293,0.18499368121579324,0.013519076248747156,0.8014872425354596,f108v,False,0.4,air,S,cha,r
0.262874620421511,0.35748416060997823,1,1,B,crossed_layout,4,f112,3,f112v.19:8:paragraph,8,p,paragraph,chalor,f112v.19,0.6553656236504856,0.7988107022820155,0.3599455885192315,0.00513984763691593,0.6349145638438526,0.4203393158214502,0.0048378419260376865,0.5748228422525122,f112v,False,1.0,pchoraiin,S,chalo,r
0.6639896978982204,0.697532191136173,0,0,B,crossed_layout,4,f112,3,f112v.20:7:line,7,s,line,saisal,f112v.20,1.3633280167550057,1.39367143364351,0.3886846350439377,0.07824837665351686,0.5330669883025454,0.38059501389221656,0.06268186040006074,0.5567231257077228,f112v,True,1.0,saiin,S,saisa,l
0.2126338536136596,0.03009249186074,1,1,B,crossed_layout,4,f112,3,f112v.23:8:line,8,s,line,qotain,f112v.23,0.5844455795287578,0.19911949752635957,0.014550480161156195,0.6669055777767192,0.31854394206212455,0.013651843415870798,0.8710820379746,0.11526611860952932,f112v,True,1.0,soiin,S,qotai,n
0.32233361639875585,0.07569714334599295,1,1,B,crossed_layout,4,f112,3,f112v.46:5:uncertain,5,a,uncertain,char,f112v.46,0.7683875181414312,0.32366331403195514,0.3889063587675387,0.024020368859510526,0.5870732723729507,0.18742556082797798,0.01353607055531015,0.799038368616712,f112v,False,0.45454545454545453,am,S,cha,r
